-- phpMyAdmin SQL Dump
-- version 3.4.8
-- http://www.phpmyadmin.net
--
-- 主机: localhost
-- 生成日期: 2015 年 04 月 07 日 23:39
-- 服务器版本: 5.1.65
-- PHP 版本: 5.2.8

SET SQL_MODE="NO_AUTO_VALUE_ON_ZERO";
SET time_zone = "+00:00";

SET foreign_key_checks = 0;


/*!40101 SET @OLD_CHARACTER_SET_CLIENT=@@CHARACTER_SET_CLIENT */;
/*!40101 SET @OLD_CHARACTER_SET_RESULTS=@@CHARACTER_SET_RESULTS */;
/*!40101 SET @OLD_COLLATION_CONNECTION=@@COLLATION_CONNECTION */;
/*!40101 SET NAMES utf8 */;
/*!40103 SET @OLD_TIME_ZONE=@@TIME_ZONE */;
/*!40103 SET TIME_ZONE='+00:00' */;
/*!40014 SET @OLD_UNIQUE_CHECKS=@@UNIQUE_CHECKS, UNIQUE_CHECKS=0 */;
/*!40014 SET @OLD_FOREIGN_KEY_CHECKS=@@FOREIGN_KEY_CHECKS, FOREIGN_KEY_CHECKS=0 */;
/*!40101 SET @OLD_SQL_MODE=@@SQL_MODE, SQL_MODE='NO_AUTO_VALUE_ON_ZERO' */;
/*!40111 SET @OLD_SQL_NOTES=@@SQL_NOTES, SQL_NOTES=0 */;

--
-- 数据库: `bbcdemo`
--

-- --------------------------------------------------------

--
-- 表的结构 `cor_activity`
--

CREATE TABLE IF NOT EXISTS `cor_activity` (
  `activity_id` mediumint(9) NOT NULL AUTO_INCREMENT COMMENT 'id',
  `activity_title` varchar(255) NOT NULL COMMENT '标题',
  `activity_type` enum('1','2') DEFAULT NULL COMMENT '活动类型 1:商品 2:团购',
  `activity_banner` varchar(255) NOT NULL COMMENT '活动横幅大图片',
  `activity_style` varchar(255) NOT NULL COMMENT '活动页面模板样式标识码',
  `activity_desc` varchar(1000) NOT NULL COMMENT '描述',
  `activity_start_date` int(10) unsigned NOT NULL DEFAULT '0' COMMENT '开始时间',
  `activity_end_date` int(10) unsigned NOT NULL DEFAULT '0' COMMENT '结束时间',
  `activity_sort` tinyint(1) unsigned NOT NULL DEFAULT '255' COMMENT '排序',
  `activity_state` tinyint(1) unsigned NOT NULL DEFAULT '1' COMMENT '活动状态 0为关闭 1为开启',
  PRIMARY KEY (`activity_id`)
) ENGINE=InnoDB  DEFAULT CHARSET=utf8 COMMENT='活动表' AUTO_INCREMENT=2 ;

--
-- 转存表中的数据 `cor_activity`
--

INSERT INTO `cor_activity` (`activity_id`, `activity_title`, `activity_type`, `activity_banner`, `activity_style`, `activity_desc`, `activity_start_date`, `activity_end_date`, `activity_sort`, `activity_state`) VALUES
(1, '活动1', '1', '04690420352577860.jpg', 'default_style', '', 1415635200, 1415721600, 0, 0);

-- --------------------------------------------------------

--
-- 表的结构 `cor_activity_detail`
--

CREATE TABLE IF NOT EXISTS `cor_activity_detail` (
  `activity_detail_id` mediumint(9) NOT NULL AUTO_INCREMENT COMMENT 'id',
  `activity_id` mediumint(8) unsigned NOT NULL DEFAULT '0' COMMENT '活动编号',
  `item_id` int(11) NOT NULL COMMENT '商品或团购的编号',
  `item_name` varchar(255) NOT NULL COMMENT '商品或团购名称',
  `store_id` int(11) NOT NULL COMMENT '店铺编号',
  `store_name` varchar(255) NOT NULL COMMENT '店铺名称',
  `activity_detail_state` enum('0','1','2','3') NOT NULL DEFAULT '0' COMMENT '审核状态 0:(默认)待审核 1:通过 2:未通过 3:再次申请',
  `activity_detail_sort` tinyint(1) unsigned NOT NULL DEFAULT '255' COMMENT '排序',
  PRIMARY KEY (`activity_detail_id`),
  KEY `activity_id` (`activity_id`)
) ENGINE=InnoDB DEFAULT CHARSET=utf8 COMMENT='活动细节表' AUTO_INCREMENT=1 ;

-- --------------------------------------------------------

--
-- 表的结构 `cor_address`
--

CREATE TABLE IF NOT EXISTS `cor_address` (
  `address_id` mediumint(10) unsigned NOT NULL AUTO_INCREMENT COMMENT '地址ID',
  `member_id` mediumint(10) unsigned NOT NULL DEFAULT '0' COMMENT '会员ID',
  `true_name` varchar(50) NOT NULL COMMENT '会员姓名',
  `area_id` mediumint(10) unsigned NOT NULL DEFAULT '0' COMMENT '地区ID',
  `city_id` mediumint(9) DEFAULT NULL COMMENT '市级ID',
  `area_info` varchar(255) NOT NULL DEFAULT '' COMMENT '地区内容',
  `address` varchar(255) NOT NULL COMMENT '地址',
  `tel_phone` varchar(20) DEFAULT NULL COMMENT '座机电话',
  `mob_phone` varchar(15) DEFAULT NULL COMMENT '手机电话',
  `is_default` enum('0','1') NOT NULL DEFAULT '0' COMMENT '1默认收货地址',
  PRIMARY KEY (`address_id`),
  KEY `member_id` (`member_id`)
) ENGINE=InnoDB  DEFAULT CHARSET=utf8 COMMENT='买家地址信息表' AUTO_INCREMENT=19 ;

--
-- 转存表中的数据 `cor_address`
--

INSERT INTO `cor_address` (`address_id`, `member_id`, `true_name`, `area_id`, `city_id`, `area_info`, `address`, `tel_phone`, `mob_phone`, `is_default`) VALUES
(2, 5, '馨儿', 2898, 268, '广东省 深圳市 宝安区', '通泰建材市场七栋18号', '', '', '0'),
(3, 8, '李良', 2898, 268, '广东省 深圳市 宝安区', '隽水寄宿中学', '', '18120362016', '0'),
(4, 3, '李云良', 3061, 291, '广东省	深圳市	福田区', '湖北大厦南座', '', '18938848550', '0'),
(5, 12, '胡', 2898, 268, '广东省 深圳市 宝安区', '寄宿中学斜对门', '', '13631563811', '0'),
(6, 6, '测试', 3061, 291, '广东省	深圳市	福田区', '123', '', '15889681500', '0'),
(7, 15, '吉米环保奔泰净水机', 2898, 268, '广东省 深圳市 宝安区', '隽水镇秀水大道503号', '', '15586781177', '0'),
(8, 17, '闫朝霞', 2898, 268, '广东省 深圳市 宝安区', '民主路北门摩托车街大琪广告', '', '15997981770', '0'),
(9, 20, '白雪', 2898, 268, '广东省 深圳市 宝安区', '隽水镇北门恒通大厦', '', '', '0'),
(10, 24, '杜红', 2898, 268, '广东省 深圳市 宝安区', '通泰建材市场7栋18号  大琪广告', '', '15872787633', '0'),
(11, 26, '吴石祥', 2898, 268, '广东省 深圳市 宝安区', '金三角建行6楼', '4338318', '18907244353', '0'),
(12, 33, '李勇', 2898, 268, '广东省 深圳市 宝安区', '麦市镇沿河路682号', '', '18971800630', '0'),
(13, 35, 'ddd', 1621, 121, '吉林省	长春市	农安县', 'ddddddd', '', '13433333333', '0'),
(14, 45, '吴石印', 2898, 268, '广东省 深圳市 宝安区', '通城二中斜对面', '', '13297947402', '0'),
(15, 51, '林', 3061, 291, '广东省	深圳市	福田区', '湖北大厦南座24E', '', '18666224804', '0'),
(16, 69, '郑旭明', 2898, 268, '广东省 深圳市 宝安区', '积翠花园', '', '15872081138', '0'),
(17, 78, 'tao', 2039, 162, '江苏省	南京市	鼓楼区', '中山北路28号盈放科技有限公司', '18502548888', '18502548888', '0'),
(18, 80, '马建平', 2039, 162, '江苏省 南京市 鼓楼区', '鼓楼街道', '', '18962035153', '0');

-- --------------------------------------------------------

--
-- 表的结构 `cor_admin`
--

CREATE TABLE IF NOT EXISTS `cor_admin` (
  `admin_id` int(11) unsigned NOT NULL AUTO_INCREMENT COMMENT '管理员ID',
  `admin_name` varchar(20) NOT NULL COMMENT '管理员名称',
  `admin_password` varchar(32) NOT NULL DEFAULT '' COMMENT '管理员密码',
  `admin_login_time` int(10) NOT NULL DEFAULT '0' COMMENT '登录时间',
  `admin_login_num` int(11) NOT NULL DEFAULT '0' COMMENT '登录次数',
  `admin_is_super` tinyint(1) NOT NULL DEFAULT '0' COMMENT '是否超级管理员',
  `admin_gid` smallint(6) DEFAULT '0' COMMENT '权限组ID',
  PRIMARY KEY (`admin_id`),
  KEY `member_id` (`admin_id`)
) ENGINE=InnoDB  DEFAULT CHARSET=utf8 COMMENT='管理员表' AUTO_INCREMENT=7 ;

--
-- 转存表中的数据 `cor_admin`
--

INSERT INTO `cor_admin` (`admin_id`, `admin_name`, `admin_password`, `admin_login_time`, `admin_login_num`, `admin_is_super`, `admin_gid`) VALUES
(1, 'coradmin', '269954624c99fcfd8f9948ea06e82ac3', 1428034029, 582, 1, 0);

-- --------------------------------------------------------

--
-- 表的结构 `cor_admin_log`
--

CREATE TABLE IF NOT EXISTS `cor_admin_log` (
  `id` int(10) unsigned NOT NULL AUTO_INCREMENT,
  `content` varchar(50) NOT NULL COMMENT '操作内容',
  `createtime` int(10) unsigned DEFAULT NULL COMMENT '发生时间',
  `admin_name` char(20) NOT NULL COMMENT '管理员',
  `admin_id` mediumint(8) unsigned NOT NULL DEFAULT '0' COMMENT '管理员ID',
  `ip` char(15) NOT NULL COMMENT 'IP',
  `url` varchar(50) NOT NULL DEFAULT '' COMMENT 'act&op',
  PRIMARY KEY (`id`)
) ENGINE=InnoDB DEFAULT CHARSET=utf8 COMMENT='管理员操作日志' AUTO_INCREMENT=1 ;

-- --------------------------------------------------------

--
-- 表的结构 `cor_adv`
--

CREATE TABLE IF NOT EXISTS `cor_adv` (
  `adv_id` mediumint(8) unsigned NOT NULL AUTO_INCREMENT COMMENT '广告自增标识编号',
  `ap_id` mediumint(8) unsigned NOT NULL COMMENT '广告位id',
  `adv_title` varchar(255) NOT NULL COMMENT '广告内容描述',
  `adv_content` varchar(1000) NOT NULL COMMENT '广告内容',
  `adv_start_date` int(10) DEFAULT NULL COMMENT '广告开始时间',
  `adv_end_date` int(10) DEFAULT NULL COMMENT '广告结束时间',
  `slide_sort` int(10) unsigned NOT NULL COMMENT '幻灯片排序',
  `member_id` int(11) NOT NULL COMMENT '会员ID',
  `member_name` varchar(50) NOT NULL COMMENT '会员用户名',
  `click_num` int(10) unsigned NOT NULL COMMENT '广告点击率',
  `is_allow` smallint(1) unsigned NOT NULL COMMENT '会员购买的广告是否通过审核0未审核1审核已通过2审核未通过',
  `buy_style` varchar(10) NOT NULL COMMENT '购买方式',
  `goldpay` int(10) unsigned NOT NULL COMMENT '购买所支付的金币',
  PRIMARY KEY (`adv_id`)
) ENGINE=InnoDB  DEFAULT CHARSET=utf8 COMMENT='广告表' AUTO_INCREMENT=40 ;

--
-- 转存表中的数据 `cor_adv`
--

INSERT INTO `cor_adv` (`adv_id`, `ap_id`, `adv_title`, `adv_content`, `adv_start_date`, `adv_end_date`, `slide_sort`, `member_id`, `member_name`, `click_num`, `is_allow`, `buy_style`, `goldpay`) VALUES
(15, 9, '首页通栏', 'a:2:{s:7:"adv_pic";s:21:"04418235791378401.jpg";s:11:"adv_pic_url";s:0:"";}', 1388505600, 1577721600, 0, 0, '', 0, 1, '', 0),
(16, 377, '腾讯微博', 'a:2:{s:7:"adv_pic";s:21:"04704966138884624.png";s:11:"adv_pic_url";s:1:"#";}', 1417017600, 1732896000, 0, 0, '', 0, 1, '', 0),
(17, 376, '新浪微博', 'a:2:{s:7:"adv_pic";s:21:"04705010347594373.png";s:11:"adv_pic_url";s:1:"#";}', 1417017600, 1732896000, 0, 0, '', 0, 1, '', 0),
(18, 374, 'B2B2C电商平台商城招商', 'a:2:{s:7:"adv_pic";s:21:"04714330590304646.jpg";s:11:"adv_pic_url";s:0:"";}', 1418054400, 1451491200, 0, 0, '', 0, 1, '', 0),
(19, 373, 'B2B2C电商平台商城招商', 'a:2:{s:7:"adv_pic";s:0:"";s:11:"adv_pic_url";s:0:"";}', 1418054400, 1451491200, 0, 0, '', 0, 1, '', 0),
(20, 380, '美妆就要萌萌哒！', 'a:2:{s:7:"adv_pic";s:21:"04737729432983858.jpg";s:11:"adv_pic_url";s:1:"#";}', 1420387200, 1579795200, 0, 0, '', 0, 1, '', 0),
(21, 381, '广告1', 'a:2:{s:7:"adv_pic";s:21:"04741400306024959.jpg";s:11:"adv_pic_url";s:1:"#";}', 1420387200, 1579104000, 0, 0, '', 0, 1, '', 0),
(22, 380, '美妆就要萌萌哒！', 'a:2:{s:7:"adv_pic";s:21:"04737745064965266.jpg";s:11:"adv_pic_url";s:1:"#";}', 1420387200, 1422633600, 0, 0, '', 0, 1, '', 0),
(23, 383, '为您量身定制免费家居设计方案', 'a:2:{s:7:"adv_pic";s:21:"04737935092238430.jpg";s:11:"adv_pic_url";s:0:"";}', 1420387200, 1422633600, 0, 0, '', 0, 1, '', 0),
(24, 384, '1', 'a:2:{s:7:"adv_pic";s:21:"04737935346860937.jpg";s:11:"adv_pic_url";s:1:"#";}', 1420387200, 1422633600, 0, 0, '', 0, 1, '', 0),
(25, 382, '1', 'a:2:{s:7:"adv_pic";s:21:"04737935950556213.jpg";s:11:"adv_pic_url";s:0:"";}', 1420387200, 1454169600, 0, 0, '', 0, 1, '', 0),
(26, 385, '1', 'a:2:{s:7:"adv_pic";s:21:"04737936057411759.jpg";s:11:"adv_pic_url";s:0:"";}', 1420387200, 1454169600, 0, 0, '', 0, 1, '', 0),
(27, 390, '法国城堡级波尔多AOC橡木桶6个月', 'a:2:{s:7:"adv_pic";s:21:"04762141977386348.jpg";s:11:"adv_pic_url";s:1:"#";}', 1422806400, 1433001600, 0, 0, '', 0, 1, '', 0),
(28, 390, '品牌大闪购冰点风暴4折起', 'a:2:{s:7:"adv_pic";s:21:"04762141270892389.jpg";s:11:"adv_pic_url";s:1:"#";}', 1422806400, 1433001600, 0, 0, '', 0, 1, '', 0),
(29, 390, '庄主60周年结婚纪念特别版酒标', 'a:2:{s:7:"adv_pic";s:21:"04762141935577703.jpg";s:11:"adv_pic_url";s:1:"#";}', 1422806400, 1435680000, 0, 0, '', 0, 1, '', 0),
(30, 388, '生鲜土特产', 'a:2:{s:7:"adv_pic";s:21:"04802671667781317.jpg";s:11:"adv_pic_url";s:56:"www.infol.com.cn/wap/tmpl/product_list.html?gc_id=603";}', 1423152000, 1456675200, 0, 0, '', 0, 1, '', 0),
(31, 389, '印刷商务服务', 'a:2:{s:7:"adv_pic";s:21:"04802672614366385.jpg";s:11:"adv_pic_url";s:57:"www.infol.com.cn/wap/tmpl/product_list.html?gc_id=1061";}', 1423152000, 1456675200, 0, 0, '', 0, 1, '', 0),
(32, 387, '坚果炒货', 'a:2:{s:7:"adv_pic";s:21:"04802671162057179.jpg";s:11:"adv_pic_url";s:56:"www.infol.com.cn/wap/tmpl/product_list.html?gc_id=596";}', 1423152000, 1461945600, 0, 0, '', 0, 1, '', 0),
(33, 391, '通城特产百丈潭茶', 'a:2:{s:7:"adv_pic";s:21:"04802673155987664.jpg";s:11:"adv_pic_url";s:0:"";}', 1423152000, 1456675200, 0, 0, '', 0, 1, '', 0),
(36, 374, '电商实务培训班报名开始啦', 'a:2:{s:7:"adv_pic";s:0:"";s:11:"adv_pic_url";s:0:"";}', 1426521600, 1440950400, 0, 0, '', 0, 1, '', 0),
(37, 373, '电商实务培训班报名开始啦', 'a:2:{s:7:"adv_pic";s:0:"";s:11:"adv_pic_url";s:0:"";}', 1426521600, 1440950400, 0, 0, '', 0, 1, '', 0),
(38, 374, '电商', 'a:2:{s:7:"adv_pic";s:21:"04801184712840429.jpg";s:11:"adv_pic_url";s:0:"";}', 1426608000, 1458748800, 0, 0, '', 0, 1, '', 0),
(39, 373, '电商', 'a:2:{s:7:"adv_pic";s:21:"04801184162789701.jpg";s:11:"adv_pic_url";s:0:"";}', 1426608000, 1458662400, 0, 0, '', 0, 1, '', 0);

-- --------------------------------------------------------

--
-- 表的结构 `cor_adv_click`
--

CREATE TABLE IF NOT EXISTS `cor_adv_click` (
  `adv_id` mediumint(8) unsigned NOT NULL COMMENT '广告id',
  `ap_id` mediumint(8) unsigned NOT NULL DEFAULT '0' COMMENT '所属广告位id',
  `click_year` smallint(5) unsigned NOT NULL DEFAULT '0' COMMENT '点击年份',
  `click_month` smallint(5) unsigned NOT NULL DEFAULT '0' COMMENT '点击月份',
  `click_num` mediumint(8) unsigned NOT NULL DEFAULT '0' COMMENT '点击率',
  `adv_name` varchar(100) NOT NULL COMMENT '广告名称',
  `ap_name` varchar(100) NOT NULL COMMENT '广告位名称'
) ENGINE=InnoDB DEFAULT CHARSET=utf8 COMMENT='广告点击率表';

-- --------------------------------------------------------

--
-- 表的结构 `cor_adv_position`
--

CREATE TABLE IF NOT EXISTS `cor_adv_position` (
  `ap_id` mediumint(8) unsigned NOT NULL AUTO_INCREMENT COMMENT '广告位置id',
  `ap_name` varchar(100) NOT NULL COMMENT '广告位置名',
  `ap_intro` varchar(255) NOT NULL COMMENT '广告位简介',
  `ap_class` smallint(1) unsigned NOT NULL COMMENT '广告类别：0图片1文字2幻灯3Flash',
  `ap_display` smallint(1) unsigned NOT NULL COMMENT '广告展示方式：0幻灯片1多广告展示2单广告展示',
  `is_use` smallint(1) unsigned NOT NULL COMMENT '广告位是否启用：0不启用1启用',
  `ap_width` int(10) NOT NULL COMMENT '广告位宽度',
  `ap_height` int(10) NOT NULL COMMENT '广告位高度',
  `ap_price` int(10) unsigned NOT NULL COMMENT '广告位单价',
  `adv_num` int(10) unsigned NOT NULL COMMENT '拥有的广告数',
  `click_num` int(10) unsigned NOT NULL COMMENT '广告位点击率',
  `default_content` varchar(100) NOT NULL COMMENT '广告位默认内容',
  PRIMARY KEY (`ap_id`)
) ENGINE=InnoDB  DEFAULT CHARSET=utf8 COMMENT='广告位表' AUTO_INCREMENT=394 ;

--
-- 转存表中的数据 `cor_adv_position`
--

INSERT INTO `cor_adv_position` (`ap_id`, `ap_name`, `ap_intro`, `ap_class`, `ap_display`, `is_use`, `ap_width`, `ap_height`, `ap_price`, `adv_num`, `click_num`, `default_content`) VALUES
(9, '首页底部通栏图片广告', '位于首页底部的通栏型图片广告', 0, 2, 1, 1200, 80, 100, 1, 0, '04418235791378401.jpg'),
(35, '积分列表页中部广告位', '积分列表页中部广告位', 0, 1, 1, 780, 254, 30, 0, 0, 'f448e48ee0deb06707480d46a2a360ae.gif'),
(37, '商品列表页左侧广告位', '商品列表页左侧广告位', 0, 1, 1, 200, 350, 100, 0, 0, '7a4832d109ee46fe7677c1d3c30e067f.gif'),
(372, '买家中心页右侧广告位', '买家中心页右侧广告位', 0, 1, 1, 200, 350, 100, 0, 0, 'adv200-300.gif'),
(373, '顶部广告小图', '', 0, 2, 1, 1920, 80, 0, 4, 0, '04799267081438363.jpg'),
(374, '顶部广告大图', '', 0, 2, 1, 1920, 200, 0, 4, 0, '04799266889639309.jpg'),
(375, '右侧工具条二维码', 'B2B2C电商平台官方微信', 0, 2, 1, 120, 120, 0, 0, 0, '04698132818602012.jpg'),
(376, '底部新浪微博', '', 0, 2, 1, 180, 34, 0, 1, 0, '04703551015874105.png'),
(377, '底部腾讯微博', '', 0, 2, 1, 180, 34, 0, 1, 0, '04703551231824672.png'),
(378, '底部二维码', '', 0, 2, 1, 190, 70, 0, 0, 0, '04703556463733270.png'),
(379, '顶部手机版二维码', '', 0, 2, 1, 100, 100, 0, 0, 0, '04703729691994544.jpg'),
(380, '汇生话头部幻灯', '', 0, 1, 1, 690, 380, 0, 2, 0, '04737729068512350.jpg'),
(381, '问吧右侧广告', '', 0, 2, 1, 300, 390, 0, 1, 0, '04737732341708615.jpg'),
(382, '杂志下横幅', '', 0, 2, 1, 1000, 100, 0, 1, 0, ''),
(383, '汇生活区域幻灯', '', 0, 2, 1, 655, 390, 0, 1, 0, ''),
(384, '便民生活区域幻灯', '', 0, 2, 1, 670, 370, 0, 1, 0, ''),
(385, '汇生活底部横幅', '', 0, 2, 1, 1000, 100, 0, 1, 0, ''),
(386, '文章列表右侧广告', '', 0, 2, 1, 300, 370, 0, 0, 0, '04739549655212832.jpg'),
(387, '移动端广告1', '', 0, 2, 1, 290, 348, 0, 1, 0, '04763163702456373.jpg'),
(388, '移动端广告2', '', 0, 2, 1, 430, 175, 0, 1, 0, '04763164213378828.jpg'),
(389, '移动端广告3', '', 0, 2, 1, 430, 175, 0, 1, 0, '04763164400289744.jpg'),
(390, '移动端专题活动', '', 0, 2, 1, 1, 1, 0, 3, 0, ''),
(391, '移动端横幅', '', 0, 2, 1, 720, 160, 0, 1, 0, '04763166521898563.jpg'),
(392, '移动端广告4', '', 0, 2, 1, 430, 175, 0, 0, 0, '04798407514931733.jpg'),
(393, '移动端广告5', '', 0, 2, 1, 430, 175, 0, 0, 0, '04798403431786952.jpg');

-- --------------------------------------------------------

--
-- 表的结构 `cor_album_class`
--

CREATE TABLE IF NOT EXISTS `cor_album_class` (
  `aclass_id` int(10) unsigned NOT NULL AUTO_INCREMENT COMMENT '相册id',
  `aclass_name` varchar(100) NOT NULL COMMENT '相册名称',
  `store_id` int(10) unsigned NOT NULL COMMENT '所属店铺id',
  `aclass_des` varchar(255) NOT NULL COMMENT '相册描述',
  `aclass_sort` tinyint(3) unsigned NOT NULL COMMENT '排序',
  `aclass_cover` varchar(255) NOT NULL COMMENT '相册封面',
  `upload_time` int(10) unsigned NOT NULL COMMENT '图片上传时间',
  `is_default` tinyint(1) unsigned NOT NULL DEFAULT '0' COMMENT '是否为默认相册,1代表默认',
  PRIMARY KEY (`aclass_id`)
) ENGINE=InnoDB  DEFAULT CHARSET=utf8 COMMENT='相册表' AUTO_INCREMENT=16 ;

--
-- 转存表中的数据 `cor_album_class`
--

INSERT INTO `cor_album_class` (`aclass_id`, `aclass_name`, `store_id`, `aclass_des`, `aclass_sort`, `aclass_cover`, `upload_time`, `is_default`) VALUES
(1, '农副特产', 1, '', 255, '', 1387942806, 1),
(2, '默认相册', 2, '', 255, '', 1416294301, 1),
(3, '默认相册', 3, '', 255, '', 1416391038, 1),
(4, '奔泰', 4, '', 255, '', 1418601622, 1),
(5, '汉尔普', 4, '', 0, '', 1419232622, 0),
(6, '碧丽', 4, '', 0, '', 1419232634, 0),
(7, '礼品', 1, '', 0, '', 1421109334, 0),
(8, '默认相册', 5, '', 255, '', 1421980466, 1),
(9, '山信稻米油', 1, '', 0, '1_04754123035459069.jpg', 1422063403, 0),
(10, '默认相册', 6, '', 255, '', 1422429686, 1),
(11, '默认相册', 7, '', 255, '', 1422504755, 1),
(12, '默认相册', 8, '', 255, '', 1426582247, 1),
(13, '默认相册', 9, '', 255, '', 1426649622, 1),
(14, '默认相册', 10, '', 255, '', 1426670142, 1),
(15, '默认相册', 11, '', 255, '', 1426733808, 1);

-- --------------------------------------------------------

--
-- 表的结构 `cor_album_pic`
--

CREATE TABLE IF NOT EXISTS `cor_album_pic` (
  `apic_id` int(10) unsigned NOT NULL AUTO_INCREMENT COMMENT '相册图片表id',
  `apic_name` varchar(100) NOT NULL COMMENT '图片名称',
  `apic_tag` varchar(255) NOT NULL COMMENT '图片标签',
  `aclass_id` int(10) unsigned NOT NULL COMMENT '相册id',
  `apic_cover` varchar(255) NOT NULL COMMENT '图片路径',
  `apic_size` int(10) unsigned NOT NULL COMMENT '图片大小',
  `apic_spec` varchar(100) NOT NULL COMMENT '图片规格',
  `store_id` int(10) unsigned NOT NULL COMMENT '所属店铺id',
  `upload_time` int(10) unsigned NOT NULL COMMENT '图片上传时间',
  PRIMARY KEY (`apic_id`)
) ENGINE=InnoDB  DEFAULT CHARSET=utf8 COMMENT='相册图片表' AUTO_INCREMENT=2135 ;

--
-- 转存表中的数据 `cor_album_pic`
--

INSERT INTO `cor_album_pic` (`apic_id`, `apic_name`, `apic_tag`, `aclass_id`, `apic_cover`, `apic_size`, `apic_spec`, `store_id`, `upload_time`) VALUES
(962, '喷绘', '', 2, '2_04716035155654501.jpg', 1011585, '800x800', 2, 1418259515),
(963, '_DSC0101', '', 2, '2_04716037104065922.jpg', 413873, '800x562', 2, 1418259710),
(965, 'QQ图片20141211161940', '', 2, '2_04716041358060909.jpg', 318680, '800x495', 2, 1418260135),
(966, 'QQ图片20141211162014', '', 2, '2_04716041369178759.jpg', 298685, '800x419', 2, 1418260135),
(967, 'QQ图片20141211162153', '', 2, '2_04716041378813093.jpg', 278061, '800x416', 2, 1418260137),
(971, '_DSC0110', '', 2, '2_04716047714682549.jpg', 390182, '800x508', 2, 1418260771),
(972, '写真', '', 2, '2_04716062823472721.jpg', 1001745, '800x800', 2, 1418262282),
(978, '专业团队1----_04', '', 2, '2_04716706659208069.jpg', 80395, '800x427', 2, 1418326665),
(979, '专业团队1----_02', '', 2, '2_04716706715355151.jpg', 111857, '800x427', 2, 1418326671),
(980, '专业团队1----_03', '', 2, '2_04716706930175050.jpg', 119471, '800x427', 2, 1418326692),
(981, '专业团队1----_01', '', 2, '2_04716706943436546.jpg', 80220, '800x427', 2, 1418326694),
(982, 'T22eouXNBXXXXXXXXX-67023028', '', 2, '2_04716712117649973.jpg', 116131, '800x286', 2, 1418327211),
(983, 'TB1nxRRFVXXXXcaXpXXXXXXXXXX_!!0-item_pic', '', 2, '2_04716712199605452.jpg', 174988, '800x800', 2, 1418327219),
(984, '专业团队2', '', 2, '2_04716712211331473.jpg', 117912, '800x575', 2, 1418327219),
(985, '423987_intro3', '', 2, '2_04716712219861860.jpg', 144099, '800x747', 2, 1418327219),
(986, '展架', '', 2, '2_04716884665199493.jpg', 866508, 'x', 2, 1418344466),
(987, '10385510', '', 2, '2_04716885573792328.jpg', 202935, '800x720', 2, 1418344557),
(988, 'X展架_02', '', 2, '2_04716908758081377.jpg', 67475, '800x427', 2, 1418346875),
(989, 'X展架_03', '', 2, '2_04716909013494766.jpg', 63950, '800x427', 2, 1418346901),
(991, 'X展架_01', '', 2, '2_04716926570140486.jpg', 75177, '800x427', 2, 1418348656),
(992, 'X展架_04', '', 2, '2_04716926666875471.jpg', 84421, '800x427', 2, 1418348666),
(993, 'X展架_05', '', 2, '2_04716926742971340.jpg', 66099, '800x427', 2, 1418348674),
(994, 'X展架_06', '', 2, '2_04716926833302404.jpg', 79402, '800x427', 2, 1418348683),
(995, 'X展架_07', '', 2, '2_04716926897941848.jpg', 60050, '800x319', 2, 1418348689),
(996, 'T2_01', '', 2, '2_04716927741180748.jpg', 57688, '800x455', 2, 1418348774),
(997, 'T2_02', '', 2, '2_04716927800847623.jpg', 70286, '800x456', 2, 1418348779),
(998, 'T2_03', '', 2, '2_04716927876544819.jpg', 67803, '800x455', 2, 1418348787),
(999, 'T2_05', '', 2, '2_04716927961404136.jpg', 47945, '800x276', 2, 1418348796),
(1000, 'T2_04', '', 2, '2_04716927968221446.jpg', 52878, '800x456', 2, 1418348796),
(1001, '宣传单', '', 2, '2_04716941255280453.jpg', 103960, '818x800', 2, 1418350125),
(1004, '团队', '', 2, '2_04716942382449073.jpg', 70759, '800x447', 2, 1418350237),
(1011, 'QQ图片20141212160504', '', 2, '2_04716946003562837.jpg', 138691, '747x288', 2, 1418350600),
(1012, 'QQ图片20141212160335--', '', 2, '2_04716946381254026.jpg', 176459, '747x244', 2, 1418350638),
(1013, '1', '', 2, '2_04716952123991054.jpg', 203026, '800x673', 2, 1418351212),
(1014, '2', '', 2, '2_04716952425847599.jpg', 194949, '800x516', 2, 1418351242),
(1016, '产品详情_01', '', 1, '1_04716992848812201.jpg', 179579, '980x846', 1, 1418355284),
(1017, '产品详情_02', '', 1, '1_04716992867674984.jpg', 219016, '980x846', 1, 1418355285),
(1018, '产品详情_06', '', 1, '1_04716992888279306.jpg', 270303, '980x843', 1, 1418355285),
(1019, '产品详情_04', '', 1, '1_04716992909015243.jpg', 249757, '980x846', 1, 1418355285),
(1020, '产品详情_03', '', 1, '1_04716992929511640.jpg', 288302, '980x846', 1, 1418355285),
(1021, '产品详情_05', '', 1, '1_04716992949917077.jpg', 278420, '980x846', 1, 1418355285),
(1022, '主图', '', 1, '1_04717532854881608.jpg', 140819, '800x800', 1, 1418409285),
(1023, '乌鸡蛋详情_02', '', 1, '1_04717533257811660.jpg', 173135, '900x750', 1, 1418409325),
(1024, '乌鸡蛋详情_01', '', 1, '1_04717533292439310.jpg', 165602, '900x750', 1, 1418409329),
(1025, '乌鸡蛋详情_03', '', 1, '1_04717533308514707.jpg', 244554, '900x750', 1, 1418409329),
(1026, '乌鸡蛋详情_05', '', 1, '1_04717533360232278.jpg', 319763, '900x750', 1, 1418409335),
(1027, '乌鸡蛋详情_04', '', 1, '1_04717533427149225.jpg', 299415, '900x750', 1, 1418409342),
(1028, '乌鸡蛋详情_06', '', 1, '1_04717533483927102.jpg', 227696, '900x750', 1, 1418409348),
(1029, '乌鸡蛋详情_09', '', 1, '1_04717533499277521.jpg', 169281, '900x750', 1, 1418409349),
(1030, '乌鸡蛋详情_07', '', 1, '1_04717533519880431.jpg', 335233, '900x750', 1, 1418409351),
(1031, '乌鸡蛋详情_11', '', 1, '1_04717533623021614.jpg', 182267, '900x750', 1, 1418409362),
(1032, '乌鸡蛋详情_10', '', 1, '1_04717533638186375.jpg', 187028, '900x750', 1, 1418409362),
(1033, '乌鸡蛋详情_13', '', 1, '1_04717533654354455.jpg', 196465, '900x750', 1, 1418409365),
(1034, '乌鸡蛋详情_08', '', 1, '1_04717533695339006.jpg', 270050, '900x750', 1, 1418409369),
(1035, '乌鸡蛋详情_12', '', 1, '1_04717533710024236.jpg', 186376, '900x750', 1, 1418409369),
(1036, '乌鸡蛋详情_14', '', 1, '1_04717533725166204.jpg', 218504, '900x721', 1, 1418409371),
(1037, 'QQ图片20140628161630-', '', 2, '2_04717594599518715.jpg', 165916, '800x572', 2, 1418415459),
(1043, 'QQ图片20140626154412', '', 2, '2_04717596396092270.jpg', 116776, '800x571', 2, 1418415639),
(1044, 'QQ图片20140626154703', '', 2, '2_04717596455420241.jpg', 224706, '800x672', 2, 1418415645),
(1046, '名片--_02_01', '', 2, '2_04717639838407826.jpg', 100217, '750x419', 2, 1418419983),
(1047, '名片--_02_05', '', 2, '2_04717639938693380.jpg', 91680, '750x419', 2, 1418419985),
(1048, '名片--_02_04', '', 2, '2_04717639948130685.jpg', 159560, '750x418', 2, 1418419985),
(1049, '名片--_02_03', '', 2, '2_04717639957713910.jpg', 119869, '750x419', 2, 1418419985),
(1050, '名片--_02_02', '', 2, '2_04717639967139240.jpg', 145258, '750x418', 2, 1418419988),
(1051, '名片P', '', 2, '2_04717687082348757.jpg', 109449, '1289x800', 2, 1418424708),
(1052, '名片PVC_01', '', 2, '2_04717687356335155.jpg', 100744, '750x614', 2, 1418424735),
(1053, '名片PVC_03', '', 2, '2_04717687396816602.jpg', 152442, '750x613', 2, 1418424739),
(1054, '名片PVC_05', '', 2, '2_04717687417555957.jpg', 116240, '750x614', 2, 1418424741),
(1055, '名片PVC_04', '', 2, '2_04717687430859445.jpg', 185305, '750x614', 2, 1418424741),
(1056, '名片PVC_02', '', 2, '2_04717687455196665.jpg', 198612, '750x614', 2, 1418424745),
(1057, '_DSC0097', '', 2, '2_04717690179895244.jpg', 132090, '800x323', 2, 1418425017),
(1058, '_DSC0096', '', 2, '2_04717690206421862.jpg', 324352, '800x1030', 2, 1418425020),
(1059, '_DSC0098', '', 2, '2_04717690241410212.jpg', 285131, '800x1007', 2, 1418425024),
(1060, '主图1', '', 1, '1_04717712539271406.jpg', 145907, '800x800', 1, 1418427253),
(1061, '主图2', '', 1, '1_04717713037274162.jpg', 167512, '800x800', 1, 1418427303),
(1062, '写真KT板_03', '', 2, '2_04717741884984462.jpg', 161237, '750x629', 2, 1418430188),
(1063, '写真KT板_04', '', 2, '2_04717741968163958.jpg', 187728, '750x630', 2, 1418430188),
(1064, '写真KT板_02', '', 2, '2_04717741982069313.jpg', 136387, '750x630', 2, 1418430188),
(1065, '写真KT板_05', '', 2, '2_04717741994711552.jpg', 121328, '750x630', 2, 1418430189),
(1066, '写真KT板_01', '', 2, '2_04717742007643633.jpg', 153206, '750x630', 2, 1418430189),
(1067, '主图', '', 1, '1_04717742220761218.jpg', 236047, '800x800', 1, 1418430221),
(1068, '乌鸡蛋礼品装详情_03', '', 1, '1_04717742658563353.jpg', 244554, '900x750', 1, 1418430265),
(1069, '乌鸡蛋礼品装详情_02', '', 1, '1_04717742673959494.jpg', 173237, '900x750', 1, 1418430266),
(1070, '乌鸡蛋礼品装详情_01', '', 1, '1_04717742689304197.jpg', 177398, '900x750', 1, 1418430267),
(1071, '乌鸡蛋礼品装详情_09', '', 1, '1_04717742876214185.jpg', 169281, '900x750', 1, 1418430287),
(1072, '乌鸡蛋礼品装详情_04', '', 1, '1_04717742892220705.jpg', 299415, '900x750', 1, 1418430288),
(1073, '乌鸡蛋礼品装详情_08', '', 1, '1_04717742908589057.jpg', 270050, '900x750', 1, 1418430290),
(1074, '乌鸡蛋礼品装详情_06', '', 1, '1_04717742923909843.jpg', 227696, '900x750', 1, 1418430291),
(1075, '乌鸡蛋礼品装详情_10', '', 1, '1_04717743028294094.jpg', 187028, '900x750', 1, 1418430302),
(1076, '乌鸡蛋礼品装详情_07', '', 1, '1_04717743044156570.jpg', 335233, '900x750', 1, 1418430303),
(1077, '乌鸡蛋礼品装详情_11', '', 1, '1_04717743086584822.jpg', 182267, '900x750', 1, 1418430308),
(1078, '乌鸡蛋礼品装详情_13', '', 1, '1_04717743102579873.jpg', 196465, '900x750', 1, 1418430310),
(1079, '乌鸡蛋礼品装详情_12', '', 1, '1_04717743118139812.jpg', 186376, '900x750', 1, 1418430311),
(1080, '乌鸡蛋礼品装详情_05', '', 1, '1_04717743161770593.jpg', 319763, '900x750', 1, 1418430316),
(1081, '乌鸡蛋礼品装详情_14', '', 1, '1_04717743197693754.jpg', 218504, '900x721', 1, 1418430319),
(1082, '主图2', '', 1, '1_04717744780052110.jpg', 145907, '800x800', 1, 1418430477),
(1083, '主图3', '', 1, '1_04717744872210702.jpg', 147517, '800x800', 1, 1418430487),
(1084, '主图4', '', 1, '1_04717744962863520.jpg', 167512, '800x800', 1, 1418430496),
(1085, '1050b71bcc929563b3d12ad759d39c93', '', 2, '2_04717747609801103.jpg', 177085, '800x728', 2, 1418430760),
(1086, '18388691', '', 2, '2_04717747665122619.jpg', 191199, '800x674', 2, 1418430765),
(1087, '20130110080140060594a436a5a', '', 2, '2_04717747680427102.jpg', 86579, '800x415', 2, 1418430767),
(1088, '1050b71bcc929563b3d12ad759d39c93', '', 2, '2_04717747912368203.jpg', 177085, '800x728', 2, 1418430791),
(1090, 'T1poBoFz0kXXXXXXXX_!!0-item_pic', '', 2, '2_04717753121684596.jpg', 234463, '800x800', 2, 1418431312),
(1091, '主图', '', 1, '1_04717754051864205.jpg', 227514, '800x800', 1, 1418431405),
(1092, '主图2', '', 1, '1_04717754141113084.jpg', 136093, '800x800', 1, 1418431413),
(1093, '主图3', '', 1, '1_04717754238774695.jpg', 203416, '800x800', 1, 1418431423),
(1094, '主图4', '', 1, '1_04717754354388076.jpg', 263377, '800x800', 1, 1418431435),
(1095, '主图', '', 1, '1_04717754913651790.jpg', 227514, '800x800', 1, 1418431491),
(1096, '主图1', '', 1, '1_04717785723829778.jpg', 234514, '800x800', 1, 1418434572),
(1097, '土猪肉详情_01', '', 1, '1_04717786075649824.jpg', 178878, '980x750', 1, 1418434607),
(1098, '土猪肉详情_02', '', 1, '1_04717786093557227.jpg', 223464, '980x750', 1, 1418434608),
(1099, '土猪肉详情_05', '', 1, '1_04717786112504162.jpg', 236943, '980x750', 1, 1418434608),
(1100, '土猪肉详情_04', '', 1, '1_04717786129617707.jpg', 144971, '980x750', 1, 1418434611),
(1101, '土猪肉详情_06', '', 1, '1_04717786173574409.jpg', 261397, '980x750', 1, 1418434617),
(1102, '土猪肉详情_03', '', 1, '1_04717786327109593.jpg', 216500, '980x750', 1, 1418434632),
(1103, '土猪肉详情_07', '', 1, '1_04717786342482556.jpg', 278710, '980x750', 1, 1418434633),
(1104, '土猪肉详情_08', '', 1, '1_04717786361986733.jpg', 243751, '980x750', 1, 1418434633),
(1105, '土猪肉详情_11', '', 1, '1_04717786434763745.jpg', 214504, '980x750', 1, 1418434643),
(1106, '土猪肉详情_09', '', 1, '1_04717786453150032.jpg', 225628, '980x750', 1, 1418434644),
(1107, '土猪肉详情_10', '', 1, '1_04717786476624176.jpg', 234817, '980x750', 1, 1418434647),
(1108, '土猪肉详情_13', '', 1, '1_04717786503460659.jpg', 221121, '980x731', 1, 1418434650),
(1109, '土猪肉详情_12', '', 1, '1_04717786521043953.jpg', 263756, '980x750', 1, 1418434650),
(1110, '主图2', '', 1, '1_04717787386051006.jpg', 232804, '800x800', 1, 1418434738),
(1111, '主图3', '', 1, '1_04717787547520766.jpg', 264130, '800x800', 1, 1418434754),
(1112, '主图4', '', 1, '1_04717787739146925.jpg', 210593, '800x800', 1, 1418434773),
(1113, '主图5', '', 1, '1_04717787944646762.jpg', 281030, '800x800', 1, 1418434794),
(1120, '宣传单1_05_01', '', 2, '2_04717799971592624.jpg', 138429, '800x693', 2, 1418435997),
(1121, '宣传单1_05_05', '', 2, '2_04717800019052527.jpg', 106523, '800x693', 2, 1418436001),
(1122, '宣传单1_05_02', '', 2, '2_04717800034594236.jpg', 182961, '800x694', 2, 1418436003),
(1123, '宣传单1_05_04', '', 2, '2_04717800048730937.jpg', 121799, '800x694', 2, 1418436004),
(1124, '宣传单1_05_03', '', 2, '2_04717800063509599.jpg', 165434, '800x693', 2, 1418436005),
(1125, '主图1', '', 1, '1_04718403423957289.jpg', 188909, '800x800', 1, 1418496342),
(1126, '土鸡蛋详情_02', '', 1, '1_04718403838898788.jpg', 159849, '750x680', 1, 1418496383),
(1127, '土鸡蛋详情_04', '', 1, '1_04718403910319493.jpg', 167698, '750x680', 1, 1418496390),
(1128, '土鸡蛋详情_06', '', 1, '1_04718403957285140.jpg', 323779, '750x680', 1, 1418496395),
(1129, '土鸡蛋详情_01', '', 1, '1_04718403972608699.jpg', 184482, '750x680', 1, 1418496396),
(1130, '土鸡蛋详情_08', '', 1, '1_04718404045836272.jpg', 209182, '750x680', 1, 1418496404),
(1131, '土鸡蛋详情_03', '', 1, '1_04718404082574971.jpg', 121730, '750x680', 1, 1418496408),
(1132, '土鸡蛋详情_05', '', 1, '1_04718404128153693.jpg', 311700, '750x680', 1, 1418496412),
(1133, '土鸡蛋详情_09', '', 1, '1_04718404144055763.jpg', 158000, '750x680', 1, 1418496413),
(1134, '土鸡蛋详情_07', '', 1, '1_04718404158776621.jpg', 276765, '750x680', 1, 1418496414),
(1135, '土鸡蛋详情_12', '', 1, '1_04718404174258824.jpg', 78088, '750x351', 1, 1418496416),
(1136, '土鸡蛋详情_11', '', 1, '1_04718404182525911.jpg', 164620, '750x680', 1, 1418496417),
(1137, '土鸡蛋详情_10', '', 1, '1_04718404197953272.jpg', 126327, '750x680', 1, 1418496419),
(1138, '主图2', '', 1, '1_04718405806518664.jpg', 168218, '800x800', 1, 1418496580),
(1139, '主图3', '', 1, '1_04718405920300529.jpg', 203563, '800x800', 1, 1418496591),
(1140, '主图', '', 1, '1_04718409568576789.jpg', 318012, '800x800', 1, 1418496956),
(1141, '土鸡蛋礼品装详情_01', '', 1, '1_04718409888252982.jpg', 243682, '750x680', 1, 1418496988),
(1142, '土鸡蛋礼品装详情_03', '', 1, '1_04718409910651078.jpg', 121730, '750x680', 1, 1418496990),
(1143, '土鸡蛋礼品装详情_04', '', 1, '1_04718409936237858.jpg', 167698, '750x680', 1, 1418496993),
(1144, '土鸡蛋礼品装详情_02', '', 1, '1_04718409963096689.jpg', 159849, '750x680', 1, 1418496996),
(1145, '土鸡蛋礼品装详情_06', '', 1, '1_04718410010299518.jpg', 323779, '750x680', 1, 1418497000),
(1146, '土鸡蛋礼品装详情_05', '', 1, '1_04718410066435428.jpg', 311700, '750x680', 1, 1418497006),
(1147, '土鸡蛋礼品装详情_09', '', 1, '1_04718410099762345.jpg', 158000, '750x680', 1, 1418497009),
(1148, '土鸡蛋礼品装详情_10', '', 1, '1_04718410125915818.jpg', 126327, '750x680', 1, 1418497012),
(1149, '土鸡蛋礼品装详情_07', '', 1, '1_04718410172696626.jpg', 276765, '750x680', 1, 1418497017),
(1150, '土鸡蛋礼品装详情_11', '', 1, '1_04718410193750773.jpg', 164620, '750x680', 1, 1418497019),
(1151, '土鸡蛋礼品装详情_08', '', 1, '1_04718410207785648.jpg', 209182, '750x680', 1, 1418497020),
(1152, '土鸡蛋礼品装详情_12', '', 1, '1_04718410222365334.jpg', 78088, '750x351', 1, 1418497020),
(1153, '主图2', '', 1, '1_04718411606299527.jpg', 188909, '800x800', 1, 1418497160),
(1154, '主图3', '', 1, '1_04718411703892305.jpg', 168218, '800x800', 1, 1418497170),
(1155, '布标--', '', 2, '2_04718453411337053.jpg', 130843, '800x800', 2, 1418501341),
(1156, '布标00_01', '', 2, '2_04718551462231465.jpg', 62503, '800x469', 2, 1418511146),
(1157, '布标00_02', '', 2, '2_04718551542613694.jpg', 103776, '800x469', 2, 1418511150),
(1158, '布标00_04', '', 2, '2_04718551552954294.jpg', 162568, '800x469', 2, 1418511152),
(1159, '布标00_05', '', 2, '2_04718551563606191.jpg', 154129, '800x469', 2, 1418511152),
(1160, '布标00_03', '', 2, '2_04718551574573402.jpg', 141788, '800x469', 2, 1418511153),
(1161, '布标00_06', '', 2, '2_04718551584853009.jpg', 206315, '800x469', 2, 1418511156),
(1162, '布标00_02', '', 2, '2_04718552102779609.jpg', 103776, '800x469', 2, 1418511210),
(1163, '金属卡_01', '', 2, '2_04719526116393780.jpg', 73691, '800x575', 2, 1418608611),
(1164, '金属卡_03', '', 2, '2_04719526163749679.jpg', 184302, '800x575', 2, 1418608616),
(1165, '金属卡_04', '', 2, '2_04719526176160438.jpg', 159674, '800x575', 2, 1418608616),
(1166, '金属卡_02', '', 2, '2_04719526189329777.jpg', 139193, '800x575', 2, 1418608616),
(1167, '金属卡_05', '', 2, '2_04719526201996907.jpg', 128990, '800x575', 2, 1418608617),
(1168, 'QQ图片20140925113216', '', 2, '2_04719526935878416.jpg', 145077, '800x581', 2, 1418608693),
(1169, 'T1YGecXANXXXXXXXXX_!!0-item_pic', '', 2, '2_04725625289480897.jpg', 167834, '800x323', 2, 1419218528),
(1170, '单金科牌_02', '', 2, '2_04725626400973774.jpg', 151395, '800x583', 2, 1419218639),
(1171, '单金科牌_04', '', 2, '2_04725626418754045.jpg', 126197, '800x583', 2, 1419218641),
(1172, '单金科牌_01', '', 2, '2_04725626431458122.jpg', 93315, '800x583', 2, 1419218642),
(1173, '单金科牌_03', '', 2, '2_04725626444066899.jpg', 214352, '800x582', 2, 1419218644),
(1177, 'QQ图片20141222110908', '', 2, '2_04725630414983086.png', 196449, '800x330', 2, 1419219041),
(1178, 'QQ图片20141222110923', '', 2, '2_04725630501211226.png', 208940, '800x339', 2, 1419219049),
(1179, 'QQ图片20141222110942', '', 2, '2_04725630524981355.png', 212837, '800x334', 2, 1419219052),
(1195, '芒果汁大图8', '', 1, '1_04725777144452797.jpg', 171560, '800x800', 1, 1419233714),
(1196, '芒果汁饮料_01', '', 1, '1_04725777396285028.jpg', 170296, '850x700', 1, 1419233739),
(1197, '芒果汁饮料_04', '', 1, '1_04725777482143171.jpg', 245998, '850x700', 1, 1419233748),
(1198, '芒果汁饮料_03', '', 1, '1_04725777499044496.jpg', 243733, '850x700', 1, 1419233748),
(1199, '芒果汁饮料_06', '', 1, '1_04725777514816930.jpg', 188100, '850x700', 1, 1419233749),
(1200, '芒果汁饮料_05', '', 1, '1_04725777530828207.jpg', 133718, '850x700', 1, 1419233752),
(1201, '芒果汁饮料_08', '', 1, '1_04725777546446238.jpg', 123420, '850x500', 1, 1419233754),
(1202, '芒果汁饮料_07', '', 1, '1_04725777581507246.jpg', 199827, '850x700', 1, 1419233758),
(1203, '芒果汁饮料_02', '', 1, '1_04725777601681942.jpg', 160180, '850x700', 1, 1419233760),
(1204, '芒果汁大图7', '', 1, '1_04725778382386016.jpg', 86246, '800x800', 1, 1419233838),
(1213, '大图', '', 4, '4_04725859421403860.jpg', 96138, '800x800', 4, 1419241943),
(1214, '1大图', '', 4, '4_04725859659515960.jpg', 100721, '800x800', 4, 1419241967),
(1215, '2大图', '', 4, '4_04725859875569693.jpg', 93305, '800x800', 4, 1419241989),
(1216, '节水型BNT-RO102_01', '', 4, '4_04725861084259496.jpg', 234253, '850x940', 4, 1419242110),
(1217, '节水型BNT-RO102_02', '', 4, '4_04725861757097997.jpg', 282000, '850x940', 4, 1419242177),
(1218, '节水型BNT-RO102_03', '', 4, '4_04725862179015783.jpg', 275395, '850x940', 4, 1419242219),
(1219, '节水型BNT-RO102_04', '', 4, '4_04725862335101407.jpg', 209924, '850x940', 4, 1419242235),
(1220, '节水型BNT-RO102_05', '', 4, '4_04725862526413750.jpg', 286849, '850x940', 4, 1419242254),
(1221, '节水型BNT-RO102_06', '', 4, '4_04725862715734223.jpg', 204281, '850x940', 4, 1419242273),
(1222, '节水型BNT-RO102_07', '', 4, '4_04725862877946653.jpg', 251202, '850x940', 4, 1419242289),
(1223, '节水型BNT-RO102_08', '', 4, '4_04725863056609074.jpg', 161329, '850x940', 4, 1419242307),
(1224, '节水型BNT-RO102_09', '', 4, '4_04725863194262483.jpg', 141345, '850x940', 4, 1419242321),
(1225, '节水型BNT-RO102_10', '', 4, '4_04725863334841996.jpg', 163625, '850x940', 4, 1419242335),
(1226, '节水型BNT-RO102_11', '', 4, '4_04725863532912782.jpg', 262974, '850x940', 4, 1419242355),
(1227, '节水型BNT-RO102_12', '', 4, '4_04725863718012937.jpg', 279519, '850x940', 4, 1419242373),
(1228, '节水型BNT-RO102_13', '', 4, '4_04725863913021124.jpg', 315290, '850x940', 4, 1419242392),
(1229, '节水型BNT-RO102_14', '', 4, '4_04725864096430429.jpg', 293728, '850x940', 4, 1419242411),
(1230, '节水型BNT-RO102_15', '', 4, '4_04725864254059892.jpg', 178182, '850x940', 4, 1419242427),
(1231, '节水型BNT-RO102_16', '', 4, '4_04725864414046233.jpg', 178571, '850x711', 4, 1419242442),
(1232, '反渗透RO纯水机BNT-RO107-大图', '', 4, '4_04725867612571094.jpg', 90183, '800x800', 4, 1419242762),
(1233, 'BNT-RO107_01', '', 4, '4_04725868277460516.jpg', 185979, '850x880', 4, 1419242829),
(1234, 'BNT-RO107_02', '', 4, '4_04725871591069305.jpg', 250325, '850x880', 4, 1419243160),
(1235, 'BNT-RO107_03', '', 4, '4_04725876405424937.jpg', 206498, '850x880', 4, 1419243641),
(1236, 'BNT-RO107_04', '', 4, '4_04725880713801469.jpg', 157551, '850x880', 4, 1419244072),
(1237, 'BNT-RO107_05', '', 4, '4_04725883271987467.jpg', 153021, '850x880', 4, 1419244328),
(1238, 'BNT-RO107_06', '', 4, '4_04725888248234654.jpg', 128996, '850x880', 4, 1419244825),
(1239, 'BNT-RO107_07', '', 4, '4_04725891260123038.jpg', 140348, '850x880', 4, 1419245127),
(1240, 'BNT-RO107_08', '', 4, '4_04725891823588047.jpg', 195067, '850x880', 4, 1419245183),
(1241, 'BNT-RO107_09', '', 4, '4_04725892171650951.jpg', 230260, '850x880', 4, 1419245218),
(1242, 'BNT-RO107_10', '', 4, '4_04725892335941884.jpg', 253607, '850x880', 4, 1419245234),
(1243, 'BNT-RO107_11', '', 4, '4_04725892528823550.jpg', 285046, '850x880', 4, 1419245254),
(1244, 'BNT-RO107_12', '', 4, '4_04725892731399638.jpg', 273048, '850x880', 4, 1419245274),
(1245, 'BNT-RO107_13', '', 4, '4_04725892931297221.jpg', 239806, '850x880', 4, 1419245294),
(1247, '反渗透RO纯水机BNT-RO107_14', '', 4, '4_04725899238208734.jpg', 172596, '850x880', 4, 1419245925),
(1248, '反渗透RO纯水机BNT-RO107_15', '', 4, '4_04725899418904116.jpg', 108296, '850x436', 4, 1419245942),
(1249, '厨房净水机--清爽型--大图', '', 4, '4_04725902858825749.jpg', 79473, '800x800', 4, 1419246287),
(1250, '厨房净水机--清爽型--大图1', '', 4, '4_04725904166551235.jpg', 129399, '800x800', 4, 1419246418),
(1251, '厨房净水机--清爽型--大图2', '', 4, '4_04725904327900430.jpg', 121932, '800x800', 4, 1419246434),
(1252, '厨房净水机_01', '', 4, '4_04725904806745395.jpg', 255498, '850x840', 4, 1419246482),
(1253, '厨房净水机_02', '', 4, '4_04725904983647032.jpg', 298209, '850x840', 4, 1419246500),
(1254, '厨房净水机_03', '', 4, '4_04725905142899683.jpg', 228070, '850x840', 4, 1419246516),
(1255, '厨房净水机_04', '', 4, '4_04725905330625790.jpg', 145515, '850x840', 4, 1419246534),
(1256, '厨房净水机_05', '', 4, '4_04725905505049304.jpg', 183630, '850x840', 4, 1419246552),
(1257, '厨房净水机_06', '', 4, '4_04725905664882864.jpg', 215278, '850x840', 4, 1419246568),
(1258, '厨房净水机_07', '', 4, '4_04725905823526262.jpg', 184842, '850x840', 4, 1419246584),
(1259, '厨房净水机_08', '', 4, '4_04725905981124075.jpg', 145709, '850x840', 4, 1419246599),
(1260, '厨房净水机_09', '', 4, '4_04725906133174346.jpg', 176285, '850x840', 4, 1419246614),
(1261, '厨房净水机_10', '', 4, '4_04725906307191138.jpg', 265086, '850x840', 4, 1419246632),
(1262, '厨房净水机_11', '', 4, '4_04725906485056937.jpg', 266368, '850x840', 4, 1419246649),
(1263, '厨房净水机_12', '', 4, '4_04725906676186534.jpg', 245660, '850x840', 4, 1419246669),
(1264, '厨房净水机_13', '', 4, '4_04725906898801517.jpg', 266663, '850x840', 4, 1419246691),
(1265, '厨房净水机_14', '', 4, '4_04725907058505257.jpg', 164218, '850x840', 4, 1419246707),
(1266, '厨房净水机_15', '', 4, '4_04725907219629541.jpg', 190193, '850x786', 4, 1419246723),
(1267, '全屋净水机--BNT-KC03-Z02T大图', '', 4, '4_04725910891992703.jpg', 54891, '800x800', 4, 1419247090),
(1268, '全屋净水机--BNT-KC03-Z02T大图1', '', 4, '4_04725911008665214.jpg', 39460, '800x800', 4, 1419247102),
(1269, '净水机KC06_01', '', 4, '4_04725911198077613.jpg', 235938, '850x865', 4, 1419247121),
(1270, '净水机KC06_02', '', 4, '4_04725911348952544.jpg', 126117, '850x865', 4, 1419247136),
(1271, '净水机KC06_03', '', 4, '4_04725911508407299.jpg', 163364, '850x865', 4, 1419247152),
(1272, '净水机KC06_04', '', 4, '4_04725911652114702.jpg', 145064, '850x865', 4, 1419247166),
(1273, '净水机KC06_05', '', 4, '4_04725911825791153.jpg', 162594, '850x865', 4, 1419247184),
(1274, '净水机KC06_06', '', 4, '4_04725911990746540.jpg', 181260, '850x865', 4, 1419247200),
(1275, '净水机KC06_07', '', 4, '4_04725912138090595.jpg', 151118, '850x865', 4, 1419247215),
(1276, '净水机KC06_08', '', 4, '4_04725912288768265.jpg', 95599, '850x865', 4, 1419247230),
(1277, '净水机KC06_09', '', 4, '4_04725912473595833.jpg', 250506, '850x865', 4, 1419247249),
(1278, '净水机KC06_10', '', 4, '4_04725912652025336.jpg', 235555, '850x865', 4, 1419247266),
(1279, '净水机KC06_11', '', 4, '4_04725912866241309.jpg', 247936, '850x865', 4, 1419247288),
(1280, '净水机KC06_12', '', 4, '4_04725913094032383.jpg', 257203, '850x865', 4, 1419247311),
(1281, '净水机KC06_13', '', 4, '4_04725913286127860.jpg', 284740, '850x865', 4, 1419247330),
(1282, '净水机KC06_14', '', 4, '4_04725913454893833.jpg', 163766, '850x865', 4, 1419247347),
(1283, '净水机KC06_15', '', 4, '4_04725913629720161.jpg', 192611, '850x830', 4, 1419247364),
(1284, '支架   汉尔普透明机--大图1', '', 5, '4_04725923700167776.jpg', 68504, '800x800', 4, 1419248371),
(1285, '汉尔普透明机--大图2', '', 5, '4_04725931770886235.jpg', 103696, '800x800', 4, 1419249178),
(1286, '汉尔普透明机--大图3', '', 5, '4_04725956463057577.jpg', 106748, '800x800', 4, 1419251647),
(1307, '大图1', '', 4, '4_04725986704419231.jpg', 77074, '800x800', 4, 1419254671),
(1308, '大图2', '', 4, '4_04725987530173189.jpg', 94903, '800x800', 4, 1419254754),
(1309, '大图3', '', 4, '4_04725988354200634.jpg', 103755, '800x800', 4, 1419254836),
(1310, 'BNT-Q01_01', '', 4, '4_04725990466873958.gif', 236754, '850x780', 4, 1419255048),
(1311, 'BNT-Q01_02', '', 4, '4_04725990756192555.gif', 249661, '850x780', 4, 1419255077),
(1312, 'BNT-Q01_03', '', 4, '4_04725991431954853.gif', 126776, '850x780', 4, 1419255144),
(1313, 'BNT-Q01_04', '', 4, '4_04725991562938482.gif', 101629, '850x780', 4, 1419255157),
(1314, 'BNT-Q01_05', '', 4, '4_04725991984952767.gif', 148237, '850x780', 4, 1419255200),
(1315, 'BNT-Q01_06', '', 4, '4_04725992134469701.gif', 189237, '850x780', 4, 1419255214),
(1316, 'BNT-Q01_07', '', 4, '4_04725992284973567.gif', 227852, '850x780', 4, 1419255230),
(1317, 'BNT-Q01_08', '', 4, '4_04725992605195316.gif', 298711, '850x780', 4, 1419255262),
(1318, 'BNT-Q01_09', '', 4, '4_04725993513534354.gif', 249674, '850x780', 4, 1419255353),
(1319, 'BNT-Q01_10', '', 4, '4_04725993686326134.gif', 278024, '850x780', 4, 1419255370),
(1320, 'BNT-Q01_11', '', 4, '4_04725993872232197.gif', 302183, '850x780', 4, 1419255389),
(1321, 'BNT-Q01_12', '', 4, '4_04725994542157745.gif', 296138, '850x780', 4, 1419255455),
(1322, 'BNT-Q01_13', '', 4, '4_04725994742821722.gif', 240484, '850x780', 4, 1419255476),
(1323, 'BNT-Q01_14', '', 4, '4_04725994900573141.gif', 221049, '850x780', 4, 1419255491),
(1324, 'BNT-Q01_15', '', 4, '4_04725995029267865.gif', 103048, '850x626', 4, 1419255504),
(1325, '中央前置过滤器-BNT-Q03H大图', '', 4, '4_04725998138637540.jpg', 85965, '800x800', 4, 1419255815),
(1326, '中央前置过滤器-BNT-Q03H大图1', '', 4, '4_04725998911828349.jpg', 108856, '800x800', 4, 1419255892),
(1327, '中央前置过滤器-BNT-Q03H_01', '', 4, '4_04725999081266786.gif', 249728, '850x820', 4, 1419255909),
(1328, '中央前置过滤器-BNT-Q03H_02', '', 4, '4_04725999329959741.gif', 249768, '850x820', 4, 1419255934),
(1329, '中央前置过滤器-BNT-Q03H_03', '', 4, '4_04725999700458269.gif', 144490, '850x820', 4, 1419255971),
(1330, '中央前置过滤器-BNT-Q03H_04', '', 4, '4_04725999894426389.gif', 117811, '850x820', 4, 1419255991),
(1331, '中央前置过滤器-BNT-Q03H_05', '', 4, '4_04726000046396873.gif', 124591, '850x820', 4, 1419256006),
(1332, '中央前置过滤器-BNT-Q03H_06', '', 4, '4_04726001251712722.gif', 238063, '850x820', 4, 1419256126),
(1333, '中央前置过滤器-BNT-Q03H_07', '', 4, '4_04726001450227113.gif', 208589, '850x820', 4, 1419256146),
(1334, '中央前置过滤器-BNT-Q03H_08', '', 4, '4_04726001635127242.gif', 256952, '850x820', 4, 1419256165),
(1335, '中央前置过滤器-BNT-Q03H_09', '', 4, '4_04726001819633094.gif', 341458, '850x820', 4, 1419256183),
(1336, '中央前置过滤器-BNT-Q03H_10', '', 4, '4_04726001999053100.gif', 243966, '850x820', 4, 1419256201),
(1337, '中央前置过滤器-BNT-Q03H_11', '', 4, '4_04726002198583531.gif', 328178, '850x820', 4, 1419256221),
(1338, '中央前置过滤器-BNT-Q03H_12', '', 4, '4_04726002400667292.gif', 272487, '850x820', 4, 1419256241),
(1339, '中央前置过滤器-BNT-Q03H_13', '', 4, '4_04726002578886106.gif', 216100, '850x820', 4, 1419256259),
(1340, '中央前置过滤器-BNT-Q03H_14', '', 4, '4_04726002731194049.gif', 122613, '850x679', 4, 1419256274),
(1341, '全屋净水机--BNT-KC06-Z02T大图1', '', 4, '4_04726004013767654.jpg', 61419, '800x800', 4, 1419256402),
(1342, '全屋净水机--BNT-KC06-Z02T大图2', '', 4, '4_04726004384472023.jpg', 50314, '800x800', 4, 1419256439),
(1343, '全屋净水机--BNT-KC08-Z02T_01', '', 4, '4_04726005118569990.jpg', 265275, '850x920', 4, 1419256513),
(1344, '全屋净水机--BNT-KC08-Z02T_02', '', 4, '4_04726005314857557.gif', 90328, '850x920', 4, 1419256533),
(1345, '全屋净水机--BNT-KC08-Z02T_03', '', 4, '4_04726005735376359.gif', 150056, '850x920', 4, 1419256575),
(1346, '全屋净水机--BNT-KC08-Z02T_04', '', 4, '4_04726005928149065.gif', 166940, '850x920', 4, 1419256594),
(1347, '全屋净水机--BNT-KC08-Z02T_05', '', 4, '4_04726006125831606.gif', 232421, '850x920', 4, 1419256614),
(1348, '全屋净水机--BNT-KC08-Z02T_06', '', 4, '4_04726006297524334.gif', 145937, '850x920', 4, 1419256631),
(1349, '全屋净水机--BNT-KC08-Z02T_07', '', 4, '4_04726006513345704.gif', 259813, '850x920', 4, 1419256652),
(1350, '全屋净水机--BNT-KC08-Z02T_08', '', 4, '4_04726006696068087.gif', 253858, '850x920', 4, 1419256671),
(1351, '全屋净水机--BNT-KC08-Z02T_09', '', 4, '4_04726007347507624.gif', 527444, '850x920', 4, 1419256736),
(1352, '全屋净水机--BNT-KC08-Z02T_10', '', 4, '4_04726007527059949.gif', 328334, '850x920', 4, 1419256754),
(1353, '全屋净水机--BNT-KC08-Z02T_11', '', 4, '4_04726007731793493.gif', 304097, '850x920', 4, 1419256775),
(1354, '全屋净水机--BNT-KC08-Z02T_12', '', 4, '4_04726007977703399.gif', 223802, '850x920', 4, 1419256799),
(1355, '全屋净水机--BNT-KC08-Z02T_13', '', 4, '4_04726008194921100.gif', 269190, '850x920', 4, 1419256821),
(1356, '全屋净水机--BNT-KC08-Z02T_14', '', 4, '4_04726008388672678.gif', 315713, '850x920', 4, 1419256840),
(1357, '全屋净水机--BNT-KC08-Z02T_15', '', 4, '4_04726008571715472.gif', 249490, '850x920', 4, 1419256859),
(1358, '全屋净水机--BNT-KC08-Z02T_16', '', 4, '4_04726008769736307.gif', 124699, '850x657', 4, 1419256878),
(1359, '展示系列_01', '', 5, '4_04726757524200974.jpg', 125567, '850x927', 4, 1419331754),
(1360, '展示系列_02', '', 5, '4_04726757679519729.jpg', 192833, '850x927', 4, 1419331769),
(1361, '展示系列_03', '', 5, '4_04726757836310390.jpg', 135207, '850x927', 4, 1419331785),
(1362, '展示系列_04', '', 5, '4_04726757970065290.jpg', 131901, '850x927', 4, 1419331798),
(1363, '展示系列_05', '', 5, '4_04726758115356603.jpg', 135272, '850x927', 4, 1419331812),
(1364, '展示系列_06', '', 5, '4_04726758352269612.jpg', 172639, '850x927', 4, 1419331836),
(1365, '展示系列_07', '', 5, '4_04726758508012472.jpg', 181114, '850x927', 4, 1419331852),
(1366, '展示系列_08', '', 5, '4_04726758661792880.jpg', 168984, '850x927', 4, 1419331867),
(1367, '展示系列_09', '', 5, '4_04726758820808399.jpg', 133975, '850x927', 4, 1419331883),
(1368, '展示系列_10', '', 5, '4_04726758965748620.jpg', 145063, '850x927', 4, 1419331898),
(1369, '展示系列_11', '', 5, '4_04726759166098971.jpg', 101812, '850x927', 4, 1419331918),
(1370, '展示系列_12', '', 5, '4_04726759332303890.jpg', 160012, '850x927', 4, 1419331934),
(1371, '展示系列_13', '', 5, '4_04726759511564625.jpg', 189966, '850x927', 4, 1419331952),
(1372, '展示系列_14', '', 5, '4_04726759675494686.jpg', 175905, '850x927', 4, 1419331969),
(1373, '展示系列_15', '', 5, '4_04726759830961136.jpg', 185810, '850x927', 4, 1419331984),
(1374, '展示系列_16', '', 5, '4_04726760011639384.jpg', 257094, '850x927', 4, 1419332003),
(1375, '展示系列_17', '', 5, '4_04726760214395145.jpg', 271410, '850x927', 4, 1419332023),
(1376, '展示系列_18', '', 5, '4_04726760381315599.jpg', 205604, '850x927', 4, 1419332039),
(1377, '展示系列_19', '', 5, '4_04726760561728704.jpg', 276203, '850x927', 4, 1419332057),
(1378, '展示系列_20', '', 5, '4_04726760754125313.jpg', 186945, '850x927', 4, 1419332077),
(1379, '展示系列_21', '', 5, '4_04726760899660242.jpg', 144248, '850x693', 4, 1419332091),
(1380, '汉尔普--佳源系列--大图', '', 5, '4_04726761099782053.jpg', 100859, '800x800', 4, 1419332111),
(1381, '汉尔普--佳源系列--大图1', '', 5, '4_04726761225502210.jpg', 93921, '800x800', 4, 1419332123),
(1382, '佳源系列_01', '', 5, '4_04726761383115855.jpg', 142871, '850x890', 4, 1419332139),
(1383, '佳源系列_02', '', 5, '4_04726761539421222.jpg', 188846, '850x890', 4, 1419332155),
(1384, '佳源系列_03', '', 5, '4_04726761676003349.jpg', 111079, '850x890', 4, 1419332169),
(1385, '佳源系列_04', '', 5, '4_04726761820200227.jpg', 112215, '850x890', 4, 1419332183),
(1386, '佳源系列_05', '', 5, '4_04726762000042652.jpg', 117531, '850x890', 4, 1419332201),
(1387, '佳源系列_06', '', 5, '4_04726762153411629.jpg', 151751, '850x890', 4, 1419332217),
(1388, '佳源系列_07', '', 5, '4_04726762359059951.jpg', 176896, '850x890', 4, 1419332237),
(1389, '佳源系列_08', '', 5, '4_04726762529038560.jpg', 176228, '850x890', 4, 1419332254),
(1390, '佳源系列_09', '', 5, '4_04726762689197416.jpg', 135566, '850x890', 4, 1419332270),
(1391, '佳源系列_10', '', 5, '4_04726762830696950.jpg', 141163, '850x890', 4, 1419332284),
(1392, '佳源系列_11', '', 5, '4_04726762974069681.jpg', 112757, '850x890', 4, 1419332298),
(1393, '佳源系列_12', '', 5, '4_04726763110944354.jpg', 99168, '850x890', 4, 1419332312),
(1394, '佳源系列_13', '', 5, '4_04726763265710034.jpg', 149196, '850x890', 4, 1419332328),
(1395, '佳源系列_14', '', 5, '4_04726763419675662.jpg', 212532, '850x890', 4, 1419332343),
(1396, '佳源系列_15', '', 5, '4_04726763619713276.jpg', 279280, '850x890', 4, 1419332363),
(1397, '佳源系列_16', '', 5, '4_04726763824613990.jpg', 241189, '850x890', 4, 1419332384),
(1398, '佳源系列_17', '', 5, '4_04726763990873031.jpg', 206221, '850x890', 4, 1419332400),
(1399, '佳源系列_18', '', 5, '4_04726764213585249.jpg', 265149, '850x890', 4, 1419332423),
(1400, '佳源系列_19', '', 5, '4_04726764432245157.jpg', 185438, '850x890', 4, 1419332444),
(1401, '佳源系列_20', '', 5, '4_04726764594759637.jpg', 143524, '850x721', 4, 1419332460),
(1402, '汉尔普--炫雅--立式系列--大图', '', 5, '4_04726764769854776.jpg', 85703, '800x800', 4, 1419332478),
(1403, '汉尔普--炫雅--立式系列--大图1', '', 5, '4_04726764904657947.jpg', 79508, '800x800', 4, 1419332491),
(1404, '汉尔普--炫雅--立式系列--大图2', '', 5, '4_04726765113816720.jpg', 76432, '800x800', 4, 1419332512),
(1405, '炫雅-立式_01', '', 5, '4_04726765341347169.jpg', 134352, '850x936', 4, 1419332535),
(1406, '炫雅-立式_02', '', 5, '4_04726765668145799.jpg', 191597, '850x936', 4, 1419332568),
(1407, '炫雅-立式_03', '', 5, '4_04726765925625807.jpg', 133787, '850x936', 4, 1419332594),
(1408, '炫雅-立式_04', '', 5, '4_04726766195035314.jpg', 96888, '850x936', 4, 1419332621),
(1409, '炫雅-立式_05', '', 5, '4_04726766350641450.jpg', 117343, '850x936', 4, 1419332636),
(1410, '炫雅-立式_06', '', 5, '4_04726766848747412.jpg', 136404, '850x936', 4, 1419332686),
(1411, '炫雅-立式_07', '', 5, '4_04726767186207135.jpg', 153637, '850x936', 4, 1419332720),
(1412, '炫雅-立式_08', '', 5, '4_04726767473028191.jpg', 186037, '850x936', 4, 1419332749),
(1413, '炫雅-立式_09', '', 5, '4_04726767803389479.jpg', 193123, '850x936', 4, 1419332782),
(1414, '炫雅-立式_10', '', 5, '4_04726768002627552.jpg', 129181, '850x936', 4, 1419332801),
(1415, '炫雅-立式_11', '', 5, '4_04726768209563599.jpg', 158902, '850x936', 4, 1419332822),
(1416, '炫雅-立式_12', '', 5, '4_04726768393617793.jpg', 100499, '850x936', 4, 1419332841),
(1417, '炫雅-立式_13', '', 5, '4_04726768622710668.jpg', 114941, '850x936', 4, 1419332863),
(1418, '炫雅-立式_14', '', 5, '4_04726768812993018.jpg', 203479, '850x936', 4, 1419332883),
(1419, '炫雅-立式_15', '', 5, '4_04726769031334010.jpg', 191521, '850x936', 4, 1419332904),
(1420, '炫雅-立式_16', '', 5, '4_04726769448095391.jpg', 148596, '850x936', 4, 1419332946),
(1421, '炫雅-立式_17', '', 5, '4_04726769890941145.jpg', 245552, '850x936', 4, 1419332990),
(1422, '炫雅-立式_18', '', 5, '4_04726770140540787.jpg', 238239, '850x936', 4, 1419333015),
(1423, '炫雅-立式_19', '', 5, '4_04726770335370243.jpg', 275799, '850x936', 4, 1419333035),
(1424, '炫雅-立式_20', '', 5, '4_04726770540499854.jpg', 250477, '850x936', 4, 1419333055),
(1425, '炫雅-立式_21', '', 5, '4_04726770740647725.jpg', 224016, '850x936', 4, 1419333075),
(1426, '炫雅-立式_22', '', 5, '4_04726771009305989.jpg', 167493, '850x924', 4, 1419333102),
(1427, '汉尔普--炫雅-台式系列--大图', '', 5, '4_04726771211523314.jpg', 98786, '800x800', 4, 1419333122),
(1428, '汉尔普--炫雅-台式系列--大图1', '', 5, '4_04726771343334809.jpg', 105279, '800x800', 4, 1419333135),
(1429, '炫雅-台式_01', '', 5, '4_04726771498753206.jpg', 137658, '850x915', 4, 1419333151),
(1430, '炫雅-台式_02', '', 5, '4_04726771694151315.jpg', 192907, '850x915', 4, 1419333171),
(1431, '炫雅-台式_03', '', 5, '4_04726771863961764.jpg', 165763, '850x915', 4, 1419333188),
(1432, '炫雅-台式_04', '', 5, '4_04726772072649980.jpg', 121470, '850x915', 4, 1419333209),
(1433, '炫雅-台式_05', '', 5, '4_04726772283776075.jpg', 179355, '850x915', 4, 1419333230),
(1434, '炫雅-台式_06', '', 5, '4_04726772444239849.jpg', 162479, '850x915', 4, 1419333246),
(1435, '炫雅-台式_07', '', 5, '4_04726772595049925.jpg', 174755, '850x915', 4, 1419333261),
(1436, '炫雅-台式_08', '', 5, '4_04726772775599225.jpg', 188305, '850x915', 4, 1419333279),
(1437, '炫雅-台式_09', '', 5, '4_04726772933676153.jpg', 126609, '850x915', 4, 1419333294),
(1438, '炫雅-台式_10', '', 5, '4_04726773088496126.jpg', 158581, '850x915', 4, 1419333310),
(1439, '炫雅-台式_11', '', 5, '4_04726773249661971.jpg', 101365, '850x915', 4, 1419333326),
(1440, '炫雅-台式_12', '', 5, '4_04726773411671570.jpg', 110835, '850x915', 4, 1419333342),
(1441, '炫雅-台式_13', '', 5, '4_04726773575301431.jpg', 177343, '850x915', 4, 1419333359),
(1442, '炫雅-台式_14', '', 5, '4_04726773742007057.jpg', 200470, '850x915', 4, 1419333375),
(1443, '炫雅-台式_15', '', 5, '4_04726773916945138.jpg', 242492, '850x915', 4, 1419333393),
(1444, '炫雅-台式_16', '', 5, '4_04726774110427250.jpg', 248208, '850x915', 4, 1419333412),
(1445, '炫雅-台式_17', '', 5, '4_04726774345231282.jpg', 247205, '850x915', 4, 1419333436),
(1446, '炫雅-台式_18', '', 5, '4_04726774573448192.jpg', 268945, '850x915', 4, 1419333459),
(1447, '炫雅-台式_19', '', 5, '4_04726774736099916.jpg', 204355, '850x915', 4, 1419333475),
(1448, '炫雅-台式_20', '', 5, '4_04726774891007033.jpg', 162629, '850x870', 4, 1419333490),
(1449, '汉尔普--炫涌系列-大图', '', 5, '4_04726775059284332.jpg', 67470, '800x800', 4, 1419333507),
(1450, '炫涌系列_01', '', 5, '4_04726775218147086.jpg', 126785, '850x927', 4, 1419333523),
(1451, '炫涌系列_02', '', 5, '4_04726775616027356.jpg', 189939, '850x927', 4, 1419333563),
(1452, '炫涌系列_03', '', 5, '4_04726776018045705.jpg', 105330, '850x927', 4, 1419333603),
(1453, '炫涌系列_04', '', 5, '4_04726776158114842.jpg', 76842, '850x927', 4, 1419333617),
(1454, '炫涌系列_05', '', 5, '4_04726776303206391.jpg', 95274, '850x927', 4, 1419333631),
(1455, '炫涌系列_06', '', 5, '4_04726776670048924.jpg', 133765, '850x927', 4, 1419333668),
(1456, '炫涌系列_07', '', 5, '4_04726776910419398.jpg', 163732, '850x927', 4, 1419333692),
(1457, '炫涌系列_08', '', 5, '4_04726777157275561.jpg', 185017, '850x927', 4, 1419333717),
(1458, '炫涌系列_09', '', 5, '4_04726777411684146.jpg', 168569, '850x927', 4, 1419333742),
(1459, '炫涌系列_10', '', 5, '4_04726777631494837.jpg', 138205, '850x927', 4, 1419333764),
(1460, '炫涌系列_11', '', 5, '4_04726777987292737.jpg', 159685, '850x927', 4, 1419333800),
(1461, '炫涌系列_12', '', 5, '4_04726778206034202.jpg', 100989, '850x927', 4, 1419333822),
(1462, '炫涌系列_13', '', 5, '4_04726778380672409.jpg', 151147, '850x927', 4, 1419333839),
(1463, '炫涌系列_14', '', 5, '4_04726778566784941.jpg', 167698, '850x927', 4, 1419333858),
(1464, '炫涌系列_15', '', 5, '4_04726778736652793.jpg', 258988, '850x927', 4, 1419333875),
(1465, '炫涌系列_16', '', 5, '4_04726778999519072.jpg', 234852, '850x927', 4, 1419333901),
(1466, '炫涌系列_17', '', 5, '4_04726779169320995.jpg', 269695, '850x927', 4, 1419333918),
(1467, '炫涌系列_18', '', 5, '4_04726779334447791.jpg', 254490, '850x927', 4, 1419333935),
(1468, '炫涌系列_19', '', 5, '4_04726779498921567.jpg', 221541, '850x927', 4, 1419333951),
(1469, '炫涌系列_20', '', 5, '4_04726779653148100.jpg', 166042, '850x914', 4, 1419333966),
(1470, '主图1', '', 1, '1_04728428330651916.jpg', 206218, '800x800', 1, 1419498832),
(1471, '苹果醋饮料_03', '', 1, '1_04728428699141597.jpg', 104365, '850x855', 1, 1419498869),
(1472, '苹果醋饮料_02', '', 1, '1_04728428764201958.jpg', 200426, '850x855', 1, 1419498876),
(1473, '苹果醋饮料_05', '', 1, '1_04728428784582446.jpg', 152938, '850x855', 1, 1419498876),
(1474, '苹果醋饮料_06', '', 1, '1_04728428805187818.jpg', 166965, '850x855', 1, 1419498876),
(1475, '苹果醋饮料_01', '', 1, '1_04728428825683050.jpg', 246224, '850x855', 1, 1419498880),
(1476, '苹果醋饮料_07', '', 1, '1_04728428848356959.jpg', 133879, '850x855', 1, 1419498884),
(1477, '苹果醋饮料_04', '', 1, '1_04728428867464503.jpg', 165358, '850x855', 1, 1419498885),
(1478, '苹果醋饮料_10', '', 1, '1_04728428887401282.jpg', 90838, '850x855', 1, 1419498887),
(1479, '苹果醋饮料_08', '', 1, '1_04728428907555267.jpg', 200070, '850x855', 1, 1419498888),
(1480, '苹果醋饮料_09', '', 1, '1_04728428957044829.jpg', 96261, '850x855', 1, 1419498895),
(1481, '苹果醋饮料_11', '', 1, '1_04728428982577103.jpg', 134980, '850x855', 1, 1419498898),
(1482, '苹果醋饮料_15', '', 1, '1_04728429008829429.jpg', 101328, '850x786', 1, 1419498900),
(1483, '苹果醋饮料_14', '', 1, '1_04728429027987923.jpg', 163785, '850x855', 1, 1419498902),
(1484, '苹果醋饮料_13', '', 1, '1_04728429048737775.jpg', 138490, '850x855', 1, 1419498904),
(1485, '苹果醋饮料_12', '', 1, '1_04728429068319281.jpg', 119307, '850x855', 1, 1419498905),
(1486, '苹果醋饮料-大图', '', 1, '1_04728432220391544.jpg', 83111, '800x800', 1, 1419499221),
(1487, '主图1', '', 1, '1_04728432375132055.jpg', 206218, '800x800', 1, 1419499237),
(1489, '芒果汁大图17', '', 1, '1_04729037734656679.jpg', 97890, '800x800', 1, 1419559774),
(1490, '芒果汁大图7', '', 1, '1_04729037901755028.jpg', 172580, '800x800', 1, 1419559791),
(1491, '芒果汁饮料_01', '', 1, '1_04729040706558124.jpg', 170296, '850x700', 1, 1419560072),
(1492, '芒果汁饮料_02', '', 1, '1_04729040832640926.jpg', 100194, '850x700', 1, 1419560084),
(1493, '芒果汁饮料_03', '', 1, '1_04729040966213648.jpg', 148461, '850x700', 1, 1419560098),
(1494, '芒果汁饮料_04', '', 1, '1_04729041099608514.jpg', 138513, '850x700', 1, 1419560111),
(1495, '芒果汁饮料_05', '', 1, '1_04729041232953163.jpg', 86952, '850x700', 1, 1419560124),
(1496, '芒果汁饮料_06', '', 1, '1_04729041363307199.jpg', 108854, '850x700', 1, 1419560137),
(1497, '芒果汁饮料_07', '', 1, '1_04729041495608439.jpg', 122743, '850x700', 1, 1419560151),
(1498, '芒果汁饮料_08', '', 1, '1_04729041616005141.jpg', 76100, '850x500', 1, 1419560162),
(1499, '苹果汁醋饮料--大图', '', 1, '1_04729051678861049.jpg', 195627, '800x800', 1, 1419561169),
(1500, '苹果汁醋饮料--大图1jpg', '', 1, '1_04729051818369732.jpg', 153501, '800x800', 1, 1419561183),
(1501, '苹果汁醋饮料_01', '', 1, '1_04729052595466485.jpg', 242224, '850x855', 1, 1419561261),
(1502, '苹果汁醋饮料_02', '', 1, '1_04729052745441222.jpg', 146954, '850x855', 1, 1419561276),
(1503, '苹果汁醋饮料_03', '', 1, '1_04729052873545205.jpg', 91581, '850x855', 1, 1419561289),
(1504, '苹果汁醋饮料_04', '', 1, '1_04729053024823783.jpg', 71834, '850x855', 1, 1419561304),
(1505, '苹果汁醋饮料_05', '', 1, '1_04729053166865903.jpg', 121295, '850x855', 1, 1419561318),
(1506, '苹果汁醋饮料_06', '', 1, '1_04729053317902520.jpg', 137053, '850x855', 1, 1419561333),
(1507, '苹果汁醋饮料_07', '', 1, '1_04729053475713342.jpg', 130416, '850x855', 1, 1419561349),
(1508, '苹果汁醋饮料_08', '', 1, '1_04729053649398070.jpg', 119025, '850x855', 1, 1419561366),
(1509, '苹果汁醋饮料_09', '', 1, '1_04729053773941602.jpg', 88889, '850x855', 1, 1419561379),
(1510, '苹果汁醋饮料_10', '', 1, '1_04729053897450001.jpg', 122157, '850x855', 1, 1419561391),
(1511, '苹果汁醋饮料_11', '', 1, '1_04729054049304073.jpg', 114288, '850x855', 1, 1419561406),
(1512, '苹果汁醋饮料_12', '', 1, '1_04729054216423153.jpg', 127057, '850x855', 1, 1419561423),
(1513, '苹果汁醋饮料_13', '', 1, '1_04729054379910154.jpg', 123313, '850x855', 1, 1419561439),
(1514, '苹果汁醋饮料_14', '', 1, '1_04729054534826460.jpg', 169375, '850x855', 1, 1419561455),
(1515, '苹果汁醋饮料_15', '', 1, '1_04729054677084358.jpg', 115228, '850x786', 1, 1419561469),
(1516, '芦荟风味乳大图1', '', 1, '1_04730110959754239.jpg', 173967, '800x800', 1, 1419667097),
(1517, '芦荟风味乳大图', '', 1, '1_04730111101457969.jpg', 197319, '800x800', 1, 1419667111),
(1518, '芦荟风味乳_01', '', 1, '1_04730111256842496.jpg', 198857, '850x810', 1, 1419667127),
(1519, '芦荟风味乳_02', '', 1, '1_04730111393862615.jpg', 128367, '850x810', 1, 1419667141),
(1520, '芦荟风味乳_03', '', 1, '1_04730111560512914.jpg', 137309, '850x810', 1, 1419667157),
(1521, '芦荟风味乳_04', '', 1, '1_04730111702873446.jpg', 98373, '850x810', 1, 1419667172),
(1522, '芦荟风味乳_05', '', 1, '1_04730112042708471.jpg', 131473, '850x810', 1, 1419667206),
(1523, '芦荟风味乳_06', '', 1, '1_04730112187705226.jpg', 101780, '850x810', 1, 1419667220),
(1524, '芦荟风味乳_07', '', 1, '1_04730112337028958.jpg', 157357, '850x758', 1, 1419667235),
(1525, '主图01', '', 1, '1_04742053355689344.jpg', 237565, '800x800', 1, 1420861335),
(1526, '土猪肉2_01', '', 1, '1_04742053808755497.jpg', 248603, '850x800', 1, 1420861380),
(1527, '土猪肉2_06', '', 1, '1_04742053888766794.jpg', 304539, '850x800', 1, 1420861388),
(1528, '土猪肉2_02', '', 1, '1_04742053925313646.jpg', 327225, '850x800', 1, 1420861392),
(1529, '土猪肉2_04', '', 1, '1_04742053999899649.jpg', 284563, '850x800', 1, 1420861399),
(1530, '土猪肉2_07', '', 1, '1_04742054017480566.jpg', 216726, '850x800', 1, 1420861401),
(1531, '土猪肉2_05', '', 1, '1_04742054091341249.jpg', 301532, '850x800', 1, 1420861409),
(1532, '土猪肉2_08', '', 1, '1_04742054174440501.jpg', 241496, '850x800', 1, 1420861417),
(1533, '土猪肉2_09', '', 1, '1_04742054192611487.jpg', 263960, '850x800', 1, 1420861418),
(1534, '土猪肉2_10', '', 1, '1_04742054214425500.jpg', 280287, '850x800', 1, 1420861421),
(1535, '土猪肉2_11', '', 1, '1_04742054272088342.jpg', 232878, '850x800', 1, 1420861427),
(1536, '土猪肉2_14', '', 1, '1_04742054317962227.jpg', 230225, '850x800', 1, 1420861431),
(1537, '土猪肉2_03', '', 1, '1_04742054401276399.jpg', 255985, '850x800', 1, 1420861440),
(1538, '土猪肉2_15', '', 1, '1_04742054418571649.jpg', 231145, '850x737', 1, 1420861440),
(1539, '土猪肉2_12', '', 1, '1_04742054475162321.jpg', 246003, '850x800', 1, 1420861447),
(1540, '土猪肉2_13', '', 1, '1_04742054494463191.jpg', 264463, '850x800', 1, 1420861447),
(1541, '主图1', '', 1, '1_04742057138815589.jpg', 212113, '800x800', 1, 1420861713),
(1542, '主图02', '', 1, '1_04742057287799053.jpg', 282400, '800x800', 1, 1420861728),
(1543, '主图2', '', 1, '1_04742057391855175.jpg', 200781, '800x800', 1, 1420861739),
(1544, '团购说明2', '', 1, '1_04742068572408491.jpg', 259881, '850x574', 1, 1420862858),
(1545, '团购说明1', '', 1, '1_04742068586278043.jpg', 209511, '850x662', 1, 1420862860),
(1546, '团购说明3', '', 1, '1_04742068639306928.jpg', 490587, '850x1531', 1, 1420862866),
(1548, '主图1', '', 1, '1_04743692904458264.jpg', 256371, '800x800', 1, 1421025290),
(1549, '笔筒大图', '', 7, '1_04744533571253527.jpg', 107996, '800x800', 1, 1421109358),
(1550, '笔筒_01', '', 7, '1_04744533718997792.jpg', 101902, '750x780', 1, 1421109373),
(1551, '笔筒_02', '', 7, '1_04744533861728277.jpg', 115806, '750x780', 1, 1421109387),
(1552, '笔筒_03', '', 7, '1_04744533997435516.jpg', 92024, '750x780', 1, 1421109401),
(1553, '笔筒_04', '', 7, '1_04744534136805162.jpg', 167216, '750x821', 1, 1421109415),
(1555, '军刀大图1', '', 7, '1_04744570209907221.jpg', 113296, '800x800', 1, 1421113022),
(1556, '军刀大图2', '', 7, '1_04744570378071881.jpg', 124288, '800x800', 1, 1421113039),
(1557, '军刀大图3', '', 7, '1_04744570547303511.jpg', 182956, '800x800', 1, 1421113056),
(1558, '军刀_01', '', 7, '1_04744570723385207.jpg', 136686, '750x865', 1, 1421113074),
(1559, '军刀_02', '', 7, '1_04744570874023908.jpg', 153300, '750x865', 1, 1421113089),
(1560, '军刀_03', '', 7, '1_04744571040316454.jpg', 177646, '750x865', 1, 1421113105),
(1561, '军刀_04', '', 7, '1_04744571243002400.jpg', 248615, '750x865', 1, 1421113125),
(1562, '军刀_05', '', 7, '1_04744571419183921.jpg', 170690, '750x865', 1, 1421113143),
(1563, '军刀_06', '', 7, '1_04744571610884109.jpg', 179947, '750x865', 1, 1421113162),
(1564, '军刀_07', '', 7, '1_04744571802589201.jpg', 222555, '750x865', 1, 1421113181),
(1565, '军刀_08', '', 7, '1_04744577048636599.jpg', 36944, '750x181', 1, 1421113705);
INSERT INTO `cor_album_pic` (`apic_id`, `apic_name`, `apic_tag`, `aclass_id`, `apic_cover`, `apic_size`, `apic_spec`, `store_id`, `upload_time`) VALUES
(1566, '修甲礼盒大图1', '', 7, '1_04744623179911343.jpg', 151810, '800x800', 1, 1421118319),
(1567, '修甲礼盒大图2', '', 7, '1_04744623409831236.jpg', 128977, '800x800', 1, 1421118342),
(1568, '修甲礼盒_01', '', 7, '1_04744623571216617.jpg', 108844, '750x800', 1, 1421118358),
(1569, '修甲礼盒_02', '', 7, '1_04744623748360078.jpg', 121964, '750x800', 1, 1421118376),
(1570, '修甲礼盒_03', '', 7, '1_04744623907933384.jpg', 104380, '750x800', 1, 1421118392),
(1571, '修甲礼盒_04', '', 7, '1_04744624049834823.jpg', 102087, '750x800', 1, 1421118406),
(1572, '修甲礼盒_05', '', 7, '1_04744624242998913.jpg', 91913, '750x800', 1, 1421118425),
(1573, '修甲礼盒_06', '', 7, '1_04744624778045139.jpg', 85860, '750x581', 1, 1421118478),
(1574, '水果篮大图', '', 7, '1_04744637575441316.jpg', 176530, '800x800', 1, 1421119759),
(1575, '水果篮_01', '', 7, '1_04744638009650103.jpg', 173174, '750x800', 1, 1421119802),
(1576, '水果篮_02', '', 7, '1_04744638173858198.jpg', 184635, '750x800', 1, 1421119818),
(1577, '水果篮_03', '', 7, '1_04744638320946686.jpg', 164838, '750x800', 1, 1421119833),
(1578, '水果篮_04', '', 7, '1_04744638466858187.jpg', 160040, '750x800', 1, 1421119847),
(1579, '水果篮_05', '', 7, '1_04744638624667740.jpg', 166318, '750x800', 1, 1421119864),
(1580, '水果篮_06', '', 7, '1_04744638759993100.jpg', 160004, '750x800', 1, 1421119877),
(1581, '水果篮_07', '', 7, '1_04744638880156765.jpg', 112902, '750x739', 1, 1421119889),
(1582, '多用指甲钳_01', '', 7, '1_04744726447094339.jpg', 82306, '750x725', 1, 1421128645),
(1583, '多用指甲钳_02', '', 7, '1_04744727646078998.jpg', 72317, '750x725', 1, 1421128765),
(1584, '多用指甲钳_03', '', 7, '1_04744727829047344.jpg', 72730, '750x725', 1, 1421128783),
(1587, '多用指甲钳大图', '', 7, '1_04744739193525265.jpg', 135919, '800x800', 1, 1421129921),
(1588, '原道大图', '', 7, '1_04744850039105365.jpg', 114229, '800x800', 1, 1421141005),
(1589, '原道_01', '', 7, '1_04744850361502493.jpg', 218188, '750x700', 1, 1421141037),
(1590, '原道_02', '', 7, '1_04744850990473057.jpg', 145899, '750x638', 1, 1421141100),
(1591, '原道_03', '', 7, '1_04744851435079259.jpg', 137084, '750x798', 1, 1421141145),
(1592, '原道_04', '', 7, '1_04744851749613254.jpg', 91166, '750x717', 1, 1421141176),
(1593, '原道_05', '', 7, '1_04744852216263490.jpg', 147545, '750x800', 1, 1421141222),
(1594, '原道_06', '', 7, '1_04744852864012186.jpg', 181947, '750x782', 1, 1421141288),
(1595, '原道_07', '', 7, '1_04744853261079050.jpg', 200679, '750x804', 1, 1421141327),
(1596, '原道_08', '', 7, '1_04744853561604170.jpg', 159645, '750x791', 1, 1421141357),
(1597, '原道_09', '', 7, '1_04744854367880892.jpg', 108325, '750x789', 1, 1421141438),
(1598, '原道_10', '', 7, '1_04744855169931696.jpg', 217208, '750x780', 1, 1421141518),
(1599, '原道_11', '', 7, '1_04744855423510984.jpg', 229739, '750x792', 1, 1421141544),
(1600, '原道_12', '', 7, '1_04744855763747031.jpg', 179473, '750x792', 1, 1421141578),
(1601, '原道_13', '', 7, '1_04744856711042119.jpg', 133074, '750x786', 1, 1421141672),
(1602, '原道_14', '', 7, '1_04744857445284043.jpg', 177084, '750x805', 1, 1421141746),
(1603, '原道_15', '', 7, '1_04744857591709113.jpg', 38967, '750x189', 1, 1421141759),
(1604, '原道_16', '', 7, '1_04744857768352111.jpg', 92951, '750x597', 1, 1421141777),
(1605, '原道_17', '', 7, '1_04744858201025264.jpg', 182466, '750x824', 1, 1421141821),
(1606, '原道_18', '', 7, '1_04744859005694692.jpg', 61666, '750x600', 1, 1421141901),
(1607, '原道_19', '', 7, '1_04744859312936757.jpg', 52318, '750x197', 1, 1421141931),
(1608, '青花瓷_01', '', 7, '1_04745449012777382.jpg', 203443, '750x700', 1, 1421200902),
(1609, '青花瓷_02', '', 7, '1_04745449155088742.jpg', 136908, '750x700', 1, 1421200916),
(1610, '青花瓷_03', '', 7, '1_04745449286951165.jpg', 88052, '750x700', 1, 1421200929),
(1611, '青花瓷_04', '', 7, '1_04745449427600386.jpg', 122522, '750x700', 1, 1421200944),
(1612, '青花瓷_05', '', 7, '1_04745449569775839.jpg', 104884, '750x700', 1, 1421200958),
(1613, '青花瓷_06', '', 7, '1_04745449703512379.jpg', 122285, '750x700', 1, 1421200971),
(1614, '青花瓷_07', '', 7, '1_04745449824239223.jpg', 106597, '750x693', 1, 1421200983),
(1615, '6#茶大图', '', 8, '5_04753299127051713.jpg', 231827, '800x800', 5, 1421985914),
(1616, '6#茶大图1', '', 8, '5_04753319625781031.jpg', 199518, '800x800', 5, 1421987964),
(1617, '6#茶大图2', '', 8, '5_04753322717282630.jpg', 231228, '800x800', 5, 1421988273),
(1618, '6#茶_01', '', 8, '5_04753323162945220.jpg', 365603, '850x880', 5, 1421988318),
(1619, '6#茶_02', '', 8, '5_04753323547887801.jpg', 306817, '850x880', 5, 1421988356),
(1620, '6#茶_03', '', 8, '5_04753323716898209.jpg', 202918, '850x880', 5, 1421988373),
(1621, '6#茶_04', '', 8, '5_04753323867158690.jpg', 171289, '850x880', 5, 1421988388),
(1622, '6#茶_05', '', 8, '5_04753324033645099.jpg', 267197, '850x880', 5, 1421988405),
(1623, '6#茶_06', '', 8, '5_04753324226679533.jpg', 319898, '850x880', 5, 1421988424),
(1624, '6#茶_07', '', 8, '5_04753324528479393.jpg', 295779, '850x880', 5, 1421988454),
(1625, '6#茶_08', '', 8, '5_04753324823924350.jpg', 285175, '850x880', 5, 1421988484),
(1626, '6#茶_09', '', 8, '5_04753325223917941.jpg', 163968, '850x880', 5, 1421988524),
(1627, '6#茶_10', '', 8, '5_04753325589476711.jpg', 214066, '850x880', 5, 1421988560),
(1628, '6#茶_11', '', 8, '5_04753326771565586.jpg', 211152, '850x879', 5, 1421988679),
(1629, '百丈潭茶大图', '', 8, '5_04753326999101409.jpg', 153138, '800x800', 5, 1421988701),
(1630, '百丈潭茶大图1', '', 8, '5_04753327459232537.jpg', 208349, '800x800', 5, 1421988747),
(1631, '百丈潭茶大图3', '', 8, '5_04753327937753895.jpg', 139813, '800x800', 5, 1421988795),
(1632, '百丈潭茶大图2', '', 8, '5_04753328363343809.jpg', 252954, '800x800', 5, 1421988837),
(1633, '百丈潭茶_01', '', 8, '5_04753328758971858.jpg', 348809, '850x850', 5, 1421988877),
(1634, '百丈潭茶_02', '', 8, '5_04753329112882862.jpg', 259992, '850x850', 5, 1421988913),
(1635, '百丈潭茶_03', '', 8, '5_04753329640669628.jpg', 204794, '850x850', 5, 1421988965),
(1636, '百丈潭茶_04', '', 8, '5_04753330302899418.jpg', 126275, '850x850', 5, 1421989032),
(1637, '百丈潭茶_05', '', 8, '5_04753330603974369.jpg', 113468, '850x850', 5, 1421989062),
(1638, '百丈潭茶_06', '', 8, '5_04753330941181514.jpg', 115725, '850x850', 5, 1421989095),
(1639, '百丈潭茶_07', '', 8, '5_04753331668400179.jpg', 207666, '850x850', 5, 1421989168),
(1640, '百丈潭茶_08', '', 8, '5_04753331848507129.jpg', 358082, '850x850', 5, 1421989186),
(1641, '百丈潭茶_09', '', 8, '5_04753332145059524.jpg', 266275, '850x850', 5, 1421989216),
(1642, '百丈潭茶_10', '', 8, '5_04753332475583300.jpg', 266111, '850x850', 5, 1421989249),
(1643, '百丈潭茶_11', '', 8, '5_04753332863000298.jpg', 160743, '850x850', 5, 1421989288),
(1644, '百丈潭茶_12', '', 8, '5_04753333181260450.jpg', 200610, '850x850', 5, 1421989320),
(1645, '百丈潭茶_13', '', 8, '5_04753333490352586.jpg', 183797, '850x782', 5, 1421989350),
(1646, '碧剑茶大图', '', 8, '5_04753335192659517.jpg', 173455, '800x800', 5, 1421989520),
(1647, '碧剑茶大图1', '', 8, '5_04753335723495754.jpg', 200516, '800x800', 5, 1421989574),
(1648, '碧剑茶大图2', '', 8, '5_04753335901224642.jpg', 182107, '800x800', 5, 1421989591),
(1649, '碧剑茶大图3', '', 8, '5_04753336045619181.jpg', 182215, '800x800', 5, 1421989606),
(1650, '碧剑茶大图4', '', 8, '5_04753336195285590.jpg', 96079, '800x800', 5, 1421989620),
(1651, '碧剑茶_01', '', 8, '5_04753336400399872.jpg', 354822, '850x855', 5, 1421989641),
(1652, '碧剑茶_02', '', 8, '5_04753337295956256.jpg', 304001, '850x855', 5, 1421989731),
(1653, '碧剑茶_03', '', 8, '5_04753337587508692.jpg', 210151, '850x855', 5, 1421989760),
(1654, '碧剑茶_04', '', 8, '5_04753340495052786.jpg', 190778, '850x855', 5, 1421990051),
(1655, '碧剑茶_05', '', 8, '5_04753340997552706.jpg', 126677, '850x855', 5, 1421990101),
(1656, '碧剑茶_06', '', 8, '5_04753341172913602.jpg', 188640, '850x855', 5, 1421990119),
(1657, '碧剑茶_07', '', 8, '5_04753341325513493.jpg', 123775, '850x855', 5, 1421990134),
(1658, '碧剑茶_08', '', 8, '5_04753341484289254.jpg', 203582, '850x855', 5, 1421990150),
(1659, '碧剑茶_09', '', 8, '5_04753341663095176.jpg', 335092, '850x855', 5, 1421990168),
(1660, '碧剑茶_10', '', 8, '5_04753341844133915.jpg', 270505, '850x855', 5, 1421990186),
(1661, '碧剑茶_11', '', 8, '5_04753342066827713.jpg', 283464, '850x855', 5, 1421990208),
(1662, '碧剑茶_12', '', 8, '5_04753342298503094.jpg', 155342, '850x855', 5, 1421990231),
(1663, '碧剑茶_13', '', 8, '5_04753343115193187.jpg', 204087, '850x855', 5, 1421990313),
(1664, '碧剑茶_14', '', 8, '5_04753343367248319.jpg', 195526, '850x791', 5, 1421990338),
(1665, '高山绿茶大图', '', 8, '5_04753343582064469.jpg', 236549, '800x800', 5, 1421990359),
(1666, '高山绿茶大图2', '', 8, '5_04753344556032352.jpg', 268085, '800x800', 5, 1421990457),
(1667, '高山绿茶_01', '', 8, '5_04753345010720730.jpg', 354822, '850x855', 5, 1421990503),
(1668, '高山绿茶_02', '', 8, '5_04753345209725266.jpg', 331542, '850x855', 5, 1421990522),
(1669, '高山绿茶_03', '', 8, '5_04753345645585535.jpg', 160629, '850x855', 5, 1421990566),
(1670, '高山绿茶_04', '', 8, '5_04753345899113021.jpg', 236216, '850x855', 5, 1421990591),
(1671, '高山绿茶_05', '', 8, '5_04753346232790749.jpg', 284337, '850x855', 5, 1421990625),
(1672, '高山绿茶_06', '', 8, '5_04753346428310007.jpg', 318032, '850x855', 5, 1421990644),
(1673, '高山绿茶_07', '', 8, '5_04753346614344010.jpg', 277780, '850x855', 5, 1421990663),
(1674, '高山绿茶_08', '', 8, '5_04753346943616981.jpg', 282374, '850x855', 5, 1421990696),
(1675, '高山绿茶_09', '', 8, '5_04753347440104179.jpg', 159682, '850x855', 5, 1421990745),
(1676, '高山绿茶_10', '', 8, '5_04753347644718458.jpg', 197661, '850x855', 5, 1421990766),
(1677, '高山绿茶_11', '', 8, '5_04753347827853504.jpg', 196055, '850x826', 5, 1421990784),
(1678, '潭峰茶大图', '', 8, '5_04753348092587823.jpg', 222662, '800x800', 5, 1421990811),
(1679, '潭峰茶大图1', '', 8, '5_04753348297003768.jpg', 198398, '800x800', 5, 1421990831),
(1680, '潭峰茶大图2', '', 8, '5_04753348479514504.jpg', 200915, '800x800', 5, 1421990849),
(1681, '潭峰茶大图3', '', 8, '5_04753348658735434.jpg', 274537, '800x800', 5, 1421990867),
(1682, '潭峰茶_01', '', 8, '5_04753348936587135.jpg', 370865, '850x875', 5, 1421990895),
(1683, '潭峰茶_02', '', 8, '5_04753349212362952.jpg', 319755, '850x875', 5, 1421990923),
(1684, '潭峰茶_03', '', 8, '5_04753349386047546.jpg', 215775, '850x875', 5, 1421990940),
(1685, '潭峰茶_04', '', 8, '5_04753349572993652.jpg', 175080, '850x875', 5, 1421990959),
(1686, '潭峰茶_05', '', 8, '5_04753349734171413.jpg', 137190, '850x875', 5, 1421990975),
(1687, '潭峰茶_06', '', 8, '5_04753349932922501.jpg', 192876, '850x875', 5, 1421990995),
(1688, '潭峰茶_07', '', 8, '5_04753350110693656.jpg', 254374, '850x875', 5, 1421991012),
(1689, '潭峰茶_08', '', 8, '5_04753350310210948.jpg', 316430, '850x875', 5, 1421991032),
(1690, '潭峰茶_09', '', 8, '5_04753350531879953.jpg', 295797, '850x875', 5, 1421991055),
(1691, '潭峰茶_10', '', 8, '5_04753350715438682.jpg', 286058, '850x875', 5, 1421991073),
(1692, '潭峰茶_11', '', 8, '5_04753350886838198.jpg', 167917, '850x875', 5, 1421991090),
(1693, '潭峰茶_12', '', 8, '5_04753351146367609.jpg', 209800, '850x875', 5, 1421991116),
(1694, '潭峰茶_13', '', 8, '5_04753351342101882.jpg', 199392, '850x839', 5, 1421991136),
(1695, '潭峰茶252大图g', '', 8, '5_04753351520795463.jpg', 155126, '800x800', 5, 1421991153),
(1696, '潭峰茶252大图g1', '', 8, '5_04753351894853781.jpg', 163957, '800x800', 5, 1421991191),
(1697, '潭峰茶252大图g2', '', 8, '5_04753352053335287.jpg', 191674, '800x800', 5, 1421991206),
(1698, '潭峰茶252大图g3', '', 8, '5_04753352244355197.jpg', 228761, '800x800', 5, 1421991226),
(1699, '潭峰茶252大图g4', '', 8, '5_04753352398304081.jpg', 98858, '800x800', 5, 1421991241),
(1700, '潭峰茶252g_01', '', 8, '5_04753352605903909.jpg', 354822, '850x850', 5, 1421991262),
(1701, '潭峰茶252g_02', '', 8, '5_04753352770640974.jpg', 235288, '850x850', 5, 1421991278),
(1702, '潭峰茶252g_03', '', 8, '5_04753352928406505.jpg', 191486, '850x850', 5, 1421991294),
(1703, '潭峰茶252g_04', '', 8, '5_04753353112478682.jpg', 186809, '850x850', 5, 1421991313),
(1704, '潭峰茶252g_05', '', 8, '5_04753353263812313.jpg', 118483, '850x850', 5, 1421991328),
(1705, '潭峰茶252g_06', '', 8, '5_04753353449604093.jpg', 154065, '850x850', 5, 1421991346),
(1706, '潭峰茶252g_07', '', 8, '5_04753353654174998.jpg', 206953, '850x850', 5, 1421991367),
(1707, '潭峰茶252g_08', '', 8, '5_04753353821488217.jpg', 206179, '850x850', 5, 1421991384),
(1708, '潭峰茶252g_09', '', 8, '5_04753354041515269.jpg', 368638, '850x850', 5, 1421991406),
(1709, '潭峰茶252g_10', '', 8, '5_04753354205341323.jpg', 262869, '850x850', 5, 1421991422),
(1710, '潭峰茶252g_11', '', 8, '5_04753354387782157.jpg', 253682, '850x850', 5, 1421991440),
(1711, '潭峰茶252g_12', '', 8, '5_04753354546207170.jpg', 156213, '850x850', 5, 1421991456),
(1712, '潭峰茶252g_13', '', 8, '5_04753354759132600.jpg', 204164, '850x850', 5, 1421991477),
(1713, '潭峰茶252g_14', '', 8, '5_04753354935537291.jpg', 179568, '850x714', 5, 1421991495),
(1714, '有机茶大图', '', 8, '5_04753355206009665.jpg', 258317, '800x800', 5, 1421991522),
(1715, '有机茶大图1', '', 8, '5_04753355380429418.jpg', 251711, '800x800', 5, 1421991539),
(1716, '有机茶大图2', '', 8, '5_04753355556916885.jpg', 262202, '800x800', 5, 1421991557),
(1717, '有机茶大图3', '', 8, '5_04753355710019443.jpg', 124592, '800x800', 5, 1421991572),
(1718, '有机茶_01', '', 8, '5_04753355901663518.jpg', 353445, '850x825', 5, 1421991591),
(1719, '有机茶_02', '', 8, '5_04753356095787723.jpg', 253437, '850x825', 5, 1421991611),
(1720, '有机茶_03', '', 8, '5_04753356331118979.jpg', 185586, '850x825', 5, 1421991634),
(1721, '有机茶_04', '', 8, '5_04753356510066757.jpg', 211880, '850x825', 5, 1421991652),
(1722, '有机茶_05', '', 8, '5_04753356656433316.jpg', 123824, '850x825', 5, 1421991667),
(1723, '有机茶_06', '', 8, '5_04753356896870705.jpg', 183302, '850x825', 5, 1421991691),
(1724, '有机茶_07', '', 8, '5_04753357093130677.jpg', 226526, '850x825', 5, 1421991711),
(1725, '有机茶_08', '', 8, '5_04753357285852935.jpg', 264152, '850x825', 5, 1421991730),
(1726, '有机茶_09', '', 8, '5_04753357517005755.jpg', 329837, '850x825', 5, 1421991753),
(1727, '有机茶_10', '', 8, '5_04753357679240904.jpg', 255148, '850x825', 5, 1421991769),
(1728, '有机茶_11', '', 8, '5_04753357898622202.jpg', 213205, '850x825', 5, 1421991791),
(1729, '有机茶_12', '', 8, '5_04753358055189395.jpg', 170186, '850x825', 5, 1421991807),
(1730, '有机茶_13', '', 8, '5_04753358214166508.jpg', 202710, '850x825', 5, 1421991823),
(1731, '有机茶_14', '', 8, '5_04753358357462597.jpg', 143937, '850x614', 5, 1421991837),
(1732, '云雾茶大图', '', 8, '5_04753358539184817.jpg', 217615, '800x800', 5, 1421991855),
(1733, '云雾茶大图1', '', 8, '5_04753358693005486.jpg', 196725, '800x800', 5, 1421991870),
(1734, '云雾茶大图2', '', 8, '5_04753358922771448.jpg', 198817, '800x800', 5, 1421991893),
(1735, '云雾茶大图3', '', 8, '5_04753359071836700.jpg', 88404, '800x800', 5, 1421991908),
(1736, '云雾茶大图4', '', 8, '5_04753359216013865.jpg', 159627, '800x800', 5, 1421991923),
(1737, '云雾茶_01', '', 8, '5_04753359585697133.jpg', 353445, '850x825', 5, 1421991960),
(1738, '云雾茶_02', '', 8, '5_04753359760348040.jpg', 261620, '850x825', 5, 1421991977),
(1739, '云雾茶_03', '', 8, '5_04753359917891395.jpg', 187170, '850x825', 5, 1421991993),
(1740, '云雾茶_04', '', 8, '5_04753360084708289.jpg', 221805, '850x825', 5, 1421992010),
(1741, '云雾茶_05', '', 8, '5_04753360226810230.jpg', 132793, '850x825', 5, 1421992024),
(1742, '云雾茶_06', '', 8, '5_04753360375685498.jpg', 137305, '850x825', 5, 1421992039),
(1743, '云雾茶_07', '', 8, '5_04753360597095376.jpg', 208779, '850x825', 5, 1421992061),
(1744, '云雾茶_08', '', 8, '5_04753360758152877.jpg', 195068, '850x825', 5, 1421992077),
(1745, '云雾茶_09', '', 8, '5_04753361018211916.jpg', 352034, '850x825', 5, 1421992103),
(1746, '云雾茶_10', '', 8, '5_04753361330308678.jpg', 254178, '850x825', 5, 1421992134),
(1747, '云雾茶_11', '', 8, '5_04753361543419273.jpg', 254120, '850x825', 5, 1421992156),
(1748, '云雾茶_12', '', 8, '5_04753361704984764.jpg', 157312, '850x825', 5, 1421992172),
(1749, '云雾茶_13', '', 8, '5_04753361852582168.jpg', 196549, '850x825', 5, 1421992187),
(1750, '云雾茶_14', '', 8, '5_04753362005493682.jpg', 193694, '850x784', 5, 1421992202),
(1751, '5L山信16000谷维素大图', '', 9, '1_04754074268964456.jpg', 184665, '800x800', 1, 1422063428),
(1752, '5L山信16000谷维素大图1', '', 9, '1_04754074427152936.jpg', 141701, '800x800', 1, 1422063444),
(1753, '5L山信16000谷维素大图2', '', 9, '1_04754074576029417.jpg', 222744, '800x800', 1, 1422063459),
(1754, '5L山信16000谷维素_01', '', 9, '1_04754074750246421.jpg', 245202, '780x850', 1, 1422063476),
(1755, '5L山信16000谷维素_02', '', 9, '1_04754074921620528.jpg', 203601, '780x850', 1, 1422063493),
(1756, '5L山信16000谷维素_03', '', 9, '1_04754075100715560.jpg', 238323, '780x850', 1, 1422063511),
(1757, '5L山信16000谷维素_04', '', 9, '1_04754075289980875.jpg', 256489, '780x850', 1, 1422063530),
(1758, '5L山信16000谷维素_05', '', 9, '1_04754075464956949.jpg', 280476, '780x850', 1, 1422063548),
(1759, '5L山信16000谷维素_06', '', 9, '1_04754075635035655.jpg', 240979, '780x850', 1, 1422063565),
(1760, '5L山信16000谷维素_07', '', 9, '1_04754075852663537.jpg', 237469, '780x850', 1, 1422063587),
(1761, '5L山信16000谷维素_08', '', 9, '1_04754076086159087.jpg', 239474, '780x850', 1, 1422063610),
(1762, '5L山信16000谷维素_09', '', 9, '1_04754076406330752.jpg', 216984, '780x850', 1, 1422063642),
(1763, '5L山信16000谷维素_10', '', 9, '1_04754076636118184.jpg', 211823, '780x850', 1, 1422063665),
(1764, '5L山信16000谷维素_11', '', 9, '1_04754077589391253.jpg', 164872, '780x850', 1, 1422063760),
(1765, '5L山信16000谷维素_12', '', 9, '1_04754077741185784.jpg', 170824, '780x850', 1, 1422063775),
(1766, '5L山信16000谷维素_13', '', 9, '1_04754077923858437.jpg', 311569, '780x850', 1, 1422063794),
(1767, '5L山信16000谷维素_14', '', 9, '1_04754078110513603.jpg', 228055, '780x850', 1, 1422063812),
(1768, '5L山信16000谷维素_15', '', 9, '1_04754078272985913.jpg', 145358, '780x753', 1, 1422063828),
(1769, '5L山信7500谷维素大图', '', 9, '1_04754113111485383.jpg', 147400, '800x800', 1, 1422067312),
(1770, '5L山信7500谷维素大图1', '', 9, '1_04754113277019783.jpg', 109245, '800x800', 1, 1422067329),
(1771, '5L山信7500谷维素大图2', '', 9, '1_04754113563242792.jpg', 184599, '800x800', 1, 1422067358),
(1772, '5L山信7500谷维素_01', '', 9, '1_04754114931064471.jpg', 244754, '780x850', 1, 1422067494),
(1773, '5L山信7500谷维素_02', '', 9, '1_04754115095156625.jpg', 201333, '780x850', 1, 1422067511),
(1774, '5L山信7500谷维素_03', '', 9, '1_04754115267586811.jpg', 217347, '780x850', 1, 1422067528),
(1775, '5L山信7500谷维素_04', '', 9, '1_04754115430272187.jpg', 247463, '780x850', 1, 1422067544),
(1776, '5L山信7500谷维素_05', '', 9, '1_04754115604651544.jpg', 280356, '780x850', 1, 1422067562),
(1777, '5L山信7500谷维素_06', '', 9, '1_04754115771894902.jpg', 226276, '780x850', 1, 1422067578),
(1778, '5L山信7500谷维素_07', '', 9, '1_04754116085630238.jpg', 242310, '780x850', 1, 1422067610),
(1779, '5L山信7500谷维素_08', '', 9, '1_04754116254042345.jpg', 215872, '780x850', 1, 1422067627),
(1780, '5L山信7500谷维素_09', '', 9, '1_04754116417787677.jpg', 223807, '780x850', 1, 1422067643),
(1781, '5L山信7500谷维素_10', '', 9, '1_04754116567024619.jpg', 178881, '780x850', 1, 1422067658),
(1782, '5L山信7500谷维素_11', '', 9, '1_04754116733505519.jpg', 186477, '780x850', 1, 1422067675),
(1783, '5L山信7500谷维素_12', '', 9, '1_04754116895491535.jpg', 180542, '780x850', 1, 1422067691),
(1784, '5L山信7500谷维素_13', '', 9, '1_04754117073398859.jpg', 286764, '780x850', 1, 1422067709),
(1785, '5L山信7500谷维素_14', '', 9, '1_04754117247350179.jpg', 219676, '780x850', 1, 1422067726),
(1786, '5L山信7500谷维素_15', '', 9, '1_04754117397200410.jpg', 127812, '780x657', 1, 1422067741),
(1787, '1', '', 9, '1_04754122692989727.jpg', 162589, '800x800', 1, 1422068270),
(1788, '1', '', 9, '1_04754123035459069.jpg', 178579, '800x800', 1, 1422068305),
(1789, '1_01', '', 9, '1_04754125661323127.jpg', 258269, '780x850', 1, 1422068567),
(1790, '1_02', '', 9, '1_04754125899215386.jpg', 205963, '780x850', 1, 1422068591),
(1791, '1_03', '', 9, '1_04754126117219946.jpg', 219117, '780x850', 1, 1422068613),
(1792, '1_04', '', 9, '1_04754126592527312.jpg', 264049, '780x850', 1, 1422068660),
(1793, '1_05', '', 9, '1_04754129663827845.jpg', 284702, '780x850', 1, 1422068968),
(1794, '1_06', '', 9, '1_04754129856823213.jpg', 227607, '780x850', 1, 1422068987),
(1795, '1_07', '', 9, '1_04754130096553009.jpg', 252444, '780x850', 1, 1422069011),
(1796, '1_08', '', 9, '1_04754130263507862.jpg', 228086, '780x850', 1, 1422069028),
(1797, '1_09', '', 9, '1_04754130432724749.jpg', 219790, '780x850', 1, 1422069044),
(1798, '1_10', '', 9, '1_04754130593317602.jpg', 225243, '780x850', 1, 1422069061),
(1799, '1_11', '', 9, '1_04754130751619123.jpg', 179542, '780x850', 1, 1422069076),
(1800, '1_12', '', 9, '1_04754130903920855.jpg', 180542, '780x850', 1, 1422069092),
(1801, '1_13', '', 9, '1_04754131076732546.jpg', 286764, '780x850', 1, 1422069109),
(1802, '1_14', '', 9, '1_04754131238879550.jpg', 218651, '780x850', 1, 1422069125),
(1803, '1_15', '', 9, '1_04754131387905143.jpg', 127812, '780x657', 1, 1422069140),
(1804, '有机茶', '', 8, '5_04754274255852309.jpg', 176802, '790x444', 5, 1422083425),
(1805, '鸿运酒大图', '', 10, '6_04757743808310335.jpg', 178796, '800x800', 6, 1422430382),
(1806, '鸿运酒大图2', '', 10, '6_04757745896418535.jpg', 146036, '800x800', 6, 1422430591),
(1807, '鸿运酒大图1', '', 10, '6_04757748674786695.jpg', 125463, '800x800', 6, 1422430869),
(1808, '鸿运酒_01', '', 10, '6_04757753442190258.jpg', 317125, '800x720', 6, 1422431345),
(1809, '鸿运酒_02', '', 10, '6_04757755646446103.jpg', 259241, '800x720', 6, 1422431566),
(1810, '鸿运酒_03', '', 10, '6_04758361714674085.jpg', 177930, '800x720', 6, 1422492172),
(1811, '鸿运酒_04', '', 10, '6_04758362030012291.jpg', 194201, '800x720', 6, 1422492204),
(1812, '鸿运酒_05', '', 10, '6_04758362208357934.jpg', 214080, '800x720', 6, 1422492222),
(1813, '鸿运酒_06', '', 10, '6_04758362383759351.jpg', 257364, '800x720', 6, 1422492240),
(1814, '鸿运酒_07', '', 10, '6_04758362568837643.jpg', 248332, '800x720', 6, 1422492258),
(1815, '鸿运酒_08', '', 10, '6_04758363736152930.jpg', 257068, '800x720', 6, 1422492375),
(1816, '鸿运酒_09', '', 10, '6_04758363898840983.jpg', 208312, '800x720', 6, 1422492391),
(1817, '鸿运酒_10', '', 10, '6_04758364083408020.jpg', 226312, '800x720', 6, 1422492409),
(1818, '鸿运酒_11', '', 10, '6_04758364261726972.jpg', 230016, '800x720', 6, 1422492427),
(1819, '鸿运酒_12', '', 10, '6_04758364484893301.jpg', 163915, '800x584', 6, 1422492449),
(1820, '鸿运酒_13', '', 10, '6_04758364638252468.jpg', 95100, '800x468', 6, 1422492464),
(1821, '天赐福大图', '', 10, '6_04758385513936033.jpg', 168277, '800x800', 6, 1422494553),
(1822, '天赐福大图1', '', 10, '6_04758386181848331.jpg', 123388, '800x800', 6, 1422494619),
(1823, '天赐福大图2', '', 10, '6_04758386317620806.jpg', 140644, '800x800', 6, 1422494633),
(1824, '天赐福_01', '', 10, '6_04758386488482011.jpg', 177783, '800x720', 6, 1422494650),
(1825, '天赐福_02', '', 10, '6_04758386647916133.jpg', 269748, '800x720', 6, 1422494666),
(1826, '天赐福_03', '', 10, '6_04758386819110594.jpg', 180674, '800x720', 6, 1422494683),
(1827, '天赐福_04', '', 10, '6_04758386987020218.jpg', 152209, '800x720', 6, 1422494700),
(1828, '天赐福_05', '', 10, '6_04758387169413998.jpg', 203900, '800x720', 6, 1422494718),
(1829, '天赐福_06', '', 10, '6_04758387355609989.jpg', 252197, '800x720', 6, 1422494737),
(1830, '天赐福_07', '', 10, '6_04758387525506255.jpg', 246769, '800x720', 6, 1422494754),
(1831, '天赐福_08', '', 10, '6_04758387832024159.jpg', 255469, '800x720', 6, 1422494784),
(1832, '天赐福_09', '', 10, '6_04758388018779723.jpg', 208094, '800x720', 6, 1422494803),
(1833, '天赐福_10', '', 10, '6_04758388179988140.jpg', 226312, '800x720', 6, 1422494819),
(1834, '天赐福_11', '', 10, '6_04758388369447121.jpg', 229753, '800x720', 6, 1422494838),
(1835, '天赐福_12', '', 10, '6_04758388528617301.jpg', 163876, '800x584', 6, 1422494854),
(1836, '天赐福_13', '', 10, '6_04758388665393691.jpg', 96219, '800x468', 6, 1422494867),
(1837, '天赐蓝大图', '', 10, '6_04758392232773649.jpg', 123735, '800x800', 6, 1422495224),
(1838, '天赐蓝大图1', '', 10, '6_04758395111459080.jpg', 144673, '800x800', 6, 1422495512),
(1839, '天赐蓝大图2', '', 10, '6_04758395247608131.jpg', 114946, '800x800', 6, 1422495526),
(1840, '天赐蓝大图3', '', 10, '6_04758395392949273.jpg', 179196, '800x800', 6, 1422495540),
(1841, '天赐蓝_01', '', 10, '6_04758395553781833.jpg', 168388, '800x780', 6, 1422495557),
(1842, '天赐蓝_02', '', 10, '6_04758395705541552.jpg', 182449, '800x780', 6, 1422495572),
(1843, '天赐蓝_03', '', 10, '6_04758395857736772.jpg', 191217, '800x780', 6, 1422495587),
(1844, '天赐蓝_04', '', 10, '6_04758396005758633.jpg', 191295, '800x780', 6, 1422495602),
(1845, '天赐蓝_05', '', 10, '6_04758396171514761.jpg', 258012, '800x780', 6, 1422495618),
(1846, '天赐蓝_06', '', 10, '6_04758396379560647.jpg', 285393, '800x780', 6, 1422495639),
(1847, '天赐蓝_07', '', 10, '6_04758396547918663.jpg', 262269, '800x780', 6, 1422495656),
(1848, '天赐蓝_08', '', 10, '6_04758396783372286.jpg', 226786, '800x780', 6, 1422495679),
(1849, '天赐蓝_09', '', 10, '6_04758396945709256.jpg', 268378, '800x780', 6, 1422495696),
(1850, '天赐蓝_10', '', 10, '6_04758397106200459.jpg', 237911, '800x780', 6, 1422495712),
(1851, '天赐蓝_11', '', 10, '6_04758397296913258.jpg', 235978, '800x780', 6, 1422495731),
(1852, '天赐蓝_12', '', 10, '6_04758397451595850.jpg', 144884, '800x661', 6, 1422495746),
(1853, '天赐喜大图', '', 10, '6_04758403729888459.jpg', 121903, '800x800', 6, 1422496374),
(1854, '天赐喜大图1', '', 10, '6_04758403862187660.jpg', 105518, '800x800', 6, 1422496387),
(1855, '天赐喜大图2', '', 10, '6_04758404003529453.jpg', 126780, '800x800', 6, 1422496401),
(1856, '天赐喜大图3', '', 10, '6_04758404134612016.jpg', 85452, '800x800', 6, 1422496414),
(1857, '天赐喜_01', '', 10, '6_04758404328727604.jpg', 322020, '800x750', 6, 1422496434),
(1858, '天赐喜_02', '', 10, '6_04758404671793687.jpg', 292150, '800x750', 6, 1422496468),
(1859, '天赐喜_03', '', 10, '6_04758404816293249.jpg', 133404, '800x750', 6, 1422496483),
(1860, '天赐喜_04', '', 10, '6_04758404974733800.jpg', 175576, '800x750', 6, 1422496498),
(1861, '天赐喜_05', '', 10, '6_04758405129149677.jpg', 216516, '800x750', 6, 1422496514),
(1862, '天赐喜_06', '', 10, '6_04758405309026566.jpg', 265551, '800x750', 6, 1422496532),
(1863, '天赐喜_07', '', 10, '6_04758405477572639.jpg', 261350, '800x750', 6, 1422496549),
(1864, '天赐喜_08', '', 10, '6_04758405631504089.jpg', 207287, '800x750', 6, 1422496564),
(1865, '天赐喜_09', '', 10, '6_04758405806593419.jpg', 263815, '800x750', 6, 1422496582),
(1866, '天赐喜_10', '', 10, '6_04758406021626366.jpg', 223991, '800x750', 6, 1422496603),
(1867, '天赐喜_11', '', 10, '6_04758406181095217.jpg', 234344, '800x750', 6, 1422496619),
(1868, '天赐喜_12', '', 10, '6_04758406340341425.jpg', 163150, '800x707', 6, 1422496635),
(1869, '天赐韵大图', '', 10, '6_04758409768924187.jpg', 160691, '800x800', 6, 1422496978),
(1870, '天赐韵大图1', '', 10, '6_04758410263517944.jpg', 135364, '800x800', 6, 1422497027),
(1871, '天赐韵大图2', '', 10, '6_04758410399489235.jpg', 100221, '800x800', 6, 1422497041),
(1872, '天赐韵大图3', '', 10, '6_04758410645018950.jpg', 65861, '800x800', 6, 1422497065),
(1873, '天赐韵大图4', '', 10, '6_04758410791822556.jpg', 198061, '800x800', 6, 1422497080),
(1874, '天赐韵_01', '', 10, '6_04758411059126882.jpg', 214364, '800x760', 6, 1422497107),
(1875, '天赐韵_02', '', 10, '6_04758411229072782.jpg', 270834, '800x760', 6, 1422497124),
(1876, '天赐韵_03', '', 10, '6_04758411459023264.jpg', 192235, '800x760', 6, 1422497147),
(1877, '天赐韵_04', '', 10, '6_04758411640348336.jpg', 186062, '800x760', 6, 1422497165),
(1878, '天赐韵_05', '', 10, '6_04758411786719870.jpg', 155243, '800x760', 6, 1422497180),
(1879, '天赐韵_06', '', 10, '6_04758411954901155.jpg', 179404, '800x760', 6, 1422497197),
(1880, '天赐韵_07', '', 10, '6_04758412126380405.jpg', 265821, '800x760', 6, 1422497214),
(1881, '天赐韵_08', '', 10, '6_04758412299212628.jpg', 253558, '800x760', 6, 1422497231),
(1882, '天赐韵_09', '', 10, '6_04758412483154824.jpg', 239839, '800x760', 6, 1422497249),
(1883, '天赐韵_10', '', 10, '6_04758412647545574.jpg', 247802, '800x760', 6, 1422497266),
(1884, '天赐韵_11', '', 10, '6_04758412815547592.jpg', 234556, '800x760', 6, 1422497283),
(1885, '天赐韵_12', '', 10, '6_04758412990032366.jpg', 239034, '800x760', 6, 1422497300),
(1886, '天赐韵_13', '', 10, '6_04758413150143300.jpg', 168010, '800x745', 6, 1422497316),
(1887, '185纸皮核桃大图1', '', 11, '7_04762076211032731.jpg', 246122, '800x800', 7, 1422863622),
(1888, '185纸皮核桃大图2', '', 11, '7_04762076469288760.jpg', 160282, '800x800', 7, 1422863648),
(1889, '185纸皮核桃大图3', '', 11, '7_04762076616864563.jpg', 160761, '800x800', 7, 1422863663),
(1890, '185纸皮核桃大图4', '', 11, '7_04762076798234071.jpg', 165201, '800x800', 7, 1422863681),
(1891, '185纸皮核桃_01', '', 11, '7_04762076968758902.jpg', 254788, '780x850', 7, 1422863698),
(1892, '185纸皮核桃_02', '', 11, '7_04762077171062081.jpg', 226621, '780x850', 7, 1422863718),
(1893, '185纸皮核桃_03', '', 11, '7_04762077335876637.jpg', 245827, '780x850', 7, 1422863735),
(1894, '185纸皮核桃_04', '', 11, '7_04762077490876305.jpg', 192494, '780x850', 7, 1422863750),
(1895, '185纸皮核桃_05', '', 11, '7_04762077690528660.jpg', 262425, '780x850', 7, 1422863770),
(1896, '185纸皮核桃_06', '', 11, '7_04762077891731211.jpg', 290921, '780x850', 7, 1422863790),
(1897, '185纸皮核桃_07', '', 11, '7_04762078040139071.jpg', 139392, '780x768', 7, 1422863805),
(1898, '新疆核桃大图', '', 11, '7_04762089977572360.jpg', 217133, '800x800', 7, 1422864999),
(1899, '新疆核桃大图1', '', 11, '7_04762090517117089.jpg', 225321, '800x800', 7, 1422865053),
(1900, '新疆核桃大图3', '', 11, '7_04762091130928112.jpg', 171269, '800x800', 7, 1422865114),
(1901, '新疆核桃大图4', '', 11, '7_04762091681122448.jpg', 167047, '800x800', 7, 1422865169),
(1902, '新疆核桃_01', '', 11, '7_04762092267818472.jpg', 298438, '780x850', 7, 1422865228),
(1903, '新疆核桃_02', '', 11, '7_04762092441216883.jpg', 215457, '780x850', 7, 1422865245),
(1904, '新疆核桃_03', '', 11, '7_04762092605904073.jpg', 273852, '780x850', 7, 1422865262),
(1905, '新疆核桃_04', '', 11, '7_04762092873741361.jpg', 226718, '780x850', 7, 1422865289),
(1906, '新疆核桃_05', '', 11, '7_04762093040099839.jpg', 249432, '780x850', 7, 1422865305),
(1907, '新疆核桃_06', '', 11, '7_04762093325844779.jpg', 290921, '780x850', 7, 1422865334),
(1908, '新疆核桃_07', '', 11, '7_04762093512038630.jpg', 139392, '780x768', 7, 1422865352),
(1909, '云南核桃大图', '', 11, '7_04762098186807676.jpg', 251551, '800x800', 7, 1422865820),
(1910, '云南核桃大图1', '', 11, '7_04762098781947634.jpg', 180061, '800x800', 7, 1422865879),
(1911, '云南核桃大图2', '', 11, '7_04762099909776901.jpg', 186211, '800x800', 7, 1422865992),
(1912, '云南核桃大图3', '', 11, '7_04762100585068568.jpg', 150927, '800x800', 7, 1422866060),
(1913, '云南核桃_01', '', 11, '7_04762100944132166.jpg', 224403, '780x840', 7, 1422866095),
(1914, '云南核桃_02', '', 11, '7_04762101112449856.jpg', 237862, '780x840', 7, 1422866112),
(1915, '云南核桃_03', '', 11, '7_04762101268199285.jpg', 217684, '780x840', 7, 1422866128),
(1916, '云南核桃_04', '', 11, '7_04762101430934652.jpg', 227067, '780x840', 7, 1422866144),
(1917, '云南核桃_05', '', 11, '7_04762101731578594.jpg', 316444, '780x840', 7, 1422866174),
(1918, '云南核桃_06', '', 11, '7_04762101908001344.jpg', 208614, '780x840', 7, 1422866192),
(1919, '云南核桃_07', '', 11, '7_04762102077315059.jpg', 174664, '780x840', 7, 1422866209),
(1920, '云南核桃_08', '', 11, '7_04762102228795584.jpg', 149888, '780x840', 7, 1422866224),
(1921, '云南核桃_09', '', 11, '7_04762102366574233.jpg', 117986, '780x664', 7, 1422866237),
(1922, '巴西松子大图', '', 11, '7_04762717111974071.jpg', 239974, '800x800', 7, 1422927712),
(1923, '巴西松子大图1', '', 11, '7_04762717918026827.jpg', 145370, '800x800', 7, 1422927793),
(1924, '巴西松子大图2', '', 11, '7_04762718162918415.jpg', 218778, '800x800', 7, 1422927817),
(1925, '巴西松子大图3', '', 11, '7_04762718307289884.jpg', 207163, '800x800', 7, 1422927832),
(1926, '巴西松子_01', '', 11, '7_04762718492452763.jpg', 255161, '780x780', 7, 1422927850),
(1927, '巴西松子_02', '', 11, '7_04762718658626232.jpg', 136100, '780x780', 7, 1422927867),
(1928, '巴西松子_03', '', 11, '7_04762718806861651.jpg', 192185, '780x780', 7, 1422927882),
(1929, '巴西松子_04', '', 11, '7_04762719193231754.jpg', 181202, '780x780', 7, 1422927920),
(1930, '巴西松子_05', '', 11, '7_04762719388761820.jpg', 183585, '780x780', 7, 1422927940),
(1931, '巴西松子_06', '', 11, '7_04762719669529485.jpg', 214897, '780x780', 7, 1422927968),
(1932, '巴西松子_07', '', 11, '7_04762720001176785.jpg', 226930, '780x780', 7, 1422928001),
(1933, '巴西松子_08', '', 11, '7_04762720223849042.jpg', 155258, '780x780', 7, 1422928023),
(1934, '巴西松子_09', '', 11, '7_04762720368607968.jpg', 148071, '780x780', 7, 1422928038),
(1935, '巴西松子_10', '', 11, '7_04762720510156193.jpg', 115149, '780x634', 7, 1422928052),
(1936, '精装开口松子大图', '', 11, '7_04762901484783281.jpg', 300399, '800x800', 7, 1422946150),
(1937, '精装开口松子大图1', '', 11, '7_04762901868328141.jpg', 198149, '800x800', 7, 1422946188),
(1938, '精装开口松子大图2', '', 11, '7_04762902351862311.jpg', 209825, '800x800', 7, 1422946236),
(1939, '精装开口松子大图3', '', 11, '7_04762902861740557.jpg', 122241, '800x800', 7, 1422946287),
(1940, '精装开口松子-_01', '', 11, '7_04762903209606667.jpg', 250802, '780x750', 7, 1422946322),
(1941, '精装开口松子-_02', '', 11, '7_04762904737795506.jpg', 226321, '780x750', 7, 1422946475),
(1942, '精装开口松子-_03', '', 11, '7_04762905098276627.jpg', 191690, '780x750', 7, 1422946511),
(1943, '精装开口松子-_04', '', 11, '7_04762905783525186.jpg', 208250, '780x750', 7, 1422946579),
(1944, '精装开口松子-_05', '', 11, '7_04762906495437520.jpg', 134489, '780x750', 7, 1422946650),
(1945, '精装开口松子-_06', '', 11, '7_04762906849500065.jpg', 241274, '780x750', 7, 1422946686),
(1946, '精装开口松子-_07', '', 11, '7_04762907104882218.jpg', 167594, '780x750', 7, 1422946712),
(1947, '精装开口松子-_08', '', 11, '7_04762907574269372.jpg', 194248, '780x750', 7, 1422946759),
(1948, '精装开口松子-_09', '', 11, '7_04762908458755835.jpg', 158430, '780x750', 7, 1422946847),
(1949, '精装开口松子-_10', '', 11, '7_04762908993883949.jpg', 197668, '780x733', 7, 1422946900),
(1950, '开口松子大图', '', 11, '7_04762963544782948.jpg', 209514, '800x800', 7, 1422952356),
(1951, '开口松子大图1', '', 11, '7_04762963886898116.jpg', 155872, '800x800', 7, 1422952390),
(1952, '开口松子大图2', '', 11, '7_04762964570252452.jpg', 81121, '800x800', 7, 1422952458),
(1953, '开口松子_01', '', 11, '7_04762964791576419.jpg', 216299, '780x790', 7, 1422952480),
(1954, '开口松子_02', '', 11, '7_04762964943872370.jpg', 193561, '780x790', 7, 1422952496),
(1955, '开口松子_03', '', 11, '7_04762965184094643.jpg', 201715, '780x790', 7, 1422952520),
(1956, '开口松子_04', '', 11, '7_04762965348319321.jpg', 135012, '780x790', 7, 1422952536),
(1957, '开口松子_05', '', 11, '7_04762965489865051.jpg', 151457, '780x790', 7, 1422952550),
(1958, '开口松子_06', '', 11, '7_04762965636693903.jpg', 163556, '780x790', 7, 1422952565),
(1959, '开口松子_07', '', 11, '7_04762965807080978.jpg', 192773, '780x703', 7, 1422952582),
(1960, '碧根果-大图', '', 11, '7_04763618050273058.jpg', 189479, '800x800', 7, 1423017806),
(1961, '碧根果-大图1', '', 11, '7_04763618719605742.jpg', 219578, '800x800', 7, 1423017873),
(1962, '碧根果-大图2', '', 11, '7_04763618995249012.jpg', 213723, '800x800', 7, 1423017901),
(1963, '碧根果-大图3', '', 11, '7_04763619205830512.jpg', 238538, '800x800', 7, 1423017922),
(1964, '碧根果-大图4', '', 11, '7_04763619407623090.jpg', 175407, '800x800', 7, 1423017942),
(1965, '碧根果-_01', '', 11, '7_04763620354293554.jpg', 254645, '780x870', 7, 1423018037),
(1966, '碧根果-_02', '', 11, '7_04763620971351611.jpg', 202309, '780x870', 7, 1423018098),
(1967, '碧根果-_03', '', 11, '7_04763621564788881.jpg', 213279, '780x870', 7, 1423018158),
(1968, '碧根果-_04', '', 11, '7_04763622793998383.jpg', 228352, '780x870', 7, 1423018281),
(1969, '碧根果-_05', '', 11, '7_04763623385372764.jpg', 176125, '780x870', 7, 1423018340),
(1970, '碧根果-_06', '', 11, '7_04763623549103553.jpg', 212062, '780x870', 7, 1423018356),
(1971, '碧根果-_07', '', 11, '7_04763623736453623.jpg', 251218, '780x870', 7, 1423018375),
(1972, '碧根果-_08', '', 11, '7_04763624119587569.jpg', 199318, '780x870', 7, 1423018413),
(1973, '碧根果-_09', '', 11, '7_04763625102435995.jpg', 244736, '780x870', 7, 1423018512),
(1974, '碧根果-_10', '', 11, '7_04763625574676806.jpg', 212798, '780x844', 7, 1423018559),
(1975, '夏威夷果大图', '', 11, '7_04763797018156347.jpg', 217140, '800x800', 7, 1423035703),
(1976, '夏威夷果大图1', '', 11, '7_04763797183768521.jpg', 238921, '800x800', 7, 1423035720),
(1977, '夏威夷果大图2', '', 11, '7_04763797328340412.jpg', 200548, '800x800', 7, 1423035734),
(1978, '夏威夷果大图3', '', 11, '7_04763797479993669.jpg', 122974, '800x800', 7, 1423035749),
(1979, '夏威夷果_01', '', 11, '7_04763797691478807.jpg', 287883, '780x740', 7, 1423035770),
(1980, '夏威夷果_02', '', 11, '7_04763798159331061.jpg', 217889, '780x740', 7, 1423035817),
(1981, '夏威夷果_03', '', 11, '7_04763798319338272.jpg', 213149, '780x740', 7, 1423035833),
(1982, '夏威夷果_04', '', 11, '7_04763798462162646.jpg', 220594, '780x740', 7, 1423035847),
(1983, '夏威夷果_05', '', 11, '7_04763798658843474.jpg', 154158, '780x740', 7, 1423035867),
(1984, '夏威夷果_06', '', 11, '7_04763798808219632.jpg', 226635, '780x740', 7, 1423035882),
(1985, '夏威夷果_07', '', 11, '7_04763798947073695.jpg', 196074, '780x628', 7, 1423035896),
(1986, '枸杞大图', '', 11, '7_04763873434107311.jpg', 175564, '800x800', 7, 1423043345),
(1987, '枸杞大图1', '', 11, '7_04763874352865236.jpg', 250864, '800x800', 7, 1423043437),
(1988, '枸杞大图2', '', 11, '7_04763874564823243.jpg', 151274, '800x800', 7, 1423043458),
(1989, '枸杞大图4', '', 11, '7_04763874695297245.jpg', 144010, '800x800', 7, 1423043471),
(1990, '枸杞_01', '', 11, '7_04763874843946302.jpg', 223692, '780x795', 7, 1423043486),
(1991, '枸杞_02', '', 11, '7_04763875174905647.jpg', 179275, '780x795', 7, 1423043519),
(1993, '枸杞_04', '', 11, '7_04763875901085135.jpg', 113629, '780x795', 7, 1423043591),
(1994, '枸杞_05', '', 11, '7_04763876079592776.jpg', 162229, '780x795', 7, 1423043609),
(1995, '枸杞_06', '', 11, '7_04763876571690506.jpg', 189347, '780x795', 7, 1423043658),
(1996, '枸杞_07', '', 11, '7_04763876923747163.jpg', 172955, '780x795', 7, 1423043693),
(1997, '枸杞_08', '', 11, '7_04763877144356091.jpg', 297065, '780x795', 7, 1423043716),
(1998, '枸杞_03', '', 11, '7_04763877295059465.jpg', 180897, '780x795', 7, 1423043731),
(1999, '枸杞_09', '', 11, '7_04763877457645575.jpg', 263361, '780x795', 7, 1423043747),
(2000, '枸杞_10', '', 11, '7_04763877618924878.jpg', 252285, '780x765', 7, 1423043763),
(2001, '无花果大图', '', 11, '7_04764639517072376.jpg', 261035, '800x800', 7, 1423119953),
(2002, '无花果大图1', '', 11, '7_04764639675315631.jpg', 182474, '800x800', 7, 1423119969),
(2003, '无花果大图2', '', 11, '7_04764639824901604.jpg', 154588, '800x800', 7, 1423119983),
(2004, '无花果_01', '', 11, '7_04764640004093825.jpg', 169512, '780x750', 7, 1423120001),
(2005, '无花果_02', '', 11, '7_04764640185128440.jpg', 246946, '780x750', 7, 1423120020),
(2006, '无花果_03', '', 11, '7_04764640361787004.jpg', 242420, '780x750', 7, 1423120037),
(2007, '无花果_04', '', 11, '7_04764640503854747.jpg', 163637, '780x750', 7, 1423120051),
(2008, '无花果_05', '', 11, '7_04764640726996058.jpg', 159246, '780x750', 7, 1423120074),
(2009, '无花果_06', '', 11, '7_04764641351435378.jpg', 246423, '780x750', 7, 1423120136),
(2010, '无花果_07', '', 11, '7_04764641609193919.jpg', 187044, '780x750', 7, 1423120162),
(2011, '无花果_08', '', 11, '7_04764642000099431.jpg', 169632, '780x750', 7, 1423120201),
(2012, '无花果_09', '', 11, '7_04764642210129047.jpg', 156007, '780x633', 7, 1423120222),
(2013, '山核桃大图', '', 11, '7_04764810404288061.jpg', 228191, '800x800', 7, 1423137042),
(2014, '山核桃大图1', '', 11, '7_04764811050426707.jpg', 227966, '800x800', 7, 1423137106),
(2015, '山核桃大图2', '', 11, '7_04764811846634145.jpg', 145594, '800x800', 7, 1423137186),
(2016, '山核桃_01', '', 11, '7_04764812214344374.jpg', 345183, '780x850', 7, 1423137223),
(2017, '山核桃_02', '', 11, '7_04764812487782839.jpg', 299449, '780x850', 7, 1423137250),
(2018, '山核桃_03', '', 11, '7_04764812954980881.jpg', 277948, '780x850', 7, 1423137297),
(2019, '山核桃_04', '', 11, '7_04764813326920286.jpg', 252473, '780x850', 7, 1423137334),
(2020, '山核桃_05', '', 11, '7_04764813533148626.jpg', 215280, '780x850', 7, 1423137355),
(2021, '山核桃_06', '', 11, '7_04764813820221639.jpg', 285539, '780x850', 7, 1423137383),
(2022, '山核桃_07', '', 11, '7_04764814144347374.jpg', 264577, '780x654', 7, 1423137415),
(2023, '巴旦木大图', '', 11, '7_04765310723591147.jpg', 224696, '800x800', 7, 1423187074),
(2024, '巴旦木大图1', '', 11, '7_04765311007117339.jpg', 228045, '800x800', 7, 1423187102),
(2025, '巴旦木大2图', '', 11, '7_04765311463085154.jpg', 139088, '800x800', 7, 1423187147),
(2026, '巴旦木_01', '', 11, '7_04765311850561771.jpg', 285942, '780x880', 7, 1423187186),
(2027, '巴旦木_02', '', 11, '7_04765312122360693.jpg', 249664, '780x880', 7, 1423187213),
(2028, '巴旦木_03', '', 11, '7_04765312411555319.jpg', 298706, '780x880', 7, 1423187242),
(2029, '巴旦木_04', '', 11, '7_04765312630726484.jpg', 188116, '780x880', 7, 1423187264),
(2030, '巴旦木_05', '', 11, '7_04765312829783259.jpg', 200320, '780x880', 7, 1423187284),
(2031, '巴旦木_06', '', 11, '7_04765313222191132.jpg', 157058, '780x880', 7, 1423187323),
(2032, '巴旦木_07', '', 11, '7_04765313449029607.jpg', 154354, '780x758', 7, 1423187346),
(2033, '小银杏大图', '', 11, '7_04765364264366005.jpg', 225112, '800x800', 7, 1423192428),
(2034, '小银杏大图1', '', 11, '7_04765365207991068.jpg', 207378, '800x800', 7, 1423192522),
(2035, '小银杏大图2', '', 11, '7_04765365369725964.jpg', 98147, '800x800', 7, 1423192538),
(2036, '小银杏_01', '', 11, '7_04765365753770625.jpg', 219195, '780x865', 7, 1423192577),
(2037, '小银杏_02', '', 11, '7_04765365984967728.jpg', 156506, '780x864', 7, 1423192600),
(2038, '小银杏_03', '', 11, '7_04765366633549021.jpg', 181722, '780x865', 7, 1423192665),
(2039, '小银杏_04', '', 11, '7_04765367092335548.jpg', 243360, '780x865', 7, 1423192711),
(2040, '小银杏_05', '', 11, '7_04765367603341939.jpg', 190323, '780x864', 7, 1423192761),
(2041, '小银杏_06', '', 11, '7_04765367931662028.jpg', 211481, '780x865', 7, 1423192794),
(2042, '小银杏_07', '', 11, '7_04765368206806300.jpg', 233442, '780x864', 7, 1423192822),
(2043, '小银杏_08', '', 11, '7_04765368455597527.jpg', 212903, '780x865', 7, 1423192847),
(2044, '香菇大图', '', 11, '7_04765670395316113.jpg', 224550, '800x800', 7, 1423223041),
(2045, '香菇大图1', '', 11, '7_04765670767668480.jpg', 305444, '800x800', 7, 1423223078),
(2046, '香菇大图2', '', 11, '7_04765671406874492.jpg', 157212, '800x800', 7, 1423223142),
(2047, '香菇大图3', '', 11, '7_04765671665159341.jpg', 122843, '800x800', 7, 1423223168),
(2048, '香菇_01', '', 11, '7_04765671854011568.jpg', 240856, '780x845', 7, 1423223187),
(2049, '香菇_02', '', 11, '7_04765672058248596.jpg', 153617, '780x845', 7, 1423223207),
(2050, '香菇_03', '', 11, '7_04765672234115590.jpg', 203445, '780x845', 7, 1423223225),
(2051, '香菇_04', '', 11, '7_04765672397577709.jpg', 254014, '780x845', 7, 1423223241),
(2052, '香菇_05', '', 11, '7_04765672620140083.jpg', 211768, '780x845', 7, 1423223263),
(2053, '香菇_06', '', 11, '7_04765672823425708.jpg', 147248, '780x845', 7, 1423223284),
(2054, '香菇_07', '', 11, '7_04765673052385751.jpg', 228765, '780x845', 7, 1423223307),
(2055, '香菇_08', '', 11, '7_04765673346220889.jpg', 281908, '780x845', 7, 1423223336),
(2056, '香菇_09', '', 11, '7_04765673793979510.jpg', 251022, '780x845', 7, 1423223381),
(2057, '新疆红枣大图', '', 11, '7_04766332981154795.jpg', 179708, '800x800', 7, 1423289299),
(2058, '新疆红枣大图1', '', 11, '7_04766336601903698.jpg', 135085, '800x800', 7, 1423289661),
(2059, '新疆红枣大图2', '', 11, '7_04766336870576551.jpg', 186410, '800x800', 7, 1423289688),
(2060, '新疆红枣大图3', '', 11, '7_04766337152158819.jpg', 144822, '800x800', 7, 1423289716),
(2061, '新疆红枣_01', '', 11, '7_04766337498262125.jpg', 203562, '780x790', 7, 1423289751),
(2062, '新疆红枣_02', '', 11, '7_04766337731429115.jpg', 211722, '780x790', 7, 1423289774),
(2063, '新疆红枣_03', '', 11, '7_04766338052755007.jpg', 107756, '780x790', 7, 1423289806),
(2064, '新疆红枣_04', '', 11, '7_04766338316791823.jpg', 169181, '780x790', 7, 1423289833),
(2065, '新疆红枣_05', '', 11, '7_04766338534117569.jpg', 110734, '780x790', 7, 1423289855),
(2066, '新疆红枣_06', '', 11, '7_04766338744179878.jpg', 148566, '780x790', 7, 1423289876),
(2067, '新疆红枣_07', '', 11, '7_04766339008732289.jpg', 141838, '780x790', 7, 1423289902),
(2068, '新疆红枣_08', '', 11, '7_04766339319297441.jpg', 163244, '780x789', 7, 1423289933),
(2069, '新疆红枣_09', '', 11, '7_04766339541290816.jpg', 210550, '780x790', 7, 1423289955),
(2070, '新疆红枣_10', '', 11, '7_04766339856613871.jpg', 297014, '780x790', 7, 1423289987),
(2071, '新疆红枣_11', '', 11, '7_04766340054129084.jpg', 200067, '780x790', 7, 1423290006),
(2072, '新疆红枣_12', '', 11, '7_04766340513386432.jpg', 210330, '780x790', 7, 1423290052),
(2073, '新疆红枣_13', '', 11, '7_04766340711791204.jpg', 132309, '780x790', 7, 1423290072),
(2074, '新疆红枣_14', '', 11, '7_04766341224005831.jpg', 146344, '780x790', 7, 1423290123),
(2075, '新疆红枣_15', '', 11, '7_04766341630369913.jpg', 151987, '780x790', 7, 1423290164),
(2076, '若羌特级灰枣大图', '', 11, '7_04767049984711580.jpg', 250904, '800x800', 7, 1423361000),
(2077, '若羌特级灰枣大图1', '', 11, '7_04767050338842737.jpg', 183484, '800x800', 7, 1423361035),
(2078, '若羌特级灰枣大图2', '', 11, '7_04767050486598289.jpg', 142086, '800x800', 7, 1423361050),
(2079, '若羌特级灰枣_01', '', 11, '7_04767050677625088.jpg', 229691, '780x870', 7, 1423361069),
(2080, '若羌特级灰枣_02', '', 11, '7_04767050840434676.jpg', 215500, '780x800', 7, 1423361085),
(2081, '若羌特级灰枣_03', '', 11, '7_04767051184974722.jpg', 256094, '780x835', 7, 1423361120),
(2082, '若羌特级灰枣_04', '', 11, '7_04767051492382696.jpg', 214775, '780x835', 7, 1423361150),
(2083, '若羌特级灰枣_05', '', 11, '7_04767051767070084.jpg', 332226, '780x835', 7, 1423361178),
(2084, '若羌特级灰枣_06', '', 11, '7_04767052050255983.jpg', 216856, '780x835', 7, 1423361206),
(2085, '若羌特级灰枣_07', '', 11, '7_04767052522153165.jpg', 199187, '780x835', 7, 1423361253),
(2086, '若羌特级灰枣_08', '', 11, '7_04767052765488210.jpg', 236587, '780x835', 7, 1423361278),
(2087, '若羌特级灰枣_09', '', 11, '7_04767053190852338.jpg', 226008, '780x835', 7, 1423361320),
(2088, '若羌特级灰枣_10', '', 11, '7_04767053338895081.jpg', 207181, '780x808', 7, 1423361335),
(2089, '若羌一级灰枣大图', '', 11, '7_04767053975470332.jpg', 228279, '800x800', 7, 1423361399),
(2090, '若羌一级灰枣大图1', '', 11, '7_04767054150421853.jpg', 190423, '800x800', 7, 1423361416),
(2091, '若羌一级灰枣大图2', '', 11, '7_04767054524872656.jpg', 160138, '800x800', 7, 1423361454),
(2092, '若羌一级灰枣_01', '', 11, '7_04767055659435605.jpg', 227210, '780x870', 7, 1423361567),
(2093, '若羌二级灰枣大图', '', 11, '7_04767055844562922.jpg', 164403, '800x800', 7, 1423361586),
(2094, '若羌二级灰枣大图2', '', 11, '7_04767056032621510.jpg', 133106, '800x800', 7, 1423361604),
(2095, '若羌二级灰枣大图3', '', 11, '7_04767056380041150.jpg', 139634, '800x800', 7, 1423361639),
(2096, '若羌二级灰枣_01', '', 11, '7_04767056749797950.jpg', 227996, '780x870', 7, 1423361676),
(2097, '若羌三级灰枣大图', '', 11, '7_04767056934315317.jpg', 164537, '800x800', 7, 1423361695),
(2098, '若羌三级灰枣大图1', '', 11, '7_04767057081151549.jpg', 143265, '800x800', 7, 1423361709),
(2099, '若羌三级灰枣大图2', '', 11, '7_04767057333068420.jpg', 124143, '800x800', 7, 1423361734),
(2100, '若羌三级灰枣_01', '', 11, '7_04767057540116679.jpg', 228265, '780x870', 7, 1423361755),
(2101, '美国原色开心果大图', '', 11, '7_04768793081202974.jpg', 232078, '800x800', 7, 1423535309);
INSERT INTO `cor_album_pic` (`apic_id`, `apic_name`, `apic_tag`, `aclass_id`, `apic_cover`, `apic_size`, `apic_spec`, `store_id`, `upload_time`) VALUES
(2102, '美国原色开心果大图1', '', 11, '7_04768793255105685.jpg', 241309, '800x800', 7, 1423535327),
(2103, '美国原色开心果大图2', '', 11, '7_04768793383756677.jpg', 102248, '800x800', 7, 1423535339),
(2104, '美国原色开心果_01', '', 11, '7_04768793569627416.jpg', 318676, '780x970', 7, 1423535358),
(2105, '美国原色开心果_02', '', 11, '7_04768793798212486.jpg', 319968, '780x970', 7, 1423535381),
(2106, '美国原色开心果_03', '', 11, '7_04768795029909244.jpg', 310578, '780x970', 7, 1423535504),
(2107, '美国原色开心果_04', '', 11, '7_04768795270310202.jpg', 298733, '780x970', 7, 1423535528),
(2108, '美国原色开心果_05', '', 11, '7_04768795458720625.jpg', 260553, '780x970', 7, 1423535547),
(2110, '美国原色开心果_06', '', 11, '7_04768798045985951.jpg', 198609, '780x970', 7, 1423535806),
(2111, '美国原色开心果_07', '', 11, '7_04768798225122942.jpg', 261849, '780x970', 7, 1423535824),
(2112, '美国原色开心果_08', '', 11, '7_04768798439059718.jpg', 368677, '780x943', 7, 1423535845),
(2125, '伊朗特级长寿果大图', '', 11, '7_04782621217659905.png', 848962, '800x800', 7, 1424918123),
(2126, '伊朗特级长寿果大图2', '', 11, '7_04782621470266108.png', 783604, '800x800', 7, 1424918148),
(2127, '伊朗长寿果大图', '', 11, '7_04782623843080562.jpg', 248385, '800x800', 7, 1424918385),
(2128, '伊朗特级长寿果_0', '', 11, '7_04782624643326553.jpg', 355634, '780x870', 7, 1424918465),
(2129, '伊朗特级长寿果_02', '', 11, '7_04782624854672850.png', 642764, '780x870', 7, 1424918486),
(2130, '伊朗特级长寿果_03', '', 11, '7_04782625052756324.jpg', 268974, '780x870', 7, 1424918506),
(2131, '伊朗特级长寿果_04', '', 11, '7_04782625449097837.png', 815338, '780x870', 7, 1424918546),
(2132, '伊朗特级长寿果_05', '', 11, '7_04782625830184896.png', 412492, '780x870', 7, 1424918584),
(2133, '伊朗特级长寿果_06', '', 11, '7_04782626114655547.png', 710258, '780x837', 7, 1424918613),
(2134, 'rBEhVVNHZicIAAAAAAJngsW5zycAALvQwCjMg8AAmea796', '', 1, '1_04796607698741156.jpg', 16541, '220x220', 1, 1426316769);

-- --------------------------------------------------------

--
-- 表的结构 `cor_area`
--

CREATE TABLE IF NOT EXISTS `cor_area` (
  `area_id` int(11) unsigned NOT NULL AUTO_INCREMENT COMMENT '索引ID',
  `area_name` varchar(50) NOT NULL COMMENT '地区名称',
  `area_parent_id` int(11) unsigned NOT NULL DEFAULT '0' COMMENT '地区父ID',
  `area_sort` tinyint(3) unsigned NOT NULL DEFAULT '0' COMMENT '排序',
  `area_deep` tinyint(1) unsigned NOT NULL DEFAULT '1' COMMENT '地区深度，从1开始',
  PRIMARY KEY (`area_id`),
  KEY `area_parent_id` (`area_parent_id`)
) ENGINE=InnoDB  DEFAULT CHARSET=utf8 COMMENT='地区表' AUTO_INCREMENT=45056 ;

--
-- 转存表中的数据 `cor_area`
--

INSERT INTO `cor_area` (`area_id`, `area_name`, `area_parent_id`, `area_sort`, `area_deep`) VALUES
(1, '北京', 0, 0, 1),
(2, '广东省', 0, 0, 1),
(3, '河北省', 0, 0, 1),
(4, '山西省', 0, 0, 1),
(5, '内蒙古自治区', 0, 0, 1),
(6, '辽宁省', 0, 0, 1),
(7, '吉林省', 0, 0, 1),
(8, '黑龙江省', 0, 0, 1),
(9, '上海', 0, 0, 1),
(10, '江苏省', 0, 0, 1),
(11, '浙江省', 0, 0, 1),
(12, '安徽省', 0, 0, 1),
(13, '福建省', 0, 0, 1),
(14, '江西省', 0, 0, 1),
(15, '山东省', 0, 0, 1),
(16, '河南省', 0, 0, 1),
(17, '湖北省', 0, 0, 1),
(18, '湖南省', 0, 0, 1),
(19, '广东省', 0, 0, 1),
(20, '广西壮族自治区', 0, 0, 1),
(21, '海南省', 0, 0, 1),
(22, '重庆', 0, 0, 1),
(23, '四川省', 0, 0, 1),
(24, '贵州省', 0, 0, 1),
(25, '云南省', 0, 0, 1),
(26, '西藏自治区', 0, 0, 1),
(27, '陕西省', 0, 0, 1),
(28, '甘肃省', 0, 0, 1),
(29, '青海省', 0, 0, 1),
(30, '宁夏回族自治区', 0, 0, 1),
(31, '新疆维吾尔自治区', 0, 0, 1),
(32, '台湾省', 0, 0, 1),
(33, '香港特别行政区', 0, 0, 1),
(34, '澳门特别行政区', 0, 0, 1),
(35, '海外', 0, 0, 1),
(36, '北京市', 1, 0, 2),
(37, '东城区', 36, 0, 3),
(38, '西城区', 36, 0, 3),
(39, '上海市', 9, 0, 2),
(40, '深圳市', 2, 0, 2),
(41, '朝阳区', 36, 0, 3),
(42, '丰台区', 36, 0, 3),
(43, '石景山区', 36, 0, 3),
(44, '海淀区', 36, 0, 3),
(45, '门头沟区', 36, 0, 3),
(46, '房山区', 36, 0, 3),
(47, '通州区', 36, 0, 3),
(48, '顺义区', 36, 0, 3),
(49, '昌平区', 36, 0, 3),
(50, '大兴区', 36, 0, 3),
(51, '怀柔区', 36, 0, 3),
(52, '平谷区', 36, 0, 3),
(53, '密云县', 36, 0, 3),
(54, '延庆县', 36, 0, 3),
(55, '和平区', 40, 0, 3),
(56, '河东区', 40, 0, 3),
(57, '河西区', 40, 0, 3),
(58, '南开区', 40, 0, 3),
(59, '河北区', 40, 0, 3),
(60, '福田区', 40, 0, 3),
(61, '塘沽区', 40, 0, 3),
(62, '重庆市', 22, 0, 2),
(64, '东丽区', 40, 0, 3),
(65, '西青区', 40, 0, 3),
(66, '津南区', 40, 0, 3),
(67, '北辰区', 40, 0, 3),
(68, '武清区', 40, 0, 3),
(69, '宝坻区', 40, 0, 3),
(70, '宁河县', 40, 0, 3),
(71, '静海县', 40, 0, 3),
(72, '蓟县', 40, 0, 3),
(73, '石家庄市', 3, 0, 2),
(74, '唐山市', 3, 0, 2),
(75, '秦皇岛市', 3, 0, 2),
(76, '邯郸市', 3, 0, 2),
(77, '邢台市', 3, 0, 2),
(78, '保定市', 3, 0, 2),
(79, '张家口市', 3, 0, 2),
(80, '承德市', 3, 0, 2),
(81, '衡水市', 3, 0, 2),
(82, '廊坊市', 3, 0, 2),
(83, '沧州市', 3, 0, 2),
(84, '太原市', 4, 0, 2),
(85, '大同市', 4, 0, 2),
(86, '阳泉市', 4, 0, 2),
(87, '长治市', 4, 0, 2),
(88, '晋城市', 4, 0, 2),
(89, '朔州市', 4, 0, 2),
(90, '晋中市', 4, 0, 2),
(91, '运城市', 4, 0, 2),
(92, '忻州市', 4, 0, 2),
(93, '临汾市', 4, 0, 2),
(94, '吕梁市', 4, 0, 2),
(95, '呼和浩特市', 5, 0, 2),
(96, '包头市', 5, 0, 2),
(97, '乌海市', 5, 0, 2),
(98, '赤峰市', 5, 0, 2),
(99, '通辽市', 5, 0, 2),
(100, '鄂尔多斯市', 5, 0, 2),
(101, '呼伦贝尔市', 5, 0, 2),
(102, '巴彦淖尔市', 5, 0, 2),
(103, '乌兰察布市', 5, 0, 2),
(104, '兴安盟', 5, 0, 2),
(105, '锡林郭勒盟', 5, 0, 2),
(106, '阿拉善盟', 5, 0, 2),
(107, '沈阳市', 6, 0, 2),
(108, '大连市', 6, 0, 2),
(109, '鞍山市', 6, 0, 2),
(110, '抚顺市', 6, 0, 2),
(111, '本溪市', 6, 0, 2),
(112, '丹东市', 6, 0, 2),
(113, '锦州市', 6, 0, 2),
(114, '营口市', 6, 0, 2),
(115, '阜新市', 6, 0, 2),
(116, '辽阳市', 6, 0, 2),
(117, '盘锦市', 6, 0, 2),
(118, '铁岭市', 6, 0, 2),
(119, '朝阳市', 6, 0, 2),
(120, '葫芦岛市', 6, 0, 2),
(121, '长春市', 7, 0, 2),
(122, '吉林市', 7, 0, 2),
(123, '四平市', 7, 0, 2),
(124, '辽源市', 7, 0, 2),
(125, '通化市', 7, 0, 2),
(126, '白山市', 7, 0, 2),
(127, '松原市', 7, 0, 2),
(128, '白城市', 7, 0, 2),
(129, '延边朝鲜族自治州', 7, 0, 2),
(130, '哈尔滨市', 8, 0, 2),
(131, '齐齐哈尔市', 8, 0, 2),
(132, '鸡西市', 8, 0, 2),
(133, '鹤岗市', 8, 0, 2),
(134, '双鸭山市', 8, 0, 2),
(135, '大庆市', 8, 0, 2),
(136, '伊春市', 8, 0, 2),
(137, '佳木斯市', 8, 0, 2),
(138, '七台河市', 8, 0, 2),
(139, '牡丹江市', 8, 0, 2),
(140, '黑河市', 8, 0, 2),
(141, '绥化市', 8, 0, 2),
(142, '大兴安岭地区', 8, 0, 2),
(143, '黄浦区', 39, 0, 3),
(144, '卢湾区', 39, 0, 3),
(145, '徐汇区', 39, 0, 3),
(146, '长宁区', 39, 0, 3),
(147, '静安区', 39, 0, 3),
(148, '普陀区', 39, 0, 3),
(149, '闸北区', 39, 0, 3),
(150, '虹口区', 39, 0, 3),
(151, '杨浦区', 39, 0, 3),
(152, '闵行区', 39, 0, 3),
(153, '宝山区', 39, 0, 3),
(154, '嘉定区', 39, 0, 3),
(155, '浦东新区', 39, 0, 3),
(156, '金山区', 39, 0, 3),
(157, '松江区', 39, 0, 3),
(158, '青浦区', 39, 0, 3),
(159, '南汇区', 39, 0, 3),
(160, '奉贤区', 39, 0, 3),
(161, '崇明县', 39, 0, 3),
(162, '南京市', 10, 0, 2),
(163, '无锡市', 10, 0, 2),
(164, '徐州市', 10, 0, 2),
(165, '常州市', 10, 0, 2),
(166, '苏州市', 10, 0, 2),
(167, '南通市', 10, 0, 2),
(168, '连云港市', 10, 0, 2),
(169, '淮安市', 10, 0, 2),
(170, '盐城市', 10, 0, 2),
(171, '扬州市', 10, 0, 2),
(172, '镇江市', 10, 0, 2),
(173, '泰州市', 10, 0, 2),
(174, '宿迁市', 10, 0, 2),
(175, '杭州市', 11, 0, 2),
(176, '宁波市', 11, 0, 2),
(177, '温州市', 11, 0, 2),
(178, '嘉兴市', 11, 0, 2),
(179, '湖州市', 11, 0, 2),
(180, '绍兴市', 11, 0, 2),
(181, '舟山市', 11, 0, 2),
(182, '衢州市', 11, 0, 2),
(183, '金华市', 11, 0, 2),
(184, '台州市', 11, 0, 2),
(185, '丽水市', 11, 0, 2),
(186, '合肥市', 12, 0, 2),
(187, '芜湖市', 12, 0, 2),
(188, '蚌埠市', 12, 0, 2),
(189, '淮南市', 12, 0, 2),
(190, '马鞍山市', 12, 0, 2),
(191, '淮北市', 12, 0, 2),
(192, '铜陵市', 12, 0, 2),
(193, '安庆市', 12, 0, 2),
(194, '黄山市', 12, 0, 2),
(195, '滁州市', 12, 0, 2),
(196, '阜阳市', 12, 0, 2),
(197, '宿州市', 12, 0, 2),
(198, '巢湖市', 12, 0, 2),
(199, '六安市', 12, 0, 2),
(200, '亳州市', 12, 0, 2),
(201, '池州市', 12, 0, 2),
(202, '宣城市', 12, 0, 2),
(203, '福州市', 13, 0, 2),
(204, '厦门市', 13, 0, 2),
(205, '莆田市', 13, 0, 2),
(206, '三明市', 13, 0, 2),
(207, '泉州市', 13, 0, 2),
(208, '漳州市', 13, 0, 2),
(209, '南平市', 13, 0, 2),
(210, '龙岩市', 13, 0, 2),
(211, '宁德市', 13, 0, 2),
(212, '南昌市', 14, 0, 2),
(213, '景德镇市', 14, 0, 2),
(214, '萍乡市', 14, 0, 2),
(215, '九江市', 14, 0, 2),
(216, '新余市', 14, 0, 2),
(217, '鹰潭市', 14, 0, 2),
(218, '赣州市', 14, 0, 2),
(219, '吉安市', 14, 0, 2),
(220, '宜春市', 14, 0, 2),
(221, '抚州市', 14, 0, 2),
(222, '上饶市', 14, 0, 2),
(223, '济南市', 15, 0, 2),
(224, '青岛市', 15, 0, 2),
(225, '淄博市', 15, 0, 2),
(226, '枣庄市', 15, 0, 2),
(227, '东营市', 15, 0, 2),
(228, '烟台市', 15, 0, 2),
(229, '潍坊市', 15, 0, 2),
(230, '济宁市', 15, 0, 2),
(231, '泰安市', 15, 0, 2),
(232, '威海市', 15, 0, 2),
(233, '日照市', 15, 0, 2),
(234, '莱芜市', 15, 0, 2),
(235, '临沂市', 15, 0, 2),
(236, '德州市', 15, 0, 2),
(237, '聊城市', 15, 0, 2),
(238, '滨州市', 15, 0, 2),
(239, '菏泽市', 15, 0, 2),
(240, '郑州市', 16, 0, 2),
(241, '开封市', 16, 0, 2),
(242, '洛阳市', 16, 0, 2),
(243, '平顶山市', 16, 0, 2),
(244, '安阳市', 16, 0, 2),
(245, '鹤壁市', 16, 0, 2),
(246, '新乡市', 16, 0, 2),
(247, '焦作市', 16, 0, 2),
(248, '濮阳市', 16, 0, 2),
(249, '许昌市', 16, 0, 2),
(250, '漯河市', 16, 0, 2),
(251, '三门峡市', 16, 0, 2),
(252, '南阳市', 16, 0, 2),
(253, '商丘市', 16, 0, 2),
(254, '信阳市', 16, 0, 2),
(255, '周口市', 16, 0, 2),
(256, '驻马店市', 16, 0, 2),
(257, '济源市', 16, 0, 2),
(258, '武汉市', 17, 0, 2),
(259, '黄石市', 17, 0, 2),
(260, '十堰市', 17, 0, 2),
(261, '宜昌市', 17, 0, 2),
(262, '襄樊市', 17, 0, 2),
(263, '鄂州市', 17, 0, 2),
(264, '荆门市', 17, 0, 2),
(265, '孝感市', 17, 0, 2),
(266, '荆州市', 17, 0, 2),
(267, '黄冈市', 17, 0, 2),
(268, '咸宁市', 17, 0, 2),
(269, '随州市', 17, 0, 2),
(270, '恩施土家族苗族自治州', 17, 0, 2),
(271, '仙桃市', 17, 0, 2),
(272, '潜江市', 17, 0, 2),
(273, '天门市', 17, 0, 2),
(274, '神农架林区', 17, 0, 2),
(275, '长沙市', 18, 0, 2),
(276, '株洲市', 18, 0, 2),
(277, '湘潭市', 18, 0, 2),
(278, '衡阳市', 18, 0, 2),
(279, '邵阳市', 18, 0, 2),
(280, '岳阳市', 18, 0, 2),
(281, '常德市', 18, 0, 2),
(282, '张家界市', 18, 0, 2),
(283, '益阳市', 18, 0, 2),
(284, '郴州市', 18, 0, 2),
(285, '永州市', 18, 0, 2),
(286, '怀化市', 18, 0, 2),
(287, '娄底市', 18, 0, 2),
(288, '湘西土家族苗族自治州', 18, 0, 2),
(289, '广州市', 19, 0, 2),
(290, '韶关市', 19, 0, 2),
(291, '深圳市', 19, 0, 2),
(292, '珠海市', 19, 0, 2),
(293, '汕头市', 19, 0, 2),
(294, '佛山市', 19, 0, 2),
(295, '江门市', 19, 0, 2),
(296, '湛江市', 19, 0, 2),
(297, '茂名市', 19, 0, 2),
(298, '肇庆市', 19, 0, 2),
(299, '惠州市', 19, 0, 2),
(300, '梅州市', 19, 0, 2),
(301, '汕尾市', 19, 0, 2),
(302, '河源市', 19, 0, 2),
(303, '阳江市', 19, 0, 2),
(304, '清远市', 19, 0, 2),
(305, '东莞市', 19, 0, 2),
(306, '中山市', 19, 0, 2),
(307, '潮州市', 19, 0, 2),
(308, '揭阳市', 19, 0, 2),
(309, '云浮市', 19, 0, 2),
(310, '南宁市', 20, 0, 2),
(311, '柳州市', 20, 0, 2),
(312, '桂林市', 20, 0, 2),
(313, '梧州市', 20, 0, 2),
(314, '北海市', 20, 0, 2),
(315, '防城港市', 20, 0, 2),
(316, '钦州市', 20, 0, 2),
(317, '贵港市', 20, 0, 2),
(318, '玉林市', 20, 0, 2),
(319, '百色市', 20, 0, 2),
(320, '贺州市', 20, 0, 2),
(321, '河池市', 20, 0, 2),
(322, '来宾市', 20, 0, 2),
(323, '崇左市', 20, 0, 2),
(324, '海口市', 21, 0, 2),
(325, '三亚市', 21, 0, 2),
(326, '五指山市', 21, 0, 2),
(327, '琼海市', 21, 0, 2),
(328, '儋州市', 21, 0, 2),
(329, '文昌市', 21, 0, 2),
(330, '万宁市', 21, 0, 2),
(331, '东方市', 21, 0, 2),
(332, '定安县', 21, 0, 2),
(333, '屯昌县', 21, 0, 2),
(334, '澄迈县', 21, 0, 2),
(335, '临高县', 21, 0, 2),
(336, '白沙黎族自治县', 21, 0, 2),
(337, '昌江黎族自治县', 21, 0, 2),
(338, '乐东黎族自治县', 21, 0, 2),
(339, '陵水黎族自治县', 21, 0, 2),
(340, '保亭黎族苗族自治县', 21, 0, 2),
(341, '琼中黎族苗族自治县', 21, 0, 2),
(342, '西沙群岛', 21, 0, 2),
(343, '南沙群岛', 21, 0, 2),
(344, '中沙群岛的岛礁及其海域', 21, 0, 2),
(345, '万州区', 62, 0, 3),
(346, '涪陵区', 62, 0, 3),
(347, '渝中区', 62, 0, 3),
(348, '大渡口区', 62, 0, 3),
(349, '江北区', 62, 0, 3),
(350, '沙坪坝区', 62, 0, 3),
(351, '九龙坡区', 62, 0, 3),
(352, '南岸区', 62, 0, 3),
(353, '北碚区', 62, 0, 3),
(354, '双桥区', 62, 0, 3),
(355, '万盛区', 62, 0, 3),
(356, '渝北区', 62, 0, 3),
(357, '巴南区', 62, 0, 3),
(358, '黔江区', 62, 0, 3),
(359, '长寿区', 62, 0, 3),
(360, '綦江县', 62, 0, 3),
(361, '潼南县', 62, 0, 3),
(362, '铜梁县', 62, 0, 3),
(363, '大足县', 62, 0, 3),
(364, '荣昌县', 62, 0, 3),
(365, '璧山县', 62, 0, 3),
(366, '梁平县', 62, 0, 3),
(367, '城口县', 62, 0, 3),
(368, '丰都县', 62, 0, 3),
(369, '垫江县', 62, 0, 3),
(370, '武隆县', 62, 0, 3),
(371, '忠县', 62, 0, 3),
(372, '开县', 62, 0, 3),
(373, '云阳县', 62, 0, 3),
(374, '奉节县', 62, 0, 3),
(375, '巫山县', 62, 0, 3),
(376, '巫溪县', 62, 0, 3),
(377, '石柱土家族自治县', 62, 0, 3),
(378, '秀山土家族苗族自治县', 62, 0, 3),
(379, '酉阳土家族苗族自治县', 62, 0, 3),
(380, '彭水苗族土家族自治县', 62, 0, 3),
(381, '江津市', 62, 0, 3),
(382, '合川市', 62, 0, 3),
(383, '永川市', 62, 0, 3),
(384, '南川市', 62, 0, 3),
(385, '成都市', 23, 0, 2),
(386, '自贡市', 23, 0, 2),
(387, '攀枝花市', 23, 0, 2),
(388, '泸州市', 23, 0, 2),
(389, '德阳市', 23, 0, 2),
(390, '绵阳市', 23, 0, 2),
(391, '广元市', 23, 0, 2),
(392, '遂宁市', 23, 0, 2),
(393, '内江市', 23, 0, 2),
(394, '乐山市', 23, 0, 2),
(395, '南充市', 23, 0, 2),
(396, '眉山市', 23, 0, 2),
(397, '宜宾市', 23, 0, 2),
(398, '广安市', 23, 0, 2),
(399, '达州市', 23, 0, 2),
(400, '雅安市', 23, 0, 2),
(401, '巴中市', 23, 0, 2),
(402, '资阳市', 23, 0, 2),
(403, '阿坝藏族羌族自治州', 23, 0, 2),
(404, '甘孜藏族自治州', 23, 0, 2),
(405, '凉山彝族自治州', 23, 0, 2),
(406, '贵阳市', 24, 0, 2),
(407, '六盘水市', 24, 0, 2),
(408, '遵义市', 24, 0, 2),
(409, '安顺市', 24, 0, 2),
(410, '铜仁地区', 24, 0, 2),
(411, '黔西南布依族苗族自治州', 24, 0, 2),
(412, '毕节地区', 24, 0, 2),
(413, '黔东南苗族侗族自治州', 24, 0, 2),
(414, '黔南布依族苗族自治州', 24, 0, 2),
(415, '昆明市', 25, 0, 2),
(416, '曲靖市', 25, 0, 2),
(417, '玉溪市', 25, 0, 2),
(418, '保山市', 25, 0, 2),
(419, '昭通市', 25, 0, 2),
(420, '丽江市', 25, 0, 2),
(421, '思茅市', 25, 0, 2),
(422, '临沧市', 25, 0, 2),
(423, '楚雄彝族自治州', 25, 0, 2),
(424, '红河哈尼族彝族自治州', 25, 0, 2),
(425, '文山壮族苗族自治州', 25, 0, 2),
(426, '西双版纳傣族自治州', 25, 0, 2),
(427, '大理白族自治州', 25, 0, 2),
(428, '德宏傣族景颇族自治州', 25, 0, 2),
(429, '怒江傈僳族自治州', 25, 0, 2),
(430, '迪庆藏族自治州', 25, 0, 2),
(431, '拉萨市', 26, 0, 2),
(432, '昌都地区', 26, 0, 2),
(433, '山南地区', 26, 0, 2),
(434, '日喀则地区', 26, 0, 2),
(435, '那曲地区', 26, 0, 2),
(436, '阿里地区', 26, 0, 2),
(437, '林芝地区', 26, 0, 2),
(438, '西安市', 27, 0, 2),
(439, '铜川市', 27, 0, 2),
(440, '宝鸡市', 27, 0, 2),
(441, '咸阳市', 27, 0, 2),
(442, '渭南市', 27, 0, 2),
(443, '延安市', 27, 0, 2),
(444, '汉中市', 27, 0, 2),
(445, '榆林市', 27, 0, 2),
(446, '安康市', 27, 0, 2),
(447, '商洛市', 27, 0, 2),
(448, '兰州市', 28, 0, 2),
(449, '嘉峪关市', 28, 0, 2),
(450, '金昌市', 28, 0, 2),
(451, '白银市', 28, 0, 2),
(452, '天水市', 28, 0, 2),
(453, '武威市', 28, 0, 2),
(454, '张掖市', 28, 0, 2),
(455, '平凉市', 28, 0, 2),
(456, '酒泉市', 28, 0, 2),
(457, '庆阳市', 28, 0, 2),
(458, '定西市', 28, 0, 2),
(459, '陇南市', 28, 0, 2),
(460, '临夏回族自治州', 28, 0, 2),
(461, '甘南藏族自治州', 28, 0, 2),
(462, '西宁市', 29, 0, 2),
(463, '海东地区', 29, 0, 2),
(464, '海北藏族自治州', 29, 0, 2),
(465, '黄南藏族自治州', 29, 0, 2),
(466, '海南藏族自治州', 29, 0, 2),
(467, '果洛藏族自治州', 29, 0, 2),
(468, '玉树藏族自治州', 29, 0, 2),
(469, '海西蒙古族藏族自治州', 29, 0, 2),
(470, '银川市', 30, 0, 2),
(471, '石嘴山市', 30, 0, 2),
(472, '吴忠市', 30, 0, 2),
(473, '固原市', 30, 0, 2),
(474, '中卫市', 30, 0, 2),
(475, '乌鲁木齐市', 31, 0, 2),
(476, '克拉玛依市', 31, 0, 2),
(477, '吐鲁番地区', 31, 0, 2),
(478, '哈密地区', 31, 0, 2),
(479, '昌吉回族自治州', 31, 0, 2),
(480, '博尔塔拉蒙古自治州', 31, 0, 2),
(481, '巴音郭楞蒙古自治州', 31, 0, 2),
(482, '阿克苏地区', 31, 0, 2),
(483, '克孜勒苏柯尔克孜自治州', 31, 0, 2),
(484, '喀什地区', 31, 0, 2),
(485, '和田地区', 31, 0, 2),
(486, '伊犁哈萨克自治州', 31, 0, 2),
(487, '塔城地区', 31, 0, 2),
(488, '阿勒泰地区', 31, 0, 2),
(489, '石河子市', 31, 0, 2),
(490, '阿拉尔市', 31, 0, 2),
(491, '图木舒克市', 31, 0, 2),
(492, '五家渠市', 31, 0, 2),
(493, '台北市', 32, 0, 2),
(494, '高雄市', 32, 0, 2),
(495, '基隆市', 32, 0, 2),
(496, '台中市', 32, 0, 2),
(497, '台南市', 32, 0, 2),
(498, '新竹市', 32, 0, 2),
(499, '嘉义市', 32, 0, 2),
(500, '台北县', 32, 0, 2),
(501, '宜兰县', 32, 0, 2),
(502, '桃园县', 32, 0, 2),
(503, '新竹县', 32, 0, 2),
(504, '苗栗县', 32, 0, 2),
(505, '台中县', 32, 0, 2),
(506, '彰化县', 32, 0, 2),
(507, '南投县', 32, 0, 2),
(508, '云林县', 32, 0, 2),
(509, '嘉义县', 32, 0, 2),
(510, '台南县', 32, 0, 2),
(511, '高雄县', 32, 0, 2),
(512, '屏东县', 32, 0, 2),
(513, '澎湖县', 32, 0, 2),
(514, '台东县', 32, 0, 2),
(515, '花莲县', 32, 0, 2),
(516, '中西区', 33, 0, 2),
(517, '东区', 33, 0, 2),
(518, '九龙城区', 33, 0, 2),
(519, '观塘区', 33, 0, 2),
(520, '南区', 33, 0, 2),
(521, '深水埗区', 33, 0, 2),
(522, '黄大仙区', 33, 0, 2),
(523, '湾仔区', 33, 0, 2),
(524, '油尖旺区', 33, 0, 2),
(525, '离岛区', 33, 0, 2),
(526, '葵青区', 33, 0, 2),
(527, '北区', 33, 0, 2),
(528, '西贡区', 33, 0, 2),
(529, '沙田区', 33, 0, 2),
(530, '屯门区', 33, 0, 2),
(531, '大埔区', 33, 0, 2),
(532, '荃湾区', 33, 0, 2),
(533, '元朗区', 33, 0, 2),
(534, '澳门特别行政区', 34, 0, 2),
(535, '美国', 45055, 0, 3),
(536, '加拿大', 45055, 0, 3),
(537, '澳大利亚', 45055, 0, 3),
(538, '新西兰', 45055, 0, 3),
(539, '英国', 45055, 0, 3),
(540, '法国', 45055, 0, 3),
(541, '德国', 45055, 0, 3),
(542, '捷克', 45055, 0, 3),
(543, '荷兰', 45055, 0, 3),
(544, '瑞士', 45055, 0, 3),
(545, '希腊', 45055, 0, 3),
(546, '挪威', 45055, 0, 3),
(547, '瑞典', 45055, 0, 3),
(548, '丹麦', 45055, 0, 3),
(549, '芬兰', 45055, 0, 3),
(550, '爱尔兰', 45055, 0, 3),
(551, '奥地利', 45055, 0, 3),
(552, '意大利', 45055, 0, 3),
(553, '乌克兰', 45055, 0, 3),
(554, '俄罗斯', 45055, 0, 3),
(555, '西班牙', 45055, 0, 3),
(556, '韩国', 45055, 0, 3),
(557, '新加坡', 45055, 0, 3),
(558, '马来西亚', 45055, 0, 3),
(559, '印度', 45055, 0, 3),
(560, '泰国', 45055, 0, 3),
(561, '日本', 45055, 0, 3),
(562, '巴西', 45055, 0, 3),
(563, '阿根廷', 45055, 0, 3),
(564, '南非', 45055, 0, 3),
(565, '埃及', 45055, 0, 3),
(566, '其他', 36, 0, 3),
(1126, '井陉县', 73, 0, 3),
(1127, '井陉矿区', 73, 0, 3),
(1128, '元氏县', 73, 0, 3),
(1129, '平山县', 73, 0, 3),
(1130, '新乐市', 73, 0, 3),
(1131, '新华区', 73, 0, 3),
(1132, '无极县', 73, 0, 3),
(1133, '晋州市', 73, 0, 3),
(1134, '栾城县', 73, 0, 3),
(1135, '桥东区', 73, 0, 3),
(1136, '桥西区', 73, 0, 3),
(1137, '正定县', 73, 0, 3),
(1138, '深泽县', 73, 0, 3),
(1139, '灵寿县', 73, 0, 3),
(1140, '藁城市', 73, 0, 3),
(1141, '行唐县', 73, 0, 3),
(1142, '裕华区', 73, 0, 3),
(1143, '赞皇县', 73, 0, 3),
(1144, '赵县', 73, 0, 3),
(1145, '辛集市', 73, 0, 3),
(1146, '长安区', 73, 0, 3),
(1147, '高邑县', 73, 0, 3),
(1148, '鹿泉市', 73, 0, 3),
(1149, '丰南区', 74, 0, 3),
(1150, '丰润区', 74, 0, 3),
(1151, '乐亭县', 74, 0, 3),
(1152, '古冶区', 74, 0, 3),
(1153, '唐海县', 74, 0, 3),
(1154, '开平区', 74, 0, 3),
(1155, '滦南县', 74, 0, 3),
(1156, '滦县', 74, 0, 3),
(1157, '玉田县', 74, 0, 3),
(1158, '路北区', 74, 0, 3),
(1159, '路南区', 74, 0, 3),
(1160, '迁安市', 74, 0, 3),
(1161, '迁西县', 74, 0, 3),
(1162, '遵化市', 74, 0, 3),
(1163, '北戴河区', 75, 0, 3),
(1164, '卢龙县', 75, 0, 3),
(1165, '山海关区', 75, 0, 3),
(1166, '抚宁县', 75, 0, 3),
(1167, '昌黎县', 75, 0, 3),
(1168, '海港区', 75, 0, 3),
(1169, '青龙满族自治县', 75, 0, 3),
(1170, '丛台区', 76, 0, 3),
(1171, '临漳县', 76, 0, 3),
(1172, '复兴区', 76, 0, 3),
(1173, '大名县', 76, 0, 3),
(1174, '峰峰矿区', 76, 0, 3),
(1175, '广平县', 76, 0, 3),
(1176, '成安县', 76, 0, 3),
(1177, '曲周县', 76, 0, 3),
(1178, '武安市', 76, 0, 3),
(1179, '永年县', 76, 0, 3),
(1180, '涉县', 76, 0, 3),
(1181, '磁县', 76, 0, 3),
(1182, '肥乡县', 76, 0, 3),
(1183, '邯山区', 76, 0, 3),
(1184, '邯郸县', 76, 0, 3),
(1185, '邱县', 76, 0, 3),
(1186, '馆陶县', 76, 0, 3),
(1187, '魏县', 76, 0, 3),
(1188, '鸡泽县', 76, 0, 3),
(1189, '临城县', 77, 0, 3),
(1190, '临西县', 77, 0, 3),
(1191, '任县', 77, 0, 3),
(1192, '内丘县', 77, 0, 3),
(1193, '南和县', 77, 0, 3),
(1194, '南宫市', 77, 0, 3),
(1195, '威县', 77, 0, 3),
(1196, '宁晋县', 77, 0, 3),
(1197, '巨鹿县', 77, 0, 3),
(1198, '平乡县', 77, 0, 3),
(1199, '广宗县', 77, 0, 3),
(1200, '新河县', 77, 0, 3),
(1201, '柏乡县', 77, 0, 3),
(1202, '桥东区', 77, 0, 3),
(1203, '桥西区', 77, 0, 3),
(1204, '沙河市', 77, 0, 3),
(1205, '清河县', 77, 0, 3),
(1206, '邢台县', 77, 0, 3),
(1207, '隆尧县', 77, 0, 3),
(1208, '北市区', 78, 0, 3),
(1209, '南市区', 78, 0, 3),
(1210, '博野县', 78, 0, 3),
(1211, '唐县', 78, 0, 3),
(1212, '安国市', 78, 0, 3),
(1213, '安新县', 78, 0, 3),
(1214, '定兴县', 78, 0, 3),
(1215, '定州市', 78, 0, 3),
(1216, '容城县', 78, 0, 3),
(1217, '徐水县', 78, 0, 3),
(1218, '新市区', 78, 0, 3),
(1219, '易县', 78, 0, 3),
(1220, '曲阳县', 78, 0, 3),
(1221, '望都县', 78, 0, 3),
(1222, '涞水县', 78, 0, 3),
(1223, '涞源县', 78, 0, 3),
(1224, '涿州市', 78, 0, 3),
(1225, '清苑县', 78, 0, 3),
(1226, '满城县', 78, 0, 3),
(1227, '蠡县', 78, 0, 3),
(1228, '阜平县', 78, 0, 3),
(1229, '雄县', 78, 0, 3),
(1230, '顺平县', 78, 0, 3),
(1231, '高碑店市', 78, 0, 3),
(1232, '高阳县', 78, 0, 3),
(1233, '万全县', 79, 0, 3),
(1234, '下花园区', 79, 0, 3),
(1235, '宣化区', 79, 0, 3),
(1236, '宣化县', 79, 0, 3),
(1237, '尚义县', 79, 0, 3),
(1238, '崇礼县', 79, 0, 3),
(1239, '康保县', 79, 0, 3),
(1240, '张北县', 79, 0, 3),
(1241, '怀安县', 79, 0, 3),
(1242, '怀来县', 79, 0, 3),
(1243, '桥东区', 79, 0, 3),
(1244, '桥西区', 79, 0, 3),
(1245, '沽源县', 79, 0, 3),
(1246, '涿鹿县', 79, 0, 3),
(1247, '蔚县', 79, 0, 3),
(1248, '赤城县', 79, 0, 3),
(1249, '阳原县', 79, 0, 3),
(1250, '丰宁满族自治县', 80, 0, 3),
(1251, '兴隆县', 80, 0, 3),
(1252, '双桥区', 80, 0, 3),
(1253, '双滦区', 80, 0, 3),
(1254, '围场满族蒙古族自治县', 80, 0, 3),
(1255, '宽城满族自治县', 80, 0, 3),
(1256, '平泉县', 80, 0, 3),
(1257, '承德县', 80, 0, 3),
(1258, '滦平县', 80, 0, 3),
(1259, '隆化县', 80, 0, 3),
(1260, '鹰手营子矿区', 80, 0, 3),
(1261, '冀州市', 81, 0, 3),
(1262, '安平县', 81, 0, 3),
(1263, '故城县', 81, 0, 3),
(1264, '景县', 81, 0, 3),
(1265, '枣强县', 81, 0, 3),
(1266, '桃城区', 81, 0, 3),
(1267, '武强县', 81, 0, 3),
(1268, '武邑县', 81, 0, 3),
(1269, '深州市', 81, 0, 3),
(1270, '阜城县', 81, 0, 3),
(1271, '饶阳县', 81, 0, 3),
(1272, '三河市', 82, 0, 3),
(1273, '固安县', 82, 0, 3),
(1274, '大厂回族自治县', 82, 0, 3),
(1275, '大城县', 82, 0, 3),
(1276, '安次区', 82, 0, 3),
(1277, '广阳区', 82, 0, 3),
(1278, '文安县', 82, 0, 3),
(1279, '永清县', 82, 0, 3),
(1280, '霸州市', 82, 0, 3),
(1281, '香河县', 82, 0, 3),
(1282, '东光县', 83, 0, 3),
(1283, '任丘市', 83, 0, 3),
(1284, '南皮县', 83, 0, 3),
(1285, '吴桥县', 83, 0, 3),
(1286, '孟村回族自治县', 83, 0, 3),
(1287, '新华区', 83, 0, 3),
(1288, '沧县', 83, 0, 3),
(1289, '河间市', 83, 0, 3),
(1290, '泊头市', 83, 0, 3),
(1291, '海兴县', 83, 0, 3),
(1292, '献县', 83, 0, 3),
(1293, '盐山县', 83, 0, 3),
(1294, '肃宁县', 83, 0, 3),
(1295, '运河区', 83, 0, 3),
(1296, '青县', 83, 0, 3),
(1297, '黄骅市', 83, 0, 3),
(1298, '万柏林区', 84, 0, 3),
(1299, '古交市', 84, 0, 3),
(1300, '娄烦县', 84, 0, 3),
(1301, '小店区', 84, 0, 3),
(1302, '尖草坪区', 84, 0, 3),
(1303, '晋源区', 84, 0, 3),
(1304, '杏花岭区', 84, 0, 3),
(1305, '清徐县', 84, 0, 3),
(1306, '迎泽区', 84, 0, 3),
(1307, '阳曲县', 84, 0, 3),
(1308, '南郊区', 85, 0, 3),
(1309, '城区', 85, 0, 3),
(1310, '大同县', 85, 0, 3),
(1311, '天镇县', 85, 0, 3),
(1312, '左云县', 85, 0, 3),
(1313, '广灵县', 85, 0, 3),
(1314, '新荣区', 85, 0, 3),
(1315, '浑源县', 85, 0, 3),
(1316, '灵丘县', 85, 0, 3),
(1317, '矿区', 85, 0, 3),
(1318, '阳高县', 85, 0, 3),
(1319, '城区', 86, 0, 3),
(1320, '平定县', 86, 0, 3),
(1321, '盂县', 86, 0, 3),
(1322, '矿区', 86, 0, 3),
(1323, '郊区', 86, 0, 3),
(1324, '城区', 87, 0, 3),
(1325, '壶关县', 87, 0, 3),
(1326, '屯留县', 87, 0, 3),
(1327, '平顺县', 87, 0, 3),
(1328, '武乡县', 87, 0, 3),
(1329, '沁县', 87, 0, 3),
(1330, '沁源县', 87, 0, 3),
(1331, '潞城市', 87, 0, 3),
(1332, '襄垣县', 87, 0, 3),
(1333, '郊区', 87, 0, 3),
(1334, '长子县', 87, 0, 3),
(1335, '长治县', 87, 0, 3),
(1336, '黎城县', 87, 0, 3),
(1337, '城区', 88, 0, 3),
(1338, '沁水县', 88, 0, 3),
(1339, '泽州县', 88, 0, 3),
(1340, '阳城县', 88, 0, 3),
(1341, '陵川县', 88, 0, 3),
(1342, '高平市', 88, 0, 3),
(1343, '右玉县', 89, 0, 3),
(1344, '山阴县', 89, 0, 3),
(1345, '平鲁区', 89, 0, 3),
(1346, '应县', 89, 0, 3),
(1347, '怀仁县', 89, 0, 3),
(1348, '朔城区', 89, 0, 3),
(1349, '介休市', 90, 0, 3),
(1350, '和顺县', 90, 0, 3),
(1351, '太谷县', 90, 0, 3),
(1352, '寿阳县', 90, 0, 3),
(1353, '左权县', 90, 0, 3),
(1354, '平遥县', 90, 0, 3),
(1355, '昔阳县', 90, 0, 3),
(1356, '榆次区', 90, 0, 3),
(1357, '榆社县', 90, 0, 3),
(1358, '灵石县', 90, 0, 3),
(1359, '祁县', 90, 0, 3),
(1360, '万荣县', 91, 0, 3),
(1361, '临猗县', 91, 0, 3),
(1362, '垣曲县', 91, 0, 3),
(1363, '夏县', 91, 0, 3),
(1364, '平陆县', 91, 0, 3),
(1365, '新绛县', 91, 0, 3),
(1366, '永济市', 91, 0, 3),
(1367, '河津市', 91, 0, 3),
(1368, '盐湖区', 91, 0, 3),
(1369, '稷山县', 91, 0, 3),
(1370, '绛县', 91, 0, 3),
(1371, '芮城县', 91, 0, 3),
(1372, '闻喜县', 91, 0, 3),
(1373, '五台县', 92, 0, 3),
(1374, '五寨县', 92, 0, 3),
(1375, '代县', 92, 0, 3),
(1376, '保德县', 92, 0, 3),
(1377, '偏关县', 92, 0, 3),
(1378, '原平市', 92, 0, 3),
(1379, '宁武县', 92, 0, 3),
(1380, '定襄县', 92, 0, 3),
(1381, '岢岚县', 92, 0, 3),
(1382, '忻府区', 92, 0, 3),
(1383, '河曲县', 92, 0, 3),
(1384, '神池县', 92, 0, 3),
(1385, '繁峙县', 92, 0, 3),
(1386, '静乐县', 92, 0, 3),
(1387, '乡宁县', 93, 0, 3),
(1388, '侯马市', 93, 0, 3),
(1389, '古县', 93, 0, 3),
(1390, '吉县', 93, 0, 3),
(1391, '大宁县', 93, 0, 3),
(1392, '安泽县', 93, 0, 3),
(1393, '尧都区', 93, 0, 3),
(1394, '曲沃县', 93, 0, 3),
(1395, '永和县', 93, 0, 3),
(1396, '汾西县', 93, 0, 3),
(1397, '洪洞县', 93, 0, 3),
(1398, '浮山县', 93, 0, 3),
(1399, '翼城县', 93, 0, 3),
(1400, '蒲县', 93, 0, 3),
(1401, '襄汾县', 93, 0, 3),
(1402, '隰县', 93, 0, 3),
(1403, '霍州市', 93, 0, 3),
(1404, '中阳县', 94, 0, 3),
(1405, '临县', 94, 0, 3),
(1406, '交口县', 94, 0, 3),
(1407, '交城县', 94, 0, 3),
(1408, '兴县', 94, 0, 3),
(1409, '孝义市', 94, 0, 3),
(1410, '岚县', 94, 0, 3),
(1411, '文水县', 94, 0, 3),
(1412, '方山县', 94, 0, 3),
(1413, '柳林县', 94, 0, 3),
(1414, '汾阳市', 94, 0, 3),
(1415, '石楼县', 94, 0, 3),
(1416, '离石区', 94, 0, 3),
(1417, '和林格尔县', 95, 0, 3),
(1418, '回民区', 95, 0, 3),
(1419, '土默特左旗', 95, 0, 3),
(1420, '托克托县', 95, 0, 3),
(1421, '新城区', 95, 0, 3),
(1422, '武川县', 95, 0, 3),
(1423, '清水河县', 95, 0, 3),
(1424, '玉泉区', 95, 0, 3),
(1425, '赛罕区', 95, 0, 3),
(1426, '东河区', 96, 0, 3),
(1427, '九原区', 96, 0, 3),
(1428, '固阳县', 96, 0, 3),
(1429, '土默特右旗', 96, 0, 3),
(1430, '昆都仑区', 96, 0, 3),
(1431, '白云矿区', 96, 0, 3),
(1432, '石拐区', 96, 0, 3),
(1433, '达尔罕茂明安联合旗', 96, 0, 3),
(1434, '青山区', 96, 0, 3),
(1435, '乌达区', 97, 0, 3),
(1436, '海勃湾区', 97, 0, 3),
(1437, '海南区', 97, 0, 3),
(1438, '元宝山区', 98, 0, 3),
(1439, '克什克腾旗', 98, 0, 3),
(1440, '喀喇沁旗', 98, 0, 3),
(1441, '宁城县', 98, 0, 3),
(1442, '巴林右旗', 98, 0, 3),
(1443, '巴林左旗', 98, 0, 3),
(1444, '敖汉旗', 98, 0, 3),
(1445, '松山区', 98, 0, 3),
(1446, '林西县', 98, 0, 3),
(1447, '红山区', 98, 0, 3),
(1448, '翁牛特旗', 98, 0, 3),
(1449, '阿鲁科尔沁旗', 98, 0, 3),
(1450, '奈曼旗', 99, 0, 3),
(1451, '库伦旗', 99, 0, 3),
(1452, '开鲁县', 99, 0, 3),
(1453, '扎鲁特旗', 99, 0, 3),
(1454, '科尔沁区', 99, 0, 3),
(1455, '科尔沁左翼中旗', 99, 0, 3),
(1456, '科尔沁左翼后旗', 99, 0, 3),
(1457, '霍林郭勒市', 99, 0, 3),
(1458, '东胜区', 100, 0, 3),
(1459, '乌审旗', 100, 0, 3),
(1460, '伊金霍洛旗', 100, 0, 3),
(1461, '准格尔旗', 100, 0, 3),
(1462, '杭锦旗', 100, 0, 3),
(1463, '达拉特旗', 100, 0, 3),
(1464, '鄂东胜区', 100, 0, 3),
(1465, '鄂托克前旗', 100, 0, 3),
(1466, '鄂托克旗', 100, 0, 3),
(1467, '扎兰屯市', 101, 0, 3),
(1468, '新巴尔虎右旗', 101, 0, 3),
(1469, '新巴尔虎左旗', 101, 0, 3),
(1470, '根河市', 101, 0, 3),
(1471, '海拉尔区', 101, 0, 3),
(1472, '满洲里市', 101, 0, 3),
(1473, '牙克石市', 101, 0, 3),
(1474, '莫力达瓦达斡尔族自治旗', 101, 0, 3),
(1475, '鄂伦春自治旗', 101, 0, 3),
(1476, '鄂温克族自治旗', 101, 0, 3),
(1477, '阿荣旗', 101, 0, 3),
(1478, '陈巴尔虎旗', 101, 0, 3),
(1479, '额尔古纳市', 101, 0, 3),
(1480, '临河区', 102, 0, 3),
(1481, '乌拉特中旗', 102, 0, 3),
(1482, '乌拉特前旗', 102, 0, 3),
(1483, '乌拉特后旗', 102, 0, 3),
(1484, '五原县', 102, 0, 3),
(1485, '杭锦后旗', 102, 0, 3),
(1486, '磴口县', 102, 0, 3),
(1487, '丰镇市', 103, 0, 3),
(1488, '兴和县', 103, 0, 3),
(1489, '凉城县', 103, 0, 3),
(1490, '化德县', 103, 0, 3),
(1491, '卓资县', 103, 0, 3),
(1492, '商都县', 103, 0, 3),
(1493, '四子王旗', 103, 0, 3),
(1494, '察哈尔右翼中旗', 103, 0, 3),
(1495, '察哈尔右翼前旗', 103, 0, 3),
(1496, '察哈尔右翼后旗', 103, 0, 3),
(1497, '集宁区', 103, 0, 3),
(1498, '乌兰浩特市', 104, 0, 3),
(1499, '扎赉特旗', 104, 0, 3),
(1500, '科尔沁右翼中旗', 104, 0, 3),
(1501, '科尔沁右翼前旗', 104, 0, 3),
(1502, '突泉县', 104, 0, 3),
(1503, '阿尔山市', 104, 0, 3),
(1504, '东乌珠穆沁旗', 105, 0, 3),
(1505, '二连浩特市', 105, 0, 3),
(1506, '多伦县', 105, 0, 3),
(1507, '太仆寺旗', 105, 0, 3),
(1508, '正蓝旗', 105, 0, 3),
(1509, '正镶白旗', 105, 0, 3),
(1510, '苏尼特右旗', 105, 0, 3),
(1511, '苏尼特左旗', 105, 0, 3),
(1512, '西乌珠穆沁旗', 105, 0, 3),
(1513, '锡林浩特市', 105, 0, 3),
(1514, '镶黄旗', 105, 0, 3),
(1515, '阿巴嘎旗', 105, 0, 3),
(1516, '阿拉善右旗', 106, 0, 3),
(1517, '阿拉善左旗', 106, 0, 3),
(1518, '额济纳旗', 106, 0, 3),
(1519, '东陵区', 107, 0, 3),
(1520, '于洪区', 107, 0, 3),
(1521, '和平区', 107, 0, 3),
(1522, '大东区', 107, 0, 3),
(1523, '康平县', 107, 0, 3),
(1524, '新民市', 107, 0, 3),
(1525, '沈北新区', 107, 0, 3),
(1526, '沈河区', 107, 0, 3),
(1527, '法库县', 107, 0, 3),
(1528, '皇姑区', 107, 0, 3),
(1529, '苏家屯区', 107, 0, 3),
(1530, '辽中县', 107, 0, 3),
(1531, '铁西区', 107, 0, 3),
(1532, '中山区', 108, 0, 3),
(1533, '庄河市', 108, 0, 3),
(1534, '旅顺口区', 108, 0, 3),
(1535, '普兰店市', 108, 0, 3),
(1536, '沙河口区', 108, 0, 3),
(1537, '瓦房店市', 108, 0, 3),
(1538, '甘井子区', 108, 0, 3),
(1539, '西岗区', 108, 0, 3),
(1540, '金州区', 108, 0, 3),
(1541, '长海县', 108, 0, 3),
(1542, '千山区', 109, 0, 3),
(1543, '台安县', 109, 0, 3),
(1544, '岫岩满族自治县', 109, 0, 3),
(1545, '海城市', 109, 0, 3),
(1546, '立山区', 109, 0, 3),
(1547, '铁东区', 109, 0, 3),
(1548, '铁西区', 109, 0, 3),
(1549, '东洲区', 110, 0, 3),
(1550, '抚顺县', 110, 0, 3),
(1551, '新宾满族自治县', 110, 0, 3),
(1552, '新抚区', 110, 0, 3),
(1553, '望花区', 110, 0, 3),
(1554, '清原满族自治县', 110, 0, 3),
(1555, '顺城区', 110, 0, 3),
(1556, '南芬区', 111, 0, 3),
(1557, '平山区', 111, 0, 3),
(1558, '明山区', 111, 0, 3),
(1559, '本溪满族自治县', 111, 0, 3),
(1560, '桓仁满族自治县', 111, 0, 3),
(1561, '溪湖区', 111, 0, 3),
(1562, '东港市', 112, 0, 3),
(1563, '元宝区', 112, 0, 3),
(1564, '凤城市', 112, 0, 3),
(1565, '宽甸满族自治县', 112, 0, 3),
(1566, '振兴区', 112, 0, 3),
(1567, '振安区', 112, 0, 3),
(1568, '义县', 113, 0, 3),
(1569, '凌河区', 113, 0, 3),
(1570, '凌海市', 113, 0, 3),
(1571, '北镇市', 113, 0, 3),
(1572, '古塔区', 113, 0, 3),
(1573, '太和区', 113, 0, 3),
(1574, '黑山县', 113, 0, 3),
(1575, '大石桥市', 114, 0, 3),
(1576, '盖州市', 114, 0, 3),
(1577, '站前区', 114, 0, 3),
(1578, '老边区', 114, 0, 3),
(1579, '西市区', 114, 0, 3),
(1580, '鲅鱼圈区', 114, 0, 3),
(1581, '太平区', 115, 0, 3),
(1582, '彰武县', 115, 0, 3),
(1583, '新邱区', 115, 0, 3),
(1584, '海州区', 115, 0, 3),
(1585, '清河门区', 115, 0, 3),
(1586, '细河区', 115, 0, 3),
(1587, '蒙古族自治县', 115, 0, 3),
(1588, '太子河区', 116, 0, 3),
(1589, '宏伟区', 116, 0, 3),
(1590, '弓长岭区', 116, 0, 3),
(1591, '文圣区', 116, 0, 3),
(1592, '灯塔市', 116, 0, 3),
(1593, '白塔区', 116, 0, 3),
(1594, '辽阳县', 116, 0, 3),
(1595, '兴隆台区', 117, 0, 3),
(1596, '双台子区', 117, 0, 3),
(1597, '大洼县', 117, 0, 3),
(1598, '盘山县', 117, 0, 3),
(1599, '开原市', 118, 0, 3),
(1600, '昌图县', 118, 0, 3),
(1601, '清河区', 118, 0, 3),
(1602, '西丰县', 118, 0, 3),
(1603, '调兵山市', 118, 0, 3),
(1604, '铁岭县', 118, 0, 3),
(1605, '银州区', 118, 0, 3),
(1606, '凌源市', 119, 0, 3),
(1607, '北票市', 119, 0, 3),
(1608, '双塔区', 119, 0, 3),
(1609, '喀喇沁左翼蒙古族自治县', 119, 0, 3),
(1610, '建平县', 119, 0, 3),
(1611, '朝阳县', 119, 0, 3),
(1612, '龙城区', 119, 0, 3),
(1613, '兴城市', 120, 0, 3),
(1614, '南票区', 120, 0, 3),
(1615, '建昌县', 120, 0, 3),
(1616, '绥中县', 120, 0, 3),
(1617, '连山区', 120, 0, 3),
(1618, '龙港区', 120, 0, 3),
(1619, '九台市', 121, 0, 3),
(1620, '二道区', 121, 0, 3),
(1621, '农安县', 121, 0, 3),
(1622, '南关区', 121, 0, 3),
(1623, '双阳区', 121, 0, 3),
(1624, '宽城区', 121, 0, 3),
(1625, '德惠市', 121, 0, 3),
(1626, '朝阳区', 121, 0, 3),
(1627, '榆树市', 121, 0, 3),
(1628, '绿园区', 121, 0, 3),
(1629, '丰满区', 122, 0, 3),
(1630, '昌邑区', 122, 0, 3),
(1631, '桦甸市', 122, 0, 3),
(1632, '永吉县', 122, 0, 3),
(1633, '磐石市', 122, 0, 3),
(1634, '舒兰市', 122, 0, 3),
(1635, '船营区', 122, 0, 3),
(1636, '蛟河市', 122, 0, 3),
(1637, '龙潭区', 122, 0, 3),
(1638, '伊通满族自治县', 123, 0, 3),
(1639, '公主岭市', 123, 0, 3),
(1640, '双辽市', 123, 0, 3),
(1641, '梨树县', 123, 0, 3),
(1642, '铁东区', 123, 0, 3),
(1643, '铁西区', 123, 0, 3),
(1644, '东丰县', 124, 0, 3),
(1645, '东辽县', 124, 0, 3),
(1646, '西安区', 124, 0, 3),
(1647, '龙山区', 124, 0, 3),
(1648, '东昌区', 125, 0, 3),
(1649, '二道江区', 125, 0, 3),
(1650, '柳河县', 125, 0, 3),
(1651, '梅河口市', 125, 0, 3),
(1652, '辉南县', 125, 0, 3),
(1653, '通化县', 125, 0, 3),
(1654, '集安市', 125, 0, 3),
(1655, '临江市', 126, 0, 3),
(1656, '八道江区', 126, 0, 3),
(1657, '抚松县', 126, 0, 3),
(1658, '江源区', 126, 0, 3),
(1659, '长白朝鲜族自治县', 126, 0, 3),
(1660, '靖宇县', 126, 0, 3),
(1661, '干安县', 127, 0, 3),
(1662, '前郭尔罗斯蒙古族自治县', 127, 0, 3),
(1663, '宁江区', 127, 0, 3),
(1664, '扶余县', 127, 0, 3),
(1665, '长岭县', 127, 0, 3),
(1666, '大安市', 128, 0, 3),
(1667, '洮北区', 128, 0, 3),
(1668, '洮南市', 128, 0, 3),
(1669, '通榆县', 128, 0, 3),
(1670, '镇赉县', 128, 0, 3),
(1671, '和龙市', 129, 0, 3),
(1672, '图们市', 129, 0, 3),
(1673, '安图县', 129, 0, 3),
(1674, '延吉市', 129, 0, 3),
(1675, '敦化市', 129, 0, 3),
(1676, '汪清县', 129, 0, 3),
(1677, '珲春市', 129, 0, 3),
(1678, '龙井市', 129, 0, 3),
(1679, '五常市', 130, 0, 3),
(1680, '依兰县', 130, 0, 3),
(1681, '南岗区', 130, 0, 3),
(1682, '双城市', 130, 0, 3),
(1683, '呼兰区', 130, 0, 3),
(1684, '哈尔滨市道里区', 130, 0, 3),
(1685, '宾县', 130, 0, 3),
(1686, '尚志市', 130, 0, 3),
(1687, '巴彦县', 130, 0, 3),
(1688, '平房区', 130, 0, 3),
(1689, '延寿县', 130, 0, 3),
(1690, '方正县', 130, 0, 3),
(1691, '木兰县', 130, 0, 3),
(1692, '松北区', 130, 0, 3),
(1693, '通河县', 130, 0, 3),
(1694, '道外区', 130, 0, 3),
(1695, '阿城区', 130, 0, 3),
(1696, '香坊区', 130, 0, 3),
(1697, '依安县', 131, 0, 3),
(1698, '克东县', 131, 0, 3),
(1699, '克山县', 131, 0, 3),
(1700, '富拉尔基区', 131, 0, 3),
(1701, '富裕县', 131, 0, 3),
(1702, '建华区', 131, 0, 3),
(1703, '拜泉县', 131, 0, 3),
(1704, '昂昂溪区', 131, 0, 3),
(1705, '梅里斯达斡尔族区', 131, 0, 3),
(1706, '泰来县', 131, 0, 3),
(1707, '甘南县', 131, 0, 3),
(1708, '碾子山区', 131, 0, 3),
(1709, '讷河市', 131, 0, 3),
(1710, '铁锋区', 131, 0, 3),
(1711, '龙江县', 131, 0, 3),
(1712, '龙沙区', 131, 0, 3),
(1713, '城子河区', 132, 0, 3),
(1714, '密山市', 132, 0, 3),
(1715, '恒山区', 132, 0, 3),
(1716, '梨树区', 132, 0, 3),
(1717, '滴道区', 132, 0, 3),
(1718, '虎林市', 132, 0, 3),
(1719, '鸡东县', 132, 0, 3),
(1720, '鸡冠区', 132, 0, 3),
(1721, '麻山区', 132, 0, 3),
(1722, '东山区', 133, 0, 3),
(1723, '兴安区', 133, 0, 3),
(1724, '兴山区', 133, 0, 3),
(1725, '南山区', 133, 0, 3),
(1726, '向阳区', 133, 0, 3),
(1727, '工农区', 133, 0, 3),
(1728, '绥滨县', 133, 0, 3),
(1729, '萝北县', 133, 0, 3),
(1730, '友谊县', 134, 0, 3),
(1731, '四方台区', 134, 0, 3),
(1732, '宝山区', 134, 0, 3),
(1733, '宝清县', 134, 0, 3),
(1734, '尖山区', 134, 0, 3),
(1735, '岭东区', 134, 0, 3),
(1736, '集贤县', 134, 0, 3),
(1737, '饶河县', 134, 0, 3),
(1738, '大同区', 135, 0, 3),
(1739, '杜尔伯特蒙古族自治县', 135, 0, 3),
(1740, '林甸县', 135, 0, 3),
(1741, '红岗区', 135, 0, 3),
(1742, '肇州县', 135, 0, 3),
(1743, '肇源县', 135, 0, 3),
(1744, '胡路区', 135, 0, 3),
(1745, '萨尔图区', 135, 0, 3),
(1746, '龙凤区', 135, 0, 3),
(1747, '上甘岭区', 136, 0, 3),
(1748, '乌伊岭区', 136, 0, 3),
(1749, '乌马河区', 136, 0, 3),
(1750, '五营区', 136, 0, 3),
(1751, '伊春区', 136, 0, 3),
(1752, '南岔区', 136, 0, 3),
(1753, '友好区', 136, 0, 3),
(1754, '嘉荫县', 136, 0, 3),
(1755, '带岭区', 136, 0, 3),
(1756, '新青区', 136, 0, 3),
(1757, '汤旺河区', 136, 0, 3),
(1758, '红星区', 136, 0, 3),
(1759, '美溪区', 136, 0, 3),
(1760, '翠峦区', 136, 0, 3),
(1761, '西林区', 136, 0, 3),
(1762, '金山屯区', 136, 0, 3),
(1763, '铁力市', 136, 0, 3),
(1764, '东风区', 137, 0, 3),
(1765, '前进区', 137, 0, 3),
(1766, '同江市', 137, 0, 3),
(1767, '向阳区', 137, 0, 3),
(1768, '富锦市', 137, 0, 3),
(1769, '抚远县', 137, 0, 3),
(1770, '桦南县', 137, 0, 3),
(1771, '桦川县', 137, 0, 3),
(1772, '汤原县', 137, 0, 3),
(1773, '郊区', 137, 0, 3),
(1774, '勃利县', 138, 0, 3),
(1775, '新兴区', 138, 0, 3),
(1776, '桃山区', 138, 0, 3),
(1777, '茄子河区', 138, 0, 3),
(1778, '东宁县', 139, 0, 3),
(1779, '东安区', 139, 0, 3),
(1780, '宁安市', 139, 0, 3),
(1781, '林口县', 139, 0, 3),
(1782, '海林市', 139, 0, 3),
(1783, '爱民区', 139, 0, 3),
(1784, '穆棱市', 139, 0, 3),
(1785, '绥芬河市', 139, 0, 3),
(1786, '西安区', 139, 0, 3),
(1787, '阳明区', 139, 0, 3),
(1788, '五大连池市', 140, 0, 3),
(1789, '北安市', 140, 0, 3),
(1790, '嫩江县', 140, 0, 3),
(1791, '孙吴县', 140, 0, 3),
(1792, '爱辉区', 140, 0, 3),
(1793, '车逊克县', 140, 0, 3),
(1794, '逊克县', 140, 0, 3),
(1795, '兰西县', 141, 0, 3),
(1796, '安达市', 141, 0, 3),
(1797, '庆安县', 141, 0, 3),
(1798, '明水县', 141, 0, 3),
(1799, '望奎县', 141, 0, 3),
(1800, '海伦市', 141, 0, 3),
(1801, '绥化市北林区', 141, 0, 3),
(1802, '绥棱县', 141, 0, 3),
(1803, '肇东市', 141, 0, 3),
(1804, '青冈县', 141, 0, 3),
(1805, '呼玛县', 142, 0, 3),
(1806, '塔河县', 142, 0, 3),
(1807, '大兴安岭地区加格达奇区', 142, 0, 3),
(1808, '大兴安岭地区呼中区', 142, 0, 3),
(1809, '大兴安岭地区新林区', 142, 0, 3),
(1810, '大兴安岭地区松岭区', 142, 0, 3),
(1811, '漠河县', 142, 0, 3),
(2027, '下关区', 162, 0, 3),
(2028, '六合区', 162, 0, 3),
(2029, '建邺区', 162, 0, 3),
(2030, '栖霞区', 162, 0, 3),
(2031, '江宁区', 162, 0, 3),
(2032, '浦口区', 162, 0, 3),
(2033, '溧水县', 162, 0, 3),
(2034, '玄武区', 162, 0, 3),
(2035, '白下区', 162, 0, 3),
(2036, '秦淮区', 162, 0, 3),
(2037, '雨花台区', 162, 0, 3),
(2038, '高淳县', 162, 0, 3),
(2039, '鼓楼区', 162, 0, 3),
(2040, '北塘区', 163, 0, 3),
(2041, '南长区', 163, 0, 3),
(2042, '宜兴市', 163, 0, 3),
(2043, '崇安区', 163, 0, 3),
(2044, '惠山区', 163, 0, 3),
(2045, '江阴市', 163, 0, 3),
(2046, '滨湖区', 163, 0, 3),
(2047, '锡山区', 163, 0, 3),
(2048, '丰县', 164, 0, 3),
(2049, '九里区', 164, 0, 3),
(2050, '云龙区', 164, 0, 3),
(2051, '新沂市', 164, 0, 3),
(2052, '沛县', 164, 0, 3),
(2053, '泉山区', 164, 0, 3),
(2054, '睢宁县', 164, 0, 3),
(2055, '贾汪区', 164, 0, 3),
(2056, '邳州市', 164, 0, 3),
(2057, '铜山县', 164, 0, 3),
(2058, '鼓楼区', 164, 0, 3),
(2059, '天宁区', 165, 0, 3),
(2060, '戚墅堰区', 165, 0, 3),
(2061, '新北区', 165, 0, 3),
(2062, '武进区', 165, 0, 3),
(2063, '溧阳市', 165, 0, 3),
(2064, '金坛市', 165, 0, 3),
(2065, '钟楼区', 165, 0, 3),
(2066, '吴中区', 166, 0, 3),
(2067, '吴江市', 166, 0, 3),
(2068, '太仓市', 166, 0, 3),
(2069, '常熟市', 166, 0, 3),
(2070, '平江区', 166, 0, 3),
(2071, '张家港市', 166, 0, 3),
(2072, '昆山市', 166, 0, 3),
(2073, '沧浪区', 166, 0, 3),
(2074, '相城区', 166, 0, 3),
(2075, '苏州工业园区', 166, 0, 3),
(2076, '虎丘区', 166, 0, 3),
(2077, '金阊区', 166, 0, 3),
(2078, '启东市', 167, 0, 3),
(2079, '如东县', 167, 0, 3),
(2080, '如皋市', 167, 0, 3),
(2081, '崇川区', 167, 0, 3),
(2082, '海安县', 167, 0, 3),
(2083, '海门市', 167, 0, 3),
(2084, '港闸区', 167, 0, 3),
(2085, '通州市', 167, 0, 3),
(2086, '东海县', 168, 0, 3),
(2087, '新浦区', 168, 0, 3),
(2088, '海州区', 168, 0, 3),
(2089, '灌云县', 168, 0, 3),
(2090, '灌南县', 168, 0, 3),
(2091, '赣榆县', 168, 0, 3),
(2092, '连云区', 168, 0, 3),
(2093, '楚州区', 169, 0, 3),
(2094, '洪泽县', 169, 0, 3),
(2095, '涟水县', 169, 0, 3),
(2096, '淮阴区', 169, 0, 3),
(2097, '清河区', 169, 0, 3),
(2098, '清浦区', 169, 0, 3),
(2099, '盱眙县', 169, 0, 3),
(2100, '金湖县', 169, 0, 3),
(2101, '东台市', 170, 0, 3),
(2102, '亭湖区', 170, 0, 3),
(2103, '响水县', 170, 0, 3),
(2104, '大丰市', 170, 0, 3),
(2105, '射阳县', 170, 0, 3),
(2106, '建湖县', 170, 0, 3),
(2107, '滨海县', 170, 0, 3),
(2108, '盐都区', 170, 0, 3),
(2109, '阜宁县', 170, 0, 3),
(2110, '仪征市', 171, 0, 3),
(2111, '宝应县', 171, 0, 3),
(2112, '广陵区', 171, 0, 3),
(2113, '江都市', 171, 0, 3),
(2114, '维扬区', 171, 0, 3),
(2115, '邗江区', 171, 0, 3),
(2116, '高邮市', 171, 0, 3),
(2117, '丹徒区', 172, 0, 3),
(2118, '丹阳市', 172, 0, 3),
(2119, '京口区', 172, 0, 3),
(2120, '句容市', 172, 0, 3),
(2121, '扬中市', 172, 0, 3),
(2122, '润州区', 172, 0, 3),
(2123, '兴化市', 173, 0, 3),
(2124, '姜堰市', 173, 0, 3),
(2125, '泰兴市', 173, 0, 3),
(2126, '海陵区', 173, 0, 3),
(2127, '靖江市', 173, 0, 3),
(2128, '高港区', 173, 0, 3),
(2129, '宿城区', 174, 0, 3),
(2130, '宿豫区', 174, 0, 3),
(2131, '沭阳县', 174, 0, 3),
(2132, '泗洪县', 174, 0, 3),
(2133, '泗阳县', 174, 0, 3),
(2134, '上城区', 175, 0, 3),
(2135, '下城区', 175, 0, 3),
(2136, '临安市', 175, 0, 3),
(2137, '余杭区', 175, 0, 3),
(2138, '富阳市', 175, 0, 3),
(2139, '建德市', 175, 0, 3),
(2140, '拱墅区', 175, 0, 3),
(2141, '桐庐县', 175, 0, 3),
(2142, '江干区', 175, 0, 3),
(2143, '淳安县', 175, 0, 3),
(2144, '滨江区', 175, 0, 3),
(2145, '萧山区', 175, 0, 3),
(2146, '西湖区', 175, 0, 3),
(2147, '余姚市', 176, 0, 3),
(2148, '北仑区', 176, 0, 3),
(2149, '奉化市', 176, 0, 3),
(2150, '宁海县', 176, 0, 3),
(2151, '慈溪市', 176, 0, 3),
(2152, '江东区', 176, 0, 3),
(2153, '江北区', 176, 0, 3),
(2154, '海曙区', 176, 0, 3),
(2155, '象山县', 176, 0, 3),
(2156, '鄞州区', 176, 0, 3),
(2157, '镇海区', 176, 0, 3),
(2158, '乐清市', 177, 0, 3),
(2159, '平阳县', 177, 0, 3),
(2160, '文成县', 177, 0, 3),
(2161, '永嘉县', 177, 0, 3),
(2162, '泰顺县', 177, 0, 3),
(2163, '洞头县', 177, 0, 3),
(2164, '瑞安市', 177, 0, 3),
(2165, '瓯海区', 177, 0, 3),
(2166, '苍南县', 177, 0, 3),
(2167, '鹿城区', 177, 0, 3),
(2168, '龙湾区', 177, 0, 3),
(2169, '南湖区', 178, 0, 3),
(2170, '嘉善县', 178, 0, 3),
(2171, '平湖市', 178, 0, 3),
(2172, '桐乡市', 178, 0, 3),
(2173, '海宁市', 178, 0, 3),
(2174, '海盐县', 178, 0, 3),
(2175, '秀洲区', 178, 0, 3),
(2176, '南浔区', 179, 0, 3),
(2177, '吴兴区', 179, 0, 3),
(2178, '安吉县', 179, 0, 3),
(2179, '德清县', 179, 0, 3),
(2180, '长兴县', 179, 0, 3),
(2181, '上虞市', 180, 0, 3),
(2182, '嵊州市', 180, 0, 3),
(2183, '新昌县', 180, 0, 3),
(2184, '绍兴县', 180, 0, 3),
(2185, '诸暨市', 180, 0, 3),
(2186, '越城区', 180, 0, 3),
(2187, '定海区', 181, 0, 3),
(2188, '岱山县', 181, 0, 3),
(2189, '嵊泗县', 181, 0, 3),
(2190, '普陀区', 181, 0, 3),
(2191, '常山县', 182, 0, 3),
(2192, '开化县', 182, 0, 3),
(2193, '柯城区', 182, 0, 3),
(2194, '江山市', 182, 0, 3),
(2195, '衢江区', 182, 0, 3),
(2196, '龙游县', 182, 0, 3),
(2197, '东阳市', 183, 0, 3),
(2198, '义乌市', 183, 0, 3),
(2199, '兰溪市', 183, 0, 3),
(2200, '婺城区', 183, 0, 3),
(2201, '武义县', 183, 0, 3),
(2202, '永康市', 183, 0, 3),
(2203, '浦江县', 183, 0, 3),
(2204, '磐安县', 183, 0, 3),
(2205, '金东区', 183, 0, 3),
(2206, '三门县', 184, 0, 3),
(2207, '临海市', 184, 0, 3),
(2208, '仙居县', 184, 0, 3),
(2209, '天台县', 184, 0, 3),
(2210, '椒江区', 184, 0, 3),
(2211, '温岭市', 184, 0, 3),
(2212, '玉环县', 184, 0, 3),
(2213, '路桥区', 184, 0, 3),
(2214, '黄岩区', 184, 0, 3),
(2215, '云和县', 185, 0, 3),
(2216, '庆元县', 185, 0, 3),
(2217, '景宁畲族自治县', 185, 0, 3),
(2218, '松阳县', 185, 0, 3),
(2219, '缙云县', 185, 0, 3),
(2220, '莲都区', 185, 0, 3),
(2221, '遂昌县', 185, 0, 3),
(2222, '青田县', 185, 0, 3),
(2223, '龙泉市', 185, 0, 3),
(2224, '包河区', 186, 0, 3),
(2225, '庐阳区', 186, 0, 3),
(2226, '瑶海区', 186, 0, 3),
(2227, '肥东县', 186, 0, 3),
(2228, '肥西县', 186, 0, 3),
(2229, '蜀山区', 186, 0, 3),
(2230, '长丰县', 186, 0, 3),
(2231, '三山区', 187, 0, 3),
(2232, '南陵县', 187, 0, 3),
(2233, '弋江区', 187, 0, 3),
(2234, '繁昌县', 187, 0, 3),
(2235, '芜湖县', 187, 0, 3),
(2236, '镜湖区', 187, 0, 3),
(2237, '鸠江区', 187, 0, 3),
(2238, '五河县', 188, 0, 3),
(2239, '固镇县', 188, 0, 3),
(2240, '怀远县', 188, 0, 3),
(2241, '淮上区', 188, 0, 3),
(2242, '禹会区', 188, 0, 3),
(2243, '蚌山区', 188, 0, 3),
(2244, '龙子湖区', 188, 0, 3),
(2245, '八公山区', 189, 0, 3),
(2246, '凤台县', 189, 0, 3),
(2247, '大通区', 189, 0, 3),
(2248, '潘集区', 189, 0, 3),
(2249, '田家庵区', 189, 0, 3),
(2250, '谢家集区', 189, 0, 3),
(2251, '当涂县', 190, 0, 3),
(2252, '花山区', 190, 0, 3),
(2253, '金家庄区', 190, 0, 3),
(2254, '雨山区', 190, 0, 3),
(2255, '杜集区', 191, 0, 3),
(2256, '濉溪县', 191, 0, 3),
(2257, '烈山区', 191, 0, 3),
(2258, '相山区', 191, 0, 3),
(2259, '狮子山区', 192, 0, 3),
(2260, '郊区', 192, 0, 3),
(2261, '铜官山区', 192, 0, 3),
(2262, '铜陵县', 192, 0, 3),
(2263, '大观区', 193, 0, 3),
(2264, '太湖县', 193, 0, 3),
(2265, '宜秀区', 193, 0, 3),
(2266, '宿松县', 193, 0, 3),
(2267, '岳西县', 193, 0, 3),
(2268, '怀宁县', 193, 0, 3),
(2269, '望江县', 193, 0, 3),
(2270, '枞阳县', 193, 0, 3),
(2271, '桐城市', 193, 0, 3),
(2272, '潜山县', 193, 0, 3),
(2273, '迎江区', 193, 0, 3),
(2274, '休宁县', 194, 0, 3),
(2275, '屯溪区', 194, 0, 3),
(2276, '徽州区', 194, 0, 3),
(2277, '歙县', 194, 0, 3),
(2278, '祁门县', 194, 0, 3),
(2279, '黄山区', 194, 0, 3),
(2280, '黟县', 194, 0, 3),
(2281, '全椒县', 195, 0, 3),
(2282, '凤阳县', 195, 0, 3),
(2283, '南谯区', 195, 0, 3),
(2284, '天长市', 195, 0, 3),
(2285, '定远县', 195, 0, 3),
(2286, '明光市', 195, 0, 3),
(2287, '来安县', 195, 0, 3),
(2288, '琅玡区', 195, 0, 3),
(2289, '临泉县', 196, 0, 3),
(2290, '太和县', 196, 0, 3),
(2291, '界首市', 196, 0, 3),
(2292, '阜南县', 196, 0, 3),
(2293, '颍东区', 196, 0, 3),
(2294, '颍州区', 196, 0, 3),
(2295, '颍泉区', 196, 0, 3),
(2296, '颖上县', 196, 0, 3),
(2297, '埇桥区', 197, 0, 3),
(2298, '泗县辖', 197, 0, 3),
(2299, '灵璧县', 197, 0, 3),
(2300, '砀山县', 197, 0, 3),
(2301, '萧县', 197, 0, 3),
(2302, '含山县', 198, 0, 3),
(2303, '和县', 198, 0, 3),
(2304, '居巢区', 198, 0, 3),
(2305, '庐江县', 198, 0, 3),
(2306, '无为县', 198, 0, 3),
(2307, '寿县', 199, 0, 3),
(2308, '舒城县', 199, 0, 3),
(2309, '裕安区', 199, 0, 3),
(2310, '金安区', 199, 0, 3),
(2311, '金寨县', 199, 0, 3),
(2312, '霍山县', 199, 0, 3),
(2313, '霍邱县', 199, 0, 3),
(2314, '利辛县', 200, 0, 3),
(2315, '涡阳县', 200, 0, 3),
(2316, '蒙城县', 200, 0, 3),
(2317, '谯城区', 200, 0, 3),
(2318, '东至县', 201, 0, 3),
(2319, '石台县', 201, 0, 3),
(2320, '贵池区', 201, 0, 3),
(2321, '青阳县', 201, 0, 3),
(2322, '宁国市', 202, 0, 3),
(2323, '宣州区', 202, 0, 3),
(2324, '广德县', 202, 0, 3),
(2325, '旌德县', 202, 0, 3),
(2326, '泾县', 202, 0, 3),
(2327, '绩溪县', 202, 0, 3),
(2328, '郎溪县', 202, 0, 3),
(2329, '仓山区', 203, 0, 3),
(2330, '台江区', 203, 0, 3),
(2331, '平潭县', 203, 0, 3),
(2332, '晋安区', 203, 0, 3),
(2333, '永泰县', 203, 0, 3),
(2334, '福清市', 203, 0, 3),
(2335, '罗源县', 203, 0, 3),
(2336, '连江县', 203, 0, 3),
(2337, '长乐市', 203, 0, 3),
(2338, '闽侯县', 203, 0, 3),
(2339, '闽清县', 203, 0, 3),
(2340, '马尾区', 203, 0, 3),
(2341, '鼓楼区', 203, 0, 3),
(2342, '同安区', 204, 0, 3),
(2343, '思明区', 204, 0, 3),
(2344, '海沧区', 204, 0, 3),
(2345, '湖里区', 204, 0, 3),
(2346, '翔安区', 204, 0, 3),
(2347, '集美区', 204, 0, 3),
(2348, '仙游县', 205, 0, 3),
(2349, '城厢区', 205, 0, 3),
(2350, '涵江区', 205, 0, 3),
(2351, '秀屿区', 205, 0, 3),
(2352, '荔城区', 205, 0, 3),
(2353, '三元区', 206, 0, 3),
(2354, '大田县', 206, 0, 3),
(2355, '宁化县', 206, 0, 3),
(2356, '将乐县', 206, 0, 3),
(2357, '尤溪县', 206, 0, 3),
(2358, '建宁县', 206, 0, 3),
(2359, '明溪县', 206, 0, 3),
(2360, '梅列区', 206, 0, 3),
(2361, '永安市', 206, 0, 3),
(2362, '沙县', 206, 0, 3),
(2363, '泰宁县', 206, 0, 3),
(2364, '清流县', 206, 0, 3),
(2365, '丰泽区', 207, 0, 3),
(2366, '南安市', 207, 0, 3),
(2367, '安溪县', 207, 0, 3),
(2368, '德化县', 207, 0, 3),
(2369, '惠安县', 207, 0, 3),
(2370, '晋江市', 207, 0, 3),
(2371, '永春县', 207, 0, 3),
(2372, '泉港区', 207, 0, 3),
(2373, '洛江区', 207, 0, 3),
(2374, '石狮市', 207, 0, 3),
(2375, '金门县', 207, 0, 3),
(2376, '鲤城区', 207, 0, 3),
(2377, '东山县', 208, 0, 3),
(2378, '云霄县', 208, 0, 3),
(2379, '华安县', 208, 0, 3),
(2380, '南靖县', 208, 0, 3),
(2381, '平和县', 208, 0, 3),
(2382, '漳浦县', 208, 0, 3),
(2383, '芗城区', 208, 0, 3),
(2384, '诏安县', 208, 0, 3),
(2385, '长泰县', 208, 0, 3),
(2386, '龙文区', 208, 0, 3),
(2387, '龙海市', 208, 0, 3),
(2388, '光泽县', 209, 0, 3),
(2389, '延平区', 209, 0, 3),
(2390, '建瓯市', 209, 0, 3),
(2391, '建阳市', 209, 0, 3),
(2392, '政和县', 209, 0, 3),
(2393, '松溪县', 209, 0, 3),
(2394, '武夷山市', 209, 0, 3),
(2395, '浦城县', 209, 0, 3),
(2396, '邵武市', 209, 0, 3),
(2397, '顺昌县', 209, 0, 3),
(2398, '上杭县', 210, 0, 3),
(2399, '新罗区', 210, 0, 3),
(2400, '武平县', 210, 0, 3),
(2401, '永定县', 210, 0, 3),
(2402, '漳平市', 210, 0, 3),
(2403, '连城县', 210, 0, 3),
(2404, '长汀县', 210, 0, 3),
(2405, '古田县', 211, 0, 3),
(2406, '周宁县', 211, 0, 3),
(2407, '寿宁县', 211, 0, 3),
(2408, '屏南县', 211, 0, 3),
(2409, '柘荣县', 211, 0, 3),
(2410, '福安市', 211, 0, 3),
(2411, '福鼎市', 211, 0, 3),
(2412, '蕉城区', 211, 0, 3),
(2413, '霞浦县', 211, 0, 3),
(2414, '东湖区', 212, 0, 3),
(2415, '南昌县', 212, 0, 3),
(2416, '安义县', 212, 0, 3),
(2417, '新建县', 212, 0, 3),
(2418, '湾里区', 212, 0, 3),
(2419, '西湖区', 212, 0, 3),
(2420, '进贤县', 212, 0, 3),
(2421, '青云谱区', 212, 0, 3),
(2422, '青山湖区', 212, 0, 3),
(2423, '乐平市', 213, 0, 3),
(2424, '昌江区', 213, 0, 3),
(2425, '浮梁县', 213, 0, 3),
(2426, '珠山区', 213, 0, 3),
(2427, '上栗县', 214, 0, 3),
(2428, '安源区', 214, 0, 3),
(2429, '湘东区', 214, 0, 3),
(2430, '芦溪县', 214, 0, 3),
(2431, '莲花县', 214, 0, 3),
(2432, '九江县', 215, 0, 3),
(2433, '修水县', 215, 0, 3);
INSERT INTO `cor_area` (`area_id`, `area_name`, `area_parent_id`, `area_sort`, `area_deep`) VALUES
(2434, '庐山区', 215, 0, 3),
(2435, '彭泽县', 215, 0, 3),
(2436, '德安县', 215, 0, 3),
(2437, '星子县', 215, 0, 3),
(2438, '武宁县', 215, 0, 3),
(2439, '永修县', 215, 0, 3),
(2440, '浔阳区', 215, 0, 3),
(2441, '湖口县', 215, 0, 3),
(2442, '瑞昌市', 215, 0, 3),
(2443, '都昌县', 215, 0, 3),
(2444, '分宜县', 216, 0, 3),
(2445, '渝水区', 216, 0, 3),
(2446, '余江县', 217, 0, 3),
(2447, '月湖区', 217, 0, 3),
(2448, '贵溪市', 217, 0, 3),
(2449, '上犹县', 218, 0, 3),
(2450, '于都县', 218, 0, 3),
(2451, '会昌县', 218, 0, 3),
(2452, '信丰县', 218, 0, 3),
(2453, '全南县', 218, 0, 3),
(2454, '兴国县', 218, 0, 3),
(2455, '南康市', 218, 0, 3),
(2456, '大余县', 218, 0, 3),
(2457, '宁都县', 218, 0, 3),
(2458, '安远县', 218, 0, 3),
(2459, '定南县', 218, 0, 3),
(2460, '寻乌县', 218, 0, 3),
(2461, '崇义县', 218, 0, 3),
(2462, '瑞金市', 218, 0, 3),
(2463, '石城县', 218, 0, 3),
(2464, '章贡区', 218, 0, 3),
(2465, '赣县', 218, 0, 3),
(2466, '龙南县', 218, 0, 3),
(2467, '万安县', 219, 0, 3),
(2468, '井冈山市', 219, 0, 3),
(2469, '吉安县', 219, 0, 3),
(2470, '吉州区', 219, 0, 3),
(2471, '吉水县', 219, 0, 3),
(2472, '安福县', 219, 0, 3),
(2473, '峡江县', 219, 0, 3),
(2474, '新干县', 219, 0, 3),
(2475, '永丰县', 219, 0, 3),
(2476, '永新县', 219, 0, 3),
(2477, '泰和县', 219, 0, 3),
(2478, '遂川县', 219, 0, 3),
(2479, '青原区', 219, 0, 3),
(2480, '万载县', 220, 0, 3),
(2481, '上高县', 220, 0, 3),
(2482, '丰城市', 220, 0, 3),
(2483, '奉新县', 220, 0, 3),
(2484, '宜丰县', 220, 0, 3),
(2485, '樟树市', 220, 0, 3),
(2486, '袁州区', 220, 0, 3),
(2487, '铜鼓县', 220, 0, 3),
(2488, '靖安县', 220, 0, 3),
(2489, '高安市', 220, 0, 3),
(2490, '东乡县', 221, 0, 3),
(2491, '临川区', 221, 0, 3),
(2492, '乐安县', 221, 0, 3),
(2493, '南丰县', 221, 0, 3),
(2494, '南城县', 221, 0, 3),
(2495, '宜黄县', 221, 0, 3),
(2496, '崇仁县', 221, 0, 3),
(2497, '广昌县', 221, 0, 3),
(2498, '资溪县', 221, 0, 3),
(2499, '金溪县', 221, 0, 3),
(2500, '黎川县', 221, 0, 3),
(2501, '万年县', 222, 0, 3),
(2502, '上饶县', 222, 0, 3),
(2503, '余干县', 222, 0, 3),
(2504, '信州区', 222, 0, 3),
(2505, '婺源县', 222, 0, 3),
(2506, '广丰县', 222, 0, 3),
(2507, '弋阳县', 222, 0, 3),
(2508, '德兴市', 222, 0, 3),
(2509, '横峰县', 222, 0, 3),
(2510, '玉山县', 222, 0, 3),
(2511, '鄱阳县', 222, 0, 3),
(2512, '铅山县', 222, 0, 3),
(2513, '历下区', 223, 0, 3),
(2514, '历城区', 223, 0, 3),
(2515, '商河县', 223, 0, 3),
(2516, '天桥区', 223, 0, 3),
(2517, '市中区', 223, 0, 3),
(2518, '平阴县', 223, 0, 3),
(2519, '槐荫区', 223, 0, 3),
(2520, '济阳县', 223, 0, 3),
(2521, '章丘市', 223, 0, 3),
(2522, '长清区', 223, 0, 3),
(2523, '即墨市', 224, 0, 3),
(2524, '四方区', 224, 0, 3),
(2525, '城阳区', 224, 0, 3),
(2526, '崂山区', 224, 0, 3),
(2527, '市北区', 224, 0, 3),
(2528, '市南区', 224, 0, 3),
(2529, '平度市', 224, 0, 3),
(2530, '李沧区', 224, 0, 3),
(2531, '胶南市', 224, 0, 3),
(2532, '胶州市', 224, 0, 3),
(2533, '莱西市', 224, 0, 3),
(2534, '黄岛区', 224, 0, 3),
(2535, '临淄区', 225, 0, 3),
(2536, '博山区', 225, 0, 3),
(2537, '周村区', 225, 0, 3),
(2538, '张店区', 225, 0, 3),
(2539, '桓台县', 225, 0, 3),
(2540, '沂源县', 225, 0, 3),
(2541, '淄川区', 225, 0, 3),
(2542, '高青县', 225, 0, 3),
(2543, '台儿庄区', 226, 0, 3),
(2544, '山亭区', 226, 0, 3),
(2545, '峄城区', 226, 0, 3),
(2546, '市中区', 226, 0, 3),
(2547, '滕州市', 226, 0, 3),
(2548, '薛城区', 226, 0, 3),
(2549, '东营区', 227, 0, 3),
(2550, '利津县', 227, 0, 3),
(2551, '垦利县', 227, 0, 3),
(2552, '广饶县', 227, 0, 3),
(2553, '河口区', 227, 0, 3),
(2554, '招远市', 228, 0, 3),
(2555, '栖霞市', 228, 0, 3),
(2556, '海阳市', 228, 0, 3),
(2557, '牟平区', 228, 0, 3),
(2558, '福山区', 228, 0, 3),
(2559, '芝罘区', 228, 0, 3),
(2560, '莱山区', 228, 0, 3),
(2561, '莱州市', 228, 0, 3),
(2562, '莱阳市', 228, 0, 3),
(2563, '蓬莱市', 228, 0, 3),
(2564, '长岛县', 228, 0, 3),
(2565, '龙口市', 228, 0, 3),
(2566, '临朐县', 229, 0, 3),
(2567, '坊子区', 229, 0, 3),
(2568, '奎文区', 229, 0, 3),
(2569, '安丘市', 229, 0, 3),
(2570, '寒亭区', 229, 0, 3),
(2571, '寿光市', 229, 0, 3),
(2572, '昌乐县', 229, 0, 3),
(2573, '昌邑市', 229, 0, 3),
(2574, '潍城区', 229, 0, 3),
(2575, '诸城市', 229, 0, 3),
(2576, '青州市', 229, 0, 3),
(2577, '高密市', 229, 0, 3),
(2578, '任城区', 230, 0, 3),
(2579, '兖州市', 230, 0, 3),
(2580, '嘉祥县', 230, 0, 3),
(2581, '市中区', 230, 0, 3),
(2582, '微山县', 230, 0, 3),
(2583, '曲阜市', 230, 0, 3),
(2584, '梁山县', 230, 0, 3),
(2585, '汶上县', 230, 0, 3),
(2586, '泗水县', 230, 0, 3),
(2587, '邹城市', 230, 0, 3),
(2588, '金乡县', 230, 0, 3),
(2589, '鱼台县', 230, 0, 3),
(2590, '东平县', 231, 0, 3),
(2591, '宁阳县', 231, 0, 3),
(2592, '岱岳区', 231, 0, 3),
(2593, '新泰市', 231, 0, 3),
(2594, '泰山区', 231, 0, 3),
(2595, '肥城市', 231, 0, 3),
(2596, '乳山市', 232, 0, 3),
(2597, '文登市', 232, 0, 3),
(2598, '环翠区', 232, 0, 3),
(2599, '荣成市', 232, 0, 3),
(2600, '东港区', 233, 0, 3),
(2601, '五莲县', 233, 0, 3),
(2602, '岚山区', 233, 0, 3),
(2603, '莒县', 233, 0, 3),
(2604, '莱城区', 234, 0, 3),
(2605, '钢城区', 234, 0, 3),
(2606, '临沭县', 235, 0, 3),
(2607, '兰山区', 235, 0, 3),
(2608, '平邑县', 235, 0, 3),
(2609, '沂南县', 235, 0, 3),
(2610, '沂水县', 235, 0, 3),
(2611, '河东区', 235, 0, 3),
(2612, '罗庄区', 235, 0, 3),
(2613, '苍山县', 235, 0, 3),
(2614, '莒南县', 235, 0, 3),
(2615, '蒙阴县', 235, 0, 3),
(2616, '费县', 235, 0, 3),
(2617, '郯城县', 235, 0, 3),
(2618, '临邑县', 236, 0, 3),
(2619, '乐陵市', 236, 0, 3),
(2620, '夏津县', 236, 0, 3),
(2621, '宁津县', 236, 0, 3),
(2622, '平原县', 236, 0, 3),
(2623, '庆云县', 236, 0, 3),
(2624, '德城区', 236, 0, 3),
(2625, '武城县', 236, 0, 3),
(2626, '禹城市', 236, 0, 3),
(2627, '陵县', 236, 0, 3),
(2628, '齐河县', 236, 0, 3),
(2629, '东昌府区', 237, 0, 3),
(2630, '东阿县', 237, 0, 3),
(2631, '临清市', 237, 0, 3),
(2632, '冠县', 237, 0, 3),
(2633, '茌平县', 237, 0, 3),
(2634, '莘县', 237, 0, 3),
(2635, '阳谷县', 237, 0, 3),
(2636, '高唐县', 237, 0, 3),
(2637, '博兴县', 238, 0, 3),
(2638, '惠民县', 238, 0, 3),
(2639, '无棣县', 238, 0, 3),
(2640, '沾化县', 238, 0, 3),
(2641, '滨城区', 238, 0, 3),
(2642, '邹平县', 238, 0, 3),
(2643, '阳信县', 238, 0, 3),
(2644, '东明县', 239, 0, 3),
(2645, '单县', 239, 0, 3),
(2646, '定陶县', 239, 0, 3),
(2647, '巨野县', 239, 0, 3),
(2648, '成武县', 239, 0, 3),
(2649, '曹县', 239, 0, 3),
(2650, '牡丹区', 239, 0, 3),
(2651, '郓城县', 239, 0, 3),
(2652, '鄄城县', 239, 0, 3),
(2653, '上街区', 240, 0, 3),
(2654, '中原区', 240, 0, 3),
(2655, '中牟县', 240, 0, 3),
(2656, '二七区', 240, 0, 3),
(2657, '巩义市', 240, 0, 3),
(2658, '惠济区', 240, 0, 3),
(2659, '新密市', 240, 0, 3),
(2660, '新郑市', 240, 0, 3),
(2661, '登封市', 240, 0, 3),
(2662, '管城回族区', 240, 0, 3),
(2663, '荥阳市', 240, 0, 3),
(2664, '金水区', 240, 0, 3),
(2665, '兰考县', 241, 0, 3),
(2666, '尉氏县', 241, 0, 3),
(2667, '开封县', 241, 0, 3),
(2668, '杞县', 241, 0, 3),
(2669, '禹王台区', 241, 0, 3),
(2670, '通许县', 241, 0, 3),
(2671, '金明区', 241, 0, 3),
(2672, '顺河回族区', 241, 0, 3),
(2673, '鼓楼区', 241, 0, 3),
(2674, '龙亭区', 241, 0, 3),
(2675, '伊川县', 242, 0, 3),
(2676, '偃师市', 242, 0, 3),
(2677, '吉利区', 242, 0, 3),
(2678, '孟津县', 242, 0, 3),
(2679, '宜阳县', 242, 0, 3),
(2680, '嵩县', 242, 0, 3),
(2681, '新安县', 242, 0, 3),
(2682, '栾川县', 242, 0, 3),
(2683, '汝阳县', 242, 0, 3),
(2684, '洛宁县', 242, 0, 3),
(2685, '洛龙区', 242, 0, 3),
(2686, '涧西区', 242, 0, 3),
(2687, '瀍河回族区', 242, 0, 3),
(2688, '老城区', 242, 0, 3),
(2689, '西工区', 242, 0, 3),
(2690, '卫东区', 243, 0, 3),
(2691, '叶县', 243, 0, 3),
(2692, '宝丰县', 243, 0, 3),
(2693, '新华区', 243, 0, 3),
(2694, '汝州市', 243, 0, 3),
(2695, '湛河区', 243, 0, 3),
(2696, '石龙区', 243, 0, 3),
(2697, '舞钢市', 243, 0, 3),
(2698, '郏县', 243, 0, 3),
(2699, '鲁山县', 243, 0, 3),
(2700, '内黄县', 244, 0, 3),
(2701, '北关区', 244, 0, 3),
(2702, '安阳县', 244, 0, 3),
(2703, '文峰区', 244, 0, 3),
(2704, '林州市', 244, 0, 3),
(2705, '殷都区', 244, 0, 3),
(2706, '汤阴县', 244, 0, 3),
(2707, '滑县', 244, 0, 3),
(2708, '龙安区', 244, 0, 3),
(2709, '山城区', 245, 0, 3),
(2710, '浚县', 245, 0, 3),
(2711, '淇县', 245, 0, 3),
(2712, '淇滨区', 245, 0, 3),
(2713, '鹤山区', 245, 0, 3),
(2714, '凤泉区', 246, 0, 3),
(2715, '卫滨区', 246, 0, 3),
(2716, '卫辉市', 246, 0, 3),
(2717, '原阳县', 246, 0, 3),
(2718, '封丘县', 246, 0, 3),
(2719, '延津县', 246, 0, 3),
(2720, '新乡县', 246, 0, 3),
(2721, '牧野区', 246, 0, 3),
(2722, '红旗区', 246, 0, 3),
(2723, '获嘉县', 246, 0, 3),
(2724, '辉县市', 246, 0, 3),
(2725, '长垣县', 246, 0, 3),
(2726, '中站区', 247, 0, 3),
(2727, '修武县', 247, 0, 3),
(2728, '博爱县', 247, 0, 3),
(2729, '孟州市', 247, 0, 3),
(2730, '山阳区', 247, 0, 3),
(2731, '武陟县', 247, 0, 3),
(2732, '沁阳市', 247, 0, 3),
(2733, '温县', 247, 0, 3),
(2734, '解放区', 247, 0, 3),
(2735, '马村区', 247, 0, 3),
(2736, '华龙区', 248, 0, 3),
(2737, '南乐县', 248, 0, 3),
(2738, '台前县', 248, 0, 3),
(2739, '清丰县', 248, 0, 3),
(2740, '濮阳县', 248, 0, 3),
(2741, '范县', 248, 0, 3),
(2742, '禹州市', 249, 0, 3),
(2743, '襄城县', 249, 0, 3),
(2744, '许昌县', 249, 0, 3),
(2745, '鄢陵县', 249, 0, 3),
(2746, '长葛市', 249, 0, 3),
(2747, '魏都区', 249, 0, 3),
(2748, '临颍县', 250, 0, 3),
(2749, '召陵区', 250, 0, 3),
(2750, '源汇区', 250, 0, 3),
(2751, '舞阳县', 250, 0, 3),
(2752, '郾城区', 250, 0, 3),
(2753, '义马市', 251, 0, 3),
(2754, '卢氏县', 251, 0, 3),
(2755, '渑池县', 251, 0, 3),
(2756, '湖滨区', 251, 0, 3),
(2757, '灵宝市', 251, 0, 3),
(2758, '陕县', 251, 0, 3),
(2759, '内乡县', 252, 0, 3),
(2760, '南召县', 252, 0, 3),
(2761, '卧龙区', 252, 0, 3),
(2762, '唐河县', 252, 0, 3),
(2763, '宛城区', 252, 0, 3),
(2764, '新野县', 252, 0, 3),
(2765, '方城县', 252, 0, 3),
(2766, '桐柏县', 252, 0, 3),
(2767, '淅川县', 252, 0, 3),
(2768, '社旗县', 252, 0, 3),
(2769, '西峡县', 252, 0, 3),
(2770, '邓州市', 252, 0, 3),
(2771, '镇平县', 252, 0, 3),
(2772, '夏邑县', 253, 0, 3),
(2773, '宁陵县', 253, 0, 3),
(2774, '柘城县', 253, 0, 3),
(2775, '民权县', 253, 0, 3),
(2776, '永城市', 253, 0, 3),
(2777, '睢县', 253, 0, 3),
(2778, '睢阳区', 253, 0, 3),
(2779, '粱园区', 253, 0, 3),
(2780, '虞城县', 253, 0, 3),
(2781, '光山县', 254, 0, 3),
(2782, '商城县', 254, 0, 3),
(2783, '固始县', 254, 0, 3),
(2784, '平桥区', 254, 0, 3),
(2785, '息县', 254, 0, 3),
(2786, '新县', 254, 0, 3),
(2787, '浉河区', 254, 0, 3),
(2788, '淮滨县', 254, 0, 3),
(2789, '潢川县', 254, 0, 3),
(2790, '罗山县', 254, 0, 3),
(2791, '商水县', 255, 0, 3),
(2792, '太康县', 255, 0, 3),
(2793, '川汇区', 255, 0, 3),
(2794, '扶沟县', 255, 0, 3),
(2795, '沈丘县', 255, 0, 3),
(2796, '淮阳县', 255, 0, 3),
(2797, '西华县', 255, 0, 3),
(2798, '郸城县', 255, 0, 3),
(2799, '项城市', 255, 0, 3),
(2800, '鹿邑县', 255, 0, 3),
(2801, '上蔡县', 256, 0, 3),
(2802, '平舆县', 256, 0, 3),
(2803, '新蔡县', 256, 0, 3),
(2804, '正阳县', 256, 0, 3),
(2805, '汝南县', 256, 0, 3),
(2806, '泌阳县', 256, 0, 3),
(2807, '确山县', 256, 0, 3),
(2808, '西平县', 256, 0, 3),
(2809, '遂平县', 256, 0, 3),
(2810, '驿城区', 256, 0, 3),
(2811, '济源市', 257, 0, 3),
(2812, '东西湖区', 258, 0, 3),
(2813, '新洲区', 258, 0, 3),
(2814, '武昌区', 258, 0, 3),
(2815, '汉南区', 258, 0, 3),
(2816, '汉阳区', 258, 0, 3),
(2817, '江夏区', 258, 0, 3),
(2818, '江岸区', 258, 0, 3),
(2819, '江汉区', 258, 0, 3),
(2820, '洪山区', 258, 0, 3),
(2821, '硚口区', 258, 0, 3),
(2822, '蔡甸区', 258, 0, 3),
(2823, '青山区', 258, 0, 3),
(2824, '黄陂区', 258, 0, 3),
(2825, '下陆区', 259, 0, 3),
(2826, '大冶市', 259, 0, 3),
(2827, '西塞山区', 259, 0, 3),
(2828, '铁山区', 259, 0, 3),
(2829, '阳新县', 259, 0, 3),
(2830, '黄石港区', 259, 0, 3),
(2831, '丹江口市', 260, 0, 3),
(2832, '张湾区', 260, 0, 3),
(2833, '房县', 260, 0, 3),
(2834, '竹山县', 260, 0, 3),
(2835, '竹溪县', 260, 0, 3),
(2836, '茅箭区', 260, 0, 3),
(2837, '郧县', 260, 0, 3),
(2838, '郧西县', 260, 0, 3),
(2839, '五峰土家族自治县', 261, 0, 3),
(2840, '伍家岗区', 261, 0, 3),
(2841, '兴山县', 261, 0, 3),
(2842, '夷陵区', 261, 0, 3),
(2843, '宜都市', 261, 0, 3),
(2844, '当阳市', 261, 0, 3),
(2845, '枝江市', 261, 0, 3),
(2846, '点军区', 261, 0, 3),
(2847, '秭归县', 261, 0, 3),
(2848, '虢亭区', 261, 0, 3),
(2849, '西陵区', 261, 0, 3),
(2850, '远安县', 261, 0, 3),
(2851, '长阳土家族自治县', 261, 0, 3),
(2852, '保康县', 262, 0, 3),
(2853, '南漳县', 262, 0, 3),
(2854, '宜城市', 262, 0, 3),
(2855, '枣阳市', 262, 0, 3),
(2856, '樊城区', 262, 0, 3),
(2857, '老河口市', 262, 0, 3),
(2858, '襄城区', 262, 0, 3),
(2859, '襄阳区', 262, 0, 3),
(2860, '谷城县', 262, 0, 3),
(2861, '华容区', 263, 0, 3),
(2862, '粱子湖', 263, 0, 3),
(2863, '鄂城区', 263, 0, 3),
(2864, '东宝区', 264, 0, 3),
(2865, '京山县', 264, 0, 3),
(2866, '掇刀区', 264, 0, 3),
(2867, '沙洋县', 264, 0, 3),
(2868, '钟祥市', 264, 0, 3),
(2869, '云梦县', 265, 0, 3),
(2870, '大悟县', 265, 0, 3),
(2871, '孝南区', 265, 0, 3),
(2872, '孝昌县', 265, 0, 3),
(2873, '安陆市', 265, 0, 3),
(2874, '应城市', 265, 0, 3),
(2875, '汉川市', 265, 0, 3),
(2876, '公安县', 266, 0, 3),
(2877, '松滋市', 266, 0, 3),
(2878, '江陵县', 266, 0, 3),
(2879, '沙市区', 266, 0, 3),
(2880, '洪湖市', 266, 0, 3),
(2881, '监利县', 266, 0, 3),
(2882, '石首市', 266, 0, 3),
(2883, '荆州区', 266, 0, 3),
(2884, '团风县', 267, 0, 3),
(2885, '武穴市', 267, 0, 3),
(2886, '浠水县', 267, 0, 3),
(2887, '红安县', 267, 0, 3),
(2888, '罗田县', 267, 0, 3),
(2889, '英山县', 267, 0, 3),
(2890, '蕲春县', 267, 0, 3),
(2891, '麻城市', 267, 0, 3),
(2892, '黄州区', 267, 0, 3),
(2893, '黄梅县', 267, 0, 3),
(2894, '咸安区', 268, 0, 3),
(2895, '嘉鱼县', 268, 0, 3),
(2896, '崇阳县', 268, 0, 3),
(2897, '赤壁市', 268, 0, 3),
(2898, '通城县', 268, 0, 3),
(2899, '通山县', 268, 0, 3),
(2900, '广水市', 269, 0, 3),
(2901, '曾都区', 269, 0, 3),
(2902, '利川市', 270, 0, 3),
(2903, '咸丰县', 270, 0, 3),
(2904, '宣恩县', 270, 0, 3),
(2905, '巴东县', 270, 0, 3),
(2906, '建始县', 270, 0, 3),
(2907, '恩施市', 270, 0, 3),
(2908, '来凤县', 270, 0, 3),
(2909, '鹤峰县', 270, 0, 3),
(2910, '仙桃市', 271, 0, 3),
(2911, '潜江市', 272, 0, 3),
(2912, '天门市', 273, 0, 3),
(2913, '神农架林区', 274, 0, 3),
(2914, '天心区', 275, 0, 3),
(2915, '宁乡县', 275, 0, 3),
(2916, '岳麓区', 275, 0, 3),
(2917, '开福区', 275, 0, 3),
(2918, '望城县', 275, 0, 3),
(2919, '浏阳市', 275, 0, 3),
(2920, '芙蓉区', 275, 0, 3),
(2921, '长沙县', 275, 0, 3),
(2922, '雨花区', 275, 0, 3),
(2923, '天元区', 276, 0, 3),
(2924, '攸县', 276, 0, 3),
(2925, '株洲县', 276, 0, 3),
(2926, '炎陵县', 276, 0, 3),
(2927, '石峰区', 276, 0, 3),
(2928, '芦淞区', 276, 0, 3),
(2929, '茶陵县', 276, 0, 3),
(2930, '荷塘区', 276, 0, 3),
(2931, '醴陵市', 276, 0, 3),
(2932, '岳塘区', 277, 0, 3),
(2933, '湘乡市', 277, 0, 3),
(2934, '湘潭县', 277, 0, 3),
(2935, '雨湖区', 277, 0, 3),
(2936, '韶山市', 277, 0, 3),
(2937, '南岳区', 278, 0, 3),
(2938, '常宁市', 278, 0, 3),
(2939, '珠晖区', 278, 0, 3),
(2940, '石鼓区', 278, 0, 3),
(2941, '祁东县', 278, 0, 3),
(2942, '耒阳市', 278, 0, 3),
(2943, '蒸湘区', 278, 0, 3),
(2944, '衡东县', 278, 0, 3),
(2945, '衡南县', 278, 0, 3),
(2946, '衡山县', 278, 0, 3),
(2947, '衡阳县', 278, 0, 3),
(2948, '雁峰区', 278, 0, 3),
(2949, '北塔区', 279, 0, 3),
(2950, '双清区', 279, 0, 3),
(2951, '城步苗族自治县', 279, 0, 3),
(2952, '大祥区', 279, 0, 3),
(2953, '新宁县', 279, 0, 3),
(2954, '新邵县', 279, 0, 3),
(2955, '武冈市', 279, 0, 3),
(2956, '洞口县', 279, 0, 3),
(2957, '绥宁县', 279, 0, 3),
(2958, '邵东县', 279, 0, 3),
(2959, '邵阳县', 279, 0, 3),
(2960, '隆回县', 279, 0, 3),
(2961, '临湘市', 280, 0, 3),
(2962, '云溪区', 280, 0, 3),
(2963, '华容县', 280, 0, 3),
(2964, '君山区', 280, 0, 3),
(2965, '岳阳县', 280, 0, 3),
(2966, '岳阳楼区', 280, 0, 3),
(2967, '平江县', 280, 0, 3),
(2968, '汨罗市', 280, 0, 3),
(2969, '湘阴县', 280, 0, 3),
(2970, '临澧县', 281, 0, 3),
(2971, '安乡县', 281, 0, 3),
(2972, '桃源县', 281, 0, 3),
(2973, '武陵区', 281, 0, 3),
(2974, '汉寿县', 281, 0, 3),
(2975, '津市市', 281, 0, 3),
(2976, '澧县', 281, 0, 3),
(2977, '石门县', 281, 0, 3),
(2978, '鼎城区', 281, 0, 3),
(2979, '慈利县', 282, 0, 3),
(2980, '桑植县', 282, 0, 3),
(2981, '武陵源区', 282, 0, 3),
(2982, '永定区', 282, 0, 3),
(2983, '南县', 283, 0, 3),
(2984, '安化县', 283, 0, 3),
(2985, '桃江县', 283, 0, 3),
(2986, '沅江市', 283, 0, 3),
(2987, '资阳区', 283, 0, 3),
(2988, '赫山区', 283, 0, 3),
(2989, '临武县', 284, 0, 3),
(2990, '北湖区', 284, 0, 3),
(2991, '嘉禾县', 284, 0, 3),
(2992, '安仁县', 284, 0, 3),
(2993, '宜章县', 284, 0, 3),
(2994, '桂东县', 284, 0, 3),
(2995, '桂阳县', 284, 0, 3),
(2996, '永兴县', 284, 0, 3),
(2997, '汝城县', 284, 0, 3),
(2998, '苏仙区', 284, 0, 3),
(2999, '资兴市', 284, 0, 3),
(3000, '东安县', 285, 0, 3),
(3001, '冷水滩区', 285, 0, 3),
(3002, '双牌县', 285, 0, 3),
(3003, '宁远县', 285, 0, 3),
(3004, '新田县', 285, 0, 3),
(3005, '江华瑶族自治县', 285, 0, 3),
(3006, '江永县', 285, 0, 3),
(3007, '祁阳县', 285, 0, 3),
(3008, '蓝山县', 285, 0, 3),
(3009, '道县', 285, 0, 3),
(3010, '零陵区', 285, 0, 3),
(3011, '中方县', 286, 0, 3),
(3012, '会同县', 286, 0, 3),
(3013, '新晃侗族自治县', 286, 0, 3),
(3014, '沅陵县', 286, 0, 3),
(3015, '洪江市/洪江区', 286, 0, 3),
(3016, '溆浦县', 286, 0, 3),
(3017, '芷江侗族自治县', 286, 0, 3),
(3018, '辰溪县', 286, 0, 3),
(3019, '通道侗族自治县', 286, 0, 3),
(3020, '靖州苗族侗族自治县', 286, 0, 3),
(3021, '鹤城区', 286, 0, 3),
(3022, '麻阳苗族自治县', 286, 0, 3),
(3023, '冷水江市', 287, 0, 3),
(3024, '双峰县', 287, 0, 3),
(3025, '娄星区', 287, 0, 3),
(3026, '新化县', 287, 0, 3),
(3027, '涟源市', 287, 0, 3),
(3028, '保靖县', 288, 0, 3),
(3029, '凤凰县', 288, 0, 3),
(3030, '古丈县', 288, 0, 3),
(3031, '吉首市', 288, 0, 3),
(3032, '永顺县', 288, 0, 3),
(3033, '泸溪县', 288, 0, 3),
(3034, '花垣县', 288, 0, 3),
(3035, '龙山县', 288, 0, 3),
(3036, '萝岗区', 289, 0, 3),
(3037, '南沙区', 289, 0, 3),
(3038, '从化市', 289, 0, 3),
(3039, '增城市', 289, 0, 3),
(3040, '天河区', 289, 0, 3),
(3041, '海珠区', 289, 0, 3),
(3042, '番禺区', 289, 0, 3),
(3043, '白云区', 289, 0, 3),
(3044, '花都区', 289, 0, 3),
(3045, '荔湾区', 289, 0, 3),
(3046, '越秀区', 289, 0, 3),
(3047, '黄埔区', 289, 0, 3),
(3048, '乐昌市', 290, 0, 3),
(3049, '乳源瑶族自治县', 290, 0, 3),
(3050, '仁化县', 290, 0, 3),
(3051, '南雄市', 290, 0, 3),
(3052, '始兴县', 290, 0, 3),
(3053, '新丰县', 290, 0, 3),
(3054, '曲江区', 290, 0, 3),
(3055, '武江区', 290, 0, 3),
(3056, '浈江区', 290, 0, 3),
(3057, '翁源县', 290, 0, 3),
(3058, '南山区', 291, 0, 3),
(3059, '宝安区', 291, 0, 3),
(3060, '盐田区', 291, 0, 3),
(3061, '福田区', 291, 0, 3),
(3062, '罗湖区', 291, 0, 3),
(3063, '龙岗区', 291, 0, 3),
(3064, '斗门区', 292, 0, 3),
(3065, '金湾区', 292, 0, 3),
(3066, '香洲区', 292, 0, 3),
(3067, '南澳县', 293, 0, 3),
(3068, '潮南区', 293, 0, 3),
(3069, '潮阳区', 293, 0, 3),
(3070, '澄海区', 293, 0, 3),
(3071, '濠江区', 293, 0, 3),
(3072, '金平区', 293, 0, 3),
(3073, '龙湖区', 293, 0, 3),
(3074, '三水区', 294, 0, 3),
(3075, '南海区', 294, 0, 3),
(3076, '禅城区', 294, 0, 3),
(3077, '顺德区', 294, 0, 3),
(3078, '高明区', 294, 0, 3),
(3079, '台山市', 295, 0, 3),
(3080, '开平市', 295, 0, 3),
(3081, '恩平市', 295, 0, 3),
(3082, '新会区', 295, 0, 3),
(3083, '江海区', 295, 0, 3),
(3084, '蓬江区', 295, 0, 3),
(3085, '鹤山市', 295, 0, 3),
(3086, '吴川市', 296, 0, 3),
(3087, '坡头区', 296, 0, 3),
(3088, '廉江市', 296, 0, 3),
(3089, '徐闻县', 296, 0, 3),
(3090, '赤坎区', 296, 0, 3),
(3091, '遂溪县', 296, 0, 3),
(3092, '雷州市', 296, 0, 3),
(3093, '霞山区', 296, 0, 3),
(3094, '麻章区', 296, 0, 3),
(3095, '信宜市', 297, 0, 3),
(3096, '化州市', 297, 0, 3),
(3097, '电白县', 297, 0, 3),
(3098, '茂南区', 297, 0, 3),
(3099, '茂港区', 297, 0, 3),
(3100, '高州市', 297, 0, 3),
(3101, '四会市', 298, 0, 3),
(3102, '封开县', 298, 0, 3),
(3103, '广宁县', 298, 0, 3),
(3104, '德庆县', 298, 0, 3),
(3105, '怀集县', 298, 0, 3),
(3106, '端州区', 298, 0, 3),
(3107, '高要市', 298, 0, 3),
(3108, '鼎湖区', 298, 0, 3),
(3109, '博罗县', 299, 0, 3),
(3110, '惠东县', 299, 0, 3),
(3111, '惠城区', 299, 0, 3),
(3112, '惠阳区', 299, 0, 3),
(3113, '龙门县', 299, 0, 3),
(3114, '丰顺县', 300, 0, 3),
(3115, '五华县', 300, 0, 3),
(3116, '兴宁市', 300, 0, 3),
(3117, '大埔县', 300, 0, 3),
(3118, '平远县', 300, 0, 3),
(3119, '梅县', 300, 0, 3),
(3120, '梅江区', 300, 0, 3),
(3121, '蕉岭县', 300, 0, 3),
(3122, '城区', 301, 0, 3),
(3123, '海丰县', 301, 0, 3),
(3124, '陆丰市', 301, 0, 3),
(3125, '陆河县', 301, 0, 3),
(3126, '东源县', 302, 0, 3),
(3127, '和平县', 302, 0, 3),
(3128, '源城区', 302, 0, 3),
(3129, '紫金县', 302, 0, 3),
(3130, '连平县', 302, 0, 3),
(3131, '龙川县', 302, 0, 3),
(3132, '江城区', 303, 0, 3),
(3133, '阳东县', 303, 0, 3),
(3134, '阳春市', 303, 0, 3),
(3135, '阳西县', 303, 0, 3),
(3136, '佛冈县', 304, 0, 3),
(3137, '清城区', 304, 0, 3),
(3138, '清新县', 304, 0, 3),
(3139, '英德市', 304, 0, 3),
(3140, '连南瑶族自治县', 304, 0, 3),
(3141, '连山壮族瑶族自治县', 304, 0, 3),
(3142, '连州市', 304, 0, 3),
(3143, '阳山县', 304, 0, 3),
(3144, '东莞市', 305, 0, 3),
(3145, '中山市', 306, 0, 3),
(3146, '湘桥区', 307, 0, 3),
(3147, '潮安县', 307, 0, 3),
(3148, '饶平县', 307, 0, 3),
(3149, '惠来县', 308, 0, 3),
(3150, '揭东县', 308, 0, 3),
(3151, '揭西县', 308, 0, 3),
(3152, '普宁市', 308, 0, 3),
(3153, '榕城区', 308, 0, 3),
(3154, '云城区', 309, 0, 3),
(3155, '云安县', 309, 0, 3),
(3156, '新兴县', 309, 0, 3),
(3157, '罗定市', 309, 0, 3),
(3158, '郁南县', 309, 0, 3),
(3159, '上林县', 310, 0, 3),
(3160, '兴宁区', 310, 0, 3),
(3161, '宾阳县', 310, 0, 3),
(3162, '横县', 310, 0, 3),
(3163, '武鸣县', 310, 0, 3),
(3164, '江南区', 310, 0, 3),
(3165, '良庆区', 310, 0, 3),
(3166, '西乡塘区', 310, 0, 3),
(3167, '邕宁区', 310, 0, 3),
(3168, '隆安县', 310, 0, 3),
(3169, '青秀区', 310, 0, 3),
(3170, '马山县', 310, 0, 3),
(3171, '三江侗族自治县', 311, 0, 3),
(3172, '城中区', 311, 0, 3),
(3173, '柳北区', 311, 0, 3),
(3174, '柳南区', 311, 0, 3),
(3175, '柳城县', 311, 0, 3),
(3176, '柳江县', 311, 0, 3),
(3177, '融安县', 311, 0, 3),
(3178, '融水苗族自治县', 311, 0, 3),
(3179, '鱼峰区', 311, 0, 3),
(3180, '鹿寨县', 311, 0, 3),
(3181, '七星区', 312, 0, 3),
(3182, '临桂县', 312, 0, 3),
(3183, '全州县', 312, 0, 3),
(3184, '兴安县', 312, 0, 3),
(3185, '叠彩区', 312, 0, 3),
(3186, '平乐县', 312, 0, 3),
(3187, '恭城瑶族自治县', 312, 0, 3),
(3188, '永福县', 312, 0, 3),
(3189, '灌阳县', 312, 0, 3),
(3190, '灵川县', 312, 0, 3),
(3191, '秀峰区', 312, 0, 3),
(3192, '荔浦县', 312, 0, 3),
(3193, '象山区', 312, 0, 3),
(3194, '资源县', 312, 0, 3),
(3195, '阳朔县', 312, 0, 3),
(3196, '雁山区', 312, 0, 3),
(3197, '龙胜各族自治县', 312, 0, 3),
(3198, '万秀区', 313, 0, 3),
(3199, '岑溪市', 313, 0, 3),
(3200, '苍梧县', 313, 0, 3),
(3201, '蒙山县', 313, 0, 3),
(3202, '藤县', 313, 0, 3),
(3203, '蝶山区', 313, 0, 3),
(3204, '长洲区', 313, 0, 3),
(3205, '合浦县', 314, 0, 3),
(3206, '海城区', 314, 0, 3),
(3207, '铁山港区', 314, 0, 3),
(3208, '银海区', 314, 0, 3),
(3209, '上思县', 315, 0, 3),
(3210, '东兴市', 315, 0, 3),
(3211, '港口区', 315, 0, 3),
(3212, '防城区', 315, 0, 3),
(3213, '浦北县', 316, 0, 3),
(3214, '灵山县', 316, 0, 3),
(3215, '钦北区', 316, 0, 3),
(3216, '钦南区', 316, 0, 3),
(3217, '平南县', 317, 0, 3),
(3218, '桂平市', 317, 0, 3),
(3219, '港北区', 317, 0, 3),
(3220, '港南区', 317, 0, 3),
(3221, '覃塘区', 317, 0, 3),
(3222, '兴业县', 318, 0, 3),
(3223, '北流市', 318, 0, 3),
(3224, '博白县', 318, 0, 3),
(3225, '容县', 318, 0, 3),
(3226, '玉州区', 318, 0, 3),
(3227, '陆川县', 318, 0, 3),
(3228, '乐业县', 319, 0, 3),
(3229, '凌云县', 319, 0, 3),
(3230, '右江区', 319, 0, 3),
(3231, '平果县', 319, 0, 3),
(3232, '德保县', 319, 0, 3),
(3233, '田东县', 319, 0, 3),
(3234, '田林县', 319, 0, 3),
(3235, '田阳县', 319, 0, 3),
(3236, '西林县', 319, 0, 3),
(3237, '那坡县', 319, 0, 3),
(3238, '隆林各族自治县', 319, 0, 3),
(3239, '靖西县', 319, 0, 3),
(3240, '八步区', 320, 0, 3),
(3241, '富川瑶族自治县', 320, 0, 3),
(3242, '昭平县', 320, 0, 3),
(3243, '钟山县', 320, 0, 3),
(3244, '东兰县', 321, 0, 3),
(3245, '凤山县', 321, 0, 3),
(3246, '南丹县', 321, 0, 3),
(3247, '大化瑶族自治县', 321, 0, 3),
(3248, '天峨县', 321, 0, 3),
(3249, '宜州市', 321, 0, 3),
(3250, '巴马瑶族自治县', 321, 0, 3),
(3251, '环江毛南族自治县', 321, 0, 3),
(3252, '罗城仫佬族自治县', 321, 0, 3),
(3253, '都安瑶族自治县', 321, 0, 3),
(3254, '金城江区', 321, 0, 3),
(3255, '兴宾区', 322, 0, 3),
(3256, '合山市', 322, 0, 3),
(3257, '忻城县', 322, 0, 3),
(3258, '武宣县', 322, 0, 3),
(3259, '象州县', 322, 0, 3),
(3260, '金秀瑶族自治县', 322, 0, 3),
(3261, '凭祥市', 323, 0, 3),
(3262, '大新县', 323, 0, 3),
(3263, '天等县', 323, 0, 3),
(3264, '宁明县', 323, 0, 3),
(3265, '扶绥县', 323, 0, 3),
(3266, '江州区', 323, 0, 3),
(3267, '龙州县', 323, 0, 3),
(3268, '琼山区', 324, 0, 3),
(3269, '秀英区', 324, 0, 3),
(3270, '美兰区', 324, 0, 3),
(3271, '龙华区', 324, 0, 3),
(3272, '三亚市', 325, 0, 3),
(3273, '五指山市', 326, 0, 3),
(3274, '琼海市', 327, 0, 3),
(3275, '儋州市', 328, 0, 3),
(3276, '文昌市', 329, 0, 3),
(3277, '万宁市', 330, 0, 3),
(3278, '东方市', 331, 0, 3),
(3279, '定安县', 332, 0, 3),
(3280, '屯昌县', 333, 0, 3),
(3281, '澄迈县', 334, 0, 3),
(3282, '临高县', 335, 0, 3),
(3283, '白沙黎族自治县', 336, 0, 3),
(3284, '昌江黎族自治县', 337, 0, 3),
(3285, '乐东黎族自治县', 338, 0, 3),
(3286, '陵水黎族自治县', 339, 0, 3),
(3287, '保亭黎族苗族自治县', 340, 0, 3),
(3288, '琼中黎族苗族自治县', 341, 0, 3),
(4209, '双流县', 385, 0, 3),
(4210, '大邑县', 385, 0, 3),
(4211, '崇州市', 385, 0, 3),
(4212, '彭州市', 385, 0, 3),
(4213, '成华区', 385, 0, 3),
(4214, '新津县', 385, 0, 3),
(4215, '新都区', 385, 0, 3),
(4216, '武侯区', 385, 0, 3),
(4217, '温江区', 385, 0, 3),
(4218, '蒲江县', 385, 0, 3),
(4219, '邛崃市', 385, 0, 3),
(4220, '郫县', 385, 0, 3),
(4221, '都江堰市', 385, 0, 3),
(4222, '金堂县', 385, 0, 3),
(4223, '金牛区', 385, 0, 3),
(4224, '锦江区', 385, 0, 3),
(4225, '青白江区', 385, 0, 3),
(4226, '青羊区', 385, 0, 3),
(4227, '龙泉驿区', 385, 0, 3),
(4228, '大安区', 386, 0, 3),
(4229, '富顺县', 386, 0, 3),
(4230, '沿滩区', 386, 0, 3),
(4231, '自流井区', 386, 0, 3),
(4232, '荣县', 386, 0, 3),
(4233, '贡井区', 386, 0, 3),
(4234, '东区', 387, 0, 3),
(4235, '仁和区', 387, 0, 3),
(4236, '盐边县', 387, 0, 3),
(4237, '米易县', 387, 0, 3),
(4238, '西区', 387, 0, 3),
(4239, '叙永县', 388, 0, 3),
(4240, '古蔺县', 388, 0, 3),
(4241, '合江县', 388, 0, 3),
(4242, '江阳区', 388, 0, 3),
(4243, '泸县', 388, 0, 3),
(4244, '纳溪区', 388, 0, 3),
(4245, '龙马潭区', 388, 0, 3),
(4246, '中江县', 389, 0, 3),
(4247, '什邡市', 389, 0, 3),
(4248, '广汉市', 389, 0, 3),
(4249, '旌阳区', 389, 0, 3),
(4250, '绵竹市', 389, 0, 3),
(4251, '罗江县', 389, 0, 3),
(4252, '三台县', 390, 0, 3),
(4253, '北川羌族自治县', 390, 0, 3),
(4254, '安县', 390, 0, 3),
(4255, '平武县', 390, 0, 3),
(4256, '梓潼县', 390, 0, 3),
(4257, '江油市', 390, 0, 3),
(4258, '涪城区', 390, 0, 3),
(4259, '游仙区', 390, 0, 3),
(4260, '盐亭县', 390, 0, 3),
(4261, '元坝区', 391, 0, 3),
(4262, '利州区', 391, 0, 3),
(4263, '剑阁县', 391, 0, 3),
(4264, '旺苍县', 391, 0, 3),
(4265, '朝天区', 391, 0, 3),
(4266, '苍溪县', 391, 0, 3),
(4267, '青川县', 391, 0, 3),
(4268, '大英县', 392, 0, 3),
(4269, '安居区', 392, 0, 3),
(4270, '射洪县', 392, 0, 3),
(4271, '船山区', 392, 0, 3),
(4272, '蓬溪县', 392, 0, 3),
(4273, '东兴区', 393, 0, 3),
(4274, '威远县', 393, 0, 3),
(4275, '市中区', 393, 0, 3),
(4276, '资中县', 393, 0, 3),
(4277, '隆昌县', 393, 0, 3),
(4278, '五通桥区', 394, 0, 3),
(4279, '井研县', 394, 0, 3),
(4280, '夹江县', 394, 0, 3),
(4281, '峨眉山市', 394, 0, 3),
(4282, '峨边彝族自治县', 394, 0, 3),
(4283, '市中区', 394, 0, 3),
(4284, '沐川县', 394, 0, 3),
(4285, '沙湾区', 394, 0, 3),
(4286, '犍为县', 394, 0, 3),
(4287, '金口河区', 394, 0, 3),
(4288, '马边彝族自治县', 394, 0, 3),
(4289, '仪陇县', 395, 0, 3),
(4290, '南充市嘉陵区', 395, 0, 3),
(4291, '南部县', 395, 0, 3),
(4292, '嘉陵区', 395, 0, 3),
(4293, '营山县', 395, 0, 3),
(4294, '蓬安县', 395, 0, 3),
(4295, '西充县', 395, 0, 3),
(4296, '阆中市', 395, 0, 3),
(4297, '顺庆区', 395, 0, 3),
(4298, '高坪区', 395, 0, 3),
(4299, '东坡区', 396, 0, 3),
(4300, '丹棱县', 396, 0, 3),
(4301, '仁寿县', 396, 0, 3),
(4302, '彭山县', 396, 0, 3),
(4303, '洪雅县', 396, 0, 3),
(4304, '青神县', 396, 0, 3),
(4305, '兴文县', 397, 0, 3),
(4306, '南溪县', 397, 0, 3),
(4307, '宜宾县', 397, 0, 3),
(4308, '屏山县', 397, 0, 3),
(4309, '江安县', 397, 0, 3),
(4310, '珙县', 397, 0, 3),
(4311, '筠连县', 397, 0, 3),
(4312, '翠屏区', 397, 0, 3),
(4313, '长宁县', 397, 0, 3),
(4314, '高县', 397, 0, 3),
(4315, '华蓥市', 398, 0, 3),
(4316, '岳池县', 398, 0, 3),
(4317, '广安区', 398, 0, 3),
(4318, '武胜县', 398, 0, 3),
(4319, '邻水县', 398, 0, 3),
(4320, '万源市', 399, 0, 3),
(4321, '大竹县', 399, 0, 3),
(4322, '宣汉县', 399, 0, 3),
(4323, '开江县', 399, 0, 3),
(4324, '渠县', 399, 0, 3),
(4325, '达县', 399, 0, 3),
(4326, '通川区', 399, 0, 3),
(4327, '名山县', 400, 0, 3),
(4328, '天全县', 400, 0, 3),
(4329, '宝兴县', 400, 0, 3),
(4330, '汉源县', 400, 0, 3),
(4331, '石棉县', 400, 0, 3),
(4332, '芦山县', 400, 0, 3),
(4333, '荥经县', 400, 0, 3),
(4334, '雨城区', 400, 0, 3),
(4335, '南江县', 401, 0, 3),
(4336, '巴州区', 401, 0, 3),
(4337, '平昌县', 401, 0, 3),
(4338, '通江县', 401, 0, 3),
(4339, '乐至县', 402, 0, 3),
(4340, '安岳县', 402, 0, 3),
(4341, '简阳市', 402, 0, 3),
(4342, '雁江区', 402, 0, 3),
(4343, '九寨沟县', 403, 0, 3),
(4344, '壤塘县', 403, 0, 3),
(4345, '小金县', 403, 0, 3),
(4346, '松潘县', 403, 0, 3),
(4347, '汶川县', 403, 0, 3),
(4348, '理县', 403, 0, 3),
(4349, '红原县', 403, 0, 3),
(4350, '若尔盖县', 403, 0, 3),
(4351, '茂县', 403, 0, 3),
(4352, '金川县', 403, 0, 3),
(4353, '阿坝县', 403, 0, 3),
(4354, '马尔康县', 403, 0, 3),
(4355, '黑水县', 403, 0, 3),
(4356, '丹巴县', 404, 0, 3),
(4357, '乡城县', 404, 0, 3),
(4358, '巴塘县', 404, 0, 3),
(4359, '康定县', 404, 0, 3),
(4360, '得荣县', 404, 0, 3),
(4361, '德格县', 404, 0, 3),
(4362, '新龙县', 404, 0, 3),
(4363, '泸定县', 404, 0, 3),
(4364, '炉霍县', 404, 0, 3),
(4365, '理塘县', 404, 0, 3),
(4366, '甘孜县', 404, 0, 3),
(4367, '白玉县', 404, 0, 3),
(4368, '石渠县', 404, 0, 3),
(4369, '稻城县', 404, 0, 3),
(4370, '色达县', 404, 0, 3),
(4371, '道孚县', 404, 0, 3),
(4372, '雅江县', 404, 0, 3),
(4373, '会东县', 405, 0, 3),
(4374, '会理县', 405, 0, 3),
(4375, '冕宁县', 405, 0, 3),
(4376, '喜德县', 405, 0, 3),
(4377, '宁南县', 405, 0, 3),
(4378, '布拖县', 405, 0, 3),
(4379, '德昌县', 405, 0, 3),
(4380, '昭觉县', 405, 0, 3),
(4381, '普格县', 405, 0, 3),
(4382, '木里藏族自治县', 405, 0, 3),
(4383, '甘洛县', 405, 0, 3),
(4384, '盐源县', 405, 0, 3),
(4385, '美姑县', 405, 0, 3),
(4386, '西昌', 405, 0, 3),
(4387, '越西县', 405, 0, 3),
(4388, '金阳县', 405, 0, 3),
(4389, '雷波县', 405, 0, 3),
(4390, '乌当区', 406, 0, 3),
(4391, '云岩区', 406, 0, 3),
(4392, '修文县', 406, 0, 3),
(4393, '南明区', 406, 0, 3),
(4394, '小河区', 406, 0, 3),
(4395, '开阳县', 406, 0, 3),
(4396, '息烽县', 406, 0, 3),
(4397, '清镇市', 406, 0, 3),
(4398, '白云区', 406, 0, 3),
(4399, '花溪区', 406, 0, 3),
(4400, '六枝特区', 407, 0, 3),
(4401, '水城县', 407, 0, 3),
(4402, '盘县', 407, 0, 3),
(4403, '钟山区', 407, 0, 3),
(4404, '习水县', 408, 0, 3),
(4405, '仁怀市', 408, 0, 3),
(4406, '余庆县', 408, 0, 3),
(4407, '凤冈县', 408, 0, 3),
(4408, '务川仡佬族苗族自治县', 408, 0, 3),
(4409, '桐梓县', 408, 0, 3),
(4410, '正安县', 408, 0, 3),
(4411, '汇川区', 408, 0, 3),
(4412, '湄潭县', 408, 0, 3),
(4413, '红花岗区', 408, 0, 3),
(4414, '绥阳县', 408, 0, 3),
(4415, '赤水市', 408, 0, 3),
(4416, '道真仡佬族苗族自治县', 408, 0, 3),
(4417, '遵义县', 408, 0, 3),
(4418, '关岭布依族苗族自治县', 409, 0, 3),
(4419, '平坝县', 409, 0, 3),
(4420, '普定县', 409, 0, 3),
(4421, '紫云苗族布依族自治县', 409, 0, 3),
(4422, '西秀区', 409, 0, 3),
(4423, '镇宁布依族苗族自治县', 409, 0, 3),
(4424, '万山特区', 410, 0, 3),
(4425, '印江土家族苗族自治县', 410, 0, 3),
(4426, '德江县', 410, 0, 3),
(4427, '思南县', 410, 0, 3),
(4428, '松桃苗族自治县', 410, 0, 3),
(4429, '江口县', 410, 0, 3),
(4430, '沿河土家族自治县', 410, 0, 3),
(4431, '玉屏侗族自治县', 410, 0, 3),
(4432, '石阡县', 410, 0, 3),
(4433, '铜仁市', 410, 0, 3),
(4434, '兴义市', 411, 0, 3),
(4435, '兴仁县', 411, 0, 3),
(4436, '册亨县', 411, 0, 3),
(4437, '安龙县', 411, 0, 3),
(4438, '普安县', 411, 0, 3),
(4439, '晴隆县', 411, 0, 3),
(4440, '望谟县', 411, 0, 3),
(4441, '贞丰县', 411, 0, 3),
(4442, '大方县', 412, 0, 3),
(4443, '威宁彝族回族苗族自治县', 412, 0, 3),
(4444, '毕节市', 412, 0, 3),
(4445, '纳雍县', 412, 0, 3),
(4446, '织金县', 412, 0, 3),
(4447, '赫章县', 412, 0, 3),
(4448, '金沙县', 412, 0, 3),
(4449, '黔西县', 412, 0, 3),
(4450, '三穗县', 413, 0, 3),
(4451, '丹寨县', 413, 0, 3),
(4452, '从江县', 413, 0, 3),
(4453, '凯里市', 413, 0, 3),
(4454, '剑河县', 413, 0, 3),
(4455, '台江县', 413, 0, 3),
(4456, '天柱县', 413, 0, 3),
(4457, '岑巩县', 413, 0, 3),
(4458, '施秉县', 413, 0, 3),
(4459, '榕江县', 413, 0, 3),
(4460, '锦屏县', 413, 0, 3),
(4461, '镇远县', 413, 0, 3),
(4462, '雷山县', 413, 0, 3),
(4463, '麻江县', 413, 0, 3),
(4464, '黄平县', 413, 0, 3),
(4465, '黎平县', 413, 0, 3),
(4466, '三都水族自治县', 414, 0, 3),
(4467, '平塘县', 414, 0, 3),
(4468, '惠水县', 414, 0, 3),
(4469, '独山县', 414, 0, 3),
(4470, '瓮安县', 414, 0, 3),
(4471, '福泉市', 414, 0, 3),
(4472, '罗甸县', 414, 0, 3),
(4473, '荔波县', 414, 0, 3),
(4474, '贵定县', 414, 0, 3),
(4475, '都匀市', 414, 0, 3),
(4476, '长顺县', 414, 0, 3),
(4477, '龙里县', 414, 0, 3),
(4478, '东川区', 415, 0, 3),
(4479, '五华区', 415, 0, 3),
(4480, '呈贡县', 415, 0, 3),
(4481, '安宁市', 415, 0, 3),
(4482, '官渡区', 415, 0, 3),
(4483, '宜良县', 415, 0, 3),
(4484, '富民县', 415, 0, 3),
(4485, '寻甸回族彝族自治县', 415, 0, 3),
(4486, '嵩明县', 415, 0, 3),
(4487, '晋宁县', 415, 0, 3),
(4488, '盘龙区', 415, 0, 3),
(4489, '石林彝族自治县', 415, 0, 3),
(4490, '禄劝彝族苗族自治县', 415, 0, 3),
(4491, '西山区', 415, 0, 3),
(4492, '会泽县', 416, 0, 3),
(4493, '宣威市', 416, 0, 3),
(4494, '富源县', 416, 0, 3),
(4495, '师宗县', 416, 0, 3),
(4496, '沾益县', 416, 0, 3),
(4497, '罗平县', 416, 0, 3),
(4498, '陆良县', 416, 0, 3),
(4499, '马龙县', 416, 0, 3),
(4500, '麒麟区', 416, 0, 3),
(4501, '元江哈尼族彝族傣族自治县', 417, 0, 3),
(4502, '华宁县', 417, 0, 3),
(4503, '峨山彝族自治县', 417, 0, 3),
(4504, '新平彝族傣族自治县', 417, 0, 3),
(4505, '易门县', 417, 0, 3),
(4506, '江川县', 417, 0, 3),
(4507, '澄江县', 417, 0, 3),
(4508, '红塔区', 417, 0, 3),
(4509, '通海县', 417, 0, 3),
(4510, '施甸县', 418, 0, 3),
(4511, '昌宁县', 418, 0, 3),
(4512, '腾冲县', 418, 0, 3),
(4513, '隆阳区', 418, 0, 3),
(4514, '龙陵县', 418, 0, 3),
(4515, '大关县', 419, 0, 3),
(4516, '威信县', 419, 0, 3),
(4517, '巧家县', 419, 0, 3),
(4518, '彝良县', 419, 0, 3),
(4519, '昭阳区', 419, 0, 3),
(4520, '水富县', 419, 0, 3),
(4521, '永善县', 419, 0, 3),
(4522, '盐津县', 419, 0, 3),
(4523, '绥江县', 419, 0, 3),
(4524, '镇雄县', 419, 0, 3),
(4525, '鲁甸县', 419, 0, 3),
(4526, '华坪县', 420, 0, 3),
(4527, '古城区', 420, 0, 3),
(4528, '宁蒗彝族自治县', 420, 0, 3),
(4529, '永胜县', 420, 0, 3),
(4530, '玉龙纳西族自治县', 420, 0, 3),
(4531, '临翔区', 422, 0, 3),
(4532, '云县', 422, 0, 3),
(4533, '凤庆县', 422, 0, 3),
(4534, '双江拉祜族佤族布朗族傣族自治县', 422, 0, 3),
(4535, '永德县', 422, 0, 3),
(4536, '沧源佤族自治县', 422, 0, 3),
(4537, '耿马傣族佤族自治县', 422, 0, 3),
(4538, '镇康县', 422, 0, 3),
(4539, '元谋县', 423, 0, 3),
(4540, '南华县', 423, 0, 3),
(4541, '双柏县', 423, 0, 3),
(4542, '大姚县', 423, 0, 3),
(4543, '姚安县', 423, 0, 3),
(4544, '楚雄市', 423, 0, 3),
(4545, '武定县', 423, 0, 3),
(4546, '永仁县', 423, 0, 3),
(4547, '牟定县', 423, 0, 3),
(4548, '禄丰县', 423, 0, 3),
(4549, '个旧市', 424, 0, 3),
(4550, '元阳县', 424, 0, 3),
(4551, '屏边苗族自治县', 424, 0, 3),
(4552, '建水县', 424, 0, 3),
(4553, '开远市', 424, 0, 3),
(4554, '弥勒县', 424, 0, 3),
(4555, '河口瑶族自治县', 424, 0, 3),
(4556, '泸西县', 424, 0, 3),
(4557, '石屏县', 424, 0, 3),
(4558, '红河县', 424, 0, 3),
(4559, '绿春县', 424, 0, 3),
(4560, '蒙自县', 424, 0, 3),
(4561, '金平苗族瑶族傣族自治县', 424, 0, 3),
(4562, '丘北县', 425, 0, 3),
(4563, '富宁县', 425, 0, 3),
(4564, '广南县', 425, 0, 3),
(4565, '文山县', 425, 0, 3),
(4566, '砚山县', 425, 0, 3),
(4567, '西畴县', 425, 0, 3),
(4568, '马关县', 425, 0, 3),
(4569, '麻栗坡县', 425, 0, 3),
(4570, '勐海县', 426, 0, 3),
(4571, '勐腊县', 426, 0, 3),
(4572, '景洪市', 426, 0, 3),
(4573, '云龙县', 427, 0, 3),
(4574, '剑川县', 427, 0, 3),
(4575, '南涧彝族自治县', 427, 0, 3),
(4576, '大理市', 427, 0, 3),
(4577, '宾川县', 427, 0, 3),
(4578, '巍山彝族回族自治县', 427, 0, 3),
(4579, '弥渡县', 427, 0, 3),
(4580, '永平县', 427, 0, 3),
(4581, '洱源县', 427, 0, 3),
(4582, '漾濞彝族自治县', 427, 0, 3),
(4583, '祥云县', 427, 0, 3),
(4584, '鹤庆县', 427, 0, 3),
(4585, '梁河县', 428, 0, 3),
(4586, '潞西市', 428, 0, 3),
(4587, '瑞丽市', 428, 0, 3),
(4588, '盈江县', 428, 0, 3),
(4589, '陇川县', 428, 0, 3),
(4590, '德钦县', 430, 0, 3),
(4591, '维西傈僳族自治县', 430, 0, 3),
(4592, '香格里拉县', 430, 0, 3),
(4593, '城关区', 431, 0, 3),
(4594, '堆龙德庆县', 431, 0, 3),
(4595, '墨竹工卡县', 431, 0, 3),
(4596, '尼木县', 431, 0, 3),
(4597, '当雄县', 431, 0, 3),
(4598, '曲水县', 431, 0, 3),
(4599, '林周县', 431, 0, 3),
(4600, '达孜县', 431, 0, 3),
(4601, '丁青县', 432, 0, 3),
(4602, '八宿县', 432, 0, 3),
(4603, '察雅县', 432, 0, 3),
(4604, '左贡县', 432, 0, 3),
(4605, '昌都县', 432, 0, 3),
(4606, '江达县', 432, 0, 3),
(4607, '洛隆县', 432, 0, 3),
(4608, '类乌齐县', 432, 0, 3),
(4609, '芒康县', 432, 0, 3),
(4610, '贡觉县', 432, 0, 3),
(4611, '边坝县', 432, 0, 3),
(4612, '乃东县', 433, 0, 3),
(4613, '加查县', 433, 0, 3),
(4614, '扎囊县', 433, 0, 3),
(4615, '措美县', 433, 0, 3),
(4616, '曲松县', 433, 0, 3),
(4617, '桑日县', 433, 0, 3),
(4618, '洛扎县', 433, 0, 3),
(4619, '浪卡子县', 433, 0, 3),
(4620, '琼结县', 433, 0, 3),
(4621, '贡嘎县', 433, 0, 3),
(4622, '错那县', 433, 0, 3),
(4623, '隆子县', 433, 0, 3),
(4624, '亚东县', 434, 0, 3),
(4625, '仁布县', 434, 0, 3),
(4626, '仲巴县', 434, 0, 3),
(4627, '南木林县', 434, 0, 3),
(4628, '吉隆县', 434, 0, 3),
(4629, '定日县', 434, 0, 3),
(4630, '定结县', 434, 0, 3),
(4631, '岗巴县', 434, 0, 3),
(4632, '康马县', 434, 0, 3),
(4633, '拉孜县', 434, 0, 3),
(4634, '日喀则市', 434, 0, 3),
(4635, '昂仁县', 434, 0, 3),
(4636, '江孜县', 434, 0, 3),
(4637, '白朗县', 434, 0, 3),
(4638, '聂拉木县', 434, 0, 3),
(4639, '萨嘎县', 434, 0, 3),
(4640, '萨迦县', 434, 0, 3),
(4641, '谢通门县', 434, 0, 3),
(4642, '嘉黎县', 435, 0, 3),
(4643, '安多县', 435, 0, 3),
(4644, '尼玛县', 435, 0, 3),
(4645, '巴青县', 435, 0, 3),
(4646, '比如县', 435, 0, 3),
(4647, '班戈县', 435, 0, 3),
(4648, '申扎县', 435, 0, 3),
(4649, '索县', 435, 0, 3),
(4650, '聂荣县', 435, 0, 3),
(4651, '那曲县', 435, 0, 3),
(4652, '噶尔县', 436, 0, 3),
(4653, '措勤县', 436, 0, 3),
(4654, '改则县', 436, 0, 3),
(4655, '日土县', 436, 0, 3),
(4656, '普兰县', 436, 0, 3),
(4657, '札达县', 436, 0, 3),
(4658, '革吉县', 436, 0, 3),
(4659, '墨脱县', 437, 0, 3),
(4660, '察隅县', 437, 0, 3),
(4661, '工布江达县', 437, 0, 3),
(4662, '朗县', 437, 0, 3),
(4663, '林芝县', 437, 0, 3),
(4664, '波密县', 437, 0, 3),
(4665, '米林县', 437, 0, 3),
(4666, '临潼区', 438, 0, 3),
(4667, '周至县', 438, 0, 3),
(4668, '户县', 438, 0, 3),
(4669, '新城区', 438, 0, 3),
(4670, '未央区', 438, 0, 3),
(4671, '灞桥区', 438, 0, 3),
(4672, '碑林区', 438, 0, 3),
(4673, '莲湖区', 438, 0, 3),
(4674, '蓝田县', 438, 0, 3),
(4675, '长安区', 438, 0, 3),
(4676, '阎良区', 438, 0, 3),
(4677, '雁塔区', 438, 0, 3),
(4678, '高陵县', 438, 0, 3),
(4679, '印台区', 439, 0, 3),
(4680, '宜君县', 439, 0, 3),
(4681, '王益区', 439, 0, 3),
(4682, '耀州区', 439, 0, 3),
(4683, '凤县', 440, 0, 3),
(4684, '凤翔县', 440, 0, 3),
(4685, '千阳县', 440, 0, 3),
(4686, '太白县', 440, 0, 3),
(4687, '岐山县', 440, 0, 3),
(4688, '扶风县', 440, 0, 3),
(4689, '渭滨区', 440, 0, 3),
(4690, '眉县', 440, 0, 3),
(4691, '金台区', 440, 0, 3),
(4692, '陇县', 440, 0, 3),
(4693, '陈仓区', 440, 0, 3),
(4694, '麟游县', 440, 0, 3),
(4695, '三原县', 441, 0, 3),
(4696, '干县', 441, 0, 3),
(4697, '兴平市', 441, 0, 3),
(4698, '彬县', 441, 0, 3),
(4699, '旬邑县', 441, 0, 3),
(4700, '杨陵区', 441, 0, 3),
(4701, '武功县', 441, 0, 3),
(4702, '永寿县', 441, 0, 3),
(4703, '泾阳县', 441, 0, 3),
(4704, '淳化县', 441, 0, 3),
(4705, '渭城区', 441, 0, 3),
(4706, '礼泉县', 441, 0, 3),
(4707, '秦都区', 441, 0, 3),
(4708, '长武县', 441, 0, 3),
(4709, '临渭区', 442, 0, 3),
(4710, '华县', 442, 0, 3),
(4711, '华阴市', 442, 0, 3),
(4712, '合阳县', 442, 0, 3),
(4713, '大荔县', 442, 0, 3),
(4714, '富平县', 442, 0, 3),
(4715, '潼关县', 442, 0, 3),
(4716, '澄城县', 442, 0, 3),
(4717, '白水县', 442, 0, 3),
(4718, '蒲城县', 442, 0, 3),
(4719, '韩城市', 442, 0, 3),
(4720, '吴起县', 443, 0, 3),
(4721, '子长县', 443, 0, 3),
(4722, '安塞县', 443, 0, 3),
(4723, '宜川县', 443, 0, 3),
(4724, '宝塔区', 443, 0, 3),
(4725, '富县', 443, 0, 3),
(4726, '延川县', 443, 0, 3),
(4727, '延长县', 443, 0, 3),
(4728, '志丹县', 443, 0, 3),
(4729, '洛川县', 443, 0, 3),
(4730, '甘泉县', 443, 0, 3),
(4731, '黄陵县', 443, 0, 3),
(4732, '黄龙县', 443, 0, 3),
(4733, '佛坪县', 444, 0, 3),
(4734, '勉县', 444, 0, 3),
(4735, '南郑县', 444, 0, 3),
(4736, '城固县', 444, 0, 3),
(4737, '宁强县', 444, 0, 3),
(4738, '汉台区', 444, 0, 3),
(4739, '洋县', 444, 0, 3),
(4740, '留坝县', 444, 0, 3),
(4741, '略阳县', 444, 0, 3),
(4742, '西乡县', 444, 0, 3),
(4743, '镇巴县', 444, 0, 3),
(4744, '佳县', 445, 0, 3),
(4745, '吴堡县', 445, 0, 3),
(4746, '子洲县', 445, 0, 3),
(4747, '定边县', 445, 0, 3),
(4748, '府谷县', 445, 0, 3),
(4749, '榆林市榆阳区', 445, 0, 3),
(4750, '横山县', 445, 0, 3),
(4751, '清涧县', 445, 0, 3),
(4752, '神木县', 445, 0, 3),
(4753, '米脂县', 445, 0, 3),
(4754, '绥德县', 445, 0, 3),
(4755, '靖边县', 445, 0, 3),
(4756, '宁陕县', 446, 0, 3),
(4757, '岚皋县', 446, 0, 3),
(4758, '平利县', 446, 0, 3),
(4759, '旬阳县', 446, 0, 3),
(4760, '汉滨区', 446, 0, 3),
(4761, '汉阴县', 446, 0, 3),
(4762, '白河县', 446, 0, 3),
(4763, '石泉县', 446, 0, 3),
(4764, '紫阳县', 446, 0, 3),
(4765, '镇坪县', 446, 0, 3),
(4766, '丹凤县', 447, 0, 3),
(4767, '商南县', 447, 0, 3),
(4768, '商州区', 447, 0, 3),
(4769, '山阳县', 447, 0, 3),
(4770, '柞水县', 447, 0, 3),
(4771, '洛南县', 447, 0, 3),
(4772, '镇安县', 447, 0, 3),
(4773, '七里河区', 448, 0, 3),
(4774, '城关区', 448, 0, 3),
(4775, '安宁区', 448, 0, 3),
(4776, '榆中县', 448, 0, 3),
(4777, '永登县', 448, 0, 3),
(4778, '皋兰县', 448, 0, 3),
(4779, '红古区', 448, 0, 3),
(4780, '西固区', 448, 0, 3),
(4781, '嘉峪关市', 449, 0, 3),
(4782, '永昌县', 450, 0, 3),
(4783, '金川区', 450, 0, 3),
(4784, '会宁县', 451, 0, 3),
(4785, '平川区', 451, 0, 3),
(4786, '景泰县', 451, 0, 3),
(4787, '白银区', 451, 0, 3),
(4788, '靖远县', 451, 0, 3),
(4789, '张家川回族自治县', 452, 0, 3),
(4790, '武山县', 452, 0, 3),
(4791, '清水县', 452, 0, 3),
(4792, '甘谷县', 452, 0, 3),
(4793, '秦安县', 452, 0, 3),
(4794, '秦州区', 452, 0, 3),
(4795, '麦积区', 452, 0, 3),
(4796, '凉州区', 453, 0, 3),
(4797, '古浪县', 453, 0, 3),
(4798, '天祝藏族自治县', 453, 0, 3),
(4799, '民勤县', 453, 0, 3),
(4800, '临泽县', 454, 0, 3),
(4801, '山丹县', 454, 0, 3),
(4802, '民乐县', 454, 0, 3),
(4803, '甘州区', 454, 0, 3),
(4804, '肃南裕固族自治县', 454, 0, 3),
(4805, '高台县', 454, 0, 3),
(4806, '华亭县', 455, 0, 3),
(4807, '崆峒区', 455, 0, 3),
(4808, '崇信县', 455, 0, 3),
(4809, '庄浪县', 455, 0, 3),
(4810, '泾川县', 455, 0, 3),
(4811, '灵台县', 455, 0, 3),
(4812, '静宁县', 455, 0, 3),
(4813, '敦煌市', 456, 0, 3),
(4814, '玉门市', 456, 0, 3),
(4815, '瓜州县（原安西县）', 456, 0, 3),
(4816, '肃北蒙古族自治县', 456, 0, 3),
(4817, '肃州区', 456, 0, 3),
(4818, '金塔县', 456, 0, 3),
(4819, '阿克塞哈萨克族自治县', 456, 0, 3),
(4820, '华池县', 457, 0, 3),
(4821, '合水县', 457, 0, 3),
(4822, '宁县', 457, 0, 3),
(4823, '庆城县', 457, 0, 3),
(4824, '正宁县', 457, 0, 3),
(4825, '环县', 457, 0, 3),
(4826, '西峰区', 457, 0, 3),
(4827, '镇原县', 457, 0, 3),
(4828, '临洮县', 458, 0, 3),
(4829, '安定区', 458, 0, 3),
(4830, '岷县', 458, 0, 3),
(4831, '渭源县', 458, 0, 3),
(4832, '漳县', 458, 0, 3),
(4833, '通渭县', 458, 0, 3),
(4834, '陇西县', 458, 0, 3),
(4835, '两当县', 459, 0, 3),
(4836, '宕昌县', 459, 0, 3),
(4837, '康县', 459, 0, 3),
(4838, '徽县', 459, 0, 3),
(4839, '成县', 459, 0, 3),
(4840, '文县', 459, 0, 3),
(4841, '武都区', 459, 0, 3),
(4842, '礼县', 459, 0, 3),
(4843, '西和县', 459, 0, 3),
(4844, '东乡族自治县', 460, 0, 3),
(4845, '临夏县', 460, 0, 3),
(4846, '临夏市', 460, 0, 3),
(4847, '和政县', 460, 0, 3),
(4848, '广河县', 460, 0, 3),
(4849, '康乐县', 460, 0, 3),
(4850, '永靖县', 460, 0, 3),
(4851, '积石山保安族东乡族撒拉族自治县', 460, 0, 3),
(4852, '临潭县', 461, 0, 3),
(4853, '卓尼县', 461, 0, 3),
(4854, '合作市', 461, 0, 3),
(4855, '夏河县', 461, 0, 3),
(4856, '玛曲县', 461, 0, 3),
(4857, '碌曲县', 461, 0, 3),
(4858, '舟曲县', 461, 0, 3),
(4859, '迭部县', 461, 0, 3),
(4860, '城东区', 462, 0, 3),
(4861, '城中区', 462, 0, 3),
(4862, '城北区', 462, 0, 3),
(4863, '城西区', 462, 0, 3),
(4864, '大通回族土族自治县', 462, 0, 3),
(4865, '湟中县', 462, 0, 3),
(4866, '湟源县', 462, 0, 3),
(4867, '乐都县', 463, 0, 3),
(4868, '互助土族自治县', 463, 0, 3),
(4869, '化隆回族自治县', 463, 0, 3),
(4870, '平安县', 463, 0, 3),
(4871, '循化撒拉族自治县', 463, 0, 3),
(4872, '民和回族土族自治县', 463, 0, 3),
(4873, '刚察县', 464, 0, 3),
(4874, '海晏县', 464, 0, 3),
(4875, '祁连县', 464, 0, 3),
(4876, '门源回族自治县', 464, 0, 3),
(4877, '同仁县', 465, 0, 3),
(4878, '尖扎县', 465, 0, 3),
(4879, '河南蒙古族自治县', 465, 0, 3),
(4880, '泽库县', 465, 0, 3),
(4881, '共和县', 466, 0, 3),
(4882, '兴海县', 466, 0, 3),
(4883, '同德县', 466, 0, 3),
(4884, '贵南县', 466, 0, 3),
(4885, '贵德县', 466, 0, 3),
(4886, '久治县', 467, 0, 3),
(4887, '玛多县', 467, 0, 3),
(4888, '玛沁县', 467, 0, 3),
(4889, '班玛县', 467, 0, 3),
(4890, '甘德县', 467, 0, 3),
(4891, '达日县', 467, 0, 3),
(4892, '囊谦县', 468, 0, 3),
(4893, '曲麻莱县', 468, 0, 3),
(4894, '杂多县', 468, 0, 3),
(4895, '治多县', 468, 0, 3),
(4896, '玉树县', 468, 0, 3),
(4897, '称多县', 468, 0, 3),
(4898, '乌兰县', 469, 0, 3),
(4899, '冷湖行委', 469, 0, 3),
(4900, '大柴旦行委', 469, 0, 3),
(4901, '天峻县', 469, 0, 3),
(4902, '德令哈市', 469, 0, 3),
(4903, '格尔木市', 469, 0, 3),
(4904, '茫崖行委', 469, 0, 3),
(4905, '都兰县', 469, 0, 3),
(4906, '兴庆区', 470, 0, 3),
(4907, '永宁县', 470, 0, 3),
(4908, '灵武市', 470, 0, 3),
(4909, '西夏区', 470, 0, 3),
(4910, '贺兰县', 470, 0, 3),
(4911, '金凤区', 470, 0, 3),
(4912, '大武口区', 471, 0, 3),
(4913, '平罗县', 471, 0, 3),
(4914, '惠农区', 471, 0, 3),
(4915, '利通区', 472, 0, 3),
(4916, '同心县', 472, 0, 3),
(4917, '盐池县', 472, 0, 3),
(4918, '青铜峡市', 472, 0, 3),
(4919, '原州区', 473, 0, 3),
(4920, '彭阳县', 473, 0, 3),
(4921, '泾源县', 473, 0, 3),
(4922, '西吉县', 473, 0, 3),
(4923, '隆德县', 473, 0, 3),
(4924, '中宁县', 474, 0, 3),
(4925, '沙坡头区', 474, 0, 3),
(4926, '海原县', 474, 0, 3),
(4927, '东山区', 475, 0, 3),
(4928, '乌鲁木齐县', 475, 0, 3),
(4929, '天山区', 475, 0, 3),
(4930, '头屯河区', 475, 0, 3),
(4931, '新市区', 475, 0, 3),
(4932, '水磨沟区', 475, 0, 3),
(4933, '沙依巴克区', 475, 0, 3),
(4934, '达坂城区', 475, 0, 3),
(4935, '乌尔禾区', 476, 0, 3),
(4936, '克拉玛依区', 476, 0, 3),
(4937, '独山子区', 476, 0, 3),
(4938, '白碱滩区', 476, 0, 3),
(4939, '吐鲁番市', 477, 0, 3),
(4940, '托克逊县', 477, 0, 3),
(4941, '鄯善县', 477, 0, 3),
(4942, '伊吾县', 478, 0, 3),
(4943, '哈密市', 478, 0, 3),
(4944, '巴里坤哈萨克自治县', 478, 0, 3),
(4945, '吉木萨尔县', 479, 0, 3),
(4946, '呼图壁县', 479, 0, 3),
(4947, '奇台县', 479, 0, 3),
(4948, '昌吉市', 479, 0, 3),
(4949, '木垒哈萨克自治县', 479, 0, 3),
(4950, '玛纳斯县', 479, 0, 3),
(4951, '米泉市', 479, 0, 3),
(4952, '阜康市', 479, 0, 3),
(4953, '博乐市', 480, 0, 3),
(4954, '温泉县', 480, 0, 3),
(4955, '精河县', 480, 0, 3),
(4956, '博湖县', 481, 0, 3),
(4957, '和硕县', 481, 0, 3),
(4958, '和静县', 481, 0, 3),
(4959, '尉犁县', 481, 0, 3),
(4960, '库尔勒市', 481, 0, 3),
(4961, '焉耆回族自治县', 481, 0, 3),
(4962, '若羌县', 481, 0, 3),
(4963, '轮台县', 481, 0, 3),
(4964, '乌什县', 482, 0, 3),
(4965, '库车县', 482, 0, 3),
(4966, '拜城县', 482, 0, 3),
(4967, '新和县', 482, 0, 3),
(4968, '柯坪县', 482, 0, 3),
(4969, '沙雅县', 482, 0, 3),
(4970, '温宿县', 482, 0, 3),
(4971, '阿克苏市', 482, 0, 3),
(4972, '阿瓦提县', 482, 0, 3);
INSERT INTO `cor_area` (`area_id`, `area_name`, `area_parent_id`, `area_sort`, `area_deep`) VALUES
(4973, '乌恰县', 483, 0, 3),
(4974, '阿克陶县', 483, 0, 3),
(4975, '阿合奇县', 483, 0, 3),
(4976, '阿图什市', 483, 0, 3),
(4977, '伽师县', 484, 0, 3),
(4978, '叶城县', 484, 0, 3),
(4979, '喀什市', 484, 0, 3),
(4980, '塔什库尔干塔吉克自治县', 484, 0, 3),
(4981, '岳普湖县', 484, 0, 3),
(4982, '巴楚县', 484, 0, 3),
(4983, '泽普县', 484, 0, 3),
(4984, '疏勒县', 484, 0, 3),
(4985, '疏附县', 484, 0, 3),
(4986, '英吉沙县', 484, 0, 3),
(4987, '莎车县', 484, 0, 3),
(4988, '麦盖提县', 484, 0, 3),
(4989, '于田县', 485, 0, 3),
(4990, '和田县', 485, 0, 3),
(4991, '和田市', 485, 0, 3),
(4992, '墨玉县', 485, 0, 3),
(4993, '民丰县', 485, 0, 3),
(4994, '洛浦县', 485, 0, 3),
(4995, '皮山县', 485, 0, 3),
(4996, '策勒县', 485, 0, 3),
(4997, '伊宁县', 486, 0, 3),
(4998, '伊宁市', 486, 0, 3),
(4999, '奎屯市', 486, 0, 3),
(5000, '察布查尔锡伯自治县', 486, 0, 3),
(5001, '尼勒克县', 486, 0, 3),
(5002, '巩留县', 486, 0, 3),
(5003, '新源县', 486, 0, 3),
(5004, '昭苏县', 486, 0, 3),
(5005, '特克斯县', 486, 0, 3),
(5006, '霍城县', 486, 0, 3),
(5007, '乌苏市', 487, 0, 3),
(5008, '和布克赛尔蒙古自治县', 487, 0, 3),
(5009, '塔城市', 487, 0, 3),
(5010, '托里县', 487, 0, 3),
(5011, '沙湾县', 487, 0, 3),
(5012, '裕民县', 487, 0, 3),
(5013, '额敏县', 487, 0, 3),
(5014, '吉木乃县', 488, 0, 3),
(5015, '哈巴河县', 488, 0, 3),
(5016, '富蕴县', 488, 0, 3),
(5017, '布尔津县', 488, 0, 3),
(5018, '福海县', 488, 0, 3),
(5019, '阿勒泰市', 488, 0, 3),
(5020, '青河县', 488, 0, 3),
(5021, '石河子市', 489, 0, 3),
(5022, '阿拉尔市', 490, 0, 3),
(5023, '图木舒克市', 491, 0, 3),
(5024, '五家渠市', 492, 0, 3),
(45055, '海外', 35, 0, 2);

-- --------------------------------------------------------

--
-- 表的结构 `cor_article`
--

CREATE TABLE IF NOT EXISTS `cor_article` (
  `article_id` int(11) NOT NULL AUTO_INCREMENT COMMENT '索引id',
  `ac_id` mediumint(8) unsigned NOT NULL DEFAULT '0' COMMENT '分类id',
  `article_url` varchar(100) DEFAULT NULL COMMENT '跳转链接',
  `article_show` tinyint(1) unsigned NOT NULL DEFAULT '1' COMMENT '是否显示，0为否，1为是，默认为1',
  `article_sort` tinyint(3) unsigned NOT NULL DEFAULT '255' COMMENT '排序',
  `article_title` varchar(100) DEFAULT NULL COMMENT '标题',
  `article_content` text COMMENT '内容',
  `article_time` int(10) unsigned NOT NULL DEFAULT '0' COMMENT '发布时间',
  PRIMARY KEY (`article_id`),
  KEY `ac_id` (`ac_id`)
) ENGINE=InnoDB  DEFAULT CHARSET=utf8 COMMENT='文章表' AUTO_INCREMENT=56 ;

--
-- 转存表中的数据 `cor_article`
--

INSERT INTO `cor_article` (`article_id`, `ac_id`, `article_url`, `article_show`, `article_sort`, `article_title`, `article_content`, `article_time`) VALUES
(6, 2, '', 1, 2, '用户登录', '<p>\r\n	<span style="color:#000000;font-size:14px;">　</span><span style="color:#000000;font-size:14px;">　注册成功后，买家用户可以登录到B2B2C电商平台我的商城查看个人信息或进入个人信息的修改；卖家用户可以管理自己的店铺，发布商品。</span> \r\n</p>\r\n<p>\r\n	<span style="color:#000000;"><br />\r\n</span> \r\n</p>\r\n<p>\r\n	<span style="color:#000000;"><span style="color:#000000;font-size:14px;">　　</span><strong><span style="color:#000000;font-size:14px;">登录步骤详解如下：</span></strong></span> \r\n</p>\r\n<p>\r\n	<span style="color:#000000;font-size:14px;"><strong>&nbsp; &nbsp; &nbsp; &nbsp; 一、买家用户登录</strong></span> \r\n</p>\r\n<p>\r\n	<span style="color:#000000;font-size:14px;">　　1、点击B2B2C电商平台商城左上角的登录。</span> \r\n</p>\r\n<p>\r\n	<span style="color:#000000;"><img src="/data/upload/shop/editor/20150320110853_71619.jpg" alt="" /><br />\r\n</span> \r\n</p>\r\n<p>\r\n	<span style="color:#000000;"><br />\r\n</span> \r\n</p>\r\n<p>\r\n	<span style="color:#000000;font-size:14px;">　　2、按照网页提示填写您的用户名、登录密码及验证码之后，点击【登录】。</span> \r\n</p>\r\n<p>\r\n	<span style="color:#000000;"><img src="/data/upload/shop/editor/20150320110909_39970.jpg" alt="" /><br />\r\n</span> \r\n</p>\r\n<p>\r\n	<span style="color:#000000;"><br />\r\n</span> \r\n</p>\r\n<p>\r\n	<span style="color:#000000;font-size:14px;">&nbsp; &nbsp; &nbsp; &nbsp; 3、系统提示：用户登录成功。登录后，在首页点击用户名或者我的商城，进入我的用户中心。</span> \r\n</p>\r\n<p>\r\n	<span style="color:#000000;"><img src="/data/upload/shop/editor/20150320110945_25713.jpg" alt="" /><br />\r\n</span> \r\n</p>\r\n<p>\r\n	<span style="color:#000000;"><br />\r\n</span> \r\n</p>\r\n<p>\r\n	<span style="color:#000000;font-size:14px;">&nbsp; &nbsp; &nbsp; &nbsp; <strong>二、商户登录</strong></span> \r\n</p>\r\n<p>\r\n	<span style="color:#000000;font-size:14px;">&nbsp; &nbsp; &nbsp; &nbsp; 1、点击B2B2C电商平台商城右上角的商家登录。</span> \r\n</p>\r\n<p>\r\n	<span style="color:#000000;"><img src="/data/upload/shop/editor/20150320111003_10752.jpg" alt="" /><br />\r\n</span> \r\n</p>\r\n<p>\r\n	<span style="color:#000000;"><br />\r\n</span> \r\n</p>\r\n<p>\r\n	<span style="color:#000000;font-size:14px;">&nbsp; &nbsp; &nbsp; &nbsp; 2、在商家申请入驻登录页面，点击商家管理中心。</span> \r\n</p>\r\n<p>\r\n	<span style="color:#000000;"><img src="/data/upload/shop/editor/20150320111020_67738.jpg" alt="" /><br />\r\n</span> \r\n</p>\r\n<p>\r\n	<span style="color:#000000;"><br />\r\n</span> \r\n</p>\r\n<p>\r\n	<span style="color:#000000;font-size:14px;">&nbsp; &nbsp; &nbsp; &nbsp; 3、按照网页提示信息，填写您商铺的用户名、密码及验证码，点击商家登录（商铺用户名是您申请店铺时自己设定的店铺用户名，可以与您买家身份的用户名不同）。</span> \r\n</p>\r\n<p>\r\n	<span style="color:#000000;"><img src="/data/upload/shop/editor/20150320111048_62731.jpg" alt="" /><br />\r\n</span> \r\n</p>\r\n<p>\r\n	<span style="color:#000000;"><br />\r\n</span> \r\n</p>\r\n<p>\r\n	<span style="color:#000000;font-size:14px;">&nbsp; &nbsp; &nbsp; &nbsp; 系统提示登录成功，页面自动跳转到商家管理中心，商户可以开始管理自己的店铺了。</span> \r\n</p>\r\n<p>\r\n	<span style="color:#000000;"><br />\r\n</span> \r\n</p>\r\n<p>\r\n	<span style="color:#000000;"><span style="color:#000000;font-size:14px;">　　</span><strong><span style="color:#000000;font-size:14px;">常见问题：</span></strong></span> \r\n</p>\r\n<p>\r\n	<span style="color:#000000;font-size:14px;">　　Q：为什么在登录过程中，系统总提示用户名或登录密码输入错误，请重新填写”?</span> \r\n</p>\r\n<p>\r\n	<span style="color:#000000;font-size:14px;">　　A：出现这种情况，大部分情况下是因为：</span> \r\n</p>\r\n<p>\r\n	<span style="color:#000000;font-size:14px;">　　1、您输入的用户名有误；若您曾修改过用户名称，请用修改后的信息登陆</span> \r\n</p>\r\n<p>\r\n	<span style="color:#000000;font-size:14px;">　　2、您输入的密码有误；若您曾修改过注册密码，请用修改后的信息的登陆；忘记密码，请点击【找回密码】</span> \r\n</p>\r\n<p>\r\n	<span style="color:#000000;font-size:14px;">　　3、若您未在B2B2C电商平台商城成功注册，请点击 【新用户注册】进行注册，注册成功后，再登录。</span> \r\n</p>', 1389864697),
(7, 2, '', 1, 255, '如何搜索', '如何搜索', 1389864697),
(8, 2, '', 1, 4, '订单状态', '<p>\r\n	<span style="font-size:14px;color:#000000;">　　<strong>1、订单提交成功后还可以修改收货信息吗?</strong></span> \r\n</p>\r\n<p>\r\n	<span style="font-size:14px;color:#000000;">　　您好，订单在被商家接受之前您可以在订单页面取消订单并重新下单。为保证商品送达准确无误，订单在被接受后无法修改收货信息，请您谅解。</span> \r\n</p>\r\n<p>\r\n	<span style="font-size:14px;color:#000000;">　　<strong>2、怎么查看我的订单状态?</strong></span> \r\n</p>\r\n<p>\r\n	<span style="font-size:14px;color:#000000;">　　B2B2C电商平台商城将各种状态显示在订单详情页面，此种方式让您更好的了解订单情况，及时跟踪订单状态，以下是订单状态的简单说明： \r\n在等待收货过程中，可在网站“我的商城—我的订单”中查询订单状态，了解订单处理及商品配送进度。</span> \r\n</p>\r\n<p>\r\n	<span style="font-size:14px;color:#000000;">　　<strong>3、关于订单的取消，怎么操作?</strong></span> \r\n</p>\r\n<p>\r\n	<span style="font-size:14px;color:#000000;">　　如订单未被商家接受，您可在订单页取消订单并重新下单，如需取消订单商品，可通过B2B2C电商平台商城“我的商城—我的订单”中的订单修改功能进行修改。</span> \r\n</p>\r\n<p>\r\n	<span style="font-size:14px;color:#000000;">　　</span> \r\n</p>\r\n<p>\r\n	<span style="font-size:14px;color:#000000;"><b>&nbsp; &nbsp; &nbsp; &nbsp; 订单状态查询详解：</b></span> \r\n</p>\r\n<p>\r\n	<img src="/data/upload/shop/editor/20150320113244_37424.jpg" alt="" />\r\n</p>\r\n<p>\r\n	<span style="font-size:14px;color:#000000;"><b><br />\r\n</b></span> \r\n</p>\r\n<p>\r\n	<span style="font-size:14px;color:#000000;"><b><img src="/data/upload/shop/editor/20150320113254_28034.jpg" alt="" /><br />\r\n</b></span> \r\n</p>\r\n<p>\r\n	<span style="font-size:14px;color:#000000;"><b><br />\r\n</b></span> \r\n</p>', 1389864697),
(9, 2, '', 1, 1, '新用户注册', '<p>\r\n	<br />\r\n</p>\r\n<p>\r\n	<span style="color:#000000;font-size:14px;">　　· 欢迎注册</span><strong><span style="color:#000000;font-size:14px;">B2B2C电商平台商城</span></strong><span style="color:#000000;font-size:14px;">!</span> \r\n</p>\r\n<p>\r\n	<span style="color:#000000;font-size:14px;">　　· 请点击 【注册】，按照以下注册提示操作即可!</span> \r\n</p>\r\n<p>\r\n	<br />\r\n</p>\r\n<p>\r\n	<span style="color:#000000;font-size:14px;">　　<strong>· 新用户注册步骤详解如下：</strong></span> \r\n</p>\r\n<p>\r\n	<span style="color:#000000;font-size:14px;">　　· 1.进入B2B2C电商平台商城首页，请点击左上角【注册】：</span> \r\n</p>\r\n<p>\r\n	<span style="color:#000000;font-size:14px;">　　<img src="/data/upload/shop/editor/20150320105319_96802.jpg" alt="" /></span>\r\n</p>\r\n<p>\r\n	<span style="color:#000000;font-size:14px;">　　</span> \r\n</p>\r\n<p>\r\n	<span style="color:#000000;font-size:14px;">&nbsp; &nbsp; &nbsp; &nbsp; · 2、按照网页提示，填写准确的注册信息后点击【立即注册】。</span> \r\n</p>\r\n<p>\r\n	<img src="/data/upload/shop/editor/20150320105342_27306.jpg" alt="" />\r\n</p>\r\n<p>\r\n	<br />\r\n</p>\r\n<p>\r\n	<span style="color:#000000;font-size:14px;">　　· 3、系统会提示注册成功，请尽快完善个人信息资料并跳转到用户中心。暂时没完善个人资料，完全不影响购物体验。</span> \r\n</p>\r\n<p>\r\n	<span style="color:#000000;font-size:14px;">　　· 注册成功后，就可以开始您的购物之旅了!</span> \r\n</p>\r\n<p>\r\n	<br />\r\n</p>', 1389864697),
(10, 2, '', 1, 3, '购物指南', '<p>\r\n	<strong><span style="color:#000000;font-size:14px;">&nbsp; &nbsp; &nbsp; &nbsp; 购物流程</span></strong> \r\n</p>\r\n<p>\r\n	<strong><span style="color:#000000;font-size:14px;"><br />\r\n</span></strong> \r\n</p>\r\n<p>\r\n	<strong><span style="color:#000000;font-size:14px;"><img src="/data/upload/shop/editor/20141226161001_49894.jpg" alt="" /><br />\r\n</span></strong> \r\n</p>\r\n<p>\r\n	<strong><span style="color:#000000;font-size:14px;"><br />\r\n</span></strong> \r\n</p>\r\n<p>\r\n	<strong><span style="color:#000000;font-size:14px;">&nbsp; &nbsp; &nbsp; &nbsp; 用户购物步骤详解如下：</span></strong> \r\n</p>\r\n<p>\r\n	<strong><span style="color:#000000;font-size:14px;">&nbsp; &nbsp; &nbsp; &nbsp; 注册登录网站后，通过搜索或者直接找到想要买的宝贝，仔细浏览商品详细描述，确认购买时，请点击立即购买或者加入购物车结算：</span></strong> \r\n</p>\r\n<p>\r\n	<strong><span style="color:#000000;font-size:14px;"><br />\r\n</span></strong> \r\n</p>\r\n<p>\r\n	<strong><span style="color:#000000;font-size:14px;">&nbsp; &nbsp; &nbsp; &nbsp; 1、找到要购买的宝贝，加入购物车或者点击立即购买</span></strong> \r\n</p>\r\n<p>\r\n	<strong><span style="color:#000000;font-size:14px;"><img src="/data/upload/shop/editor/20150320112148_64236.jpg" alt="" /><br />\r\n</span></strong> \r\n</p>\r\n<p>\r\n	<strong><span style="color:#000000;font-size:14px;"><br />\r\n</span></strong> \r\n</p>\r\n<p>\r\n	<strong><span style="color:#000000;font-size:14px;">&nbsp; &nbsp; &nbsp; &nbsp; 2、进入购物车结算付款</span></strong> \r\n</p>\r\n<p>\r\n	<strong><span style="color:#000000;font-size:14px;"><img src="/data/upload/shop/editor/20150320112852_33623.jpg" alt="" /><br />\r\n</span></strong> \r\n</p>\r\n<p>\r\n	<strong><span style="color:#000000;font-size:14px;"><br />\r\n</span></strong> \r\n</p>\r\n<p>\r\n	<strong><span style="color:#000000;font-size:14px;"><br />\r\n</span></strong> \r\n</p>\r\n<p>\r\n	<strong><span style="color:#000000;font-size:14px;">&nbsp; &nbsp; &nbsp; &nbsp; 3、在购物车找到您刚才准备购买的订单商品，填写核对购物信息</span></strong> \r\n</p>\r\n<p>\r\n	<strong><span style="color:#000000;font-size:14px;"><img src="/data/upload/shop/editor/20150320112910_29945.jpg" alt="" /><br />\r\n</span></strong> \r\n</p>\r\n<p>\r\n	<strong><span style="color:#000000;font-size:14px;"><br />\r\n</span></strong> \r\n</p>\r\n<p>\r\n	<strong><span style="color:#000000;font-size:14px;">&nbsp; &nbsp; &nbsp; &nbsp; 4、仔细核对收货人信息、支付方式、是否需要开具发票、购买留言及是否使用账户预存款结算等信息，核对无误后（若有误可以随时点击修改），提交订单，进入支付页面</span></strong> \r\n</p>\r\n<p>\r\n	<strong><span style="color:#000000;font-size:14px;"><img src="/data/upload/shop/editor/20150320112947_83298.jpg" alt="" /><br />\r\n</span></strong> \r\n</p>\r\n<p>\r\n	<strong><span style="color:#000000;font-size:14px;"><br />\r\n</span></strong> \r\n</p>\r\n<p>\r\n	<strong><span style="color:#000000;font-size:14px;">&nbsp; &nbsp; &nbsp; &nbsp; 5、选择支付宝支付（如果您还没有开通支付宝账户，请参照如何注册支付宝，先在支付宝平台申请一个支付宝账户），确认提交支付</span></strong> \r\n</p>\r\n<p>\r\n	<strong><span style="color:#000000;font-size:14px;"><img src="/data/upload/shop/editor/20150320113004_58548.jpg" alt="" /><br />\r\n</span></strong> \r\n</p>\r\n<p>\r\n	<strong><span style="color:#000000;font-size:14px;"><br />\r\n</span></strong> \r\n</p>\r\n<p>\r\n	<strong><span style="color:#000000;font-size:14px;">&nbsp; &nbsp; &nbsp; &nbsp; 6、按照支付宝提示，用自己的支付宝账户完成订单付款，正式完成订单提交。</span></strong> \r\n</p>\r\n<p>\r\n	<strong><span style="color:#000000;font-size:14px;"><img src="/data/upload/shop/editor/20150320113022_71880.jpg" alt="" /><br />\r\n</span></strong> \r\n</p>\r\n<p>\r\n	<strong><span style="color:#000000;font-size:14px;"><br />\r\n</span></strong> \r\n</p>\r\n<p>\r\n	<strong><span style="color:#000000;font-size:14px;">&nbsp; &nbsp; &nbsp; <span style="color:#000000;">&nbsp;在线完成付款后，订单正式生效，等待卖家发货。用户随时可在用户中心查看订单状态或者注意收阅平台</span></span></strong><strong><span style="font-size:14px;color:#000000;">订单状态提醒</span></strong><strong><span style="font-size:14px;color:#000000;">的短信和邮件。</span></strong> \r\n</p>', 1389864697),
(11, 3, 'http://abc.alipay.com/cool/xsqh.htm#page=1', 1, 255, '如何注册支付宝', '如何管理店铺', 1389864697),
(12, 3, '', 1, 255, '支付常见问题', '<p>\r\n	<span style="font-size:14px;color:#000000;">　　<strong>· 1、B2B2C电商平台商城有哪些支付方式呢?</strong></span>\r\n</p>\r\n<p>\r\n	<span style="font-size:14px;color:#000000;">　　· B2B2C电商平台商城支持支付宝和财付通两种付款方式。</span>\r\n</p>\r\n<p>\r\n	<span style="font-size:14px;color:#000000;">　　<strong>· 2、我已付款了，为什么订单还处于未付款状态?</strong></span>\r\n</p>\r\n<p>\r\n	<span style="font-size:14px;color:#000000;">　　· 在系统延迟更新状态时，请刷新页面或稍等片刻，如付款成功后半小时还处于未付款状态，请联系商城客服进行咨询。</span>\r\n</p>\r\n<p>\r\n	<span style="font-size:14px;color:#000000;">　　<strong>· 3、订单已提交，未支付货款，订单可保留多久?</strong></span>\r\n</p>\r\n<p>\r\n	<span style="font-size:14px;color:#000000;">　　· 未付款的订单会一直保留，直到支付完成后才算完成订单。</span>\r\n</p>\r\n<p>\r\n	<span style="font-size:14px;color:#000000;">　　<strong>· 4、付款多久可以查到相关订单?</strong></span>\r\n</p>\r\n<p>\r\n	<span style="font-size:14px;color:#000000;">　　· 完成支付后，就可以到“我的商城—我的订单中”查看订单流程。</span>\r\n</p>\r\n<p>\r\n	<span style="font-size:14px;color:#000000;">　　<strong>· 5、如何取消订单?订单数量有误如何更改?</strong></span>\r\n</p>\r\n<p>\r\n	<span style="font-size:14px;color:#000000;">　　· 订单在被商家接受之前，登录后点击“我的商城 &gt; 我的订单 &gt; \r\n查看订单&gt;取消订单。如订单数量有误，我们建议顾客申请退订再重订。</span>\r\n</p>\r\n<p>\r\n	<span style="font-size:14px;color:#000000;">　　<strong>· 6、有没有信用卡快捷支付?</strong></span>\r\n</p>\r\n<p>\r\n	<span style="font-size:14px;color:#000000;">　　· 支付宝里可直接使用快捷支付。</span>\r\n</p>\r\n<p>\r\n	<span style="font-size:14px;color:#000000;">　　<strong>· 7、如何查看支付宝账户余额?</strong></span>\r\n</p>\r\n<p>\r\n	<span style="font-size:14px;color:#000000;">　　· 查看支付宝账户余额，您可以登录支付宝账户，在“我的支付宝”页面中看到您的账户余额。</span>\r\n</p>\r\n<p>\r\n	<span style="font-size:14px;color:#000000;">　　<strong>· 8、如何使用网银付款?</strong></span>\r\n</p>\r\n<p>\r\n	<span style="font-size:14px;color:#000000;">　　· \r\n若您的支付宝账户没有余额或余额不足，而您已开通网上银行的银行卡，您可以选择全部订单金额用“储蓄卡”支付(即网银付款)或剩余订单金额用“储蓄卡”支付(即网银付款)，效果和使用支付宝账户余额支付是一样的。</span>\r\n</p>\r\n<p>\r\n	<span style="font-size:14px;color:#000000;">　　<strong>· 9、如何使用支付宝账户余额支付?</strong></span>\r\n</p>\r\n<p>\r\n	<span style="font-size:14px;color:#000000;">　　· 当您的支付宝账户余额足够支付所拍宝贝的订单金额，您可以直接使用支付宝余额支付，输入支付宝账户支付密码，点击“确认付款”即可。</span>\r\n</p>\r\n<p>\r\n	<span style="font-size:14px;color:#000000;">　　<strong>· 10、网银付款会不会有额度限制?</strong></span>\r\n</p>\r\n<p>\r\n	<span style="font-size:14px;color:#000000;">　　· 通过网银付款，会受到支付宝支付每笔最高500元限额的限制，建议您可以先往支付宝账户充值，然后用支付宝账户余额支付。</span>\r\n</p>\r\n<p>\r\n	<span style="font-size:14px;color:#000000;">　　<strong>· 11、拍下的商品在哪里付款?</strong></span>\r\n</p>\r\n<p>\r\n	<span style="font-size:14px;color:#000000;">　　· 进入我的购物车 &gt; 确认填写订单 &gt; 生成订单并支付</span>\r\n</p>\r\n<p>\r\n	<span style="font-size:14px;color:#000000;">　　<strong>· 12、没有开通网银怎么购物?</strong></span>\r\n</p>\r\n<p>\r\n	<span style="font-size:14px;color:#000000;">　　· 需打银行电话或带好有效证件去银行柜台开通网银服务。</span>\r\n</p>\r\n<p>\r\n	<span style="font-size:14px;color:#000000;">　　<strong>· 13、如何查看支付宝收支明细?</strong></span>\r\n</p>\r\n<p>\r\n	<span style="font-size:14px;color:#000000;">　　· 查看支付宝收支明细，您可以进入“我的支付宝”-“交易记录”查询支付宝收支明细，点此进入查询页面。</span>\r\n</p>\r\n<p>\r\n	<span style="font-size:14px;color:#000000;">　　<strong>· 14、交易密码遗忘了，如何找回?</strong></span>\r\n</p>\r\n<p>\r\n	<span style="font-size:14px;color:#000000;">　　· 交易密码遗忘，可通过之前的密保答案及电子邮箱进行重设交易密码操作即可。若遗忘了相关密保资料，可电话联系支付宝客服。</span>\r\n</p>\r\n<p>\r\n	<span style="font-size:14px;color:#000000;">　　<strong>· 15、进行网上在线支付前，银行卡需要办理开通手续吗?</strong></span>\r\n</p>\r\n<p>\r\n	<span style="font-size:14px;color:#000000;">　　· 如您是第一次进行网上在线支付，建议事先拨打银行卡所属发卡银行的热线电话，详细咨询可在其网上进行在线支付的银行卡种类及相关开通手续。</span>\r\n</p>\r\n<p>\r\n	<span style="font-size:14px;color:#000000;">　　<strong>· 16、在线支付支持哪些银行卡?</strong></span>\r\n</p>\r\n<p>\r\n	<span style="font-size:14px;color:#000000;">　　· 支付宝提供几乎全部银行的银行卡及信用卡在线支付，只要您开通了"网上支付"功能，即可进行在线支付，无需手续费，实时到帐，方便快捷。</span>\r\n</p>\r\n<p>\r\n	<span style="font-size:14px;color:#000000;">　　<strong>· 17、在线支付可否分期付款?</strong></span>\r\n</p>\r\n<p>\r\n	<span style="font-size:14px;color:#000000;">　　· B2B2C电商平台商城暂不支持分期付款服务。</span>\r\n</p>\r\n<p>\r\n	<span style="font-size:14px;color:#000000;">　　<strong>· 18、怎样判断网上支付是否成功?</strong></span>\r\n</p>\r\n<p>\r\n	<span style="font-size:14px;color:#000000;">　　· (1) 当您完成网上在线支付过程后，系统应提示支付成功;如果系统没有提示支付失败或成功，您可通过电话、ATM \r\n、柜台或登录网上银行等各种方式查询银行卡余额，如果款项已被扣除，说明您已支付成功。</span>\r\n</p>\r\n<p>\r\n	<span style="font-size:14px;color:#000000;">　　· (2) 如果出现信用卡超额透支、存折余额不足、意外断线等导致支付不成功，请您登录B2B2C电商平台商城“我的商城 &gt; \r\n我的订单”进行查看，找到该张未支付成功的订单，重新完成支付。</span>\r\n</p>\r\n<p>\r\n	<span style="font-size:14px;color:#000000;">　　<strong>· 19、在线支付时提示有“超过限额”，该怎么办?</strong></span>\r\n</p>\r\n<p>\r\n	<span style="font-size:14px;color:#000000;">　　· 您所使用的支付卡单笔交易金额超出所在银行规定的单笔交易金额上限，请拨打相关支付卡银行电话，提高支付限额。</span>\r\n</p>\r\n<p>\r\n	<span style="font-size:14px;color:#000000;">　　<strong>· 20、支付不成功的原因有哪些?</strong></span>\r\n</p>\r\n<p>\r\n	<span style="font-size:14px;color:#000000;">　　· (1) 您的银行卡尚未开通网上银行支付功能，建议到当地营业厅开通网上银行;</span>\r\n</p>\r\n<p>\r\n	<span style="font-size:14px;color:#000000;">　　· (2)所用银行卡超出该银行支持地域范围，请您更换银行卡试试;</span>\r\n</p>\r\n<p>\r\n	<span style="font-size:14px;color:#000000;">　　· (3)银行卡已过期、作废、挂失或者余额不足等，建议您咨询您的开户行;</span>\r\n</p>\r\n<p>\r\n	<span style="font-size:14px;color:#000000;">　　· \r\n(4)输入的银行卡号、密码或证件号等与预置的不符，建议您重新输入正确的卡密码或证件号等，如果您忘记了密码，请您及时与所属银行联系办理密码重置;</span>\r\n</p>\r\n<p>\r\n	<span style="font-size:14px;color:#000000;">　　· (5)银行系统数据传输可能出现异常，建议您刷新页面或者稍后重启电脑;</span>\r\n</p>\r\n<p>\r\n	<span style="font-size:14px;color:#000000;">　　· (6)您的网上银行支付有限额，详情请咨询银行客服热线。</span>\r\n</p>', 1389864697),
(13, 3, '', 1, 255, '发票制度', '<p>\r\n	<span style="font-size:14px;color:#000000;">　　<strong>正确填写发票内容：</strong></span> \r\n</p>\r\n<p>\r\n	<span style="font-size:14px;color:#000000;">&nbsp; &nbsp; &nbsp; &nbsp; · 1、发票抬头</span> \r\n</p>\r\n<p>\r\n	<span style="font-size:14px;color:#000000;">　　· (1)发票抬头不能为空;</span> \r\n</p>\r\n<p>\r\n	<span style="font-size:14px;color:#000000;">　　· (2)您可填写："个人"、您的姓名、或您的单位名称;</span> \r\n</p>\r\n<p>\r\n	<span style="font-size:14px;color:#000000;">　　· 2、发票内容</span> \r\n</p>\r\n<p>\r\n	<span style="font-size:14px;color:#000000;">　　· (1)B2B2C电商平台商家可开具的发票内容为：商品明细、服装、皮具、箱包、化妆品、饰品、家居用品、珠宝、鞋 \r\n。开具发票前请咨询B2B2C电商平台相应商家;</span> \r\n</p>\r\n<p>\r\n	<span style="font-size:14px;color:#000000;">　　· (2)数码、手机、家电类商品的发票内容只能开具商品名称和型号，无法开具其它内容;</span> \r\n</p>\r\n<p>\r\n	<span style="font-size:14px;color:#000000;">　　· 3、发票金额</span> \r\n</p>\r\n<p>\r\n	<span style="font-size:14px;color:#000000;">　　· B2B2C电商平台商家仅开据现金购物金额的发票，不含抵用券、返利金额、礼品卡金额费用;</span> \r\n</p>\r\n<p>\r\n	<span style="font-size:14px;color:#000000;">　　</span>\r\n</p>\r\n<p>\r\n	<span style="font-size:14px;color:#000000;">　　<strong>· 索取发票</strong></span> \r\n</p>\r\n<p>\r\n	<span style="font-size:14px;color:#000000;">　　· 请在确认填写订单页面，在"发票信息"前打钩，按提示填写发票抬头、选择发票内容，发票将会随您的订单商品一起送达：</span> \r\n</p>\r\n<p>\r\n	<span style="font-size:14px;color:#000000;">　　<img src="/data/upload/shop/editor/20141229094814_67826.jpg" alt="" /></span>\r\n</p>\r\n<p>\r\n	<span style="font-size:14px;color:#000000;"><br />\r\n</span>\r\n</p>\r\n<p>\r\n	<span style="font-size:14px;color:#000000;">　　<strong>· 补开/换开发票</strong></span> \r\n</p>\r\n<p>\r\n	<span style="font-size:14px;color:#000000;">　　· (1)补开/换开发票期限：订单收货后一个月以内</span> \r\n</p>\r\n<p>\r\n	<span style="font-size:14px;color:#000000;">　　· \r\n(2)若您提交订单时未选择发票，请在收到商品后在补开发票期限内，请联系B2B2C电商平台商家客服，并告知您的订单号、发票抬头、发票内容、邮寄地址、邮编、电话号码及收件人，B2B2C电商平台商家会以平信方式为您寄出。</span> \r\n</p>\r\n<p>\r\n	<span style="font-size:14px;color:#000000;">　　· \r\n(3)若您接收到的发票信息有误，请在换开发票期限内联系B2B2C电商平台商家客服，将原发票寄回B2B2C电商平台商家，同时请务必注明您的订单号、正确的发票抬头、内容、新发票的邮寄地址、邮编、收件人，B2B2C电商平台商家收到后会在2个工作日内为您重新开具发票以平信方式寄出。</span> \r\n</p>\r\n<p>\r\n	<span style="font-size:14px;color:#000000;">　　</span>\r\n</p>\r\n<p>\r\n	<span style="font-size:14px;color:#000000;">　　<strong>· 开发票的注意事项</strong></span> \r\n</p>\r\n<p>\r\n	<span style="font-size:14px;color:#000000;">　　· \r\n(1)若您订购的是数码、手机、家电类商品，为了保证您能充分享受生产厂家提供的售后服务，不管您是否索要发票，商家都会随单为您开具，发票内容默认为您订购的商品全称和型号，同时不支持修改发票内容。 \r\n如果您未填写发票抬头，我们将无法开具发票。</span> \r\n</p>\r\n<p>\r\n	<span style="font-size:14px;color:#000000;">　　· (2)换开发票时，请务必将原始发票寄回，否则无法换开据。</span> \r\n</p>\r\n<p>\r\n	<span style="font-size:14px;color:#000000;">　　· (3)部分商品为让利于消费者，商城价格未包含税率，如需开具发票，请先咨询商家客服，另行协商开票补交税率事宜。</span> \r\n</p>\r\n<p>\r\n	<span style="font-size:14px;color:#000000;">　　</span>\r\n</p>\r\n<p>\r\n	<span style="font-size:14px;color:#000000;">　　<strong>· 增值税发票政策</strong></span> \r\n</p>\r\n<p>\r\n	<span style="font-size:14px;color:#000000;">　　· 根据国家税务总局增值税发票管理规定如企业零售食品、零售化妆品等商品，购买者如营业执照上无此经营范围，不可取得增值税专用发票;</span> \r\n</p>\r\n<p>\r\n	<span style="font-size:14px;color:#000000;">　　· 根据国家税务规定不能向个人开具增值税发票，如果个人作为代理人为公司开具增值税发票，为了正确的使用增值税发票，请您提供以下的文件到我公司</span> \r\n</p>\r\n<p>\r\n	<span style="font-size:14px;color:#000000;">　　· 1、一般纳税人认定书</span> \r\n</p>\r\n<p>\r\n	<span style="font-size:14px;color:#000000;">　　· 2、营业执照副本、组织机构代码证、税务登记证、订单号</span> \r\n</p>\r\n<p>\r\n	<span style="font-size:14px;color:#000000;">　　· 3、填写公司名称、单位地址电话、公司税号、开户银行和帐号、发票邮寄地址详细信息，并注意所填的内容须与纳税信息一致</span> \r\n</p>\r\n<p>\r\n	<span style="font-size:14px;color:#000000;">　　· (1)公司名称必须为工商注册登记的名称</span> \r\n</p>\r\n<p>\r\n	<span style="font-size:14px;color:#000000;">　　· (2)公司的地址和电话是您开票信息上的地址和电话</span> \r\n</p>\r\n<p>\r\n	<span style="font-size:14px;color:#000000;">　　· (3)税务登记号是您公司《税务登记证》的编号，一般为15位，请仔细核对后输入</span> \r\n</p>\r\n<p>\r\n	<span style="font-size:14px;color:#000000;">　　· (4)开户银行名称与银行帐号两者必须都要填写，缺一不可</span> \r\n</p>\r\n<p>\r\n	<span style="font-size:14px;color:#000000;">　　· (5)请您填写正确的发票邮寄地址，保证发票能够准确送达;如果您未填写此项，B2B2C电商平台商家将以收货地址作为发票的邮寄地址，以便及时与您联系</span> \r\n</p>\r\n<p>\r\n	<span style="font-size:14px;color:#000000;">　　</span>\r\n</p>\r\n<p>\r\n	<span style="font-size:14px;color:#000000;">　　<strong>· 温馨提示：</strong></span> \r\n</p>\r\n<p>\r\n	<span style="font-size:14px;color:#000000;">　　· (1)若您的订单中包含以下商品：消费类食品饮料、化妆品，同时您的营业执照中无此经营范围， \r\nB2B2C电商平台商家开具的增值税发票中将扣除相应的金额。</span> \r\n</p>\r\n<p>\r\n	<span style="font-size:14px;color:#000000;">　　· (2)若您的订单之前已经要求开具了普通发票后需要开据增值税发票，请您将相应的普通发票先寄回该商品提供商。</span> \r\n</p>\r\n<p>\r\n	<span style="font-size:14px;color:#000000;">　　· (3)增值税发票开具时限：订单成功收货后的15天起至第二个自然月，没有退换货记录。</span> \r\n</p>', 1389864697),
(14, 3, '', 1, 255, '离线支付声明', '<p>\r\n	<span style="font-size:14px;color:#000000;">　　B2B2C电商平台为方便用户快捷支付、放心购物，已与支付宝(中国)网络技术有限公司签约，利用支付宝在线支付。请用户在B2B2C电商平台商城购物，一定要选择在线支付。</span>\r\n</p>\r\n<p>\r\n	<span style="font-size:14px;color:#000000;">　　支付宝在线支付，除了遵循支付宝公司的规则，还享有支付宝和B2B2C电商平台商城的交易保障权利。如用户没有选择在线支付，订单交易服务保障和售后维权不在B2B2C电商平台商城保障规则之内，由此造成的损失自行承担，与B2B2C电商平台商城无关。</span>\r\n</p>\r\n<p>\r\n	<span style="font-size:14px;color:#000000;"><br />\r\n</span>\r\n</p>\r\n<p>\r\n	<span style="font-size:14px;color:#000000;">　　<strong>特别提示：</strong></span>\r\n</p>\r\n<p>\r\n	<span style="font-size:14px;color:#000000;">　　<strong>1、用户购物如没选择在线支付，私下与商家在地面交易结算，一旦引起消费纠纷，B2B2C电商平台商城不参与纠纷调解，交易双方自行解决。</strong></span>\r\n</p>\r\n<p>\r\n	<span style="font-size:14px;color:#000000;"><strong>　　2、用户私下与商家地面交易，离线支付，不享有B2B2C电商平台商城购物1%返利福利，即该交易不在购物赠送哈金豆福利范围之内。</strong></span>\r\n</p>', 1389864697),
(15, 3, '', 1, 1, '支付宝支付', '<p>\r\n	<span style="font-size:14px;color:#000000;">　　<strong>· 1、什么是支付宝交易</strong></span> \r\n</p>\r\n<p>\r\n	<span style="font-size:14px;color:#000000;">　　· \r\n支付宝交易，是指买卖双方使用支付宝(中国)网络技术有限公司(以下简称本公司)提供的“支付宝”软件系统，且约定买卖合同项下的付款方式为通过本公司于买方收货后代为支付货款的中介支付的交易流程：</span> \r\n</p>\r\n<p>\r\n	<span style="font-size:14px;color:#000000;">　　· (1)买家先付款到支付宝，买家就不用担心把款直接付给B2B2C电商平台商家而商家不给发货的问题;</span> \r\n</p>\r\n<p>\r\n	<span style="font-size:14px;color:#000000;">　　· (2)支付宝收到买家付款后即时通知B2B2C电商平台商家发货。</span> \r\n</p>\r\n<p>\r\n	<span style="font-size:14px;color:#000000;">　　· 为了保证买卖双方的利益，在交易过程中有超时机制启动，所以请买卖双方务必关注自己交易的超时时间，以免造成不必要的损失!</span> \r\n</p>\r\n<p>\r\n	<span style="font-size:14px;color:#000000;">　　<strong>· 2、如何使用支付宝付款</strong></span> \r\n</p>\r\n<p>\r\n	<span style="font-size:14px;color:#000000;">　　· 您可以选择以下七种支付方式：</span> \r\n</p>\r\n<p>\r\n	<span style="font-size:14px;color:#000000;">　　· \r\n(1)网银支付：您可以选择支付宝公司提供的银行(中国工商银行、中国招商银行、中国建设银行、中国农业银行、兴业银行、广发银行、深圳发展银行、浦东发展银行、民生银行、中信银行、交通银行、中国光大银行、中国银行、杭州银行、中国邮政储蓄银行、北京农商银行、富滇银行、温州银行)办卡并开通网上支付业务，开通网上支付业务后您在付款的时候可以选择相应的银行进行支付操作。</span> \r\n</p>\r\n<p>\r\n	<span style="font-size:14px;color:#000000;">　　· \r\n(2)卡通支付：卡通业务在各商业银行陆续开通，您还可以到中国工商银行、中国建设银行、中国邮储等办理“支付宝卡通”签约业务，签约后激活卡通业务即可选择支付宝卡通对您的交易进行付款操作，支付宝卡通办理网点大全可以参考：http://club.alipay.com/show_thread-136---6046277-.htm;</span> \r\n</p>\r\n<p>\r\n	<span style="font-size:14px;color:#000000;">　　· \r\n(3)支付宝账户余额支付(邮政网汇e支付)：您可以到中国邮政局办理邮政网汇e业务并设定取款密码，您就可以登录支付宝账户对支付宝账户完成充值，充值后您就可以使用支付宝账户的余额对交易进行付款了。(外部商家快速支付交易如用支付宝账户余额支付，需要使用支付宝数字证书)</span> \r\n</p>\r\n<p>\r\n	<span style="font-size:14px;color:#000000;">　　· \r\n(4)网点支付：网点支付是支付宝推出的一种全新的支付方式，用户只需到与支付宝合作的营业网点，以现金或刷卡的方式即可完成账户充值和网上交易订单付款。本服务同样支持支付宝担保交易方式。 \r\n网点支付最新网点大全，可以点此查看：http://club.alipay.com/show_thread-165---6463010-.htm</span> \r\n</p>\r\n<p>\r\n	<span style="font-size:14px;color:#000000;">　　· \r\n(5)货到付款：顾名思义，就是买家收到货后再付款。是淘宝商城推出的一个新的支付方式，可以降低买家网上购物的门槛。使用货到付款服务，买家需要向物流公司支付一定的手续费：按应收(货款+运费)的2%比率收取，服务费最低不低于10元，最高不超过100元;实收金额四舍五入按元取整。</span> \r\n</p>\r\n<p>\r\n	<span style="font-size:14px;color:#000000;">　　· \r\n(6)信用卡支付：支付宝为买家提供一种支付工具，买家可以使用信用卡直接付款。将您的信用卡开通网上支付功能就可以直接在网上进行大额交易付款了。信用卡支付业务目前开通交通银行、广发银行、光大银行、中国银行、兴业银行、招商银行、中信银行。</span> \r\n</p>\r\n<p>\r\n	<span style="font-size:14px;color:#000000;">　　· (7)话费卡支付：买家可以使用话费卡(目前支持全国神州行卡和联通一卡充的支付)。</span> \r\n</p>\r\n<p>\r\n	<span style="font-size:14px;color:#000000;">　　<strong>· 3、快捷支付(含卡通)介绍</strong></span> \r\n</p>\r\n<p>\r\n	<span style="font-size:14px;color:#000000;">　　· \r\n快捷支付(含卡通)是支付宝联合各大银行推出的全新的支付方式。只要您有银行卡，就可以在支付宝付款。付款时无需登录网上银行，凭支付宝支付密码和手机校验码即可完成付款。(原卡通用户自动升级成为快捷支付用户)。</span> \r\n</p>\r\n<p>\r\n	<span style="font-size:14px;color:#000000;">　　<strong>· 4、快捷支付(含卡通)类型</strong></span> \r\n</p>\r\n<p>\r\n	<span style="font-size:14px;color:#000000;">　　· 储蓄卡快捷支付、信用卡快捷支付和原先的支付宝卡通。</span> \r\n</p>\r\n<p>\r\n	<span style="font-size:14px;color:#000000;">　　· 温馨提示：</span> \r\n</p>\r\n<p>\r\n	<span style="font-size:14px;color:#000000;">　　· (1)储蓄卡快捷支付和信用卡快捷支付可以直接对交易进行付款，部分银行支持充值，但不支持代付、不能还信用卡;</span> \r\n</p>\r\n<p>\r\n	<span style="font-size:14px;color:#000000;">　　· (2)储蓄卡卡通可以给支付宝账户充值、支持代付和还信用卡。</span> \r\n</p>\r\n<p>\r\n	<span style="font-size:14px;color:#000000;">　　<strong>· 5、支持办理快捷支付(卡通)的银行网点和签约方式:</strong></span> \r\n</p>\r\n<p>\r\n	<span style="font-size:14px;color:#000000;">　　· 支付宝将与更多银行合作支付宝卡通项目，更多银行网点，敬请关注论坛公告。</span> \r\n</p>\r\n<p>\r\n	<span style="font-size:14px;color:#000000;">　　<strong>· 6、信用卡快捷支付的使用范围:</strong></span> \r\n</p>\r\n<p>\r\n	<span style="font-size:14px;color:#000000;">　　· 可以在淘宝和部分外部商家中进行支付。</span> \r\n</p>\r\n<p>\r\n	<span style="font-size:14px;color:#000000;">　　· 注：信用卡快捷支付单笔最多支持6笔交易的合并支付。</span> \r\n</p>\r\n<p>\r\n	<span style="font-size:14px;color:#000000;">　　<strong>· 7、储蓄卡快捷支付介绍:</strong></span> \r\n</p>\r\n<p>\r\n	<span style="font-size:14px;color:#000000;">　　· 储蓄卡快捷支付介绍：是指客户通过网站的方式购买商品时，只需输入支付宝支付密码，即可完成付款。</span> \r\n</p>\r\n<p>\r\n	<span style="font-size:14px;color:#000000;">　　· 使用范围：支持淘宝和外部商家的交易，暂不对支付宝站内充值、交易开放。</span> \r\n</p>\r\n<p>\r\n	<span style="font-size:14px;color:#000000;">　　· 注：首次开通储蓄卡快捷支付不支持余额、红包、集分宝的交易。</span> \r\n</p>', 1389864697),
(16, 4, '', 1, 1, '如何申请开店', '<p>\r\n	<span style="font-size:14px;color:#000000;">　　B2B2C电商平台(www.infol.com.cn)（简称甲方）是B2B2C电商平台提供的适用于企业和个人使用并可进行网上商务营销活动和商品交易的“电商+店商”二合一网络交易平台。</span> \r\n</p>\r\n<p>\r\n	<span style="font-size:14px;color:#000000;">　　<strong>1、鉴于：</strong></span> \r\n</p>\r\n<p>\r\n	<span style="font-size:14px;color:#000000;">　　乙方是具备下列任一条件的个人或组织：</span> \r\n</p>\r\n<p>\r\n	<span style="font-size:14px;color:#000000;">　　A依法成立并能够独立承担责任的经营性单位;</span> \r\n</p>\r\n<p>\r\n	<span style="font-size:14px;color:#000000;">　　B符合《中华人民共和国民法通则》规定的具有完全民事行为能力(年满18周岁)的自然人。</span> \r\n</p>\r\n<p>\r\n	<span style="font-size:14px;color:#000000;">　　<strong>并且：</strong></span> \r\n</p>\r\n<p>\r\n	<span style="font-size:14px;color:#000000;">　　乙方拥有优质的产品或者服务，因开展网上商务活动而需使用甲方的B2B2C电商平台(www.infol.com.cn)电子商务平台，并承诺将在利用甲方电子商务平台开展商务活动时严格遵守《中华人民共和国产品质量法》和《中华人民共和国消费者权益保护法》，尊重消费者的隐私权，完全理解、接受并且执行甲方在B2B2C电商平台公布的《保护用户隐私权声明》。</span> \r\n</p>\r\n<p>\r\n	<span style="font-size:14px;color:#000000;">　　符合以上条件的均可在线申请开店。</span> \r\n</p>\r\n<p>\r\n	<span style="font-size:14px;color:#000000;"><br />\r\n</span> \r\n</p>\r\n<p>\r\n	<span style="font-size:14px;color:#000000;">　　<strong>2、乙方作为B2B2C电商平台商城开店合作商需提供相应资料并加盖公章：</strong></span> \r\n</p>\r\n<p>\r\n	<span style="font-size:14px;color:#000000;">　　(以下企业及品牌资料由甲方保存留底，概不退回)</span> \r\n</p>\r\n<p>\r\n	<span style="font-size:14px;color:#000000;">　　(1)资质清单;</span> \r\n</p>\r\n<p>\r\n	<span style="font-size:14px;color:#000000;">　　(2)通过最新年检的企业营业执照复印件;</span> \r\n</p>\r\n<p>\r\n	<span style="font-size:14px;color:#000000;">　　(3)组织机构代码证复印件;</span> \r\n</p>\r\n<p>\r\n	<span style="font-size:14px;color:#000000;">　　(4)企业税务登记证复印件，国税与地税;</span> \r\n</p>\r\n<p>\r\n	<span style="font-size:14px;color:#000000;">　　(5)法定代表人身份证复印件;</span> \r\n</p>\r\n<p>\r\n	<span style="font-size:14px;color:#000000;">　　(6)开户银行许可证复印件;</span> \r\n</p>\r\n<p>\r\n	<span style="font-size:14px;color:#000000;">　　(7)厂商出具的相关品牌授权书;</span> \r\n</p>\r\n<p>\r\n	<span style="font-size:14px;color:#000000;">　　(8)商标权证书复印件或者专利权证书等知识产权证明复印件，并在30天内出具允许甲方网站销售该商品的授权书或代理证书。</span> \r\n</p>\r\n<p>\r\n	<span style="font-size:14px;color:#000000;">　　(9)品牌商品相关电子图片及相关文字说明。</span> \r\n</p>\r\n<p>\r\n	<span style="font-size:14px;color:#000000;">　　(10)申请展示商品的质检报告复印件或产品质量合格证明(不同品牌不同类目产品均需提供一份)。</span> \r\n</p>\r\n<p>\r\n	<span style="font-size:14px;color:#000000;">　　以上所有材料均需在有效期内并且真实有效。</span> \r\n</p>\r\n<p>\r\n	<span style="font-size:14px;color:#000000;"><br />\r\n</span> \r\n</p>\r\n<p>\r\n	<span style="font-size:14px;color:#000000;">　　<strong>3、若乙方申请展示的商品为特殊产品的，需提供以下相应证明材料并加盖公章，于签订协议的当日提供给甲方。</strong></span> \r\n</p>\r\n<p>\r\n	<span style="font-size:14px;color:#000000;">　　(以下企业及品牌资料由甲方保存留底，概不退回，且特殊产品资质以甲方质控部需要的资料为准。)</span> \r\n</p>\r\n<p>\r\n	<span style="font-size:14px;color:#000000;">　　(1)资质清单;</span> \r\n</p>\r\n<p>\r\n	<span style="font-size:14px;color:#000000;">　　(2)化妆品商品商家化妆品生产厂商持有的《化妆品卫生许可证》(即《全国工业产品生产许可证》)复印件;</span> \r\n</p>\r\n<p>\r\n	<span style="font-size:14px;color:#000000;">　　(3)化妆品生产厂商的营业执照副本复印件;</span> \r\n</p>\r\n<p>\r\n	<span style="font-size:14px;color:#000000;">　　(4)部分商品检验检疫合格的报告或证明复印件;</span> \r\n</p>\r\n<p>\r\n	<span style="font-size:14px;color:#000000;">　　(5)进口化妆品商品商家海关进口货物报关单复印件;</span> \r\n</p>\r\n<p>\r\n	<span style="font-size:14px;color:#000000;">　　(6)出入境检验检疫入境货物检验检疫证明复印件;</span> \r\n</p>\r\n<p>\r\n	<span style="font-size:14px;color:#000000;">　　(7)进口非特殊用途化妆品备案凭证复印件;</span> \r\n</p>\r\n<p>\r\n	<span style="font-size:14px;color:#000000;">　　(8)商品需带有CIQ标识和中文标签;</span> \r\n</p>\r\n<p>\r\n	<span style="font-size:14px;color:#000000;">　　(9)食品商品商家《食品卫生许可证》或《食品流通许可证》复印件;</span> \r\n</p>\r\n<p>\r\n	<span style="font-size:14px;color:#000000;">　　(10)如系进口食品还须商品出入境检验检疫合格证明、《卫生证书》复印件以及报关单;</span> \r\n</p>\r\n<p>\r\n	<span style="font-size:14px;color:#000000;">　　(11)如系酒类销售还须提供《酒类零售许可证》或《酒类流通备案登记表》复印件;</span> \r\n</p>\r\n<p>\r\n	<span style="font-size:14px;color:#000000;">　　(12)如系蔬果、生鲜商品还须提供产地证明及卫生检疫合格证明复印件。</span> \r\n</p>\r\n<p>\r\n	<span style="font-size:14px;color:#000000;"><br />\r\n</span> \r\n</p>\r\n<p>\r\n	<span style="font-size:14px;color:#000000;">　　<strong>4、乙方应经常更新商品或服务信息并保证提供信息的合法、真实及准确性，并不得发布包含如下内容的信息：</strong></span> \r\n</p>\r\n<p>\r\n	<span style="font-size:14px;color:#000000;">　　A、色情图片及其他与色情内容相关的信息;</span> \r\n</p>\r\n<p>\r\n	<span style="font-size:14px;color:#000000;">　　B、涉及国内外政治性的敏感信息;</span> \r\n</p>\r\n<p>\r\n	<span style="font-size:14px;color:#000000;">　　C、妨害计算机网络安全的信息;</span> \r\n</p>\r\n<p>\r\n	<span style="font-size:14px;color:#000000;">　　D、其他中国法律法规禁止的内容。</span> \r\n</p>\r\n<p>\r\n	<span style="font-size:14px;color:#000000;">&nbsp; &nbsp; &nbsp; &nbsp;&nbsp;</span> \r\n</p>\r\n<p>\r\n	<span style="font-size:14px;line-height:21px;"><span style="color:#000000;">&nbsp; &nbsp; &nbsp; &nbsp;</span><strong><span style="color:#000000;"> 入驻流程：</span></strong></span> \r\n</p>\r\n<p>\r\n	<img src="/data/upload/shop/editor/20141230111214_45521.jpg" alt="" /> \r\n</p>\r\n<p>\r\n	<br />\r\n</p>\r\n<p>\r\n	<span style="font-size:14px;color:#000000;">　　<strong>在线申请开店详细操作如下：</strong></span> \r\n</p>\r\n<p>\r\n	<span style="font-size:14px;color:#000000;">　　1、新用户先注册买家身份账户，从网站首页的申请商家入驻或者网站右上角的商家登录，进入申请入驻页面</span> \r\n</p>\r\n<p>\r\n	<span style="font-size:14px;color:#000000;"><img src="/data/upload/shop/editor/20150320114233_71482.jpg" alt="" /><br />\r\n</span> \r\n</p>\r\n<p>\r\n	<span style="font-size:14px;color:#000000;"><br />\r\n</span> \r\n</p>\r\n<p>\r\n	<span style="font-size:14px;color:#000000;">　　2、用已经注册的买家身份账户，登录</span> \r\n</p>\r\n<p>\r\n	<span style="font-size:14px;color:#000000;"><img src="/data/upload/shop/editor/20150320114250_72814.jpg" alt="" /><br />\r\n</span> \r\n</p>\r\n<p>\r\n	<span style="font-size:14px;color:#000000;"><br />\r\n</span> \r\n</p>\r\n<p>\r\n	<span style="font-size:14px;color:#000000;">　　3、登录成功后，选择我要入驻</span> \r\n</p>\r\n<p>\r\n	<span style="font-size:14px;color:#000000;"><img src="/data/upload/shop/editor/20150320114305_87231.jpg" alt="" /><br />\r\n</span> \r\n</p>\r\n<p>\r\n	<span style="font-size:14px;color:#000000;"><br />\r\n</span> \r\n</p>\r\n<p>\r\n	<span style="font-size:14px;color:#000000;">　　4、在提交资质信息窗口，选择个体户或者企业入驻项，按网页提示完成信息提交</span> \r\n</p>\r\n<p>\r\n	<span style="font-size:14px;color:#000000;"><img src="/data/upload/shop/editor/20150320114325_90370.jpg" alt="" /><br />\r\n</span> \r\n</p>\r\n<p>\r\n	<span style="font-size:14px;color:#000000;"><br />\r\n</span> \r\n</p>\r\n<p>\r\n	<span style="font-size:14px;color:#000000;"><img src="/data/upload/shop/editor/20150320114355_32101.jpg" alt="" /><br />\r\n</span> \r\n</p>\r\n<p>\r\n	<span style="font-size:14px;color:#000000;">　　信息提交完成后，系统提示申请成功，等待审核。我们会在1个工作日内(节假日顺延)做出初审回复，敬请随时关注入驻进度。初审合格的，正式进入书面签约程序，经过授权正式开通网店。</span> \r\n</p>\r\n<p>\r\n	<span style="font-size:14px;color:#000000;"><br />\r\n</span> \r\n</p>\r\n<p>\r\n	<span style="font-size:14px;color:#000000;">&nbsp; &nbsp; &nbsp; &nbsp;<strong><span style="color:#E53333;"> 温馨提示：</span></strong></span> \r\n</p>\r\n<p>\r\n	<span style="font-size:14px;color:#000000;">&nbsp; &nbsp; &nbsp; &nbsp;&nbsp;已成功开通网店的商户，请用店铺账户用户名，从商家管理中心入口登录，进入商家管理中心，管理店铺，发布商品。</span> \r\n</p>', 1389864697),
(17, 4, '', 1, 2, '管理店铺', '<p>\r\n	<br />\r\n</p>\r\n<p>\r\n	<span style="font-size:16px;color:#000000;">　　管理店铺、如何发布商品及如何发货等帮助文章，因线上文章表达有限，暂不提供。</span> \r\n</p>\r\n<p>\r\n	<span style="font-size:16px;color:#000000;"><br />\r\n</span> \r\n</p>\r\n<p>\r\n	<span style="font-size:16px;color:#000000;">　　敬请关注：<strong>B2B2C电商平台商学院（<a href="http://www.infol.com.cn/circle/index.php?act=group&amp;c_id=1" target="_blank"><span style="color:#4C33E5;"><span style="text-decoration:underline;">电商黑马营</span></span></a>）</strong></span> \r\n</p>\r\n<p>\r\n	<span style="font-size:16px;color:#000000;">　　商户可预约报名，提交相关联系方式，参加地面培训。</span> \r\n</p>\r\n<p>\r\n	<span style="font-size:16px;color:#000000;">　　报名信息提交：</span>\r\n</p>\r\n<span style="font-size:16px;color:#000000;"></span>', 1389864697);
INSERT INTO `cor_article` (`article_id`, `ac_id`, `article_url`, `article_show`, `article_sort`, `article_title`, `article_content`, `article_time`) VALUES
(18, 6, '', 1, 2, '退、换货申请', '<p>\r\n	<span style="font-size:14px;color:#000000;">　　用户订单在商家接受发货后如需退换货，请收到货后先不要在我的订单中确认收货，然后及时联系商家客服，沟通情况双方进行确认后点击退换货申请。提交退换货申请后，同时买家将货原路返回商家并填写快递货单号，等待卖家收货后确认退换货。</span>\r\n</p>\r\n<p>\r\n	<span style="font-size:14px;color:#000000;"><br />\r\n</span>\r\n</p>\r\n<p>\r\n	<span style="font-size:14px;color:#000000;">　　<strong>退换货的详细操作步骤如下：</strong></span>\r\n</p>\r\n<p>\r\n	<span style="font-size:14px;color:#000000;"><br />\r\n</span>\r\n</p>\r\n<p>\r\n	<span style="font-size:14px;color:#000000;">　　1、登录商城后，进入我的商城—我的订单或者直接进入用户中心，点击已买到的商品，打开订单列表</span>\r\n</p>\r\n<p>\r\n	<span style="font-size:14px;color:#000000;"><img src="/data/upload/shop/editor/20141229162828_12408.jpg" alt="" /><br />\r\n</span>\r\n</p>\r\n<p>\r\n	<span style="font-size:14px;color:#000000;"><br />\r\n</span>\r\n</p>\r\n<p>\r\n	<span style="font-size:14px;color:#000000;">　　2、在订单列表里找到需要修改的订单，点击退款退货</span>\r\n</p>\r\n<p>\r\n	<span style="font-size:14px;color:#000000;"><img src="/data/upload/shop/editor/20141229162852_74429.jpg" alt="" /><br />\r\n</span>\r\n</p>\r\n<p>\r\n	<span style="font-size:14px;color:#000000;"><br />\r\n</span>\r\n</p>\r\n<p>\r\n	<span style="font-size:14px;color:#000000;">　　3、按照网页提示，填写申请类型、退款金额、退货数量和退货理由，点确定</span>\r\n</p>\r\n<p>\r\n	<span style="font-size:14px;color:#000000;"><img src="/data/upload/shop/editor/20141229162918_26495.jpg" alt="" /><br />\r\n</span>\r\n</p>\r\n<p>\r\n	<span style="font-size:14px;color:#000000;"><br />\r\n</span>\r\n</p>\r\n<p>\r\n	<span style="font-size:14px;color:#000000;">　　订单进入退款退货审核阶段。商家收到返回商品并检验商品是否符合退换货政策，做出同意或不同意退换货审核意见。同意退换货的经平台确认后，订单完成退换货，货款以预存款形式返还到用户预存款账户;不同意退换货的，商家说明理由，用户如意见不同，可以在线投诉，平台开始介入调查并做出公正调解处理。</span>\r\n</p>\r\n<p>\r\n	<span style="font-size:14px;color:#000000;"><br />\r\n</span>\r\n</p>\r\n<p>\r\n	<span style="font-size:14px;color:#000000;">　　<strong><span style="color:#E53333;">温馨提示：</span></strong></span>\r\n</p>\r\n<p>\r\n	<span style="font-size:14px;color:#000000;"><strong>　　用户重新购物时可以使用预存款支付，也可以从预存款账户中直接申请提现。</strong></span>\r\n</p>', 1389864697),
(19, 6, '', 1, 4, '会员修改个人资料', '<p>\r\n	<span style="font-size:14px;color:#000000;">　　用户注册后，请及时在用户中心买家首页—设置里面，填写相关的个人资料。真实填写个人基本信息，可以方便开启购物之旅，贴上个性标签可以结交更多好友，可以展示个性风采，增强自己的个人影响力，可以找回密码等。</span> \r\n</p>\r\n<p>\r\n	<span style="font-size:14px;color:#000000;"><br />\r\n</span> \r\n</p>\r\n<p>\r\n	<span style="font-size:14px;color:#000000;">　　设置个人资料详细说明，在用户中心的设置项，真实填写①基本信息 ②更多个人信息(给自己贴上个性标签) ③设置修改密码保护账户安全 \r\n④修改邮件地址和更换头像，填写信息后点击保存。</span> \r\n</p>\r\n<p>\r\n	<span style="font-size:14px;color:#000000;"><img src="/data/upload/shop/editor/20150320144310_39113.jpg" alt="" /><br />\r\n</span> \r\n</p>', 1389864697),
(20, 6, '', 1, 1, '取消订单', '<p>\r\n	<span style="font-size:14px;color:#000000;">　　用户订单在商家没有接受之前，可以在我的商城—我的订单—订单列表中，找到需要取消的订单，通过修改取消订单。</span> \r\n</p>\r\n<p>\r\n	<span style="font-size:14px;color:#000000;"><br />\r\n</span> \r\n</p>\r\n<p>\r\n	<span style="font-size:14px;color:#000000;">　　<strong>取消订单的详细操作步骤如下：</strong></span> \r\n</p>\r\n<p>\r\n	<span style="font-size:14px;color:#000000;"><strong><br />\r\n</strong></span> \r\n</p>\r\n<p>\r\n	<span style="font-size:14px;color:#000000;">　　1、登录商城后，进入我的商城—我的订单或者直接进入用户中心，点击已买到的商品，打开订单列表</span> \r\n</p>\r\n<p>\r\n	<span style="font-size:14px;color:#000000;"><img src="/data/upload/shop/editor/20141229155303_85698.jpg" alt="" /><br />\r\n</span> \r\n</p>\r\n<p>\r\n	<span style="font-size:14px;color:#000000;"><br />\r\n</span> \r\n</p>\r\n<p>\r\n	<span style="font-size:14px;color:#000000;"><img src="/data/upload/shop/editor/20141229160723_10977.jpg" alt="" /><br />\r\n</span> \r\n</p>\r\n<p>\r\n	<br />\r\n</p>\r\n<p>\r\n	<span style="font-size:14px;color:#000000;">　　2、在订单列表里找到需要修改的订单，点击取消订单</span> \r\n</p>\r\n<p>\r\n	<span style="font-size:14px;color:#000000;"><img src="/data/upload/shop/editor/20141229155357_83693.jpg" alt="" /><br />\r\n</span> \r\n</p>\r\n<p>\r\n	<span style="font-size:14px;color:#000000;"><br />\r\n</span> \r\n</p>\r\n<p>\r\n	<span style="font-size:14px;color:#000000;">　　3、按照网页提示，填写退款理由后，点确定</span> \r\n</p>\r\n<p>\r\n	<span style="font-size:14px;color:#000000;"><img src="/data/upload/shop/editor/20141229155413_79158.jpg" alt="" /><br />\r\n</span> \r\n</p>\r\n<p>\r\n	<span style="font-size:14px;color:#000000;"><br />\r\n</span> \r\n</p>\r\n<p>\r\n	<span style="font-size:14px;color:#000000;">　　4、订单进入退款退货审核阶段。</span> \r\n</p>\r\n<p>\r\n	<span style="font-size:14px;color:#000000;"><img src="/data/upload/shop/editor/20141229155438_27855.jpg" alt="" /><br />\r\n</span> \r\n</p>\r\n<p>\r\n	<span style="font-size:14px;color:#000000;"><br />\r\n</span> \r\n</p>\r\n<p>\r\n	<span style="font-size:14px;color:#000000;">　　5、商家审核同意退款，经平台确认后，订单成功取消，同时货款以预存款形式返还到用户预存款账户</span> \r\n</p>\r\n<p>\r\n	<span style="font-size:14px;color:#000000;"><img src="/data/upload/shop/editor/20141229155512_59378.jpg" alt="" /><br />\r\n</span> \r\n</p>\r\n<p>\r\n	<span style="font-size:14px;color:#000000;"><br />\r\n</span> \r\n</p>\r\n<p>\r\n	<span style="font-size:14px;color:#000000;"><img src="/data/upload/shop/editor/20141229155839_60822.jpg" alt="" /><br />\r\n</span> \r\n</p>\r\n<p>\r\n	<span style="font-size:14px;color:#000000;"><br />\r\n</span> \r\n</p>\r\n<p>\r\n	<span style="font-size:14px;color:#000000;"><img src="/data/upload/shop/editor/20141229155620_57051.jpg" alt="" /><br />\r\n</span> \r\n</p>\r\n<p>\r\n	<span style="font-size:14px;color:#000000;"><br />\r\n</span> \r\n</p>\r\n<p>\r\n	<span style="font-size:14px;color:#000000;">　　<strong><span style="color:#E53333;">温馨提示：</span></strong></span> \r\n</p>\r\n<p>\r\n	<span style="font-size:14px;color:#000000;">　　<strong>用户重新购物时可以使用预存款支付，也可以从预存款账户中直接申请提现。</strong></span> \r\n</p>', 1389864697),
(21, 6, '', 1, 3, '修改收货地址', '<p>\r\n	<span style="font-size:14px;color:#000000;">　　用户在B2B2C电商平台商城购物前，务必真实准确填写收货地址和联系方式，以免货物不能准确寄出，耽误正常交易或使交易造成不必要的损失。</span> \r\n</p>\r\n<p>\r\n	<span style="font-size:14px;color:#000000;"><br />\r\n</span> \r\n</p>\r\n<p>\r\n	<span style="font-size:14px;color:#000000;">　　<strong>设置收货地址或者修改收货地址详细操作步骤如下：</strong></span> \r\n</p>\r\n<p>\r\n	<span style="font-size:14px;color:#000000;"><strong><br />\r\n</strong></span> \r\n</p>\r\n<p>\r\n	<span style="font-size:14px;color:#000000;">　　1、在用户中心后台买家首页，点击设置，找到收货地址项，首次操作请点击新增地址，如修改收货地址，请点击编辑地址</span> \r\n</p>\r\n<p>\r\n	<span style="font-size:14px;color:#000000;"><img src="/data/upload/shop/editor/20150320140425_47556.jpg" alt="" /><br />\r\n</span> \r\n</p>\r\n<p>\r\n	<span style="font-size:14px;color:#000000;"><br />\r\n</span> \r\n</p>\r\n<p>\r\n	<span style="font-size:14px;color:#000000;">　　2、按网页提示内容，准确填写相关地址和联系方式等信息后，点新增地址或者编辑地址，即可成功设置收货地址</span> \r\n</p>\r\n<p>\r\n	<span style="font-size:14px;color:#000000;"><img src="/data/upload/shop/editor/20150320140437_38416.jpg" alt="" /><br />\r\n</span> \r\n</p>\r\n<p>\r\n	<span style="font-size:14px;color:#000000;"><br />\r\n</span> \r\n</p>\r\n<p>\r\n	<span style="font-size:14px;color:#000000;">　　3、如以前设置过收货地址，如需修改新的收货地址，也可在购买商品支付页面，点收货地址的修改项——使用新地址，填写好新收货地址信息后，点保存收货人信息即可成功录入新的收货地址</span> \r\n</p>\r\n<p>\r\n	<span style="font-size:14px;color:#000000;"><img src="/data/upload/shop/editor/20150320140452_44703.jpg" alt="" /><br />\r\n</span> \r\n</p>\r\n<p>\r\n	<span style="font-size:14px;color:#000000;"><br />\r\n</span> \r\n</p>\r\n<p>\r\n	<span style="font-size:14px;color:#000000;"><img src="/data/upload/shop/editor/20150320140509_78241.jpg" alt="" /><br />\r\n</span> \r\n</p>', 1389864697),
(22, 7, '', 1, 1, '7天内可退货', '<p>\r\n	</p><p style="color:#666666;font-family:微软雅黑, Arial, Verdana, 宋体, ''Lucida Grande'', ''Lucida Sans Unicode'', Helvetica, sans-serif;background-color:#FFFFFF;">\r\n		<span style="font-size:14px;color:#000000;"><strong>&nbsp; &nbsp; &nbsp; &nbsp; 一、总则：</strong></span>\r\n	</p>\r\n	<p style="color:#666666;font-family:微软雅黑, Arial, Verdana, 宋体, ''Lucida Grande'', ''Lucida Sans Unicode'', Helvetica, sans-serif;background-color:#FFFFFF;">\r\n		<span style="font-size:14px;color:#000000;">　　1、产品自售出之日(以客户实际签收日期为准)起7日内可退换货，7日后如遇商品质量问题可根据产品本身质保条款，根据具体原因退换货。 注：换货限于同一款商品的更换，不支持跨品类、跨品牌、跨价格更换。</span>\r\n	</p>\r\n	<p style="color:#666666;font-family:微软雅黑, Arial, Verdana, 宋体, ''Lucida Grande'', ''Lucida Sans Unicode'', Helvetica, sans-serif;background-color:#FFFFFF;">\r\n		<span style="font-size:14px;color:#000000;">　　2、退换货处理流程：</span>\r\n	</p>\r\n	<p style="color:#666666;font-family:微软雅黑, Arial, Verdana, 宋体, ''Lucida Grande'', ''Lucida Sans Unicode'', Helvetica, sans-serif;background-color:#FFFFFF;">\r\n		<span style="font-size:14px;color:#000000;">　 &nbsp; &nbsp;(1)用户在“我的商城&gt;我的订单&gt;待确认收货”中申请退换货;</span>\r\n	</p>\r\n	<p style="color:#666666;font-family:微软雅黑, Arial, Verdana, 宋体, ''Lucida Grande'', ''Lucida Sans Unicode'', Helvetica, sans-serif;background-color:#FFFFFF;">\r\n		<span style="font-size:14px;color:#000000;">　　(2)申请退换货时要提交：退换货原因、退换货类型等信息;</span>\r\n	</p>\r\n	<p style="color:#666666;font-family:微软雅黑, Arial, Verdana, 宋体, ''Lucida Grande'', ''Lucida Sans Unicode'', Helvetica, sans-serif;background-color:#FFFFFF;">\r\n		<span style="font-size:14px;color:#000000;">　　(3)目前平台在退货时只支持“原路返回”;</span>\r\n	</p>\r\n	<p style="color:#666666;font-family:微软雅黑, Arial, Verdana, 宋体, ''Lucida Grande'', ''Lucida Sans Unicode'', Helvetica, sans-serif;background-color:#FFFFFF;">\r\n		<span style="font-size:14px;color:#000000;">　　(4)经鉴定如因商品质量问题退换货产生的运费由商家承担，如非商品质量问题退换货产生的运费由买家承担。</span>\r\n	</p>\r\n	<p style="color:#666666;font-family:微软雅黑, Arial, Verdana, 宋体, ''Lucida Grande'', ''Lucida Sans Unicode'', Helvetica, sans-serif;background-color:#FFFFFF;">\r\n		<span style="font-size:14px;color:#000000;">　　<strong>二、无理由退货政策</strong></span>\r\n	</p>\r\n	<p style="color:#666666;font-family:微软雅黑, Arial, Verdana, 宋体, ''Lucida Grande'', ''Lucida Sans Unicode'', Helvetica, sans-serif;background-color:#FFFFFF;">\r\n		<span style="font-size:14px;color:#000000;">　　1.B2B2C电商平台商城承诺，对于您(作为消费者)通过B2B2C电商平台商城购买的商品，若商品能够保持出售时原状且配件、赠品(如有)齐全的，则自商品收货之日起，可享受“7天无理由退货”政策，您可通过"我的商城-&gt;我的订单-&gt;待确认收货"申请退货;并需自行将商品寄回且承担相关运费;但根据法律规定及商品性质，如下商品不享受“7天无理由退货”政策：</span>\r\n	</p>\r\n	<p style="color:#666666;font-family:微软雅黑, Arial, Verdana, 宋体, ''Lucida Grande'', ''Lucida Sans Unicode'', Helvetica, sans-serif;background-color:#FFFFFF;">\r\n		<span style="font-size:14px;color:#000000;">　　(1)消费者定做的商品;</span>\r\n	</p>\r\n	<p style="color:#666666;font-family:微软雅黑, Arial, Verdana, 宋体, ''Lucida Grande'', ''Lucida Sans Unicode'', Helvetica, sans-serif;background-color:#FFFFFF;">\r\n		<span style="font-size:14px;color:#000000;">　　(2)鲜活易腐商品，例如鲜花、绿植、果蔬、低温乳品、速冻食品等;</span>\r\n	</p>\r\n	<p style="color:#666666;font-family:微软雅黑, Arial, Verdana, 宋体, ''Lucida Grande'', ''Lucida Sans Unicode'', Helvetica, sans-serif;background-color:#FFFFFF;">\r\n		<span style="font-size:14px;color:#000000;">　　(3)在线下载或消费者拆封的音像制品、计算机软件等数字化商品;</span>\r\n	</p>\r\n	<p style="color:#666666;font-family:微软雅黑, Arial, Verdana, 宋体, ''Lucida Grande'', ''Lucida Sans Unicode'', Helvetica, sans-serif;background-color:#FFFFFF;">\r\n		<span style="font-size:14px;color:#000000;">　　(4)交付的报纸、期刊类商品;</span>\r\n	</p>\r\n	<p style="color:#666666;font-family:微软雅黑, Arial, Verdana, 宋体, ''Lucida Grande'', ''Lucida Sans Unicode'', Helvetica, sans-serif;background-color:#FFFFFF;">\r\n		<span style="font-size:14px;color:#000000;">　　(5)食用类商品，例如食品、保健品、饮料、酒类、奶粉、婴儿辅食等;</span>\r\n	</p>\r\n	<p style="color:#666666;font-family:微软雅黑, Arial, Verdana, 宋体, ''Lucida Grande'', ''Lucida Sans Unicode'', Helvetica, sans-serif;background-color:#FFFFFF;">\r\n		<span style="font-size:14px;color:#000000;">　　(6)贵重类商品，例如钻石、贵金属、手表、珠宝、奢侈品等;</span>\r\n	</p>\r\n	<p style="color:#666666;font-family:微软雅黑, Arial, Verdana, 宋体, ''Lucida Grande'', ''Lucida Sans Unicode'', Helvetica, sans-serif;background-color:#FFFFFF;">\r\n		<span style="font-size:14px;color:#000000;">　　(7)个人护理、贴身类商品，例如计生用品、美护、内衣、贴身袜裤等;;</span>\r\n	</p>\r\n	<p style="color:#666666;font-family:微软雅黑, Arial, Verdana, 宋体, ''Lucida Grande'', ''Lucida Sans Unicode'', Helvetica, sans-serif;background-color:#FFFFFF;">\r\n		<span style="font-size:14px;color:#000000;">　　(8)虚拟类商品，例如礼品卡、手机充值、游戏点卡等充值类商品，以及门票、机票、旅游套餐等一次性消费服务类商品等;</span>\r\n	</p>\r\n	<p style="color:#666666;font-family:微软雅黑, Arial, Verdana, 宋体, ''Lucida Grande'', ''Lucida Sans Unicode'', Helvetica, sans-serif;background-color:#FFFFFF;">\r\n		<span style="font-size:14px;color:#000000;">　　(9)特殊类商品，例如运营商合约手机以及二手品、处理品等;</span>\r\n	</p>\r\n	<p style="color:#666666;font-family:微软雅黑, Arial, Verdana, 宋体, ''Lucida Grande'', ''Lucida Sans Unicode'', Helvetica, sans-serif;background-color:#FFFFFF;">\r\n		<span style="font-size:14px;color:#000000;">　　(10)其他根据商品性质不宜退货的商品。</span>\r\n	</p>\r\n	<p style="color:#666666;font-family:微软雅黑, Arial, Verdana, 宋体, ''Lucida Grande'', ''Lucida Sans Unicode'', Helvetica, sans-serif;background-color:#FFFFFF;">\r\n		<span style="font-size:14px;color:#000000;">　　2. “7天无理由退货”政策，目前仅支持退货，不支持换货。</span>\r\n	</p>\r\n	<p style="color:#666666;font-family:微软雅黑, Arial, Verdana, 宋体, ''Lucida Grande'', ''Lucida Sans Unicode'', Helvetica, sans-serif;background-color:#FFFFFF;">\r\n		<span style="font-size:14px;color:#000000;">　　3. 对于上述“7天无理由退货”政策的适用，如商家与您另有约定的，则优先适用该约定，但该约定与法律规定相冲突标准的除外。</span>\r\n	</p>', 1389864697),
(23, 7, '', 1, 2, '100%正品保障', '<p>\r\n	<span style="font-size:14px;color:#000000;">　　B2B2C电商平台是同城020购物商城，是“电商+店商”二合一网络交易平台。平台所售商品承诺100%正品，请消费者放心选购。</span>\r\n</p>\r\n<p>\r\n	<span style="font-size:14px;color:#000000;">　　入驻商家开店资质的严格审查程序，从供货源头上确保商城供货品质，提供质量保障。入驻商家开店必须先在当地工商部门注册登记，取得相关经营项目的营业执照，并办理税务登记证，商家资质真实可信。销售商品涉及特殊商品的，严格审核并提交相应类目商品的检验合格证，并对平台签约质量保证承诺书，承诺所售商品100%正品和提供相应的售后服务和质量保证。</span>\r\n</p>', 1389864697),
(24, 7, '', 1, 5, '先行赔付', '<p>\r\n	<span style="font-size:14px;color:#000000;">　　B2B2C电商平台(www.infol.com.cn)是B2B2C电商平台提供的适用于企业和个人使用并可进行网上商务营销活动和商品交易的“电商+店商”二合一网络交易平台。</span>\r\n</p>\r\n<p>\r\n	<span style="font-size:14px;color:#000000;">　　B2B2C电商平台只是为销售者提供营销交易平台，为了维护消费者在B2B2C电商平台电子商务系统消费时的合法权益，也为使消费者放心通过B2B2C电商平台向使用B2B2C电商平台交易平台的网店消费，根据《中华人民共和国消费者权益保护法》及《中华人民共和国产品质量法》等相关法律法规，B2B2C电商平台站特制定此制度。</span>\r\n</p>\r\n<p>\r\n	<span style="font-size:14px;color:#000000;">　　一、先行赔付的对象：</span>\r\n</p>\r\n<p>\r\n	<span style="font-size:14px;color:#000000;">　　本规定所适用的对象是指通过www.infol.com.cn网址在B2B2C电商平台(以下简称巨宇网络)购物的消费者中，因产品质量或售后服务受到损害而按本细则得到先行赔付服务的特定消费者。巨宇网络特定消费者是指与巨宇网络签订有效购物合同(网上购物订单)，在交易完成同时接受了巨宇网络的相关协议，以及持有相关的购物凭据(订单、发票、购物小票和产品等)的消费者。</span>\r\n</p>\r\n<p>\r\n	<span style="font-size:14px;color:#000000;">　　二、先行赔付的程序：</span>\r\n</p>\r\n<p>\r\n	<span style="font-size:14px;color:#000000;">　　在《中华人民共和国消费者权益保护法》规定的产品三包期内，因产品质量或售后服务受到损害，巨宇网络特定消费者经同相应的与巨宇网络有合作协议的合作商家协商无果后，可以凭订单、发票、购物小票等有效票据及相关产品或有效产品鉴定证明到巨宇网络申请调解赔付。巨宇网络根据《中华人民共和国消费者权益保护法》相关规定和程序，做出公正的调解意见，并据实际情况所需，动用先行赔付保证金对巨宇网络特定消费者进行赔付。</span>\r\n</p>\r\n<p>\r\n	<span style="font-size:14px;color:#000000;">　　三、先行赔付期限：</span>\r\n</p>\r\n<p>\r\n	<span style="font-size:14px;color:#000000;">　　消费者自收到使用巨宇网络电子商务平台销售者提供的商品之日起30天内可根据此规则向巨宇网络公司提出先行赔付申请。</span>\r\n</p>', 1389864697),
(25, 7, '', 1, 3, '闪电发货', '<p>\r\n	<span style="font-size:14px;color:#000000;">　　B2B2C电商平台采用B2B2C+020电商运营模式，“电商+店商”双平台，属于典型的020购物形态。平台提供多种灵活的配送方式：</span>\r\n</p>\r\n<p>\r\n	<span style="font-size:14px;color:#000000;">　　1、同城上门取货</span>\r\n</p>\r\n<p>\r\n	<span style="font-size:14px;color:#000000;">　　2、商家送货上门</span>\r\n</p>\r\n<p>\r\n	<span style="font-size:14px;color:#000000;">　　3、快递配送</span>\r\n</p>\r\n<p>\r\n	<span style="font-size:14px;color:#000000;">　　用户可以根据自己购物的地域实际情况，选择最快收货的配送方式。</span>\r\n</p>\r\n<p>\r\n	<span style="font-size:14px;color:#000000;">　　同时，平台为保障商城每一订单在第一时间得到处理，还提供了订单的邮件和短信提醒服务，买家和卖家均可随时随地，多途径多终端，关注订单的处理进展情况。</span>\r\n</p>', 1389864697),
(26, 5, '', 1, 5, '售后常见问题', '<p>\r\n	<span style="font-size:14px;color:#000000;">　　<strong>· 1、购买的商品出现质量问题如何处理?</strong></span>\r\n</p>\r\n<p>\r\n	<span style="font-size:14px;color:#000000;">　　· \r\n您好，B2B2C电商平台商城承诺符合售后退换货规则的商品，由售出之日(以实际收货日期为准)起7日内可以退换货，用户可在“我的商城-&gt;我的订单-&gt;待确认收货”中申请退换货。申请退换货时要提交：退换货原因、退换货类型等信息，目前平台在退货时只支持“原路返回”。</span>\r\n</p>\r\n<p>\r\n	<span style="font-size:14px;color:#000000;">　　<strong>· 2、办理退换货需要多长时间?</strong></span>\r\n</p>\r\n<p>\r\n	<span style="font-size:14px;color:#000000;">　　· 退货处理周期(不包含检测时间)，自接收到问题商品之日起 7 日之内为您处理完成;换货处理周期，自接收到问题商品之日起 10 \r\n日之内为您处理完成。</span>\r\n</p>\r\n<p>\r\n	<span style="font-size:14px;color:#000000;">　　<strong>· 3、网上退换货申请提交后发现出错如何修改?</strong></span>\r\n</p>\r\n<p>\r\n	<span style="font-size:14px;color:#000000;">　　· 出现此类问题可以联系B2B2C电商平台商城商家客服，由客服人员给您处理方案。</span>\r\n</p>\r\n<p>\r\n	<span style="font-size:14px;color:#000000;">　　<strong>· 4、办理退换货时需要将商品寄回到哪里?</strong></span>\r\n</p>\r\n<p>\r\n	<span style="font-size:14px;color:#000000;">　　· 请与商家联系，商家会提供退换货地址。</span>\r\n</p>\r\n<p>\r\n	<span style="font-size:14px;color:#000000;">　　<strong>· 5、退货时是否需要发票?</strong></span>\r\n</p>\r\n<p>\r\n	<span style="font-size:14px;color:#000000;">　　· 办理退货需要连同发票(如已开具发票)一起退回，如果没有发票则无法办理，请谅解!</span>\r\n</p>\r\n<p>\r\n	<span style="font-size:14px;color:#000000;">　　<strong>· 6、我提交了退换货申请想要取消，怎么办?</strong></span>\r\n</p>\r\n<p>\r\n	<span style="font-size:14px;color:#000000;">　　· 如果已经办理退换货，可以联系商家客服进行取消，如无法取消，客服人员会提出其他处理方案，请放心。</span>\r\n</p>\r\n<p>\r\n	<span style="font-size:14px;color:#000000;">　　<strong>· 7、退换货产生的邮费谁出?</strong></span>\r\n</p>\r\n<p>\r\n	<span style="font-size:14px;color:#000000;">　　· \r\n7日内无条件退货，非商品质量问题而由您发起的退换货行为，若是商家包邮产品由双方分别承担发货运费;若非商家包邮产品，所有邮费均由您来承担。对于在退换货周期内，由于商品质量问题而由您发起的退换货行为，退货的情况下：由商家承担退货运费;换货的情况下，由您来承担换货的往来运费。谢谢!</span>\r\n</p>\r\n<p>\r\n	<span style="font-size:14px;color:#000000;">　　<strong>· 8、货取走后什么时候办理退款?</strong></span>\r\n</p>\r\n<p>\r\n	<span style="font-size:14px;color:#000000;">　　· 商品退回后会经过检测，检测入库后工作人员会尽快办理退款相关事宜，请耐心等待;您也可以登陆“我的商城—我的订单—待确认收货”中查看退换货记录 \r\n，谢谢!</span>\r\n</p>\r\n<p>\r\n	<span style="font-size:14px;color:#000000;">　　<strong>· 9、退换货商品入库后，什么时候返回运费?</strong></span>\r\n</p>\r\n<p>\r\n	<span style="font-size:14px;color:#000000;">　　· \r\nB2B2C电商平台商城平台管理员能够通过平台管理中的功能看到该“退换货”已经完成，此时，商城平台管理员就能够发起商城平台对用户的退款了。(通过支付平台的退款功能)</span>\r\n</p>', 1389864697),
(28, 4, '', 1, 3, '商品发布', '<p style="color:#666666;font-family:微软雅黑, Arial, Verdana, 宋体, ''Lucida Grande'', ''Lucida Sans Unicode'', Helvetica, sans-serif;background-color:#FFFFFF;">\r\n	<span style="font-size:16px;color:#000000;">&nbsp; &nbsp; &nbsp; 敬请关注：<strong><strong>B2B2C电商平台商学院</strong>（<a href="http://www.infol.com.cn/circle/index.php?act=group&amp;c_id=1" target="_blank"><span style="color:#4C33E5;"><span style="text-decoration:underline;">电商黑马营</span></span></a>）</strong></span> \r\n</p>\r\n<p style="color:#666666;font-family:微软雅黑, Arial, Verdana, 宋体, ''Lucida Grande'', ''Lucida Sans Unicode'', Helvetica, sans-serif;background-color:#FFFFFF;">\r\n	<span style="font-size:16px;color:#000000;">　　商户可预约报名，提交相关联系方式，参加地面培训。</span> \r\n</p>\r\n<p style="color:#666666;font-family:微软雅黑, Arial, Verdana, 宋体, ''Lucida Grande'', ''Lucida Sans Unicode'', Helvetica, sans-serif;background-color:#FFFFFF;">\r\n	<span style="font-size:16px;color:#000000;">　　报名信息提交：hahashw@haha361.com</span> \r\n</p>\r\n<br />', 1389864697),
(29, 4, '', 1, 4, '如何发货', '<p style="color:#666666;font-family:微软雅黑, Arial, Verdana, 宋体, ''Lucida Grande'', ''Lucida Sans Unicode'', Helvetica, sans-serif;background-color:#FFFFFF;">\r\n	<span style="font-size:16px;color:#000000;">&nbsp; &nbsp; &nbsp; 敬请关注：<strong><strong>B2B2C电商平台商学院</strong>（<a href="http://www.infol.com.cn/circle/index.php?act=group&amp;c_id=1" target="_blank"><span style="color:#4C33E5;"><span style="text-decoration:underline;">电商黑马营</span></span></a>）</strong></span> \r\n</p>\r\n<p style="color:#666666;font-family:微软雅黑, Arial, Verdana, 宋体, ''Lucida Grande'', ''Lucida Sans Unicode'', Helvetica, sans-serif;background-color:#FFFFFF;">\r\n	<span style="font-size:16px;color:#000000;">　　商户可预约报名，提交相关联系方式，参加地面培训。</span> \r\n</p>\r\n<p style="color:#666666;font-family:微软雅黑, Arial, Verdana, 宋体, ''Lucida Grande'', ''Lucida Sans Unicode'', Helvetica, sans-serif;background-color:#FFFFFF;">\r\n	<span style="font-size:16px;color:#000000;">　　报名信息提交：hahashw@haha361.com</span> \r\n</p>\r\n<br />', 1389864697),
(30, 4, '', 1, 5, '增值服务', '<p>\r\n	<span style="font-size:16px;color:#000000;">　　<strong><span style="color:#E53333;">稀有机遇，掘金宝地</span></strong></span> \r\n</p>\r\n<p>\r\n	<span style="font-size:16px;color:#E53333;"><strong>　　开网店，全年无淡季，赚钱24小时不打烊!</strong></span> \r\n</p>\r\n<p>\r\n	<span style="font-size:16px;color:#E53333;"><strong>　　保姆式扶持，手把手教您，成就您的第二间门店!</strong></span> \r\n</p>\r\n<p>\r\n	<span style="font-size:16px;color:#E53333;"><strong><br />\r\n</strong></span> \r\n</p>\r\n<p>\r\n	<span style="font-size:16px;color:#000000;">　　网站试运营期间：</span> \r\n</p>\r\n<p>\r\n	<span style="font-size:16px;color:#000000;">　　<strong>1、网络店铺免费版，限量放行，先抢先得。</strong></span> \r\n</p>\r\n<p>\r\n	<span style="font-size:16px;color:#000000;"><strong>　　2、免费商品拍照，营销策划、美工设计，上传5件商品</strong></span> \r\n</p>\r\n<p>\r\n	<span style="font-size:16px;color:#000000;"><strong>　　3、免费赠送商城黄金广告展示位</strong></span> \r\n</p>\r\n<p>\r\n	<span style="font-size:16px;color:#000000;"><strong>　　4、免费培训一名电商实务技术员</strong></span> \r\n</p>\r\n<br />', 1389864697),
(31, 5, '', 1, 1, '退、换货政策', '<p>\r\n	<span style="font-size:14px;color:#000000;">　　<strong>一、总则：</strong></span> \r\n</p>\r\n<p>\r\n	<span style="font-size:14px;color:#000000;">　　1、产品自售出之日(以客户实际签收日期为准)起7日内可退换货，7日后如遇商品质量问题可根据产品本身质保条款，根据具体原因退换货。 \r\n注：换货限于同一款商品的更换，不支持跨品类、跨品牌、跨价格更换。</span> \r\n</p>\r\n<p>\r\n	<span style="font-size:14px;color:#000000;">　　2、退换货处理流程：</span> \r\n</p>\r\n<p>\r\n	<span style="font-size:14px;color:#000000;">　 &nbsp; &nbsp;(1)用户在“我的商城&gt;我的订单&gt;待确认收货”中申请退换货;</span> \r\n</p>\r\n<p>\r\n	<span style="font-size:14px;color:#000000;">　　(2)申请退换货时要提交：退换货原因、退换货类型等信息;</span> \r\n</p>\r\n<p>\r\n	<span style="font-size:14px;color:#000000;">　　(3)目前平台在退货时只支持“原路返回”;</span> \r\n</p>\r\n<p>\r\n	<span style="font-size:14px;color:#000000;">　　(4)经鉴定如因商品质量问题退换货产生的运费由商家承担，如非商品质量问题退换货产生的运费由买家承担。</span> \r\n</p>\r\n<p>\r\n	<span style="font-size:14px;color:#000000;">　　<strong>二、无理由退货政策</strong></span> \r\n</p>\r\n<p>\r\n	<span style="font-size:14px;color:#000000;">　　1.B2B2C电商平台商城承诺，对于您(作为消费者)通过B2B2C电商平台商城购买的商品，若商品能够保持出售时原状且配件、赠品(如有)齐全的，则自商品收货之日起，可享受“7天无理由退货”政策，您可通过"我的商城-&gt;我的订单-&gt;待确认收货"申请退货;并需自行将商品寄回且承担相关运费;但根据法律规定及商品性质，如下商品不享受“7天无理由退货”政策：</span> \r\n</p>\r\n<p>\r\n	<span style="font-size:14px;color:#000000;">　　(1)消费者定做的商品;</span> \r\n</p>\r\n<p>\r\n	<span style="font-size:14px;color:#000000;">　　(2)鲜活易腐商品，例如鲜花、绿植、果蔬、低温乳品、速冻食品等;</span> \r\n</p>\r\n<p>\r\n	<span style="font-size:14px;color:#000000;">　　(3)在线下载或消费者拆封的音像制品、计算机软件等数字化商品;</span> \r\n</p>\r\n<p>\r\n	<span style="font-size:14px;color:#000000;">　　(4)交付的报纸、期刊类商品;</span> \r\n</p>\r\n<p>\r\n	<span style="font-size:14px;color:#000000;">　　(5)食用类商品，例如食品、保健品、饮料、酒类、奶粉、婴儿辅食等;</span> \r\n</p>\r\n<p>\r\n	<span style="font-size:14px;color:#000000;">　　(6)贵重类商品，例如钻石、贵金属、手表、珠宝、奢侈品等;</span> \r\n</p>\r\n<p>\r\n	<span style="font-size:14px;color:#000000;">　　(7)个人护理、贴身类商品，例如计生用品、美护、内衣、贴身袜裤等;;</span> \r\n</p>\r\n<p>\r\n	<span style="font-size:14px;color:#000000;">　　(8)虚拟类商品，例如礼品卡、手机充值、游戏点卡等充值类商品，以及门票、机票、旅游套餐等一次性消费服务类商品等;</span> \r\n</p>\r\n<p>\r\n	<span style="font-size:14px;color:#000000;">　　(9)特殊类商品，例如运营商合约手机以及二手品、处理品等;</span> \r\n</p>\r\n<p>\r\n	<span style="font-size:14px;color:#000000;">　　(10)其他根据商品性质不宜退货的商品。</span> \r\n</p>\r\n<p>\r\n	<span style="font-size:14px;color:#000000;">　　2. “7天无理由退货”政策，目前仅支持退货，不支持换货。</span> \r\n</p>\r\n<p>\r\n	<span style="font-size:14px;color:#000000;">　　3. 对于上述“7天无理由退货”政策的适用，如商家与您另有约定的，则优先适用该约定，但该约定与法律规定相冲突标准的除外。</span> \r\n</p>\r\n<p>\r\n	<span style="font-size:14px;color:#000000;">　　<strong>二、有理由退换货政策</strong></span> \r\n</p>\r\n<p>\r\n	<span style="font-size:14px;color:#000000;">　　1.B2B2C电商平台商城承诺，如您通过B2B2C电商平台商城购买的商品出现国家法律所规定的功能性故障或商品质量问题，则自您所购商品收货之日起，7天内可以退货，15天内可以换货，如涉及保修则在保修期内可以保修，您可在线进行申请退换货，运费由该商品所售商家承担。</span> \r\n</p>\r\n<p>\r\n	<span style="font-size:14px;color:#000000;"><img src="/data/upload/shop/editor/20141229103221_48443.jpg" alt="" /><br />\r\n</span> \r\n</p>\r\n<p>\r\n	<span style="font-size:14px;color:#000000;">　　2.如您所购商品在收货之日起15天内出现非质量问题，例如图物差异、商品破损等，则您可在线进行退换货申请，根据实际问题情况，商家对您提交的退换货申请进行审核，并将于3个工作日内向您反馈审核通过与否的结果。</span> \r\n</p>', 1389864697),
(32, 5, '', 1, 2, '退、换货流程', '<p>\r\n	<span style="font-size:14px;color:#000000;"><span style="line-height:2;">　</span><strong><span style="line-height:2;">　· 1、退货</span></strong></span> \r\n</p>\r\n<p>\r\n	<span style="font-size:14px;line-height:2;">　　<span style="color:#000000;">· (1)退货流程：</span></span> \r\n</p>\r\n<p>\r\n	<span style="font-size:14px;color:#000000;"><img src="/data/upload/shop/editor/20141229104440_44716.png" alt="" /><br />\r\n</span> \r\n</p>\r\n<p>\r\n	<span style="font-size:14px;color:#000000;line-height:2;">　　· (2)退货周期：</span> \r\n</p>\r\n<p>\r\n	<span style="font-size:14px;color:#000000;line-height:2;">　　· 自B2B2C电商平台商城商家收到您退回的商品至商品处理完毕：</span> \r\n</p>\r\n<p>\r\n	<span style="font-size:14px;color:#000000;"><img src="/data/upload/shop/editor/20141229104501_93037.png" alt="" /></span> \r\n</p>\r\n<p>\r\n	<span style="font-size:14px;color:#000000;line-height:2;">　　· (3)退款方式及周期：</span> \r\n</p>\r\n<p>\r\n	<span style="font-size:14px;color:#000000;line-height:2;">　　· 目前B2B2C电商平台商城只支持一种支付方式：支付宝在线支付。</span> \r\n</p>\r\n<p>\r\n	<span style="font-size:14px;color:#000000;line-height:2;">　　· \r\n退货商品入库后，我们将款项退回至原支付平台帐号或退回客户原支付卡并通知您。如有任何疑问您可致电B2B2C电商平台商城商家客服，我们将竭诚为您服务，以下为退款方式及时间：</span> \r\n</p>\r\n<p>\r\n	<span style="font-size:14px;color:#000000;"><img src="/data/upload/shop/editor/20141229104522_26078.png" alt="" /><br />\r\n</span> \r\n</p>\r\n<p>\r\n	<span style="font-size:14px;color:#000000;"><span style="line-height:2;">　　</span></span> \r\n</p>\r\n<p>\r\n	<span style="font-size:14px;color:#000000;"><strong><span style="line-height:2;">&nbsp; &nbsp; &nbsp; &nbsp; · 2、换货</span></strong></span> \r\n</p>\r\n<p>\r\n	<span style="font-size:14px;color:#000000;line-height:2;">　　· (1)换货流程：</span> \r\n</p>\r\n<p>\r\n	<img src="/data/upload/shop/editor/20141229104553_21774.png" alt="" /> \r\n</p>\r\n<p>\r\n	<span style="font-size:14px;color:#000000;line-height:2;">　　· (2)换货周期：</span> \r\n</p>\r\n<p>\r\n	<span style="font-size:14px;color:#000000;line-height:2;">　　· 自B2B2C电商平台商城商家收到您退回的商品至更换商品发出完毕：</span> \r\n</p>\r\n<p>\r\n	<img src="/data/upload/shop/editor/20141229104613_12493.png" alt="" /> \r\n</p>\r\n<p>\r\n	<span style="font-size:14px;color:#000000;"><span style="line-height:2;">　　</span></span> \r\n</p>\r\n<p>\r\n	<span style="font-size:14px;color:#000000;"><strong><span style="line-height:2;">&nbsp; &nbsp; &nbsp; &nbsp; · 3、进行商品质检</span></strong></span> \r\n</p>\r\n<p>\r\n	<span style="font-size:14px;color:#000000;line-height:2;">　　· 质检时间：B2B2C电商平台商城商家会在收到您寄回商品后的2-3天完成质检。</span> \r\n</p>\r\n<p>\r\n	<span style="font-size:14px;color:#000000;line-height:2;">　　· \r\n(1)质检通过：如质检通过，您寄回的商品符合B2B2C电商平台商城商家办理退换货标准，那么B2B2C电商平台商城商家会为您进行退换货，并在质检完成后的3个工作日左右，为您办理换货或退款。</span> \r\n</p>\r\n<p>\r\n	<span style="font-size:14px;color:#000000;line-height:2;">　　(2)质检未通过：质检不符合退换货标准的，B2B2C电商平台商城商家商家将会把商品原物寄还给您。</span> \r\n</p>', 1389864697),
(33, 5, '', 1, 4, '关于拒收商品', '<p>\r\n	<span style="font-size:14px;color:#000000;">　　· 1、 拒收说明：</span> \r\n</p>\r\n<p>\r\n	<span style="font-size:14px;color:#000000;">　　· \r\n商品送达时，请您在签收商品前，先对商品进行验货，如果您发现商品数量、尺码、规格与您实际购买的不吻合，商品遭到损坏或商品出现质量问题，则您可当面拒收该商品，并及时将问题反映给B2B2C电商平台商城商家客服。</span> \r\n</p>\r\n<p>\r\n	<span style="font-size:14px;color:#000000;">　　</span> \r\n</p>\r\n<p>\r\n	<span style="font-size:14px;color:#000000;">　　<strong>· 以下情况您可以拒收：</strong></span> \r\n</p>\r\n<p>\r\n	<span style="font-size:14px;color:#000000;">　　· (1)商品数量与您订购的不符</span> \r\n</p>\r\n<p>\r\n	<span style="font-size:14px;color:#000000;">　　· (2)商品在运输途中遭到损坏</span> \r\n</p>\r\n<p>\r\n	<span style="font-size:14px;color:#000000;">　　· (3)您对商品的质量不满意</span> \r\n</p>\r\n<p>\r\n	<span style="font-size:14px;color:#000000;">　　· (4)服装、鞋帽的号码不合适</span> \r\n</p>\r\n<p>\r\n	<span style="font-size:14px;color:#000000;">　　</span> \r\n</p>\r\n<p>\r\n	<span style="font-size:14px;color:#000000;">　　· 2、运费说明：</span> \r\n</p>\r\n<p>\r\n	<span style="font-size:14px;color:#000000;">　　· 拒收商品您不用支付任何费用，一切快递费用及手续费将由B2B2C电商平台商城商家为您承担，您只需将商品交给快递公司配送人员，让其将商品带回即可。</span> \r\n</p>\r\n<p>\r\n	<span style="font-size:14px;color:#000000;">　　</span> \r\n</p>\r\n<p>\r\n	<span style="font-size:14px;color:#000000;">　　· 3、拒收流程：</span> \r\n</p>\r\n<p>\r\n	<span style="font-size:14px;color:#000000;">　　· (1)商品检验：</span> \r\n</p>\r\n<p>\r\n	<span style="font-size:14px;color:#000000;">　　·<strong> 检查物流外包装：</strong>您需要检查商品包装箱外观与标签是否完整。</span> \r\n</p>\r\n<p>\r\n	<span style="font-size:14px;color:#000000;">　　· a.包装完好：如商品外包装完整、无破损痕迹，您可以放心签收。</span> \r\n</p>\r\n<p>\r\n	<span style="font-size:14px;color:#000000;">　　· b.包装破损：如商品外包装有损坏迹象，或有被撕毁、被拆封的嫌疑，请您立即联系B2B2C电商平台商城商家客服，客服会为您及时处理。</span> \r\n</p>\r\n<p>\r\n	<span style="font-size:14px;color:#000000;">　　· <strong>商品检查：</strong>商品外包装检查完毕后，请您对商品外观、数量进行检查，如商品存在明显的断裂、色差以及被穿着的痕迹，或者商品数量有误，请您立即联系B2B2C电商平台商城商家客服，客服会为您及时处理。</span> \r\n</p>\r\n<p>\r\n	<span style="font-size:14px;color:#000000;">　　· (2)办理拒收:</span> \r\n</p>\r\n<p>\r\n	<span style="font-size:14px;color:#000000;">　　· \r\n您可直接将商品交给配送人员(不用支付任何费用)，让其将商品带回即可，在配送人员将商品带回后，请您及时联系B2B2C电商平台商城商家客服，将问题反映给B2B2C电商平台商城商家客服人员。</span> \r\n</p>\r\n<p>\r\n	<span style="font-size:14px;color:#000000;">　　· 快递公司将商品返回：您拒收的商品，快递公司会返回至B2B2C电商平台商城商家。</span> \r\n</p>\r\n<p>\r\n	<span style="font-size:14px;color:#000000;">　　</span> \r\n</p>\r\n<p>\r\n	<span style="font-size:14px;color:#000000;">　　<strong>· 拒收后续操作：</strong></span> \r\n</p>\r\n<p>\r\n	<span style="font-size:14px;color:#000000;">　　· \r\n由于B2B2C电商平台商城目前只接受网上付款订单。因此，您拒收的商品需要返回到您发货的B2B2C电商平台商城商家之后，B2B2C电商平台商城商家才能为您办理退款，具体退款流程，请点击查看【<span style="color:#4C33E5;"><a href="http://www.infol.com.cn/shop/index.php?act=article&amp;op=show&amp;article_id=32" target="_blank"><span style="color:#4C33E5;">退换货流程</span></a></span>】。</span> \r\n</p>\r\n<p>\r\n	<span style="font-size:14px;color:#000000;">　　· \r\n(1)因为快递公司是将商品按批返回，所以返回B2B2C电商平台商城商家物流中心时间相对于配送时间可能出现一定的延迟，请您耐心等待，商品一旦返回，B2B2C电商平台商城商家会尽快为您办理退款。</span> \r\n</p>\r\n<p>\r\n	<span style="font-size:14px;color:#000000;">　　· (2)如果您需要更换商品，那么您也可以在B2B2C电商平台商城上重新订购，这样操作可以节省一定的配送时间。</span> \r\n</p>\r\n<p>\r\n	<span style="font-size:14px;color:#000000;">　　</span> \r\n</p>\r\n<p>\r\n	<span style="font-size:14px;color:#000000;">　　<strong>· B2B2C电商平台商城提示：</strong></span> \r\n</p>\r\n<p>\r\n	<span style="font-size:14px;color:#000000;">　　· 商品选择：请您在订购商品前慎重选择，并认真核对B2B2C电商平台商城提供的尺码对照表，挑选您可以满意签收的商品。</span> \r\n</p>\r\n<p>\r\n	<span style="font-size:14px;color:#000000;">　　恶意拒收：多次进行恶意拒收的客户，B2B2C电商平台商城将无法提供相应的服务，请您见谅。</span> \r\n</p>', 1389864697),
(34, 5, '', 1, 3, '退款说明', '<p>\r\n	<span style="font-size:14px;color:#000000;">　　· 如7天无理由退换货，则由用户承担寄回运费，如因质量问题造成退换货，则由商家承担寄回运费。</span>\r\n</p>\r\n<p>\r\n	<span style="font-size:14px;color:#000000;">　　</span>\r\n</p>\r\n<p>\r\n	<span style="font-size:14px;color:#000000;">　　· 您联系办理退换货完成后，请您及时将收到商品寄回，并请您注意以下几点：</span>\r\n</p>\r\n<p>\r\n	<span style="font-size:14px;color:#000000;">　　· 1、商品寄回说明：在与B2B2C电商平台商城商家客服中心确认退换货事宜后，请您务必在24小时内将商品通过快递的方式寄回B2B2C电商平台商城商家。</span>\r\n</p>\r\n<p>\r\n	<span style="font-size:14px;color:#000000;">　　· 2、寄回商品须知：寄回时需确保产品外包装、内附配件齐全。商品吊牌、防伪标签、收货单及各种包装完整。</span>\r\n</p>\r\n<p>\r\n	<span style="font-size:14px;color:#000000;">　　</span>\r\n</p>\r\n<p>\r\n	<span style="font-size:14px;color:#000000;">　　<strong>· 特别说明：</strong></span>\r\n</p>\r\n<p>\r\n	<span style="font-size:14px;color:#000000;">　　· 1、B2B2C电商平台商城商家拒绝签收由普通邮政包裹方式返回的商品。</span>\r\n</p>\r\n<p>\r\n	<span style="font-size:14px;color:#000000;">　　· 2、退换货快递费用需由客人垫付给受委托的快递公司，B2B2C电商平台商城商家拒绝签收需到付的快递包裹。</span>\r\n</p>', 1389864697),
(35, 1, '', 1, 255, '热烈祝贺网站改版成功并正式上线！', '<p>\r\n	<span style="font-size:16px;line-height:1.5;color:#000000;">　　B2B2C电商平台根据地面实际运营，前段时间做出优化改版，于本月成功改版并正式上线。</span> \r\n</p>\r\n<p>\r\n	<span style="font-size:16px;color:#000000;line-height:1.5;">　　B2B2C电商平台是B2B2C电商平台旗下网站，致力打造中国020电商生活门户领航品牌。电子商务平台以B2B2C+020模式运营，建立同城“电商+店商”二合一新商务模式，把厂商交易前台搬到互联网上，在线完成交易结算，地面实体店承担体验、售后保障功能的服务区。电子商务和地面直营相结合，发展区域电商，带动相关产业链发展。&nbsp; </span> \r\n</p>\r\n<p>\r\n	<span style="font-size:16px;color:#000000;line-height:1.5;">&nbsp; &nbsp; &nbsp;&nbsp;B2B2C电商平台运用“店商+电商”二合一新商务模式，植入“消费增值”商业模式，整合资源，将线下商务与互联网相结合，电子商务与地面直营无缝对接，成为真正的020电商平台，让互联网成为厂商经营交易的前台，地面店铺成为体验服务区，打造一个全新的购物便利、体验快感、质量有保障、售后无忧的电子商务平台。</span> \r\n</p>\r\n<p>\r\n	<span style="font-size:16px;color:#000000;line-height:1.5;">　　B2B2C电商平台的“消费增值”商业模式，改写传统商业利润分配模式，让网购用户得到应有的价值回报，消费的同时享受赚钱的快乐。用户只要参加在线商城购物，就获得交易额10%的哈金豆(相当于得到商品销售利润一定比例的分红)，哈金豆在商城可以“0元换购”或者“超值换购”，实现购物分红价值最大化。</span> \r\n</p>\r\n<p>\r\n	<span style="font-size:16px;color:#000000;line-height:1.5;">　　“消费增值”新商业模式颠覆传统广告投放理念——先免费体验，后自助买单，实现精准广告营销，100%命中目标客户并产生口口相传的广告效应，广告投入产出性价比是传统广告投放渠道无法比拟的。</span> \r\n</p>\r\n<p>\r\n	<span style="font-size:16px;color:#000000;line-height:1.5;">　　网站充分发挥B2B2C+020混合电商模式的优势，以在线商城为重心，以农副特产和本地生活服务为重点突破口，同时兼顾其他类目商品，注重发展同城电子商务的同时也兼顾构建全国商务平台的规划。</span> \r\n</p>\r\n<p>\r\n	<span style="font-size:16px;color:#000000;line-height:1.5;">　　平台融入本地生活“汇生活”频道，营造网上互动兴趣圈，分享购物体验;汇生活频道全力打造“百事通”便民服务，为当地用户提供便民办事指南快捷查询服务，让“百事通”成为老百姓口袋里的智能生活秘书。</span> \r\n</p>\r\n<p>\r\n	<span style="font-size:16px;color:#000000;line-height:1.5;">　　面对移动互联网的快速发展，网站同步推出手机版。把商城的购买支付、圈子互动和汇生活便民服务的功能在手机移动端同步实现。整个网站后台共用一个数据库，前端分别在电脑PC端和手机移动端等多个终端显示，从而实现电子商务全网全渠道运营推广。</span> \r\n</p>\r\n<p class="MsoNormal" style="text-indent:28.0pt;">\r\n	<br />\r\n</p>', 1389864697),
(36, 1, '', 0, 255, '管理功能说明', '管理功能说明', 1389864697),
(37, 1, '', 0, 255, '如何扩充水印字体库', '如何扩充水印字体库', 1389864697),
(38, 1, '', 0, 255, '提示信息', '提示信息', 1389864697);
INSERT INTO `cor_article` (`article_id`, `ac_id`, `article_url`, `article_show`, `article_sort`, `article_title`, `article_content`, `article_time`) VALUES
(39, 2, '', 1, 6, '哈金豆细则', '<p>\r\n	<span style="font-size:16px;color:#000000;">　　哈金豆是买家用户在商城购物获得商品销售利润1%返利的财富值衡量符号，哈金豆越多表示获得的返利财富越多。平台为了让买家用户得到应有的价值回报，开辟了“哈金豆专区”，实现用户购物返利价值的最大化，消费的同时享受赚钱的快乐。</span> \r\n</p>\r\n<p>\r\n	<span style="font-size:16px;color:#000000;">　　用户可以支付账户的哈金豆余额，在哈金豆专区，选择自己喜欢的商品，进行“0元兑换”或者“超值换购”，还可以换领商家发行的代金券，在线购物抵扣代金券面额值的现金，享受现金抵扣优惠。</span> \r\n</p>\r\n<p>\r\n	<br />\r\n</p>\r\n<p>\r\n	<span style="font-size:14px;color:#000000;"><span style="font-size:16px;">　　</span><strong><span style="font-size:16px;">哈金豆获得细则：</span></strong></span> \r\n</p>\r\n<p>\r\n	<span style="font-size:16px;color:#000000;">　　1、新用户注册，系统赠送10哈金豆</span> \r\n</p>\r\n<p>\r\n	<span style="font-size:16px;color:#000000;">　　2、用户每天登录网站，获得5哈金豆</span> \r\n</p>\r\n<p>\r\n	<span style="font-size:16px;color:#000000;">　　3、用户在商城购物并在线支付，每消费10单位货币获得1哈金豆。1哈金豆=人民币0.1元(相当于商城在线购物1%返利)</span> \r\n</p>\r\n<p>\r\n	<span style="font-size:16px;color:#000000;">　　4、用户积极参与网站活动和推广，奖励获得哈金豆</span> \r\n</p>\r\n<p>\r\n	<span style="font-size:16px;color:#000000;">&nbsp; &nbsp; &nbsp; &nbsp;5、哈金豆不支持提现</span> \r\n</p>', 1389864697),
(40, 2, '', 1, 5, '哈金豆兑换礼品', '<p>\r\n	<span style="color:#000000;font-size:16px;">　　哈金豆是买家用户在商城购物获得商品销售利润一定比例返利的财富值衡量符号，哈金豆越多表示获得的返利财富越多。平台为了让买家用户得到应有的价值回报，开辟了“哈金豆专区”，实现用户购物返利价值的最大化，消费的同时享受赚钱的快乐。</span> \r\n</p>\r\n<p>\r\n	<span style="color:#000000;font-size:16px;">　　用户可以支付账户的哈金豆余额，在哈金豆专区，选择自己喜欢的商品，进行“0元兑换”或者“超值换购”，还可以换领商家发行的代金券，在线购物抵扣代金券面额值的现金，享受现金抵扣优惠。</span> \r\n</p>\r\n<p>\r\n	<span style="color:#000000;font-size:16px;"><br />\r\n</span> \r\n</p>\r\n<p>\r\n	<span style="color:#000000;font-size:16px;"><img src="/data/upload/shop/editor/20141226172758_74632.jpg" alt="" /><br />\r\n</span> \r\n</p>\r\n<p>\r\n	<span style="color:#000000;font-size:16px;"><br />\r\n</span> \r\n</p>\r\n<p>\r\n	<span style="color:#000000;font-size:16px;"><img src="/data/upload/shop/editor/20141226172813_44233.jpg" alt="" /><br />\r\n</span> \r\n</p>', 1389864697),
(41, 1, '', 0, 255, '功能使用说明', '功能使用说明', 1389864697),
(42, 6, '', 1, 5, '在线维权', '<p>\r\n	<span style="color:#000000;font-size:14px;">　　用户收货后，发现商品质量有问题或者商品与描述不符，经与卖家及时沟通协商后不能解决的，本着实事求是的原则，可以在线发起维权，以维护自己的合法权益。</span>\r\n</p>\r\n<p>\r\n	<span style="color:#000000;"><br />\r\n</span>\r\n</p>\r\n<p>\r\n	<span style="color:#000000;"><span style="font-size:14px;color:#000000;">　　</span><strong><span style="font-size:14px;color:#000000;">在线维权详细操作步骤如下：</span></strong></span>\r\n</p>\r\n<p>\r\n	<span style="color:#000000;"><strong><br />\r\n</strong></span>\r\n</p>\r\n<p>\r\n	<span style="color:#000000;font-size:14px;">　　1、在我的商城—我的订单或者买家首页已买到的商品，找到该订单商品，点击投诉，发起维权</span>\r\n</p>\r\n<p>\r\n	<span style="color:#000000;"><img src="/data/upload/shop/editor/20141229172237_75453.jpg" alt="" /><br />\r\n</span>\r\n</p>\r\n<p>\r\n	<span style="color:#000000;"><br />\r\n</span>\r\n</p>\r\n<p>\r\n	<span style="color:#000000;font-size:14px;">　　2、发起维权后，可在用户中心的咨询与维权里，随时查看投诉管理进度和处理结果</span>\r\n</p>\r\n<p>\r\n	<span style="color:#000000;"><img src="/data/upload/shop/editor/20141229172257_38138.jpg" alt="" /><br />\r\n</span>\r\n</p>\r\n<p>\r\n	<span style="color:#000000;"><br />\r\n</span>\r\n</p>\r\n<p>\r\n	<span style="color:#000000;">\r\n	\r\n		<span style="font-size:14px;color:#000000;">　　<strong><span style="color:#99BB00;">消费者保障服务(试行版)</span></strong></span>\r\n	</span></p>\r\n	<p>\r\n		<span style="font-size:14px;color:#000000;">　　消费者保障服务是指卖家签署了B2B2C电商平台消费者保障服务协议，承诺为消费者提供交易保障服务。买家在B2B2C电商平台使用支付宝交易服务购买宝贝时，如果遇到收到货物存在质量问题或者网上描述不符或者付款后未收到货物的情况，如果卖家未履行承诺，买家可以根据本页面及B2B2C电商平台规则规定发起维权，经判定维权成功的，B2B2C电商平台将扣划卖家保证金进行违约赔付，以保障买家权益。</span>\r\n	</p>\r\n	<p>\r\n		<span style="font-size:14px;color:#000000;">　　<strong><span style="color:#99BB00;">保障范围说明</span></strong></span>\r\n	</p>\r\n	<p>\r\n		<span style="font-size:14px;color:#000000;">　　B2B2C电商平台商品交易产生的纠纷，B2B2C电商平台有权介入处理</span>\r\n	</p>\r\n	<p>\r\n		<span style="font-size:14px;color:#000000;">　　<strong>注：非标准化类目商品(如本地生活)交易产生的纠纷，B2B2C电商平台有权不介入处理，卖家应自行处理其与买家之间可能产生的交易纠纷。</strong></span>\r\n	</p>\r\n	<p>\r\n		<span style="font-size:14px;color:#000000;">　　<strong>“消费者保障服务”或类似文案之标识亦不适用于以下类目商品(B2B2C电商平台将适时修改调整以下类目)：</strong></span>\r\n	</p>\r\n	<p>\r\n		<span style="font-size:14px;color:#000000;">　　(1)消费者定做的商品;</span>\r\n	</p>\r\n	<p>\r\n		<span style="font-size:14px;color:#000000;">　　(2)鲜活易腐商品，例如鲜花、绿植、果蔬、低温乳品、速冻食品等;</span>\r\n	</p>\r\n	<p>\r\n		<span style="font-size:14px;color:#000000;">　　(3)在线下载或消费者拆封的音像制品、计算机软件等数字化商品;</span>\r\n	</p>\r\n	<p>\r\n		<span style="font-size:14px;color:#000000;">　　(4)交付的报纸、期刊类商品;</span>\r\n	</p>\r\n	<p>\r\n		<span style="font-size:14px;color:#000000;">　　(5)食用类商品，例如食品、保健品、饮料、酒类、奶粉、婴儿辅食等;</span>\r\n	</p>\r\n	<p>\r\n		<span style="font-size:14px;color:#000000;">　　(6)贵重类商品，例如钻石、贵金属、手表、珠宝、奢侈品等;</span>\r\n	</p>\r\n	<p>\r\n		<span style="font-size:14px;color:#000000;">　　(7)个人护理、贴身类商品，例如计生用品、美护、内衣、贴身袜裤等;;</span>\r\n	</p>\r\n	<p>\r\n		<span style="font-size:14px;color:#000000;">　　(8)虚拟类商品，例如礼品卡、手机充值、游戏点卡等充值类商品，以及门票、机票、旅游套餐等一次性消费服务类商品等;</span>\r\n	</p>\r\n	<p>\r\n		<span style="font-size:14px;color:#000000;">　　(9)特殊类商品，例如运营商合约手机以及二手品、处理品等;</span>\r\n	</p>\r\n	<p>\r\n		<span style="font-size:14px;color:#000000;">　　(10)其他根据商品性质不宜退货的商品。</span>\r\n	</p>\r\n	<p>\r\n		<span style="font-size:14px;color:#000000;"><br />\r\n</span>\r\n	</p>\r\n	<p>\r\n		<span style="font-size:14px;color:#000000;">　　<strong><span style="color:#99BB00;">保障期限</span></strong></span>\r\n	</p>\r\n	<p>\r\n		<span style="font-size:14px;color:#000000;">　　自买家付款之时起至交易成功后十五(15)天内</span>\r\n	</p>\r\n	<p>\r\n		<span style="font-size:14px;color:#000000;"><br />\r\n</span>\r\n	</p>\r\n	<p>\r\n		<span style="font-size:14px;color:#000000;">　　<strong><span style="color:#99BB00;">买家可享受的保障权益</span></strong></span>\r\n	</p>\r\n	<p>\r\n		<span style="font-size:14px;color:#000000;">　　在B2B2C电商平台使用支付宝交易服务进行购物过程中，遇到如下问题：</span>\r\n	</p>\r\n	<p>\r\n		<span style="font-size:14px;color:#000000;">　　1、收到的商品出现质量问题;</span>\r\n	</p>\r\n	<p>\r\n		<span style="font-size:14px;color:#000000;">　　2、收到的商品与网上描述不符;</span>\r\n	</p>\r\n	<p>\r\n		<span style="font-size:14px;color:#000000;">　　3、付款后未收到商品。</span>\r\n	</p>\r\n	<p>\r\n		<span style="font-size:14px;color:#000000;">　　卖家承诺退货退款并承担第一次发货和退货运费。</span>\r\n	</p>\r\n	<p>\r\n		<span style="font-size:14px;color:#000000;">　　若卖家未履行承诺，买家可以根据本页面及B2B2C电商平台规则规定发起维权，经判定维权成功的，B2B2C电商平台将扣划卖家保证金进行先行赔付，以保障买家权益。</span>\r\n	</p>\r\n	<p>\r\n		<span style="font-size:14px;color:#000000;">　　<strong>注：买家不按照支付宝交易流程而完结的交易不在消费者保障范围内： 1. 未收到货情况下，买家提前确认收货的交易; 2. \r\n未收到货情况下，买家没有及时申请退款而超时打款的交易;3、离线支付完成交易产生的纠纷。</strong></span>\r\n	</p>\r\n	<p>\r\n		<span style="font-size:14px;color:#000000;"><strong><br />\r\n</strong></span>\r\n	</p>\r\n	<p>\r\n		<span style="font-size:14px;color:#000000;">　　<strong><span style="color:#99BB00;">提出消费者保障赔付的条件</span></strong></span>\r\n	</p>\r\n	<p>\r\n		<span style="font-size:14px;color:#000000;">　　1、买家发起的赔付申请的相关商品与收到的商品为同一件;</span>\r\n	</p>\r\n	<p>\r\n		<span style="font-size:14px;color:#000000;">　　2、买家已要求卖家提供退货服务而被卖家拒绝，或无法联系到该卖家，或卖家中断其经营、服务;</span>\r\n	</p>\r\n	<p>\r\n		<span style="font-size:14px;color:#000000;">　　3、买家的赔付申请在形式上符合相关法律法规的规定;</span>\r\n	</p>\r\n	<p>\r\n		<span style="font-size:14px;color:#000000;">　　4赔付申请金额仅以买家实际支付的商品价款加邮费(含维权商品回邮邮费)为限;</span>\r\n	</p>\r\n	<p>\r\n		<span style="font-size:14px;color:#000000;">　　5、买家确认表面一致后，不得就表面一致的问题提出“消费者保障服务”赔付申请，但收货人能够提供有效相反证据的除外;</span>\r\n	</p>\r\n	<p>\r\n		<span style="font-size:14px;color:#000000;"><br />\r\n</span>\r\n	</p>\r\n	<p>\r\n		<span style="font-size:14px;color:#000000;">　　<strong><span style="color:#99BB00;">退款、维权流程解说</span></strong></span>\r\n	</p>\r\n	<p>\r\n		<span style="font-size:14px;color:#000000;"><strong><span style="color:#99BB00;"><img src="/data/upload/shop/editor/20141229172951_69776.jpg" alt="" /><br />\r\n</span></strong></span>\r\n	</p>\r\n<span style="font-size:14px;color:#000000;"></span>', 1417821867),
(43, 7, '', 1, 4, '产品可溯源', '<p>\r\n	<span style="font-size:14px;color:#000000;">　　B2B2C电商平台商城所有入驻商家必须先在线提交资质信息经过线上初审合格，方可进入地面签约正式开通网店，确保入驻商家可控，避免鱼龙混杂的乱象。</span> \r\n</p>\r\n<p>\r\n	<span style="font-size:14px;color:#000000;">　　B2B2C电商平台商城官方自营店，仅对厂商和品牌代理商开放。厂家直接供货，无中间环节;品牌代理可逐级逆推至品牌厂商，商品来源真实可靠。尤其是农副特产和本地生活服务，我们都是亲临生产基地第一线，经过论证调研和亲自体验认可，然后经过严格的审查程序并签约授权，承诺质量保证后，才得以入驻商城和消费者见面。所以平台的产品都是可以溯源，产地可查可参观。</span> \r\n</p>\r\n<p>\r\n	<span style="font-size:14px;color:#000000;">　　平台申请开店合作商经营活动必须证照齐全、真实有效，进货采购渠道和商品质量首先接受相关管理部门的有效监督和管理。平台概不接受无照经营的商家入驻开店，杜绝产品来路不明给消费者带来的隐性风险和损失。</span> \r\n</p>', 1417822196),
(44, 8, '', 1, 2, '招商入驻', '<p class="MsoNormal" style="color:#666666;font-family:微软雅黑, Arial, Verdana, 宋体, ''Lucida Grande'', ''Lucida Sans Unicode'', Helvetica, sans-serif;background-color:#FFFFFF;text-indent:24.1pt;">\r\n	<b><span style="font-size:16px;color:#000000;">关于B2B2C电商平台</span></b> \r\n</p>\r\n<p class="MsoNormal" style="color:#666666;font-family:微软雅黑, Arial, Verdana, 宋体, ''Lucida Grande'', ''Lucida Sans Unicode'', Helvetica, sans-serif;background-color:#FFFFFF;text-indent:24pt;">\r\n	<b><span style="font-size:16px;color:#000000;">B2B2C电商平台</span></b><span style="font-size:16px;color:#000000;">是同城</span><span style="font-size:16px;color:#000000;">020</span><span style="font-size:16px;color:#000000;">购物商城，“电商</span><span style="font-size:16px;color:#000000;">+</span><span style="font-size:16px;color:#000000;">店商”二合一网络交易平台。网络店铺和实体门店无缝对接，电子商务和本地生活完美融合。</span> \r\n</p>\r\n<p class="MsoNormal" style="color:#666666;font-family:微软雅黑, Arial, Verdana, 宋体, ''Lucida Grande'', ''Lucida Sans Unicode'', Helvetica, sans-serif;background-color:#FFFFFF;text-indent:24pt;">\r\n	<span style="font-size:16px;color:#000000;">B2B2C电商平台集</span><b><span style="font-size:16px;color:#000000;">网络购物、本地资讯、信息查阅、活动组织与推广、便民服务</span></b><span style="font-size:16px;color:#000000;">等为一体，是新型的网络购物超市。</span> \r\n</p>\r\n<p class="MsoNormal" style="color:#666666;font-family:微软雅黑, Arial, Verdana, 宋体, ''Lucida Grande'', ''Lucida Sans Unicode'', Helvetica, sans-serif;background-color:#FFFFFF;text-indent:24pt;">\r\n	<span style="font-size:16px;color:#000000;">相比国内购物平台，</span><b><span style="font-size:16px;color:#000000;">B2B2C电商平台拥有本土优势跟地域优势，能真正为本地用户提供优质服务</span><span style="font-size:16px;color:#000000;">!</span><span style="font-size:16px;color:#000000;">保障用户体验</span><span style="font-size:16px;color:#000000;">!</span></b> \r\n</p>\r\n<p class="MsoNormal" style="color:#666666;font-family:微软雅黑, Arial, Verdana, 宋体, ''Lucida Grande'', ''Lucida Sans Unicode'', Helvetica, sans-serif;background-color:#FFFFFF;text-indent:24pt;">\r\n	<span style="font-size:16px;color:#000000;">&nbsp;</span> \r\n</p>\r\n<p class="MsoNormal" style="color:#666666;font-family:微软雅黑, Arial, Verdana, 宋体, ''Lucida Grande'', ''Lucida Sans Unicode'', Helvetica, sans-serif;background-color:#FFFFFF;">\r\n	<span style="font-size:16px;color:#000000;">　　</span><span style="font-size:16px;color:#000000;">注：即日起B2B2C电商平台正式招商，首批商家入驻B2B2C电商平台</span><b><span style="font-size:16px;color:#000000;">零年费、零平台使用费。</span></b><span style="font-size:16px;color:#000000;">B2B2C电商平台全面启动用户、商家技术和服务支持体系，B2B2C电商平台为你开启电商财富之门。</span> \r\n</p>\r\n<p class="MsoNormal" style="color:#666666;font-family:微软雅黑, Arial, Verdana, 宋体, ''Lucida Grande'', ''Lucida Sans Unicode'', Helvetica, sans-serif;background-color:#FFFFFF;text-indent:24pt;">\r\n	<span style="font-size:16px;color:#000000;">&nbsp;</span> \r\n</p>\r\n<p class="MsoNormal" style="color:#666666;font-family:微软雅黑, Arial, Verdana, 宋体, ''Lucida Grande'', ''Lucida Sans Unicode'', Helvetica, sans-serif;background-color:#FFFFFF;">\r\n	<span style="font-size:16px;color:#000000;">　　</span><b><span style="font-size:16px;color:#000000;">招商类目：</span></b> \r\n</p>\r\n<p class="MsoNormal" style="color:#666666;font-family:微软雅黑, Arial, Verdana, 宋体, ''Lucida Grande'', ''Lucida Sans Unicode'', Helvetica, sans-serif;background-color:#FFFFFF;text-indent:24pt;">\r\n	<span style="font-size:16px;color:#000000;">服饰鞋帽、礼品箱包、家居家装、数码办公、家用电器、个护化妆、珠宝手表、食品饮料、运动健康、汽车用品、玩具乐器、厨房用具、母婴用品、本地生活等类目。</span> \r\n</p>\r\n<p class="MsoNormal" style="color:#666666;font-family:微软雅黑, Arial, Verdana, 宋体, ''Lucida Grande'', ''Lucida Sans Unicode'', Helvetica, sans-serif;background-color:#FFFFFF;text-indent:24pt;">\r\n	<span style="font-size:16px;color:#000000;">&nbsp;</span> \r\n</p>\r\n<p class="MsoNormal" style="color:#666666;font-family:微软雅黑, Arial, Verdana, 宋体, ''Lucida Grande'', ''Lucida Sans Unicode'', Helvetica, sans-serif;background-color:#FFFFFF;">\r\n	<span style="font-size:16px;color:#000000;">　　</span><b><span style="font-size:16px;color:#000000;">招商细则：</span></b> \r\n</p>\r\n<p class="MsoNormal" style="color:#666666;font-family:微软雅黑, Arial, Verdana, 宋体, ''Lucida Grande'', ''Lucida Sans Unicode'', Helvetica, sans-serif;background-color:#FFFFFF;">\r\n	<span style="font-size:16px;color:#000000;">　　</span><span style="font-size:16px;color:#000000;">●</span><span style="font-size:16px;color:#000000;">一般商家需提供相关认证资质扫描件，审核通过，免费开店，特殊产品资质以我公司招商部需要的资料为准。</span> \r\n</p>\r\n<p class="MsoNormal" style="color:#666666;font-family:微软雅黑, Arial, Verdana, 宋体, ''Lucida Grande'', ''Lucida Sans Unicode'', Helvetica, sans-serif;background-color:#FFFFFF;">\r\n	<span style="font-size:16px;color:#000000;">　　</span><span style="font-size:16px;color:#000000;">●</span><span style="font-size:16px;color:#000000;">代理商需要提供代理授权资质：需要确保授权链条的完整，即申请入驻企业拿到的授权能够逐级逆推回品牌商</span> \r\n</p>\r\n<p class="MsoNormal" style="color:#666666;font-family:微软雅黑, Arial, Verdana, 宋体, ''Lucida Grande'', ''Lucida Sans Unicode'', Helvetica, sans-serif;background-color:#FFFFFF;">\r\n	<span style="font-size:16px;color:#000000;">　　</span><span style="font-size:16px;color:#000000;">●</span><span style="font-size:16px;color:#000000;">消费凭证：所有入驻的企业必须给消费者提供盖有公章的消费凭证，消费凭证盖章的公司名称必须和商家与B2B2C电商平台合作的公司名称一致</span> \r\n</p>\r\n<p class="MsoNormal" style="color:#666666;font-family:微软雅黑, Arial, Verdana, 宋体, ''Lucida Grande'', ''Lucida Sans Unicode'', Helvetica, sans-serif;background-color:#FFFFFF;">\r\n	<span style="font-size:16px;color:#000000;">　　</span><span style="font-size:16px;color:#000000;">● 请务必保证您入驻前后提供的相关资质的真实有效性</span><span style="font-size:16px;color:#000000;">(</span><span style="font-size:16px;color:#000000;">若您提供的相关资质为第三方提供，如商标注册证、授权书等，请务必先行核实其真实有效性</span><span style="font-size:16px;color:#000000;">)</span><span style="font-size:16px;color:#000000;">，一旦发现虚假资质，您的公司将被列入非诚信商家名单，B2B2C电商平台将不再与您进</span><span style="font-size:16px;color:#000000;">行合作。</span> \r\n</p>\r\n<p class="MsoNormal" style="color:#666666;font-family:微软雅黑, Arial, Verdana, 宋体, ''Lucida Grande'', ''Lucida Sans Unicode'', Helvetica, sans-serif;background-color:#FFFFFF;text-indent:24pt;">\r\n	<span style="font-size:16px;color:#000000;">&nbsp;</span> \r\n</p>\r\n<p class="MsoNormal" style="color:#666666;font-family:微软雅黑, Arial, Verdana, 宋体, ''Lucida Grande'', ''Lucida Sans Unicode'', Helvetica, sans-serif;background-color:#FFFFFF;text-indent:24pt;">\r\n	<b><span style="font-size:16px;color:#000000;">商家加盟咨询热线：</span></b> \r\n</p>\r\n<p class="MsoNormal" style="color:#666666;font-family:微软雅黑, Arial, Verdana, 宋体, ''Lucida Grande'', ''Lucida Sans Unicode'', Helvetica, sans-serif;background-color:#FFFFFF;text-indent:24pt;">\r\n	<span style="font-size:16px;color:#000000;">13800138000&nbsp; &nbsp; &nbsp;&nbsp;QQ：</span><span style="font-size:16px;color:#000000;">123456789</span>\r\n</p>\r\n<p class="MsoNormal" style="color:#666666;font-family:微软雅黑, Arial, Verdana, 宋体, ''Lucida Grande'', ''Lucida Sans Unicode'', Helvetica, sans-serif;background-color:#FFFFFF;text-indent:24pt;">\r\n	<span style="font-size:16px;color:#000000;">&nbsp;</span> \r\n</p>\r\n<p class="MsoNormal" style="color:#666666;font-family:微软雅黑, Arial, Verdana, 宋体, ''Lucida Grande'', ''Lucida Sans Unicode'', Helvetica, sans-serif;background-color:#FFFFFF;text-indent:156pt;">\r\n	<span style="font-size:16px;color:#000000;">&nbsp; &nbsp; &nbsp; &nbsp; &nbsp; &nbsp; &nbsp; &nbsp; &nbsp; &nbsp; &nbsp; &nbsp; &nbsp; &nbsp;&nbsp;&nbsp;B2B2C电商平台旗下 B2B2C电商平台</span> \r\n</p>\r\n<p class="MsoNormal" style="color:#666666;font-family:微软雅黑, Arial, Verdana, 宋体, ''Lucida Grande'', ''Lucida Sans Unicode'', Helvetica, sans-serif;background-color:#FFFFFF;text-indent:192pt;">\r\n	<span style="font-size:16px;color:#000000;">&nbsp; &nbsp; &nbsp; &nbsp; &nbsp; &nbsp; &nbsp; &nbsp; &nbsp; &nbsp; &nbsp; &nbsp; &nbsp;</span>\r\n</p>', 1417822813),
(45, 8, '', 1, 1, '广告合作', '<p>\r\n	<br />\r\n</p>\r\n<p>\r\n	<span style="font-size:16px;color:#000000;">　　B2B2C电商平台拥有网站线上、手机移动端、地面户外广告位、电子显示屏、Wife广告和DM广告杂志，全方位全渠道广告优势资源。有意</span><span style="font-size:16px;line-height:24px;color:#000000;">合作</span><span style="font-size:16px;line-height:1.5;color:#000000;">投放广告，请致电：</span> \r\n</p>\r\n<p>\r\n	<span style="font-size:16px;color:#000000;">　　广告合作热线：</span> \r\n</p>\r\n<span style="font-size:16px;color:#000000;"></span>', 1417823116),
(46, 8, '', 1, 3, '招聘英才', '<p>\r\n	<br />\r\n</p>\r\n<p>\r\n	　　一、行政客服\r\n</p>\r\n<p>\r\n	<br />\r\n</p>\r\n<p>\r\n	　　福利待遇：月薪2000元以上+奖金 工作日8X6\r\n</p>\r\n<p>\r\n	<br />\r\n</p>\r\n<p>\r\n	　　岗位职责：\r\n</p>\r\n<p>\r\n	<br />\r\n</p>\r\n<p>\r\n	　　1.有较强的业务技能，市场拓展能力强;\r\n</p>\r\n<p>\r\n	<br />\r\n</p>\r\n<p>\r\n	　　2.有较强的学习能力和沟通能力;\r\n</p>\r\n<p>\r\n	<br />\r\n</p>\r\n<p>\r\n	　　3.学习并了解网络传媒公司签单流程;\r\n</p>\r\n<p>\r\n	<br />\r\n</p>\r\n<p>\r\n	　　4.能吃苦耐劳，对工作有激情，喜欢挑战;\r\n</p>\r\n<p>\r\n	<br />\r\n</p>\r\n<p>\r\n	　　5.有电话销售经验者优先。\r\n</p>\r\n<p>\r\n	<br />\r\n</p>\r\n<p>\r\n	　　6.做事要主动，善于总结和思考。\r\n</p>\r\n<p>\r\n	<br />\r\n</p>\r\n<p>\r\n	　　7.自主学习B2B2C电商平台商城新规和行业新动向。\r\n</p>\r\n<p>\r\n	<br />\r\n</p>\r\n<p>\r\n	　　8.善于总结，开发和维护新老客户关系。\r\n</p>\r\n<p>\r\n	<br />\r\n</p>\r\n<p>\r\n	　　9.行政文秘事务。\r\n</p>\r\n<p>\r\n	<br />\r\n</p>\r\n<p>\r\n	　　任职要求：\r\n</p>\r\n<p>\r\n	<br />\r\n</p>\r\n<p>\r\n	　　1、女性，中专以上学历，20-30周岁，文秘、市场营销及电子商务等相关专业\r\n</p>\r\n<p>\r\n	<br />\r\n</p>\r\n<p>\r\n	　　2、普通话流利、口齿清晰、倾听技巧佳，语言表达能力和组织能力强;\r\n</p>\r\n<p>\r\n	<br />\r\n</p>\r\n<p>\r\n	　　3、态度亲切、热忱度高，新技术领悟力强;\r\n</p>\r\n<p>\r\n	<br />\r\n</p>\r\n<p>\r\n	　　4、熟悉Office基本操作，了解B2B2C电商平台;\r\n</p>\r\n<p>\r\n	<br />\r\n</p>\r\n<p>\r\n	　　5、诚信、开朗、积极，能承受工作压力，渴望通过个人努力获得高薪。\r\n</p>\r\n<p>\r\n	<br />\r\n</p>\r\n<p>\r\n	　　6、从事过电话销售的业务员优先\r\n</p>\r\n<p>\r\n	<br />\r\n</p>\r\n<p>\r\n	　　二、运营策划\r\n</p>\r\n<p>\r\n	<br />\r\n</p>\r\n<p>\r\n	　　福利待遇：月薪5000—7000元+提成+奖金 工作日8X6\r\n</p>\r\n<p>\r\n	<br />\r\n</p>\r\n<p>\r\n	　　岗位职责：\r\n</p>\r\n<p>\r\n	<br />\r\n</p>\r\n<p>\r\n	　　1、负责B2B2C电商平台商城的整体规划、营销、推广、客户关系管理等系统经营性工作;\r\n</p>\r\n<p>\r\n	<br />\r\n</p>\r\n<p>\r\n	　　2、负责店铺分析与诊断，店铺日常装修策划、上下架、销售等经营与管理工作;\r\n</p>\r\n<p>\r\n	<br />\r\n</p>\r\n<p>\r\n	　　3、负责店铺推广;\r\n</p>\r\n<p>\r\n	<br />\r\n</p>\r\n<p>\r\n	　　4、负责店铺日常维护，保证店铺的正常运作，优化店铺及商品排名;\r\n</p>\r\n<p>\r\n	<br />\r\n</p>\r\n<p>\r\n	　　5.负责B2B2C电商平台商城店铺及平台相关的管理，在线宣传推广，活动策划及日常运营;\r\n</p>\r\n<p>\r\n	<br />\r\n</p>\r\n<p>\r\n	　　6.负责制订商城年度、季度、月度网站运营策略计划并执行;完成店铺销售目标;\r\n</p>\r\n<p>\r\n	<br />\r\n</p>\r\n<p>\r\n	　　7.使用店铺营销工具进行产品及商城推广，并善于总结经验，为达到销售业绩提供决策;\r\n</p>\r\n<p>\r\n	<br />\r\n</p>\r\n<p>\r\n	　　8.定期提交商城运营报告，根据流量、咨询量、转化量、推广效果等数据做全方位的阶段性评估;\r\n</p>\r\n<p>\r\n	<br />\r\n</p>\r\n<p>\r\n	　　9.充分了解和掌握电子商务的运营模式，负责店铺日常维护，保证店铺的正常运作，优化店铺及商品排名;\r\n</p>\r\n<p>\r\n	<br />\r\n</p>\r\n<p>\r\n	　　任职要求：\r\n</p>\r\n<p>\r\n	<br />\r\n</p>\r\n<p>\r\n	　　1、有三年以上的商城网店铺营销与推广及其投放经验，能迅速熟悉所管辖店铺的品牌和产品;\r\n</p>\r\n<p>\r\n	<br />\r\n</p>\r\n<p>\r\n	　　2、精通网店推广工具及营销、运营和管理规则;\r\n</p>\r\n<p>\r\n	<br />\r\n</p>\r\n<p>\r\n	　　3、有独特的推广运营想法及经验和商品爆款操作经验者优先\r\n</p>\r\n<p>\r\n	<br />\r\n</p>\r\n<p>\r\n	　　4、有良好的敬业精神及学习能力，具备良好的分析判断能力，能够承担工作压力，开朗乐观。\r\n</p>\r\n<p>\r\n	<br />\r\n</p>\r\n<p>\r\n	　　三、网店美工设计\r\n</p>\r\n<p>\r\n	<br />\r\n</p>\r\n<p>\r\n	　　福利待遇：月薪3000—5000元+提成+奖金 工作日8X6\r\n</p>\r\n<p>\r\n	<br />\r\n</p>\r\n<p>\r\n	　　岗位职责:\r\n</p>\r\n<p>\r\n	<br />\r\n</p>\r\n<p>\r\n	　　1. 负责B2B2C电商平台商城网店页面整体形象设计、网店风格及商品展示设计，首页广告图片制作及美化、整体布局、活动广告及相关图片的制作;\r\n</p>\r\n<p>\r\n	<br />\r\n</p>\r\n<p>\r\n	　　2. 店铺促销期间的设计排版及促销宣传版面，配合推广人员做推广宣传图及推荐展位推广图片;\r\n</p>\r\n<p>\r\n	<br />\r\n</p>\r\n<p>\r\n	　　3. 本公司网页和公司客户网站网页的设计、页面的美化、各种活动及专题页面的制作;\r\n</p>\r\n<p>\r\n	<br />\r\n</p>\r\n<p>\r\n	　　4. 新品排版设计、优化宝贝描述、爆款卖点制作，美化产品图片及商品的上下架;\r\n</p>\r\n<p>\r\n	<br />\r\n</p>\r\n<p>\r\n	　　5. 不定期制作店铺促销海报，产品宣传设计;\r\n</p>\r\n<p>\r\n	<br />\r\n</p>\r\n<p>\r\n	　　任职要求：\r\n</p>\r\n<p>\r\n	<br />\r\n</p>\r\n<p>\r\n	　　1、熟练应用Photoshop、熟悉Dreamweaver、coreldraw、Flash、Fireworks等设计软件\r\n</p>\r\n<p>\r\n	<br />\r\n</p>\r\n<p>\r\n	　　2、美术功底扎实，审美能力强，对色彩敏感\r\n</p>\r\n<p>\r\n	<br />\r\n</p>\r\n<p>\r\n	　　3、男女不限，19-28周岁 软文功底好的女士优先!\r\n</p>\r\n<p>\r\n	<br />\r\n</p>\r\n<p>\r\n	　　4、有较强的设计感和对色彩的把控能力，对商品美化感觉敏感，设计富有渲染力;\r\n</p>\r\n<p>\r\n	<br />\r\n</p>\r\n<p>\r\n	　　5、责任心强，有耐心，工作认真刻苦，团队合作意识和创新意识强，有良好的沟通能力和协调能力，能配合其他部门保质保量的完成工作。\r\n</p>\r\n<p>\r\n	<br />\r\n</p>', 1417823144),
(47, 8, '', 1, 4, '友情链接', '友情链接', 1417823298),
(48, 8, '', 1, 6, '关于B2B2C电商平台', '<p>\r\n	<span style="color:#333333;font-family:arial, 宋体, sans-serif;font-size:14px;line-height:24px;text-indent:28px;white-space:normal;background-color:#FFFFFF;">B2B2C是一种电子商务类型的</span><a target="_blank" href="http://baike.baidu.com/view/84241.htm" style="text-decoration:none;color:#136EC2;font-family:arial, 宋体, sans-serif;font-size:14px;line-height:24px;text-indent:28px;white-space:normal;background-color:#FFFFFF;">网络购物</a><span style="color:#333333;font-family:arial, 宋体, sans-serif;font-size:14px;line-height:24px;text-indent:28px;white-space:normal;background-color:#FFFFFF;">商业模式，B是BUSINESS的简称，C是CUSTOMER的简称，第一个B指的是商品或服务的供应商，第二个B指的是从事电子商务的企业，C则是表示消费者。</span>\r\n</p>\r\n<p>\r\n	<span style="color:#333333;font-family:arial, 宋体, sans-serif;font-size:14px;line-height:24px;text-indent:28px;white-space:normal;background-color:#FFFFFF;">\r\n	\r\n		<span class="headline-1-index" style="width:25px;height:24px;line-height:24px;font-size:16px;display:block;float:left;margin:1px 0px 0px;color:#FFFFFF;text-align:center;border-top-left-radius:0px;border-top-right-radius:2px;border-bottom-right-radius:2px;border-bottom-left-radius:0px;background:#519CEA;">1</span><span class="headline-content" style="line-height:24px;display:block;float:left;padding:0px 8px 0px 5px;background-image:initial;background-attachment:initial;background-size:initial;background-origin:initial;background-clip:initial;background-position:initial;background-repeat:initial;">介绍</span><span class="text_edit editable-title" style="display:block;float:right;padding:6px 0px 0px 8px;margin-left:10px;background-image:initial;background-attachment:initial;background-size:initial;background-origin:initial;background-clip:initial;background-position:initial;background-repeat:initial;"><a href="http://baike.baidu.com/link?url=8WvSOfc_hYzTMJnOxMgRf3X1APW0_MXyx1VhUlhPaXJ29ttBFdzMEOlxMMEF9Gd8GL5f52wRcOXPkarv94WJPK#" class="nslog:1019" title="编辑本段" style="text-decoration:none;color:#888888;height:15px;line-height:16px;padding-left:18px;font-size:12px;font-family:SimSun;display:block;background:url(denied:http://baike.bdimg.com/static/lemma/view3/img/icon-view_4b787901.gif) -85px 1px no-repeat transparent;">编辑</a></span>\r\n	\r\n	\r\n		第一个BUSINESS，并不仅仅局限于品牌供应商、影视制作公司和图书出版商，任何的商品供应商或服务供应商都能可以成为第一个BUSINESS；第二B是B2B2C模式的电子商务企业，通过统一的经营管理对商品和服务、消费者终端同时进行整合，是广大供应商和消费者之间的桥梁，为供应商和消费者提供优质的服务，是<a target="_blank" href="http://baike.baidu.com/view/1432435.htm" style="text-decoration:none;color:#136EC2;">互联网电子商务</a>服务供应商。C表示消费者，在第二个B构建的统一<a target="_blank" href="http://baike.baidu.com/view/186671.htm" style="text-decoration:none;color:#136EC2;">电子商务平台</a>购物的消费者；\r\n	\r\n	\r\n		B2B2C的来源于目前的B2B、B2C模式的演变和完善，把B2C和C2C完美地结合起来，通过B2B2C模式的电子商务企业构建自己的物流<a target="_blank" href="http://baike.baidu.com/view/2971158.htm" style="text-decoration:none;color:#136EC2;">供应链系统</a>，提供统一的服务。\r\n	\r\n	\r\n		B2B的定义：企业跟企业之间的<a target="_blank" href="http://baike.baidu.com/view/6518412.htm" style="text-decoration:none;color:#136EC2;">电子商务运作</a>方式。\r\n	\r\n	\r\n		B2C的定义：企业跟消费者之间的<a target="_blank" href="http://baike.baidu.com/view/6518412.htm" style="text-decoration:none;color:#136EC2;">电子商务运作</a>方式。\r\n		\r\n			<a class="image-link nslog:9317" href="http://baike.baidu.com/picture/1464425/1464425/0/d57e99943a4f635bd31b7077.html?fr=lemma&amp;ct=single" target="_blank" title="" style="text-decoration:none;color:#136EC2;display:block;width:250px;height:113px;"><img class="" alt="" src="http://g.hiphotos.baidu.com/baike/s%3D250/sign=0e626883a7efce1bee2bcfcf9f50f3e8/d0c8a786c9177f3ef984d77870cf3bc79f3d5616.jpg" style="display:block;margin:0px auto;width:250px;height:113px;" /></a>\r\n		\r\nB2G的定义：企业跟政府之间的合作关系。\r\n	\r\n	\r\n		C2C的定义：消费者跟消费者之间的<a target="_blank" href="http://baike.baidu.com/view/6518412.htm" style="text-decoration:none;color:#136EC2;">电子商务运作</a>方式。\r\n	\r\n	\r\n		<a name="2"></a><a name="sub1464425_2" id="sub1464425_2"></a><a name="概念"></a>\r\n	\r\n	\r\n		<span class="headline-1-index" style="width:25px;height:24px;line-height:24px;font-size:16px;display:block;float:left;margin:1px 0px 0px;color:#FFFFFF;text-align:center;border-top-left-radius:0px;border-top-right-radius:2px;border-bottom-right-radius:2px;border-bottom-left-radius:0px;background:#519CEA;">2</span><span class="headline-content" style="line-height:24px;display:block;float:left;padding:0px 8px 0px 5px;background-image:initial;background-attachment:initial;background-size:initial;background-origin:initial;background-clip:initial;background-position:initial;background-repeat:initial;">概念</span><br />\r\n	\r\n	\r\n		<b>所谓B2B2C</b>是一种新的网络通信销售方式，是英文“business to business to Customer”的简称。第一个B指广义的卖方（即成品、半成品、材料提供商等），第二个B指交易平台，即提供卖方与买方的联系平台，同时提供优质的附加服务，C即指买方。卖方不仅仅是公司，可以包括个人，即一种逻辑上的买卖关系中的卖方。平台绝非简单的中介，而是提供高附加值<a target="_blank" href="http://baike.baidu.com/view/133203.htm" style="text-decoration:none;color:#136EC2;">服务</a>的渠道机构，拥有客户管理、信息反馈、<a target="_blank" href="http://baike.baidu.com/view/600155.htm" style="text-decoration:none;color:#136EC2;">数据库管理</a>、决策支持等功能的服务平台。买方同样是逻辑上的关系，可以是内部也可以是外部的。B2B2C定义包括了现存的B2C和C2C 平台的商业模式，更加综合化，可以提供更优质的服务。\r\n	\r\n	\r\n		<a name="3"></a><a name="sub1464425_3" id="sub1464425_3"></a><a name="特点"></a>\r\n	\r\n	\r\n		<span class="headline-1-index" style="width:25px;height:24px;line-height:24px;font-size:16px;display:block;float:left;margin:1px 0px 0px;color:#FFFFFF;text-align:center;border-top-left-radius:0px;border-top-right-radius:2px;border-bottom-right-radius:2px;border-bottom-left-radius:0px;background:#519CEA;">3</span><span class="headline-content" style="line-height:24px;display:block;float:left;padding:0px 8px 0px 5px;background-image:initial;background-attachment:initial;background-size:initial;background-origin:initial;background-clip:initial;background-position:initial;background-repeat:initial;">特点</span><br />\r\n	\r\n	\r\n		B2B2C把“供应商→生产商→经销商→消费者”各个产业链紧密连接在一起。整个供应链是一个从创造增值到价值变现的过程，把从生产、分销到终端零售的资源进行全面整合，不仅大大增强了网商的服务能力，更有利于客户获得增加价值的机会。该平台将帮助商家直接充当卖方角色，把商家直接推到与消费者面对面的前台，让生产商获得更多的利润，使更多的资金投入到技术和产品创新上，最终让广大消费者获益。 　这是一类新型<a target="_blank" href="http://baike.baidu.com/view/634093.htm" style="text-decoration:none;color:#136EC2;">电子商务模式</a>的网站，它的创新性在于：它为所有的消费者提供了新的电子交易规则。该平台颠覆了传统的电子商务模式，将企业与单个客户的不同需求完全地整合在一个平台上。B2B2C既省去了当当卓越式B2C的库存和物流，又拥有淘宝<a target="_blank" href="http://baike.baidu.com/view/9399.htm" style="text-decoration:none;color:#136EC2;">易趣</a>式C2C欠缺的盈利能力。\r\n	\r\n	\r\n		B2B2C电子商务平台将企业、个人用户不同需求完全整合在一起，缩短了销售链，从营销学角度上来说，销售链条中环节越少越好，越是成熟的行业，销售链条越短；B2B2C通常没有库存，充分为客户节约了成本（其中成本包括时间、资金、风险等众多因素）；并建立了更完善的物流体系，根据客户需求选择合适的<a target="_blank" href="http://baike.baidu.com/view/909859.htm" style="text-decoration:none;color:#136EC2;">物流公司</a>，加强与物流企业的协作，形成整套的物流解决方案。\r\n	\r\n	\r\n		随着技术进步，一个企业以后的发展趋势是需要越来越少的生产人员，但企业却永远无法不依赖于消费者而生存和发展。因此，把消费者放在核心地位，让消费者与消费者结合，让消费者与企业结合，这无疑是最具生命力的电子商务模式。在多种电子商务并行的今天，商家与商家，消费者与消费者，商家与消费者，直销与零售；商家、消费者与营销员逐渐融合，形成一个B2B2C联合创收平台。这也就是当今时代最先进的营销模式——B2B2C电子复合。显而易见，这种B2B2C电子商务模式是最具潮流性的，它符合商业发展的趋势，其商业价值不可估量。不仅可以实现商家与商家的直接网上交易，还可以借助其强大的平台特性，让更多的消费者寻找自己想要的交易目标。它改变了人们的生活方式和消费观念，从而利用一个新型商业模式的网站来实现自己的<a target="_blank" href="http://baike.baidu.com/view/1722687.htm" style="text-decoration:none;color:#136EC2;">财务自由</a>和时间自由。\r\n	\r\n	\r\n		<a name="4"></a><a name="sub1464425_4" id="sub1464425_4"></a><a name="模式运用"></a>\r\n	\r\n	\r\n		<span class="headline-1-index" style="width:25px;height:24px;line-height:24px;font-size:16px;display:block;float:left;margin:1px 0px 0px;color:#FFFFFF;text-align:center;border-top-left-radius:0px;border-top-right-radius:2px;border-bottom-right-radius:2px;border-bottom-left-radius:0px;background:#519CEA;">4</span><span class="headline-content" style="line-height:24px;display:block;float:left;padding:0px 8px 0px 5px;background-image:initial;background-attachment:initial;background-size:initial;background-origin:initial;background-clip:initial;background-position:initial;background-repeat:initial;">模式运用</span><br />\r\n	\r\n	\r\n		B2B2C是个两边不靠的模式，既没有B2C的标准化高质量服务，又没有C2C的商品丰富度，和两种模式相比价格也没优势。其实B2B2C更靠近B2C，用户通常会以B2C的标准来要求B2B2C，那么我们就来看看B2B2C相比B2C的劣势：\r\n	\r\n	\r\n		<a name="4_1"></a><a name="sub1464425_4_1" id="sub1464425_4_1"></a><a name="模式运用_标准"></a><span class="headline-content">标准</span>\r\n	\r\n	\r\n		由于控制价格；商品质量；服务；配送；售后等关键因素的是众多参差不齐的商户而不是平台本身，所以平台没办法制定统一的标准，自然也会影响用户体验。举个简单例子，用户在平台上下了一个订单，买了书和数码，结果书三天就送到了，数码等了一周才送到，还是坏的，款已经付了，退换还很麻烦，这就是很烂的体验。\r\n	\r\n	\r\n		<a name="4_2"></a><a name="sub1464425_4_2" id="sub1464425_4_2"></a><a name="模式运用_库存配送"></a><span class="headline-content">库存配送</span>\r\n	\r\n	\r\n		平台本身没有库存，也不可能和几十上百个商户的库存系统对接（有部分商户可能都没有库存系统），也就导致了上架商品实际库存的不可知性，完全靠商户人工更改。那么就很有可能出现下单没货的现象，商户要不就告诉你没货退款，要不就忽悠你转型。再看配送，国内的物流环境本来就差，快递公司送货速度慢磕碰损坏丢件少件都是很常见的事，就看发货方与快递公司的博弈。B2C的订单集中，件数多，又有专门的物流部门负责管理，可以在与快递公司的交涉中掌握一定话语权；而B2B2C的商户订单分散，件数少，在与快递公司的交涉中没有什么话语权。有很多小快递公司光靠接卓越当当的订单就够生存，那么自然卓越当当对他们的要求他们一律满足，前年有过这么一件事：一个卓越的用户与快递公司的配送员发生冲突，用户投诉到卓越，卓越当即停了快递公司一半的订单，结果快递公司的副总亲自上门向用户道歉，并且开除快递员。这虽然是个例，但B2B2C的商户显然是没有这种实力的。另外由于平台的特性，所以B2B2C通常不支持货到付款，而货到付款正是B2C的核心优势之一。而且在运费上，绝大部分B2C为了竞争都会采取运费补贴的政策，而 B2B2C的商户显示不太可能这么做。\r\n	\r\n	\r\n		<a name="4_3"></a><a name="sub1464425_4_3" id="sub1464425_4_3"></a><a name="模式运用_客服售后"></a><span class="headline-content">客服售后</span>\r\n	\r\n	\r\n		平台的客服，不涉及到订单处理，也不了解商品的问题，对用户的需求和问题只能转达给商户，不能第一时间响应，而对商户又没有控制力，只能沟通协调。售后也是同样，商品出了问题，其实平台作为中介，解决的能力是不够强的，很多时候，商品出现问题，说不清是谁的问题，或者商品已经使用过，不符合退换货条件。B2C的客户是用户，可以去以客为尊满足用户，大不了自己承担损失。而B2B2C的客户实际上是商户，却又依赖用户来吸引商户，作为利益导向的商户，抱着能不承担就不承担的心理，平台只能去协调解决。至于一些平台和线下卖场打出的“先行赔付”概念，也比较扯淡，一是认定难，二是即使认定了，赔付难，因为商户不认可，如果平台贸然拿商户的押金去赔付，很容易演变成商户和平台的纠纷，而且强势的商户甚至进驻平台的时候就不会给押金，而平台如果用自己的钱去赔付，那就成了替人受过了。\r\n	\r\n	\r\n		<a name="4_4"></a><a name="sub1464425_4_4" id="sub1464425_4_4"></a><a name="模式运用_价格劣势"></a><span class="headline-content">价格劣势</span>\r\n	\r\n	\r\n		商户本身很难有价格优势:\r\n	\r\n	\r\n		一是商户自身实力所限，真正有实力的大型商户要不就专注线下业务，要不就自建 B2C或借助卓越或淘宝这样的成熟线上通路，需要平台的往往是实力不够的中小型商户；\r\n	\r\n	\r\n		二是商户的利润导向，不会像B2C那样为了冲规模拿投资去撇脂策略低价竞争；\r\n	\r\n	\r\n		三是平台收取费用增加的成本，B2B2C是要收费的，不像C2C去免费经济，这个费用加在商户身上，商户要不在商品上加价，要不在自己的利润上扣除，前者的可能性更大些，毕竟作为商户并不愿意自己的利润减少。\r\n	\r\n	\r\n		<a name="4_5"></a><a name="sub1464425_4_5" id="sub1464425_4_5"></a><a name="模式运用_参与度"></a><span class="headline-content">参与度</span>\r\n	\r\n	\r\n		商户有自己的主营业务，把平台不过看成一个额外的销售渠道，不会投入非常大的精力和资源，目标是盈利赚钱，不像B2C那样为了市场份额；品牌和上市不计成本的投入。而平台自然的中介性质决定，也不可能像B2C那样去大把投入在技术和推广上。所以以B2C的5大因素：价格；服务；速度；库存和WEB端的用户体验，B2B2C都没有什么优势。\r\n	\r\n	\r\n		如果把<a target="_blank" href="http://baike.baidu.com/view/3065281.htm" style="text-decoration:none;color:#136EC2;">在线零售</a>比成餐饮，B2C就像大饭店，靠牌子；标准的服务和硬件条件吸引讲究食客；而C2C则像街边的大排档小饭铺，便宜，便捷，量大份足，食客倒也可以<a target="_blank" href="http://baike.baidu.com/view/1133400.htm" style="text-decoration:none;color:#136EC2;">饱腹</a>。两者都有自己的顾客群，而B2B2C则两边都够不着。在全球来看，B2B2C成功的案例也不多。能够在本土市场占据很大份额的也就是<a target="_blank" href="http://baike.baidu.com/view/1554.htm" style="text-decoration:none;color:#136EC2;">日本</a>的乐天和<a target="_blank" href="http://baike.baidu.com/view/2200.htm" style="text-decoration:none;color:#136EC2;">台湾</a>的<a target="_blank" href="http://baike.baidu.com/view/1039560.htm" style="text-decoration:none;color:#136EC2;">雅虎奇摩</a>，不过它们都是建立在几个基本之上的：1.<a target="_blank" href="http://baike.baidu.com/view/237409.htm" style="text-decoration:none;color:#136EC2;">岛屿国家</a>和地区，区域小，物流高度发达；2.商业成熟，商户素质高；3.与遍布全岛的7-11等便利店相结合展开自提和配送；4.人口少，B2C少。\r\n	\r\n<br />\r\n</span>\r\n</p>', 1417823347),
(49, 8, '', 1, 5, '联系我们', '<p>\r\n	<span style="font-size:16px;color:#000000;">　</span><strong><span style="font-size:16px;color:#000000;">　B2B2C电商平台旗下 B2B2C电商平台</span></strong> \r\n</p>\r\n<p>\r\n	<span style="font-size:16px;color:#000000;">　　地址：</span>\r\n</p>\r\n<p>\r\n	<span style="font-size:16px;color:#000000;">　　电话：13800138000 </span> \r\n</p>\r\n<p>\r\n	<span style="font-size:16px;color:#000000;">　　QQ：123456789</span>\r\n</p>\r\n<p>\r\n	<span style="font-size:16px;color:#000000;">　　邮箱：</span>\r\n</p>', 1417824535),
(50, 7, '', 1, 255, '六大服务承诺', '<p>\r\n	<span style="font-size:14px;color:#000000;">　　1、先行赔付承诺</span>\r\n</p>\r\n<p>\r\n	<span style="font-size:14px;color:#000000;">　　我们承诺对所售商品负全责，因商品质量或服务等原因造成投诉而难以协商解决的，我们将实行“先行赔付”。</span>\r\n</p>\r\n<p>\r\n	<span style="font-size:14px;color:#000000;">　　2、首问负责承诺</span>\r\n</p>\r\n<p>\r\n	<span style="font-size:14px;color:#000000;">　　我们承诺在接到消费者投诉后24小时内给予解决方案。</span>\r\n</p>\r\n<p>\r\n	<span style="font-size:14px;color:#000000;">　　3、无理由退还承诺</span>\r\n</p>\r\n<p>\r\n	<span style="font-size:14px;color:#000000;">　　我们承诺消费者可在购买商品7天内，保持包装完好不影响二次销售的情况下无条件退货(退货规则规定的特殊商品、定制商品或服务等除外)。</span>\r\n</p>\r\n<p>\r\n	<span style="font-size:14px;color:#000000;">　　4、商品维护承诺</span>\r\n</p>\r\n<p>\r\n	<span style="font-size:14px;color:#000000;">　　我们承诺所售商品均符合国家相关规定，并提供使用说明书和质保卡。</span>\r\n</p>\r\n<p>\r\n	<span style="font-size:14px;color:#000000;">　　5、24小时全天候接待承诺。</span>\r\n</p>\r\n<p>\r\n	<span style="font-size:14px;color:#000000;">　　6、客户回访承诺</span>\r\n</p>\r\n<p>\r\n	<span style="font-size:14px;color:#000000;">　　我们承诺对消费者进行不定期回访，听取相关建议和意见，最大限度地为消费者提供满意周到的服务。</span>\r\n</p>', 1417828015),
(51, 1, 'http://www.infol.com.cn/shop/index.php?act=article&amp;op=show&amp;article_id=46', 1, 255, '招贤纳士，共创大业！', '招贤纳士', 1419215363);
INSERT INTO `cor_article` (`article_id`, `ac_id`, `article_url`, `article_show`, `article_sort`, `article_title`, `article_content`, `article_time`) VALUES
(52, 1, '', 1, 255, 'B2B2C电商平台商城免费开店，现火热招商中!', '<p class="MsoNormal" style="text-indent:24.1pt;">\r\n	<b><span style="font-size:16px;color:#000000;">关于B2B2C电商平台</span><span></span></b> \r\n</p>\r\n<p class="MsoNormal" style="text-indent:24.0pt;">\r\n	<b><span style="font-size:16px;color:#000000;">B2B2C电商平台</span></b><span style="font-size:16px;color:#000000;">是同城</span><span style="font-size:16px;color:#000000;">020</span><span style="font-size:16px;color:#000000;">购物商城，“电商</span><span style="font-size:16px;color:#000000;">+</span><span style="font-size:16px;color:#000000;">店商”二合一网络交易平台。网络店铺和实体门店无缝对接，电子商务和本地生活完美融合。</span><span></span> \r\n</p>\r\n<p class="MsoNormal" style="text-indent:24.0pt;">\r\n	<span style="font-size:16px;color:#000000;">B2B2C电商平台集</span><b><span style="font-size:16px;color:#000000;">网络购物、本地资讯、信息查阅、活动组织与推广、便民服务</span></b><span style="font-size:16px;color:#000000;">等为一体，是新型的网络购物超市。</span><span></span> \r\n</p>\r\n<p class="MsoNormal" style="text-indent:24.0pt;">\r\n	<span style="font-size:16px;color:#000000;">相比国内购物平台，</span><b><span style="font-size:16px;color:#000000;">B2B2C电商平台拥有本土优势跟地域优势，能真正为本地用户提供优质服务</span><span style="font-size:16px;color:#000000;">!</span><span style="font-size:16px;color:#000000;">保障用户体验</span><span style="font-size:16px;color:#000000;">!</span></b> \r\n</p>\r\n<p class="MsoNormal" style="text-indent:24.0pt;">\r\n	<span style="font-size:16px;color:#000000;">&nbsp;</span> \r\n</p>\r\n<p class="MsoNormal">\r\n	<span style="font-size:16px;color:#000000;">　　</span><span style="font-size:16px;color:#000000;">注：即日起B2B2C电商平台正式招商，首批商家入驻B2B2C电商平台</span><b><span style="font-size:16px;color:#000000;">零年费、零平台使用费。</span></b><span style="font-size:16px;color:#000000;">B2B2C电商平台全面启动用户、商家技术和服务支持体系，B2B2C电商平台为你开启电商财富之门。</span> \r\n</p>\r\n<p class="MsoNormal" style="text-indent:24.0pt;">\r\n	<span style="font-size:16px;color:#000000;">&nbsp;</span> \r\n</p>\r\n<p class="MsoNormal">\r\n	<span style="font-size:16px;color:#000000;">　　</span><b><span style="font-size:16px;color:#000000;">招商类目：</span><span></span></b> \r\n</p>\r\n<p class="MsoNormal" style="text-indent:24.0pt;">\r\n	<span style="font-size:16px;color:#000000;">服饰鞋帽、礼品箱包、家居家装、数码办公、家用电器、个护化妆、珠宝手表、食品饮料、运动健康、汽车用品、玩具乐器、厨房用具、母婴用品、本地生活等类目。</span><span></span> \r\n</p>\r\n<p class="MsoNormal" style="text-indent:24.0pt;">\r\n	<span style="font-size:16px;color:#000000;">&nbsp;</span> \r\n</p>\r\n<p class="MsoNormal">\r\n	<span style="font-size:16px;color:#000000;">　　</span><b><span style="font-size:16px;color:#000000;">招商细则：</span><span></span></b> \r\n</p>\r\n<p class="MsoNormal">\r\n	<span style="font-size:16px;color:#000000;">　　</span><span style="font-size:16px;color:#000000;">●</span><span style="font-size:16px;color:#000000;">一般商家需提供相关认证资质扫描件，审核通过，免费开店，特殊产品资质以我公司招商部需要的资料为准。</span><span></span> \r\n</p>\r\n<p class="MsoNormal">\r\n	<span style="font-size:16px;color:#000000;">　　</span><span style="font-size:16px;color:#000000;">●</span><span style="font-size:16px;color:#000000;">代理商需要提供代理授权资质：需要确保授权链条的完整，即申请入驻企业拿到的授权能够逐级逆推回品牌商</span><span></span> \r\n</p>\r\n<p class="MsoNormal">\r\n	<span style="font-size:16px;color:#000000;">　　</span><span style="font-size:16px;color:#000000;">●</span><span style="font-size:16px;color:#000000;">消费凭证：所有入驻的企业必须给消费者提供盖有公章的消费凭证，消费凭证盖章的公司名称必须和商家与B2B2C电商平台合作的公司名称一致</span><span></span> \r\n</p>\r\n<p class="MsoNormal">\r\n	<span style="font-size:16px;color:#000000;">　　</span><span style="font-size:16px;color:#000000;">● 请务必保证您入驻前后提供的相关资质的真实有效性</span><span style="font-size:16px;color:#000000;">(</span><span style="font-size:16px;color:#000000;">若您提供的相关资质为第三方提供，如商标注册证、授权书等，请务必先行核实其真实有效性</span><span style="font-size:16px;color:#000000;">)</span><span style="font-size:16px;color:#000000;">，一旦发现虚假资质，您的公司将被列入非诚信商家名单，B2B2C电商平台将不再与您进</span><span style="font-size:16px;color:#000000;">行合作。</span> \r\n</p>\r\n<p class="MsoNormal" style="text-indent:24.0pt;">\r\n	<span style="font-size:16px;color:#000000;">&nbsp;</span> \r\n</p>\r\n<p class="MsoNormal" style="text-indent:24.0pt;">\r\n	<b><span style="font-size:16px;color:#000000;">商家加盟咨询热线：</span><span></span></b> \r\n</p>\r\n<p class="MsoNormal" style="text-indent:24.0pt;">\r\n	<span style="font-size:16px;color:#000000;">13800138000&nbsp; &nbsp; &nbsp;&nbsp;QQ：</span><span style="font-size:16px;color:#000000;">123456789</span>\r\n</p>\r\n<p class="MsoNormal" style="text-indent:24.0pt;">\r\n	<span style="font-size:16px;color:#000000;">&nbsp;</span> \r\n</p>\r\n<p class="MsoNormal" style="text-indent:156.0pt;">\r\n	<span style="font-size:16px;color:#000000;">&nbsp; &nbsp; &nbsp; &nbsp; &nbsp; &nbsp; &nbsp; &nbsp; &nbsp; &nbsp; &nbsp; &nbsp; &nbsp; &nbsp;&nbsp;&nbsp;B2B2C电商平台旗下 B2B2C电商平台</span><span></span> \r\n</p>\r\n<p class="MsoNormal" style="text-indent:192.0pt;">\r\n	<span style="font-size:16px;color:#000000;">&nbsp; &nbsp; &nbsp; &nbsp; &nbsp; &nbsp; &nbsp; &nbsp; &nbsp; &nbsp; &nbsp; &nbsp;&nbsp;</span>\r\n</p>', 1419218570),
(54, 1, 'http://www.infol.com.cn/shop/index.php?act=article&amp;op=show&amp;article_id=16', 1, 255, '商家入驻如何申请开店', '商家入驻如何申请开店', 1421633974),
(55, 1, 'http://www.infol.com.cn/shop/index.php?act=life_article&amp;op=view&amp;id=43', 0, 255, '写羊年祝福，赢新年红包，B2B2C电商平台微社区回帖抢楼火爆开启！', '写羊年祝福，赢新年红包！', 1423273324);

-- --------------------------------------------------------

--
-- 表的结构 `cor_article_class`
--

CREATE TABLE IF NOT EXISTS `cor_article_class` (
  `ac_id` int(10) unsigned NOT NULL AUTO_INCREMENT COMMENT '索引ID',
  `ac_code` varchar(20) DEFAULT NULL COMMENT '分类标识码',
  `ac_name` varchar(100) NOT NULL COMMENT '分类名称',
  `ac_parent_id` int(10) unsigned NOT NULL DEFAULT '0' COMMENT '父ID',
  `ac_sort` tinyint(1) unsigned NOT NULL DEFAULT '255' COMMENT '排序',
  PRIMARY KEY (`ac_id`),
  KEY `ac_parent_id` (`ac_parent_id`)
) ENGINE=InnoDB  DEFAULT CHARSET=utf8 COMMENT='文章分类表' AUTO_INCREMENT=9 ;

--
-- 转存表中的数据 `cor_article_class`
--

INSERT INTO `cor_article_class` (`ac_id`, `ac_code`, `ac_name`, `ac_parent_id`, `ac_sort`) VALUES
(1, 'notice', '商城快讯', 0, 255),
(2, 'member', '帮助中心', 0, 255),
(3, 'store', '支付方式', 0, 255),
(4, 'payment', '店主之家', 0, 255),
(5, 'sold', '售后服务', 0, 255),
(6, 'service', '自助服务', 0, 255),
(7, 'about', '商城保障', 0, 255),
(8, NULL, '关于我们', 0, 255);

-- --------------------------------------------------------

--
-- 表的结构 `cor_attribute`
--

CREATE TABLE IF NOT EXISTS `cor_attribute` (
  `attr_id` int(10) unsigned NOT NULL AUTO_INCREMENT COMMENT '属性id',
  `attr_name` varchar(100) NOT NULL COMMENT '属性名称',
  `type_id` int(10) unsigned NOT NULL COMMENT '所属类型id',
  `attr_value` text NOT NULL COMMENT '属性值列',
  `attr_show` tinyint(1) unsigned NOT NULL COMMENT '是否显示。0为不显示、1为显示',
  `attr_sort` tinyint(1) unsigned NOT NULL COMMENT '排序',
  PRIMARY KEY (`attr_id`),
  KEY `attr_id` (`attr_id`,`type_id`)
) ENGINE=InnoDB  DEFAULT CHARSET=utf8 COMMENT='商品属性表' AUTO_INCREMENT=228 ;

--
-- 转存表中的数据 `cor_attribute`
--

INSERT INTO `cor_attribute` (`attr_id`, `attr_name`, `type_id`, `attr_value`, `attr_show`, `attr_sort`) VALUES
(206, '款式', 34, '毛衣,开衫,套头衫,打底衫,长款,高领,蝙蝠衫,吊带/背心,其它', 1, 1),
(207, '材质', 34, '棉,涤纶,真丝,亚麻,丝光棉,羊毛/羊绒,腈纶/化纤,棉混纺,其它', 1, 2),
(208, '价格', 34, '0-99,100-199,200-299,300-399,400-499,500-599,600-999,1000以上', 1, 3),
(209, '袖长', 34, '长袖,短袖,七分袖,无袖,五分袖/中袖,九分袖,其它', 1, 4),
(210, '风格', 34, '欧美,日韩,OL通勤,休闲,原创设计,百搭,其它', 1, 5),
(211, '袖长', 35, '长袖,短袖,七分袖,无袖,九分袖,五分袖/中袖,其它', 1, 1),
(212, '花型', 35, '纯色,条纹,格子,千鸟格,波点,拼接,撞色,小碎花,印花/绣花,渐变,豹纹,骷髅,手绘,几何,卡通,字母,脸谱,头像,动物,植物,建筑,其它', 1, 2),
(213, '版式', 35, '修身,宽松,直筒,斗篷,其他', 1, 3),
(214, '衣长', 35, '短款(35-50CM),常规款(51-65CM),中长款(66-80CM),长款(衣长大于80CM)', 1, 4),
(215, '领型', 35, '圆领,V领,立领,翻领/polo领,方领,西装领,荷叶领,娃娃领,连帽/帽领,其它领型,高领', 1, 5),
(216, '款式', 36, '套头,开衫,套装', 1, 1),
(217, '袖长', 36, '长袖,短袖,七分袖,无袖,九分袖,五分袖/中袖,其它', 1, 2),
(218, '花型', 36, '纯色,条纹,格子,千鸟格,波点,拼接,撞色,小碎花,印花/绣花,渐变,豹纹,骷髅,手绘,几何,卡通,字母,脸谱,头像,动物,植物,建筑,其它', 1, 3),
(219, '版式', 36, '修身,宽松,直筒,其他', 1, 4),
(220, '薄厚', 36, '薄款,普通,加厚,抓绒,棉内胆,毛内胆', 1, 5),
(221, '材质', 37, '300g铜板,PVC', 1, 0),
(226, '单热', 39, '', 1, 0),
(227, '双热', 39, '', 1, 0);

-- --------------------------------------------------------

--
-- 表的结构 `cor_attribute_value`
--

CREATE TABLE IF NOT EXISTS `cor_attribute_value` (
  `attr_value_id` int(10) unsigned NOT NULL AUTO_INCREMENT COMMENT '属性值id',
  `attr_value_name` varchar(100) NOT NULL COMMENT '属性值名称',
  `attr_id` int(10) unsigned NOT NULL COMMENT '所属属性id',
  `type_id` int(10) unsigned NOT NULL COMMENT '类型id',
  `attr_value_sort` tinyint(1) unsigned NOT NULL COMMENT '属性值排序',
  PRIMARY KEY (`attr_value_id`)
) ENGINE=InnoDB  DEFAULT CHARSET=utf8 COMMENT='商品属性值表' AUTO_INCREMENT=3189 ;

--
-- 转存表中的数据 `cor_attribute_value`
--

INSERT INTO `cor_attribute_value` (`attr_value_id`, `attr_value_name`, `attr_id`, `type_id`, `attr_value_sort`) VALUES
(3050, '毛衣', 206, 34, 0),
(3051, '开衫', 206, 34, 0),
(3052, '套头衫', 206, 34, 0),
(3053, '打底衫', 206, 34, 0),
(3054, '长款', 206, 34, 0),
(3055, '高领', 206, 34, 0),
(3056, '蝙蝠衫', 206, 34, 0),
(3057, '吊带/背心', 206, 34, 0),
(3058, '其它', 206, 34, 0),
(3059, '棉', 207, 34, 0),
(3060, '涤纶', 207, 34, 0),
(3061, '真丝', 207, 34, 0),
(3062, '亚麻', 207, 34, 0),
(3063, '丝光棉', 207, 34, 0),
(3064, '羊毛/羊绒', 207, 34, 0),
(3065, '腈纶/化纤', 207, 34, 0),
(3066, '棉混纺', 207, 34, 0),
(3067, '其它', 207, 34, 0),
(3068, '0-99', 208, 34, 0),
(3069, '100-199', 208, 34, 0),
(3070, '200-299', 208, 34, 0),
(3071, '300-399', 208, 34, 0),
(3072, '400-499', 208, 34, 0),
(3073, '500-599', 208, 34, 0),
(3074, '600-999', 208, 34, 0),
(3075, '1000以上', 208, 34, 0),
(3076, '长袖', 209, 34, 0),
(3077, '短袖', 209, 34, 0),
(3078, '七分袖', 209, 34, 0),
(3079, '无袖', 209, 34, 0),
(3080, '五分袖/中袖', 209, 34, 0),
(3081, '九分袖', 209, 34, 0),
(3082, '其它', 209, 34, 0),
(3083, '欧美', 210, 34, 0),
(3084, '日韩', 210, 34, 0),
(3085, 'OL通勤', 210, 34, 0),
(3086, '休闲', 210, 34, 0),
(3087, '原创设计', 210, 34, 0),
(3088, '百搭', 210, 34, 0),
(3089, '其它', 210, 34, 0),
(3090, '长袖', 211, 35, 0),
(3091, '短袖', 211, 35, 0),
(3092, '七分袖', 211, 35, 0),
(3093, '无袖', 211, 35, 0),
(3094, '九分袖', 211, 35, 0),
(3095, '五分袖/中袖', 211, 35, 0),
(3096, '其它', 211, 35, 0),
(3097, '纯色', 212, 35, 0),
(3098, '条纹', 212, 35, 0),
(3099, '格子', 212, 35, 0),
(3100, '千鸟格', 212, 35, 0),
(3101, '波点', 212, 35, 0),
(3102, '拼接', 212, 35, 0),
(3103, '撞色', 212, 35, 0),
(3104, '小碎花', 212, 35, 0),
(3105, '印花/绣花', 212, 35, 0),
(3106, '渐变', 212, 35, 0),
(3107, '豹纹', 212, 35, 0),
(3108, '骷髅', 212, 35, 0),
(3109, '手绘', 212, 35, 0),
(3110, '几何', 212, 35, 0),
(3111, '卡通', 212, 35, 0),
(3112, '字母', 212, 35, 0),
(3113, '脸谱', 212, 35, 0),
(3114, '头像', 212, 35, 0),
(3115, '动物', 212, 35, 0),
(3116, '植物', 212, 35, 0),
(3117, '建筑', 212, 35, 0),
(3118, '其它', 212, 35, 0),
(3119, '修身', 213, 35, 0),
(3120, '宽松', 213, 35, 0),
(3121, '直筒', 213, 35, 0),
(3122, '斗篷', 213, 35, 0),
(3123, '其他', 213, 35, 0),
(3124, '短款(35-50CM)', 214, 35, 0),
(3125, '常规款(51-65CM)', 214, 35, 0),
(3126, '中长款(66-80CM)', 214, 35, 0),
(3127, '长款(衣长大于80CM)', 214, 35, 0),
(3128, '圆领', 215, 35, 0),
(3129, 'V领', 215, 35, 0),
(3130, '立领', 215, 35, 0),
(3131, '翻领/polo领', 215, 35, 0),
(3132, '方领', 215, 35, 0),
(3133, '西装领', 215, 35, 0),
(3134, '荷叶领', 215, 35, 0),
(3135, '娃娃领', 215, 35, 0),
(3136, '连帽/帽领', 215, 35, 0),
(3137, '其它领型', 215, 35, 0),
(3138, '高领', 215, 35, 0),
(3139, '套头', 216, 36, 0),
(3140, '开衫', 216, 36, 0),
(3141, '套装', 216, 36, 0),
(3142, '长袖', 217, 36, 0),
(3143, '短袖', 217, 36, 0),
(3144, '七分袖', 217, 36, 0),
(3145, '无袖', 217, 36, 0),
(3146, '九分袖', 217, 36, 0),
(3147, '五分袖/中袖', 217, 36, 0),
(3148, '其它', 217, 36, 0),
(3149, '纯色', 218, 36, 0),
(3150, '条纹', 218, 36, 0),
(3151, '格子', 218, 36, 0),
(3152, '千鸟格', 218, 36, 0),
(3153, '波点', 218, 36, 0),
(3154, '拼接', 218, 36, 0),
(3155, '撞色', 218, 36, 0),
(3156, '小碎花', 218, 36, 0),
(3157, '印花/绣花', 218, 36, 0),
(3158, '渐变', 218, 36, 0),
(3159, '豹纹', 218, 36, 0),
(3160, '骷髅', 218, 36, 0),
(3161, '手绘', 218, 36, 0),
(3162, '几何', 218, 36, 0),
(3163, '卡通', 218, 36, 0),
(3164, '字母', 218, 36, 0),
(3165, '脸谱', 218, 36, 0),
(3166, '头像', 218, 36, 0),
(3167, '动物', 218, 36, 0),
(3168, '植物', 218, 36, 0),
(3169, '建筑', 218, 36, 0),
(3170, '其它', 218, 36, 0),
(3171, '修身', 219, 36, 0),
(3172, '宽松', 219, 36, 0),
(3173, '直筒', 219, 36, 0),
(3174, '其他', 219, 36, 0),
(3175, '薄款', 220, 36, 0),
(3176, '普通', 220, 36, 0),
(3177, '加厚', 220, 36, 0),
(3178, '抓绒', 220, 36, 0),
(3179, '棉内胆', 220, 36, 0),
(3180, '毛内胆', 220, 36, 0),
(3181, '300g铜板', 221, 37, 0),
(3182, 'PVC', 221, 37, 0),
(3187, '', 226, 39, 0),
(3188, '', 227, 39, 0);

-- --------------------------------------------------------

--
-- 表的结构 `cor_brand`
--

CREATE TABLE IF NOT EXISTS `cor_brand` (
  `brand_id` mediumint(11) NOT NULL AUTO_INCREMENT COMMENT '索引ID',
  `brand_name` varchar(100) DEFAULT NULL COMMENT '品牌名称',
  `brand_class` varchar(50) DEFAULT NULL COMMENT '类别名称',
  `brand_pic` varchar(100) DEFAULT NULL COMMENT '图片',
  `brand_sort` tinyint(3) unsigned DEFAULT '0' COMMENT '排序',
  `brand_recommend` tinyint(1) DEFAULT '0' COMMENT '推荐，0为否，1为是，默认为0',
  `store_id` int(11) unsigned NOT NULL DEFAULT '0' COMMENT '店铺ID',
  `brand_apply` tinyint(1) NOT NULL DEFAULT '1' COMMENT '品牌申请，0为申请中，1为通过，默认为1，申请功能是会员使用，系统后台默认为1',
  `class_id` int(10) unsigned DEFAULT '0' COMMENT '所属分类id',
  PRIMARY KEY (`brand_id`)
) ENGINE=InnoDB  DEFAULT CHARSET=utf8 COMMENT='品牌表' AUTO_INCREMENT=365 ;

--
-- 转存表中的数据 `cor_brand`
--

INSERT INTO `cor_brand` (`brand_id`, `brand_name`, `brand_class`, `brand_pic`, `brand_sort`, `brand_recommend`, `store_id`, `brand_apply`, `class_id`) VALUES
(79, 'justyle', '服饰鞋帽', '04397468710494742_sm.jpg', 0, 0, 0, 1, 1),
(80, '享爱.', '服饰鞋帽', '04397468934349942_sm.jpg', 0, 0, 0, 1, 1),
(81, '派丽蒙', '女装', '04397469152627878_sm.jpg', 0, 0, 0, 1, 4),
(82, '康妮雅', '女装', '04397471448679692_sm.jpg', 0, 0, 0, 1, 4),
(83, '秀秀美', '女装', '04397471716977022_sm.jpg', 0, 0, 0, 1, 4),
(84, '阿迪达斯', '服饰鞋帽', '04397471910652190_sm.jpg', 0, 1, 0, 1, 1),
(85, '猫人', '内衣', '04397472152849925_sm.jpg', 0, 0, 0, 1, 6),
(86, '茵曼（INMAN）', 'T恤', '04397472336312422_sm.jpg', 0, 0, 0, 1, 12),
(87, 'Hanes恒适', '服饰鞋帽', '04397472577467506_sm.jpg', 0, 0, 0, 1, 1),
(88, '缪诗', '休闲鞋', '04397472716852803_sm.jpg', 0, 0, 0, 1, 74),
(89, '真维斯', '服饰鞋帽', '04397472838086984_sm.jpg', 0, 1, 0, 1, 1),
(90, '金利来', '西服', '04397473042647991_sm.jpg', 0, 0, 0, 1, 47),
(91, '其乐', '休闲鞋', '04397473331842699_sm.jpg', 0, 1, 0, 1, 109),
(92, 'Newbalance', '功能鞋', '04397473633585549_sm.jpg', 0, 1, 0, 1, 112),
(93, '百丽', '女鞋', '04398088925179484_sm.png', 0, 1, 0, 1, 8),
(94, '七匹狼', '服饰鞋帽', '04398089136939537_sm.jpg', 0, 1, 0, 1, 1),
(95, '李宁', '运动', '04398089270610035_sm.jpg', 0, 0, 0, 1, 7),
(96, '佐丹奴', '服饰鞋帽', '04398089412399747_sm.jpg', 0, 1, 0, 1, 1),
(97, '百思图', '休闲鞋', '04398089574801901_sm.jpg', 0, 0, 0, 1, 93),
(98, '斯波帝卡', '男装', '04398089726299223_sm.jpg', 0, 0, 0, 1, 5),
(99, '梦特娇', '男装', '04398089942879365_sm.jpg', 0, 1, 0, 1, 5),
(100, '宝姿', '服饰鞋帽', '04398090061006740_sm.jpg', 0, 1, 0, 1, 1),
(101, '爱帝', '服饰鞋帽', '04398090218578648_sm.jpg', 0, 0, 0, 1, 1),
(102, '她他/tata', '高跟鞋', '04398090459092275_sm.jpg', 0, 0, 0, 1, 91),
(103, 'ELLE HOME', '服饰鞋帽', '04398090611386532_sm.jpg', 0, 1, 0, 1, 1),
(104, 'esprit', '女装', '04398090828687339_sm.jpg', 0, 1, 0, 1, 4),
(105, 'westside', '服饰鞋帽', '04398090975832253_sm.jpg', 0, 0, 0, 1, 1),
(106, 'RDK', '睡衣', '04398091763582415_sm.jpg', 0, 0, 0, 1, 62),
(107, '皮尔卡丹', '风衣', '04398091877500105_sm.jpg', 0, 0, 0, 1, 43),
(108, '挪巍', '服饰鞋帽', '04398091973797599_sm.jpg', 0, 0, 0, 1, 1),
(113, '波斯顿', '个护化妆', '04398099293923325_sm.jpg', 0, 0, 0, 1, 470),
(114, '薇姿', '个护化妆', '04398099463167230_sm.jpg', 0, 0, 0, 1, 470),
(115, '相宜本草', '个护化妆', '04398099611242673_sm.jpg', 0, 1, 0, 1, 470),
(116, 'Dior', '个护化妆', '04398099738566948_sm.jpg', 0, 1, 0, 1, 470),
(117, '苏菲', '个护化妆', '04398099870651075_sm.jpg', 0, 0, 0, 1, 470),
(118, 'faceshop', '个护化妆', '04398100051941493_sm.jpg', 0, 0, 0, 1, 470),
(119, '芙丽芳丝', '个护化妆', '04398100178308363_sm.jpg', 0, 0, 0, 1, 470),
(120, '娇爽', '个护化妆', '04398100362129645_sm.jpg', 0, 0, 0, 1, 470),
(121, '卡尼尔', '个护化妆', '04398100483927289_sm.jpg', 0, 0, 0, 1, 470),
(122, '纪梵希', '个护化妆', '04398100614445814_sm.jpg', 0, 1, 0, 1, 470),
(123, '护舒宝', '个护化妆', '04398100738554064_sm.jpg', 0, 0, 0, 1, 470),
(124, '兰蔻', '个护化妆', '04398100899214207_sm.jpg', 0, 1, 0, 1, 470),
(125, '娇兰', '个护化妆', '04398101035858820_sm.jpg', 0, 1, 0, 1, 470),
(126, '高丝洁', '个护化妆', '04398101363358081_sm.jpg', 0, 0, 0, 1, 470),
(127, '妮维雅', '个护化妆', '04398101539246004_sm.jpg', 0, 1, 0, 1, 470),
(128, '高丝', '个护化妆', '04398101708424765_sm.jpg', 0, 0, 0, 1, 470),
(129, '狮王', '个护化妆', '04398101929845854_sm.jpg', 0, 0, 0, 1, 470),
(130, '雅顿', '个护化妆', '04398102086535787_sm.jpg', 0, 1, 0, 1, 470),
(131, 'M.A.C', '个护化妆', '04398102231196519_sm.jpg', 0, 0, 0, 1, 470),
(132, '李施德林', '个护化妆', '04398102411008632_sm.jpg', 0, 0, 0, 1, 470),
(133, '雅诗兰黛', '个护化妆', '04398102581821577_sm.jpg', 0, 1, 0, 1, 470),
(134, 'MISS FACE', '个护化妆', '04398102756025036_sm.jpg', 0, 0, 0, 1, 470),
(135, '佳洁士', '个护化妆', '04398102918746492_sm.jpg', 0, 0, 0, 1, 470),
(136, '资生堂', '个护化妆', '04398103163925153_sm.jpg', 0, 1, 0, 1, 470),
(137, '倩碧', '个护化妆', '04398103335196758_sm.jpg', 0, 0, 0, 1, 470),
(138, 'benefit', '个护化妆', '04398103525876196_sm.jpg', 0, 0, 0, 1, 470),
(139, 'SISLEY', '个护化妆', '04398103731155516_sm.jpg', 0, 0, 0, 1, 470),
(140, '爱丽', '个护化妆', '04398103883736888_sm.jpg', 0, 0, 0, 1, 470),
(141, 'BOBBI BROWN', '个护化妆', '04398104034802420_sm.jpg', 0, 0, 0, 1, 470),
(142, 'SK-ll', '个护化妆', '04398104206717960_sm.jpg', 0, 1, 0, 1, 470),
(143, '施华洛世奇', '珠宝手表', '04398116735872287_sm.jpg', 0, 1, 0, 1, 530),
(144, '万宝龙', '珠宝手表', '04398116855649611_sm.jpg', 0, 0, 0, 1, 530),
(145, 'CK', '珠宝手表', '04398116986166995_sm.jpg', 0, 1, 0, 1, 530),
(146, 'Disney', '珠宝手表', '04398117134560677_sm.jpg', 0, 1, 0, 1, 530),
(147, '佐卡伊', '珠宝手表', '04398117259027285_sm.jpg', 0, 0, 0, 1, 530),
(148, 'ZIPPO', '', '04398117390207814_sm.gif', 0, 0, 0, 1, 0),
(149, '梅花', '珠宝手表', '04398117504203345_sm.jpg', 0, 1, 0, 1, 530),
(150, '高仕', '珠宝手表', '04398117735732690_sm.jpg', 0, 0, 0, 1, 530),
(151, '宝玑', '珠宝手表', '04398117910949174_sm.jpg', 0, 0, 0, 1, 530),
(152, '一生一石', '珠宝手表', '04398118118206423_sm.jpg', 0, 0, 0, 1, 530),
(153, 'IDee', '珠宝手表', '04398118344918440_sm.jpg', 0, 0, 0, 1, 530),
(154, 'elle', '珠宝手表', '04398118494505137_sm.jpg', 0, 0, 0, 1, 530),
(155, '卡西欧', '珠宝手表', '04398118617326698_sm.jpg', 0, 1, 0, 1, 530),
(156, '爱卡', '珠宝手表', '04398118792328978_sm.jpg', 0, 0, 0, 1, 530),
(157, '帝舵', '珠宝手表', '04398118894311290_sm.jpg', 0, 1, 0, 1, 530),
(158, '新秀', '珠宝手表', '04398119032319322_sm.jpg', 0, 0, 0, 1, 530),
(159, '九钻', '珠宝手表', '04398119151718735_sm.jpg', 0, 0, 0, 1, 530),
(160, '卡地亚', '珠宝手表', '04398119311706852_sm.jpg', 0, 0, 0, 1, 530),
(161, '蓝色多瑙河', '珠宝手表', '04398119501897486_sm.jpg', 0, 0, 0, 1, 530),
(162, '浪琴', '珠宝手表', '04398119677440904_sm.jpg', 0, 0, 0, 1, 530),
(163, '百利恒', '珠宝手表', '04398119859319840_sm.jpg', 0, 0, 0, 1, 530),
(164, '欧米茄', '珠宝手表', '04398119996858692_sm.jpg', 0, 1, 0, 1, 530),
(165, 'tissot', '珠宝手表', '04398120131178815_sm.jpg', 0, 1, 0, 1, 530),
(166, '新光饰品', '珠宝手表', '04398120247306694_sm.jpg', 0, 0, 0, 1, 530),
(167, '英雄', '珠宝手表', '04398120419590838_sm.jpg', 0, 0, 0, 1, 530),
(168, '瑞士军刀', '珠宝手表', '04398120584040229_sm.gif', 0, 0, 0, 1, 530),
(169, '斯沃琪', '珠宝手表', '04398121090096799_sm.jpg', 0, 1, 0, 1, 530),
(170, '阿玛尼', '珠宝手表', '04398121209932680_sm.jpg', 0, 1, 0, 1, 530),
(171, '亨得利', '珠宝手表', '04398125089603514_sm.jpg', 0, 0, 0, 1, 530),
(172, 'lux-women', '珠宝手表', '04398125296052150_sm.jpg', 0, 0, 0, 1, 530),
(173, 'ooh Dear', '珠宝手表', '04398125473712411_sm.jpg', 0, 0, 0, 1, 530),
(174, 'acer', '数码办公', '04398155389308089_sm.jpg', 0, 0, 0, 1, 256),
(175, '清华同方', '数码办公', '04398155613517981_sm.jpg', 0, 0, 0, 1, 256),
(176, '富士通', '数码办公', '04398155751072786_sm.jpg', 0, 0, 0, 1, 256),
(177, '微软', '数码办公', '04398155862912765_sm.jpg', 0, 0, 0, 1, 256),
(178, '得力', '数码办公', '04398156045665837_sm.jpg', 0, 0, 0, 1, 256),
(179, 'DELL', '数码办公', '04398156232757027_sm.jpg', 0, 1, 0, 1, 256),
(180, 'ThinkPad', '数码办公', '04398156358858442_sm.jpg', 0, 0, 0, 1, 256),
(181, '联想打印机', '数码办公', '04398156503421310_sm.jpg', 0, 0, 0, 1, 256),
(182, '金士顿', '数码办公', '04398156705753579_sm.jpg', 0, 1, 0, 1, 256),
(183, 'TP-LINK', '数码办公', '04398156873572761_sm.jpg', 0, 1, 0, 1, 256),
(184, '华硕', '数码办公', '04398157012150899_sm.jpg', 0, 0, 0, 1, 256),
(185, '罗技', '数码办公', '04398157235673753_sm.jpg', 0, 1, 0, 1, 256),
(186, 'D-Link', '数码办公', '04398157356404105_sm.jpg', 0, 0, 0, 1, 256),
(187, '雷蛇', '数码办公', '04398157472174891_sm.jpg', 0, 1, 0, 1, 256),
(188, 'IT-CEO', '数码办公', '04398157595321784_sm.jpg', 0, 0, 0, 1, 256),
(189, 'hyundri', '数码办公', '04398157712394024_sm.jpg', 0, 0, 0, 1, 256),
(190, '惠普', '数码办公', '04398157881561725_sm.jpg', 0, 0, 0, 1, 256),
(191, '迈乐', '数码办公', '04398158065769057_sm.jpg', 0, 0, 0, 1, 256),
(192, '爱普生', '数码办公', '04398158266047493_sm.jpg', 0, 1, 0, 1, 256),
(193, '三木', '数码办公', '04398158379932048_sm.jpg', 0, 0, 0, 1, 256),
(194, '忆捷', '数码办公', '04398158508475720_sm.jpg', 0, 0, 0, 1, 256),
(195, '佰科', '数码办公', '04398158666713881_sm.jpg', 0, 0, 0, 1, 256),
(196, '飞利浦', '数码办公', '04398158808225051_sm.jpg', 0, 1, 0, 1, 256),
(197, '雷柏', '数码办公', '04398158987559915_sm.jpg', 0, 0, 0, 1, 256),
(198, '双飞燕', '数码办公', '04398159147857437_sm.jpg', 0, 0, 0, 1, 256),
(199, '网件', '数码办公', '04398159314915358_sm.jpg', 0, 0, 0, 1, 256),
(200, '山泽', '数码办公', '04398159479959395_sm.jpg', 0, 0, 0, 1, 256),
(201, '松下', '数码办公', '04398159595550035_sm.jpg', 0, 1, 0, 1, 256),
(202, 'TPOS', '数码办公', '04398159795526441_sm.jpg', 0, 0, 0, 1, 256),
(203, '富勒', '数码办公', '04398159927301628_sm.jpg', 0, 0, 0, 1, 256),
(204, '北通', '数码办公', '04398160061664664_sm.jpg', 0, 0, 0, 1, 256),
(205, 'romoss', '数码办公', '04398160187629402_sm.jpg', 0, 0, 0, 1, 256),
(206, '索爱', '数码办公', '04398160348310562_sm.gif', 0, 1, 0, 1, 256),
(207, '台电', '数码办公', '04398160575221477_sm.jpg', 0, 0, 0, 1, 256),
(208, '三星', '数码办公', '04398160720944823_sm.jpg', 0, 1, 0, 1, 256),
(209, '理光', '数码办公', '04398160857676307_sm.gif', 0, 0, 0, 1, 256),
(210, '飞毛腿', '数码办公', '04398161023292593_sm.jpg', 0, 0, 0, 1, 256),
(211, '阿尔卡特', '数码办公', '04398161143888870_sm.jpg', 0, 0, 0, 1, 256),
(212, '诺基亚', '数码办公', '04398161259006857_sm.gif', 0, 0, 0, 1, 256),
(213, '摩托罗拉', '数码办公', '04398161410885588_sm.gif', 0, 0, 0, 1, 256),
(214, '苹果', '数码办公', '04398168923750202_sm.png', 0, 1, 0, 1, 256),
(215, 'HTC', '数码办公', '04398169850955399_sm.jpg', 0, 0, 0, 1, 256),
(216, '九阳', '家用电器', '04399844516657174_sm.jpg', 0, 0, 0, 1, 308),
(217, '索尼', '家用电器', '04399833099806870_sm.gif', 0, 0, 0, 1, 308),
(218, '格力', '家用电器', '04399833262328490_sm.jpg', 0, 0, 0, 1, 308),
(219, '夏普', '家用电器', '04399833425234004_sm.jpg', 0, 0, 0, 1, 308),
(220, '美的', '家用电器', '04399833601121412_sm.jpg', 0, 0, 0, 1, 308),
(221, '博朗', '家用电器', '04399833768343488_sm.gif', 0, 0, 0, 1, 308),
(222, 'TCL', '家用电器', '04399833953558287_sm.jpg', 0, 0, 0, 1, 308),
(223, '欧姆龙', '家用电器', '04399834117653152_sm.gif', 0, 0, 0, 1, 308),
(224, '苏泊尔', '家用电器', '04399834427362760_sm.jpg', 0, 0, 0, 1, 308),
(225, '伊莱克斯', '家用电器', '04399834676870929_sm.gif', 0, 0, 0, 1, 308),
(226, '艾力斯特', '家用电器', '04399835435836906_sm.jpg', 0, 0, 0, 1, 308),
(227, '西门子', '家用电器', '04399835594337307_sm.gif', 0, 0, 0, 1, 308),
(228, '三菱电机', '家用电器', '04399835807315767_sm.gif', 0, 0, 0, 1, 308),
(229, '奔腾', '家用电器', '04399836030618924_sm.jpg', 0, 0, 0, 1, 308),
(230, '三洋', '家用电器', '04399836185660687_sm.gif', 0, 0, 0, 1, 308),
(231, '大金', '家用电器', '04399836403301996_sm.jpg', 0, 0, 0, 1, 308),
(232, '三星电器', '家用电器', '04399836619819860_sm.jpg', 0, 0, 0, 1, 308),
(233, '海尔', '家用电器', '04399837024444210_sm.jpg', 0, 0, 0, 1, 308),
(234, '格兰仕', '家用电器', '04399837873721609_sm.jpg', 0, 0, 0, 1, 308),
(235, '海信', '家用电器', '04399838032416433_sm.jpg', 0, 0, 0, 1, 308),
(236, '博世', '家用电器', '04399838243363042_sm.jpg', 0, 0, 0, 1, 308),
(237, '老板', '家用电器', '04399838473427197_sm.jpg', 0, 0, 0, 1, 308),
(238, '奥克斯', '家用电器', '04399838633002147_sm.jpg', 0, 0, 0, 1, 308),
(239, 'LG', '家用电器', '04399838782976323_sm.jpg', 0, 0, 0, 1, 308),
(240, '创维', '家用电器', '04399839110204841_sm.jpg', 0, 0, 0, 1, 308),
(241, '松下电器', '家用电器', '04399839604098052_sm.gif', 0, 0, 0, 1, 308),
(242, '中国联通', '虚拟充值', '04399847297781057_sm.jpg', 0, 0, 0, 1, 1037),
(243, '中国电信', '虚拟充值', '04399847472066981_sm.jpg', 0, 0, 0, 1, 1037),
(244, '中国移动', '虚拟充值', '04399847612667714_sm.jpg', 0, 0, 0, 1, 1037),
(245, '一品玉', '食品饮料', '04399854316938195_sm.jpg', 0, 0, 0, 1, 593),
(246, '金奥力', '食品饮料', '04399854503149255_sm.jpg', 0, 0, 0, 1, 593),
(247, '北大荒', '食品饮料', '04399854638913791_sm.jpg', 0, 0, 0, 1, 593),
(248, '健安喜', '食品饮料', '04399854806939714_sm.jpg', 0, 0, 0, 1, 593),
(249, '屯河', '食品饮料', '04399854945115195_sm.jpg', 0, 0, 0, 1, 593),
(250, '养生堂', '食品饮料', '04399855140966866_sm.jpg', 0, 0, 0, 1, 593),
(251, '同庆和堂', '食品饮料', '04399855332734276_sm.jpg', 0, 0, 0, 1, 593),
(252, '黄飞红', '食品饮料', '04399855513686549_sm.jpg', 0, 0, 0, 1, 593),
(253, '乐力', '食品饮料', '04399855699218750_sm.jpg', 0, 0, 0, 1, 593),
(254, '汤臣倍健', '食品饮料', '04399855941379731_sm.jpg', 0, 0, 0, 1, 593),
(255, '康比特', '食品饮料', '04399856135110739_sm.jpg', 0, 0, 0, 1, 593),
(256, '喜瑞', '食品饮料', '04399856323294870_sm.jpg', 0, 0, 0, 1, 593),
(257, '同仁堂', '食品饮料', '04399856454919811_sm.jpg', 0, 0, 0, 1, 593),
(258, '白兰氏', '食品饮料', '04399856638765013_sm.jpg', 0, 0, 0, 1, 593),
(259, 'Lumi', '食品饮料', '04399856804968818_sm.jpg', 0, 0, 0, 1, 593),
(260, '新西兰十一坊', '食品饮料', '04399856948519746_sm.jpg', 0, 0, 0, 1, 593),
(261, '自然之宝', '食品饮料', '04399857092677752_sm.jpg', 0, 0, 0, 1, 593),
(262, '善存', '食品饮料', '04399857246559825_sm.jpg', 0, 0, 0, 1, 593),
(263, '长城葡萄酒', '食品饮料', '04399857399887704_sm.jpg', 0, 0, 0, 1, 593),
(264, '凯镛', '食品饮料', '04399857579422195_sm.jpg', 0, 0, 0, 1, 593),
(267, '惠氏', '母婴用品', '04399878077210018_sm.jpg', 0, 0, 0, 1, 959),
(268, 'lala布书', '母婴用品', '04399878481448839_sm.jpg', 0, 0, 0, 1, 959),
(269, '美赞臣', '母婴用品', '04399878617014779_sm.jpg', 0, 0, 0, 1, 959),
(270, '好奇', '母婴用品', '04399878791943342_sm.jpg', 0, 0, 0, 1, 959),
(271, '多美', '母婴用品', '04399878980307860_sm.jpg', 0, 0, 0, 1, 959),
(272, '嘉宝', '母婴用品', '04399879383821119_sm.jpg', 0, 0, 0, 1, 959),
(273, '孩之宝', '母婴用品', '04399879573077116_sm.jpg', 0, 0, 0, 1, 959),
(274, '嗳呵', '母婴用品', '04399879712252398_sm.jpg', 0, 0, 0, 1, 959),
(275, '美斯特伦', '母婴用品', '04399879861821747_sm.jpg', 0, 0, 0, 1, 959),
(276, '乐高', '母婴用品', '04399880083330972_sm.jpg', 0, 0, 0, 1, 959),
(277, '芭比', '母婴用品', '04399880244694286_sm.jpg', 0, 0, 0, 1, 959),
(278, 'NUK', '母婴用品', '04399880420786755_sm.jpg', 0, 0, 0, 1, 959),
(279, '魔法玉米', '母婴用品', '04399880604749242_sm.jpg', 0, 0, 0, 1, 959),
(280, '宝贝第一', '母婴用品', '04399880757446523_sm.jpg', 0, 0, 0, 1, 959),
(281, '强生', '母婴用品', '04399880892528550_sm.jpg', 0, 0, 0, 1, 959),
(282, '澳优', '母婴用品', '04399881087936122_sm.jpg', 0, 0, 0, 1, 959),
(283, '木马智慧', '母婴用品', '04399881246572965_sm.jpg', 0, 0, 0, 1, 959),
(284, '百立乐', '母婴用品', '04399881709264364_sm.jpg', 0, 0, 0, 1, 959),
(285, '雀巢', '母婴用品', '04399881950170970_sm.jpg', 0, 0, 0, 1, 959),
(286, '帮宝适', '母婴用品', '04399882134949479_sm.jpg', 0, 0, 0, 1, 959),
(287, '万代', '母婴用品', '04399882291234767_sm.jpg', 0, 0, 0, 1, 959),
(288, '亲贝', '母婴用品', '04399882442124015_sm.jpg', 0, 0, 0, 1, 959),
(289, '十月天使', '母婴用品', '04399882581513663_sm.jpg', 0, 0, 0, 1, 959),
(290, '多美滋', '母婴用品', '04399882826616164_sm.jpg', 0, 0, 0, 1, 959),
(291, '星辉', '母婴用品', '04399882966084988_sm.jpg', 0, 0, 0, 1, 959),
(292, '布朗博士', '母婴用品', '04399883157641690_sm.jpg', 0, 0, 0, 1, 959),
(293, '新安怡', '母婴用品', '04399883297614786_sm.jpg', 0, 0, 0, 1, 959),
(294, '费雪', '母婴用品', '04399883534332035_sm.jpg', 0, 0, 0, 1, 959),
(295, 'Hipp', '母婴用品', '04399883690219411_sm.jpg', 0, 0, 0, 1, 959),
(296, '新大王', '母婴用品', '04399883855598553_sm.jpg', 0, 0, 0, 1, 959),
(297, '雅培', '母婴用品', '04399884035362889_sm.jpg', 0, 0, 0, 1, 959),
(298, '亨氏', '母婴用品', '04399884182772511_sm.jpg', 0, 0, 0, 1, 959),
(299, '十月妈咪', '母婴用品', '04399884360526483_sm.jpg', 0, 0, 0, 1, 959),
(300, '好孩子', '母婴用品', '04399884512865285_sm.jpg', 0, 0, 0, 1, 959),
(301, '婴姿坊', '母婴用品', '04399884644632532_sm.jpg', 0, 0, 0, 1, 959),
(302, '妈咪宝贝', '母婴用品', '04399884799920935_sm.jpg', 0, 0, 0, 1, 959),
(303, '直觉', '运动健康', '04399889262024650_sm.jpg', 0, 0, 0, 1, 662),
(304, '世达球', '运动健康', '04399889410183423_sm.jpg', 0, 0, 0, 1, 662),
(305, '悠度', '运动健康', '04399889744222357_sm.jpg', 0, 0, 0, 1, 662),
(306, '威尔胜', '运动健康', '04399889941968796_sm.jpg', 0, 0, 0, 1, 662),
(307, '远洋瑜伽', '运动健康', '04399890266352034_sm.jpg', 0, 0, 0, 1, 662),
(308, '信乐', '运动健康', '04399890429362085_sm.jpg', 0, 0, 0, 1, 662),
(309, '诺可文', '运动健康', '04399890643925803_sm.jpg', 0, 0, 0, 1, 662),
(310, '艾威', '运动健康', '04399890796771131_sm.jpg', 0, 0, 0, 1, 662),
(311, 'LELO', '运动健康', '04399890952734102_sm.jpg', 0, 0, 0, 1, 662),
(312, '乔山', '运动健康', '04399891122713199_sm.jpg', 0, 0, 0, 1, 662),
(313, '皮克朋', '运动健康', '04399891285897466_sm.jpg', 0, 0, 0, 1, 662),
(314, '捷安特', '运动健康', '04399891438458842_sm.jpg', 0, 0, 0, 1, 662),
(315, '开普特', '运动健康', '04399891598799644_sm.jpg', 0, 0, 0, 1, 662),
(316, '火枫', '运动健康', '04399891771381530_sm.jpg', 0, 0, 0, 1, 662),
(317, 'INDEED', '运动健康', '04399891911058029_sm.jpg', 0, 0, 0, 1, 662),
(318, '欧亚马', '运动健康', '04399892067310657_sm.jpg', 0, 0, 0, 1, 662),
(319, '李斯特', '运动健康', '04399892199751417_sm.jpg', 0, 0, 0, 1, 662),
(320, '乐美福', '运动健康', '04399892359082323_sm.jpg', 0, 0, 0, 1, 662),
(321, '以比赞', '运动健康', '04399892526357198_sm.jpg', 0, 0, 0, 1, 662),
(322, '皮尔瑜伽', '运动健康', '04399893307910546_sm.jpg', 0, 0, 0, 1, 662),
(323, '以诗萜', '运动健康', '04399893452531024_sm.jpg', 0, 0, 0, 1, 662),
(324, '斯伯丁', '运动健康', '04399893596931049_sm.jpg', 0, 0, 0, 1, 662),
(326, '玛克', '', '04399902137097199_sm.jpg', 0, 0, 0, 1, 0),
(327, '美好家', '', '04399902244747580_sm.jpg', 0, 0, 0, 1, 0),
(328, '溢彩年华', '', '04399902391635130_sm.jpg', 0, 0, 0, 1, 0),
(329, '欧司朗', '', '04399902537418591_sm.jpg', 0, 0, 0, 1, 0),
(330, '世家洁具', '', '04399902668760247_sm.jpg', 0, 0, 0, 1, 0),
(331, '天堂伞', '', '04399902780394855_sm.jpg', 0, 0, 0, 1, 0),
(332, '慧乐家', '', '04399902896835151_sm.jpg', 0, 0, 0, 1, 0),
(333, '希格', '', '04399903024936544_sm.jpg', 0, 0, 0, 1, 0),
(334, '生活诚品', '', '04399903153847612_sm.jpg', 0, 0, 0, 1, 0),
(335, '爱仕达', '', '04399903259361371_sm.jpg', 0, 0, 0, 1, 0),
(336, '罗莱', '', '04399903404912119_sm.jpg', 0, 0, 0, 1, 0),
(337, '索客', '', '04399903541756673_sm.jpg', 0, 0, 0, 1, 0),
(338, '好事达', '', '04399903715622158_sm.jpg', 0, 0, 0, 1, 0),
(339, '安睡宝', '', '04399903832203331_sm.jpg', 0, 0, 0, 1, 0),
(340, '博洋家纺', '', '04399903956723469_sm.jpg', 0, 0, 0, 1, 0),
(341, '空间大师', '', '04399904058344749_sm.jpg', 0, 0, 0, 1, 0),
(342, '富安娜', '', '04399904168163421_sm.jpg', 0, 0, 0, 1, 0),
(343, '三光云彩', '', '04399904279499345_sm.jpg', 0, 0, 0, 1, 0),
(344, '乔曼帝', '', '04399904423386126_sm.jpg', 0, 0, 0, 1, 0),
(345, '乐扣乐扣', '', '04399904614221217_sm.jpg', 0, 0, 0, 1, 0),
(348, '奥唯嘉（Ovega）', '文胸', '04431812331259168_sm.jpg', 0, 0, 0, 1, 58),
(351, '曼妮芬（ManniForm）', '内衣', '04431810033957836_sm.jpg', 0, 0, 0, 1, 6),
(352, '婷美（TINGMEI）', '内衣', '04431809546541815_sm.png', 0, 0, 0, 1, 6),
(353, '古今', '内衣', '04431807497959652_sm.jpg', 0, 0, 0, 1, 6),
(358, '金史密斯（KINGSMITH）', '健身器械', '04420592440315393_small.gif', 0, 1, 4, 1, 691),
(359, '周大福', '纯金K金饰品', '04420650490304114_sm.jpg', 0, 0, 0, 1, 532),
(360, '周生生', '纯金K金饰品', '04420650201635924_sm.jpg', 0, 0, 0, 1, 532),
(364, 'BH (必艾奇)', '运动器械', '04420633630909218_small.jpg', 0, 1, 4, 1, 665);

-- --------------------------------------------------------

--
-- 表的结构 `cor_cart`
--

CREATE TABLE IF NOT EXISTS `cor_cart` (
  `cart_id` int(11) NOT NULL AUTO_INCREMENT COMMENT '购物车id',
  `buyer_id` int(11) unsigned NOT NULL DEFAULT '0' COMMENT '买家id',
  `store_id` int(11) unsigned NOT NULL DEFAULT '0' COMMENT '店铺id',
  `store_name` varchar(50) NOT NULL DEFAULT '' COMMENT '店铺名称',
  `goods_id` int(11) unsigned NOT NULL DEFAULT '0' COMMENT '商品id',
  `goods_name` varchar(100) NOT NULL COMMENT '商品名称',
  `goods_price` decimal(10,2) NOT NULL DEFAULT '0.00' COMMENT '商品价格',
  `goods_num` smallint(5) unsigned NOT NULL DEFAULT '1' COMMENT '购买商品数量',
  `goods_image` varchar(100) NOT NULL COMMENT '商品图片',
  `bl_id` mediumint(8) unsigned NOT NULL DEFAULT '0' COMMENT '组合套装ID',
  PRIMARY KEY (`cart_id`),
  KEY `member_id` (`buyer_id`)
) ENGINE=InnoDB  DEFAULT CHARSET=utf8 COMMENT='购物车数据表' AUTO_INCREMENT=15 ;

--
-- 转存表中的数据 `cor_cart`
--

INSERT INTO `cor_cart` (`cart_id`, `buyer_id`, `store_id`, `store_name`, `goods_id`, `goods_name`, `goods_price`, `goods_num`, `goods_image`, `bl_id`) VALUES
(2, 9, 1, '官方店铺', 283, '农家土鸡蛋 虫草物喂养 纯谷物喂养 营养价值高 散装30枚54元', '54.00', 1, '1_04718403423957289.jpg', 0),
(6, 9, 7, '小陆干果', 360, '巨型大枣！  小陆干果  新疆特产 新疆和田大红枣  500g', '25.80', 1, '7_04766332981154795.jpg', 0),
(7, 75, 7, '小陆干果', 348, '夏威夷果  澳洲坚果  零食干果  送开口器 奶油味 500g', '33.50', 1, '7_04763797018156347.jpg', 0),
(8, 79, 7, '小陆干果', 347, '碧根果 长寿果美国山核桃坚果零食奶油味  500g', '33.50', 1, '7_04763618050273058.jpg', 0),
(11, 80, 1, '官方店铺', 282, '生态有机土猪肉 高山泉水喂养 瘦红肥白  肥瘦搭配 味道鲜美 140元/10斤', '140.00', 1, '1_04717785723829778.jpg', 0),
(12, 80, 1, '官方店铺', 284, '有机土鸡蛋 虫草物喂养 纯谷物喂养 营养价值高 礼品装48枚96元', '96.00', 1, '1_04718409568576789.jpg', 0);

-- --------------------------------------------------------

--
-- 表的结构 `cor_chat_log`
--

CREATE TABLE IF NOT EXISTS `cor_chat_log` (
  `m_id` int(10) unsigned NOT NULL AUTO_INCREMENT COMMENT '记录ID',
  `f_id` int(10) unsigned NOT NULL COMMENT '会员ID',
  `f_name` varchar(50) NOT NULL COMMENT '会员名',
  `f_ip` varchar(15) NOT NULL COMMENT '发自IP',
  `t_id` int(10) unsigned NOT NULL COMMENT '接收会员ID',
  `t_name` varchar(50) NOT NULL COMMENT '接收会员名',
  `t_msg` varchar(300) DEFAULT NULL COMMENT '消息内容',
  `add_time` int(10) unsigned DEFAULT '0' COMMENT '添加时间',
  PRIMARY KEY (`m_id`)
) ENGINE=InnoDB DEFAULT CHARSET=utf8 COMMENT='消息记录表' AUTO_INCREMENT=1 ;

-- --------------------------------------------------------

--
-- 表的结构 `cor_chat_msg`
--

CREATE TABLE IF NOT EXISTS `cor_chat_msg` (
  `m_id` int(10) unsigned NOT NULL AUTO_INCREMENT COMMENT '记录ID',
  `f_id` int(10) unsigned NOT NULL COMMENT '会员ID',
  `f_name` varchar(50) NOT NULL COMMENT '会员名',
  `f_ip` varchar(15) NOT NULL COMMENT '发自IP',
  `t_id` int(10) unsigned NOT NULL COMMENT '接收会员ID',
  `t_name` varchar(50) NOT NULL COMMENT '接收会员名',
  `t_msg` varchar(300) DEFAULT NULL COMMENT '消息内容',
  `r_state` tinyint(1) unsigned DEFAULT '2' COMMENT '状态:1为已读,2为未读,默认为2',
  `add_time` int(10) unsigned DEFAULT '0' COMMENT '添加时间',
  PRIMARY KEY (`m_id`)
) ENGINE=InnoDB DEFAULT CHARSET=utf8 COMMENT='消息表' AUTO_INCREMENT=1 ;

-- --------------------------------------------------------

--
-- 表的结构 `cor_circle`
--

CREATE TABLE IF NOT EXISTS `cor_circle` (
  `circle_id` int(11) unsigned NOT NULL AUTO_INCREMENT COMMENT '圈子id',
  `circle_name` varchar(12) NOT NULL COMMENT '圈子名称',
  `circle_desc` varchar(255) DEFAULT NULL COMMENT '圈子描述',
  `circle_masterid` int(11) unsigned NOT NULL COMMENT '圈主id',
  `circle_mastername` varchar(50) NOT NULL COMMENT '圈主名称',
  `circle_img` varchar(50) DEFAULT NULL COMMENT '圈子图片',
  `class_id` int(11) unsigned NOT NULL COMMENT '圈子分类',
  `circle_mcount` int(11) unsigned NOT NULL DEFAULT '0' COMMENT '圈子成员数',
  `circle_thcount` int(11) unsigned NOT NULL DEFAULT '0' COMMENT '圈子主题数',
  `circle_gcount` int(11) unsigned NOT NULL DEFAULT '0' COMMENT '圈子商品数',
  `circle_pursuereason` varchar(255) DEFAULT NULL COMMENT '圈子申请理由',
  `circle_notice` varchar(255) DEFAULT NULL COMMENT '圈子公告',
  `circle_status` tinyint(3) unsigned NOT NULL COMMENT '圈子状态，0关闭，1开启，2审核中，3审核失败',
  `circle_statusinfo` varchar(255) DEFAULT NULL COMMENT '关闭或审核失败原因',
  `circle_joinaudit` tinyint(3) unsigned NOT NULL COMMENT '加入圈子时候需要审核，0不需要，1需要',
  `circle_addtime` varchar(10) NOT NULL COMMENT '圈子创建时间',
  `circle_noticetime` varchar(10) DEFAULT NULL COMMENT '圈子公告更新时间',
  `is_recommend` tinyint(3) unsigned NOT NULL COMMENT '是否推荐 0未推荐，1已推荐',
  `is_hot` tinyint(4) NOT NULL DEFAULT '0' COMMENT '是否为热门圈子 1是 0否',
  `circle_tag` varchar(60) DEFAULT NULL COMMENT '圈子标签',
  `new_verifycount` int(5) unsigned NOT NULL DEFAULT '0' COMMENT '等待审核成员数',
  `new_informcount` int(5) unsigned NOT NULL DEFAULT '0' COMMENT '等待处理举报数',
  `mapply_open` tinyint(4) NOT NULL DEFAULT '0' COMMENT '申请管理是否开启 0关闭，1开启',
  `mapply_ml` tinyint(4) NOT NULL DEFAULT '0' COMMENT '成员级别',
  `new_mapplycount` int(5) unsigned NOT NULL DEFAULT '0' COMMENT '管理申请数量',
  PRIMARY KEY (`circle_id`)
) ENGINE=InnoDB  DEFAULT CHARSET=utf8 COMMENT='圈子表' AUTO_INCREMENT=4 ;

--
-- 转存表中的数据 `cor_circle`
--

INSERT INTO `cor_circle` (`circle_id`, `circle_name`, `circle_desc`, `circle_masterid`, `circle_mastername`, `circle_img`, `class_id`, `circle_mcount`, `circle_thcount`, `circle_gcount`, `circle_pursuereason`, `circle_notice`, `circle_status`, `circle_statusinfo`, `circle_joinaudit`, `circle_addtime`, `circle_noticetime`, `is_recommend`, `is_hot`, `circle_tag`, `new_verifycount`, `new_informcount`, `mapply_open`, `mapply_ml`, `new_mapplycount`) VALUES
(1, '电商黑马营', '交流网上开店经验，探讨网络营销技巧，了解电商前沿动态。', 2, 'haha', NULL, 1, 6, 3, 0, '建立有志于网上开店，发展电子商务的网商俱乐部，相互学习，共同进步，提升电子商务信息化水平，实现财富梦想。', '电商黑马营是B2B2C电商平台商城会员交流网上开店经验，相互探讨网络营销技巧，了解电商发展趋势的私属领地，如何学习开网店、卖商品、搞促销的网商俱乐部。\r\n严禁恶意灌水，发表反动、淫秽、色情等违法违规话题，杜绝广告，倡议真实经验分享，违规者本圈将对其作出相应处罚。', 1, '', 1, '1416136696', NULL, 1, 1, '网上开店，网络营销，电商动态', 0, 0, 1, 4, 0),
(2, '百事通有你', '善举全民行，百事通有您参与才更有价值！这里列出用户关注的便民办事热点问题，尚未找到权威答案，期待热心的您参与，提供宝贵的意见，讨论选出最权威的标准答案，方便广大百姓办事，造福一方。', 2, 'haha', NULL, 4, 6, 6, 0, '开通百事通便民服务信息讨论区.', '本圈专为征集百事通便民服务热点问题权威标准答案而开设，严禁发表与用户关注的便民服务热点问题答案无关的内容，否则封号处理！', 1, NULL, 0, '1420789566', NULL, 1, 1, '便民办事,办事指南,生活服务,百事通', 0, 0, 1, 0, 0),
(3, '写手部落', '岁月白驹过隙，那些感动的，激动的，精彩的，痛苦的，希望的，回忆的。大千世界，我们忙碌，悲催，失望，成功，开心，幸福。所有的碎片构成了我们的人生。若能找一个时间，安然、定静地用文字码下来，给自己，分享他人。足以！', 2, 'haha', NULL, 3, 8, 27, 0, '创建写手部落，汇聚文人志士，写这方土，这方人。', '　　一、本部落成员以资深写手和编辑为主，不拒绝非专业写作者加入，海纳百川有容乃大，只要不是污染源，我们都欢迎;\r\n　　二、既为圈友，当以诚意相待，须团结友爱互助，不得互相拆台、窝里斗;\r\n　　三、连续三月不更新文章或不登录本圈，视为自动放弃圈籍。\r\n　　四、禁止黄色不良信息，但不排斥自爆风流艳史，请把握好尺度;\r\n　　六、鼓励多作创作方面的交流，不提倡在本圈泡妞、吊凯子;\r\n　　七、为了便于大家经常勾通，最好是把我们共同的家园——通城写手部落QQ群:414669190 挂在手机上。　　', 1, NULL, 1, '1425375087', NULL, 1, 1, '写手，创作，兴趣，爱好', 0, 0, 0, 0, 0);

-- --------------------------------------------------------

--
-- 表的结构 `cor_circle_affix`
--

CREATE TABLE IF NOT EXISTS `cor_circle_affix` (
  `affix_id` int(11) unsigned NOT NULL AUTO_INCREMENT COMMENT '附件id',
  `affix_filename` varchar(100) NOT NULL COMMENT '文件名称',
  `affix_filethumb` varchar(100) NOT NULL COMMENT '缩略图名称',
  `affix_filesize` int(10) unsigned NOT NULL COMMENT '文件大小，单位字节',
  `affix_addtime` varchar(10) NOT NULL COMMENT '上传时间',
  `affix_type` tinyint(3) unsigned NOT NULL COMMENT '文件类型 0无 1主题 2评论',
  `member_id` int(11) unsigned NOT NULL COMMENT '会员id',
  `theme_id` int(11) unsigned NOT NULL COMMENT '主题id',
  `reply_id` int(11) unsigned NOT NULL DEFAULT '0' COMMENT '评论id',
  `circle_id` int(11) unsigned NOT NULL COMMENT '圈子id',
  PRIMARY KEY (`affix_id`)
) ENGINE=InnoDB  DEFAULT CHARSET=utf8 COMMENT='附件表' AUTO_INCREMENT=78 ;

--
-- 转存表中的数据 `cor_circle_affix`
--

INSERT INTO `cor_circle_affix` (`affix_id`, `affix_filename`, `affix_filethumb`, `affix_filesize`, `affix_addtime`, `affix_type`, `member_id`, `theme_id`, `reply_id`, `circle_id`) VALUES
(1, '2/2/2/04709900996403671.jpg', '2/2/2/04709900996403671_160x160.jpg', 133144, '1417646099', 1, 2, 1, 0, 1),
(2, '10/0/50/04789577471275779.jpg', '10/0/50/04789577471275779_160x160.jpg', 50282, '1425613747', 1, 50, 5, 0, 3),
(3, '10/0/50/04789656878254474.jpg', '10/0/50/04789656878254474_160x160.jpg', 50282, '1425621688', 1, 50, 6, 0, 3),
(4, '9/9/49/04791229811755793.jpg', '9/9/49/04791229811755793_160x160.jpg', 125789, '1425778981', 1, 49, 9, 0, 3),
(5, '9/9/49/04791279375325026.jpg', '9/9/49/04791279375325026_160x160.jpg', 66727, '1425783937', 1, 49, 10, 0, 3),
(6, '9/9/49/04791279383155361.jpg', '9/9/49/04791279383155361_160x160.jpg', 104938, '1425783938', 1, 49, 10, 0, 3),
(26, '10/0/50/04794637268050940.png', '10/0/50/04794637268050940_160x160.png', 52204, '1426119726', 1, 50, 19, 0, 3),
(27, '10/0/50/04794638204589288.jpg', '10/0/50/04794638204589288_160x160.jpg', 146161, '1426119820', 1, 50, 19, 0, 3),
(28, '10/0/50/04794638306945935.jpg', '10/0/50/04794638306945935_160x160.jpg', 89169, '1426119830', 1, 50, 19, 0, 3),
(29, '9/9/49/04794673313491695.jpg', '9/9/49/04794673313491695_160x160.jpg', 11551, '1426123331', 1, 49, 20, 0, 3),
(30, '9/9/49/04794673325165277.jpg', '9/9/49/04794673325165277_160x160.jpg', 66064, '1426123332', 1, 49, 20, 0, 3),
(31, '9/9/49/04794673795037685.jpg', '9/9/49/04794673795037685_160x160.jpg', 11551, '1426123379', 1, 49, 20, 0, 3),
(32, '9/9/49/04794921759508836.jpg', '9/9/49/04794921759508836_160x160.jpg', 190010, '1426148176', 1, 49, 23, 0, 3),
(33, '9/9/49/04794921767686741.jpg', '9/9/49/04794921767686741_160x160.jpg', 182068, '1426148176', 1, 49, 23, 0, 3),
(34, '9/9/49/04794948451080432.jpg', '9/9/49/04794948451080432_160x160.jpg', 215128, '1426150845', 1, 49, 23, 0, 3),
(35, '9/9/49/04794948493743928.jpg', '9/9/49/04794948493743928_160x160.jpg', 392559, '1426150849', 1, 49, 23, 0, 3),
(36, '10/0/50/04794955424451159.jpg', '10/0/50/04794955424451159_160x160.jpg', 182068, '1426151542', 1, 50, 25, 0, 3),
(37, '10/0/50/04794955446573743.jpg', '10/0/50/04794955446573743_160x160.jpg', 190010, '1426151544', 1, 50, 25, 0, 3),
(38, '0/0/60/04795525875526446.jpg', '0/0/60/04795525875526446_160x160.jpg', 53024, '1426208587', 1, 60, 26, 0, 3),
(39, '0/0/60/04795525887850407.jpg', '0/0/60/04795525887850407_160x160.jpg', 78461, '1426208588', 1, 60, 26, 0, 3),
(40, '0/0/60/04795526014432975.jpg', '0/0/60/04795526014432975_160x160.jpg', 561482, '1426208601', 1, 60, 26, 0, 3),
(41, '9/9/49/04796398610305017.jpg', '9/9/49/04796398610305017_160x160.jpg', 192087, '1426295861', 1, 49, 27, 0, 3),
(42, '9/9/49/04796398656477350.jpg', '9/9/49/04796398656477350_160x160.jpg', 151038, '1426295865', 1, 49, 27, 0, 3),
(43, '9/9/49/04796454344245925.jpg', '9/9/49/04796454344245925_160x160.jpg', 131630, '1426301434', 1, 49, 28, 0, 3),
(44, '9/9/49/04796456358315247.jpg', '9/9/49/04796456358315247_160x160.jpg', 134756, '1426301636', 1, 49, 28, 0, 3),
(45, '9/9/49/04796467568897342.jpg', '9/9/49/04796467568897342_160x160.jpg', 79745, '1426302757', 1, 49, 28, 0, 3),
(48, '9/9/49/04796475183576760.png', '9/9/49/04796475183576760_160x160.png', 268257, '1426303518', 1, 49, 28, 0, 3),
(49, '9/9/49/04796475231196288.jpg', '9/9/49/', 390437, '1426303523', 1, 49, 28, 0, 3),
(50, '9/9/49/04796590684837863.jpg', '9/9/49/04796590684837863_160x160.jpg', 71168, '1426315068', 1, 49, 28, 0, 3),
(51, '9/9/49/04796592272655494.jpg', '9/9/49/04796592272655494_160x160.jpg', 32782, '1426315227', 1, 49, 28, 0, 3),
(52, '9/9/49/04796592503687174.png', '9/9/49/04796592503687174_160x160.png', 127850, '1426315250', 1, 49, 28, 0, 3),
(53, '9/9/49/04796658423270161.png', '9/9/49/04796658423270161_160x160.png', 666928, '1426321842', 1, 49, 29, 0, 3),
(54, '9/9/49/04796658473404470.png', '9/9/49/04796658473404470_160x160.png', 946325, '1426321847', 1, 49, 29, 0, 3),
(55, '9/9/49/04799044242835763.jpg', '9/9/49/04799044242835763_160x160.jpg', 64138, '1426560424', 1, 49, 32, 0, 3),
(56, '9/9/49/04799044405815506.jpg', '9/9/49/04799044405815506_160x160.jpg', 23533, '1426560440', 1, 49, 32, 0, 3),
(57, '9/9/49/04799044410674561.jpg', '9/9/49/04799044410674561_160x160.jpg', 24403, '1426560441', 1, 49, 32, 0, 3),
(58, '9/9/49/04799044439462543.jpg', '9/9/49/04799044439462543_160x160.jpg', 181034, '1426560444', 1, 49, 32, 0, 3),
(59, '9/9/49/04799272394562161.jpg', '9/9/49/04799272394562161_160x160.jpg', 113637, '1426583239', 1, 49, 33, 0, 3),
(60, '9/9/49/04799272571774223.png', '9/9/49/04799272571774223_160x160.png', 579500, '1426583257', 1, 49, 33, 0, 3),
(61, '9/9/49/04799278807877205.jpg', '9/9/49/04799278807877205_160x160.jpg', 82407, '1426583881', 1, 49, 33, 0, 3),
(62, '9/9/49/04799278816777960.jpg', '9/9/49/04799278816777960_160x160.jpg', 54573, '1426583881', 1, 49, 33, 0, 3),
(63, '9/9/49/04799278841410878.png', '9/9/49/04799278841410878_160x160.png', 180498, '1426583884', 1, 49, 33, 0, 3),
(64, '9/9/49/04799895943268116.jpg', '9/9/49/04799895943268116_160x160.jpg', 43055, '1426645594', 1, 49, 34, 0, 2),
(65, '9/9/49/04799896405078694.jpg', '9/9/49/04799896405078694_160x160.jpg', 29887, '1426645640', 1, 49, 34, 0, 2),
(66, '9/9/49/04799896676412523.jpg', '9/9/49/04799896676412523_160x160.jpg', 74182, '1426645667', 1, 49, 34, 0, 2),
(67, '9/9/49/04799896702777250.png', '9/9/49/04799896702777250_160x160.png', 239894, '1426645670', 1, 49, 34, 0, 2),
(68, '9/9/49/04799896720372292.png', '9/9/49/04799896720372292_160x160.png', 180493, '1426645672', 1, 49, 34, 0, 2),
(69, '9/9/49/04799919292602621.jpg', '9/9/49/04799919292602621_160x160.jpg', 104283, '1426647929', 1, 49, 35, 0, 3),
(70, '9/9/49/04799923784274466.jpg', '9/9/49/04799923784274466_160x160.jpg', 58147, '1426648378', 1, 49, 35, 0, 3),
(71, '9/9/49/04799923972535250.png', '9/9/49/04799923972535250_160x160.png', 596449, '1426648397', 1, 49, 35, 0, 3),
(72, '9/9/49/04799924201828812.png', '9/9/49/04799924201828812_160x160.png', 802744, '1426648420', 1, 49, 35, 0, 3),
(74, '9/9/49/04799939772321751.jpg', '9/9/49/04799939772321751_160x160.jpg', 199730, '1426649977', 1, 49, 35, 0, 3),
(75, '10/0/50/04800697104038362.jpg', '10/0/50/04800697104038362_160x160.jpg', 66064, '1426725710', 1, 50, 36, 0, 3),
(76, '10/0/50/04800699026915782.png', '10/0/50/04800699026915782_160x160.png', 377886, '1426725902', 1, 50, 36, 0, 3),
(77, '10/0/50/04800701316055033.jpg', '10/0/50/04800701316055033_160x160.jpg', 367335, '1426726131', 1, 50, 36, 0, 3);

-- --------------------------------------------------------

--
-- 表的结构 `cor_circle_class`
--

CREATE TABLE IF NOT EXISTS `cor_circle_class` (
  `class_id` int(11) unsigned NOT NULL AUTO_INCREMENT COMMENT '圈子分类id',
  `class_name` varchar(50) NOT NULL COMMENT '圈子分类名称',
  `class_addtime` varchar(10) NOT NULL COMMENT '圈子分类创建时间',
  `class_sort` tinyint(3) unsigned NOT NULL COMMENT '圈子分类排序',
  `class_status` tinyint(3) unsigned NOT NULL COMMENT '圈子分类状态 0不显示，1显示',
  `is_recommend` tinyint(3) unsigned NOT NULL COMMENT '是否推荐 0未推荐，1已推荐',
  PRIMARY KEY (`class_id`)
) ENGINE=InnoDB  DEFAULT CHARSET=utf8 COMMENT='圈子分类表' AUTO_INCREMENT=14 ;

--
-- 转存表中的数据 `cor_circle_class`
--

INSERT INTO `cor_circle_class` (`class_id`, `class_name`, `class_addtime`, `class_sort`, `class_status`, `is_recommend`) VALUES
(1, '电子商务', '1416139518', 1, 1, 1),
(2, '购物', '1416473143', 2, 1, 1),
(3, '爱好', '1416473155', 3, 1, 1),
(4, '生活', '1416473166', 4, 1, 1),
(5, '养生', '1416473176', 7, 1, 1),
(6, '情感', '1416473192', 5, 1, 1),
(7, '城市', '1416473203', 6, 1, 1),
(8, '旅行', '1416473214', 8, 1, 1),
(9, '女性', '1416473229', 9, 1, 1),
(10, '亲子', '1416473240', 10, 1, 1),
(11, '娱乐', '1416473253', 11, 1, 1),
(12, '运动', '1416473263', 12, 1, 1),
(13, '星座', '1416473275', 13, 1, 1);

-- --------------------------------------------------------

--
-- 表的结构 `cor_circle_explog`
--

CREATE TABLE IF NOT EXISTS `cor_circle_explog` (
  `el_id` int(11) unsigned NOT NULL AUTO_INCREMENT COMMENT '经验日志id',
  `circle_id` int(11) unsigned NOT NULL COMMENT '圈子id',
  `member_id` int(11) unsigned NOT NULL COMMENT '成员id',
  `member_name` varchar(50) NOT NULL COMMENT '成员名称',
  `el_exp` int(10) NOT NULL COMMENT '获得经验',
  `el_time` varchar(10) NOT NULL COMMENT '获得时间',
  `el_type` tinyint(3) unsigned NOT NULL COMMENT '类型 1管理员操作 2发表话题 3发表回复 4话题被回复 5话题被删除 6回复被删除',
  `el_itemid` varchar(100) NOT NULL COMMENT '信息id',
  `el_desc` varchar(255) NOT NULL COMMENT '描述',
  PRIMARY KEY (`el_id`)
) ENGINE=InnoDB  DEFAULT CHARSET=utf8 COMMENT='经验日志表' AUTO_INCREMENT=47 ;

--
-- 转存表中的数据 `cor_circle_explog`
--

INSERT INTO `cor_circle_explog` (`el_id`, `circle_id`, `member_id`, `member_name`, `el_exp`, `el_time`, `el_type`, `el_itemid`, `el_desc`) VALUES
(1, 1, 2, 'haha', 2, '1416726669', 2, '1', '发表话题获得经验'),
(2, 1, 8, '乐生活', 2, '1417571810', 2, '2', '发表话题获得经验'),
(3, 1, 5, 'xiner', 1, '1417647518', 3, '1,1', '回复话题获得经验'),
(4, 1, 2, 'haha', 3, '1417647518', 4, '1', '话题被回复获得经验'),
(5, 1, 2, 'haha', 2, '1420427679', 2, '3', '发表话题获得经验'),
(6, 3, 2, 'haha', 2, '1425375602', 2, '4', '发表话题获得经验'),
(7, 3, 50, 'liyulinlaoshi', 2, '1425613769', 2, '5', '发表话题获得经验'),
(8, 3, 50, 'liyulinlaoshi', 2, '1425614309', 2, '6', '发表话题获得经验'),
(9, 3, 49, '宇先生', 2, '1425623797', 2, '7', '发表话题获得经验'),
(10, 3, 5, 'xiner', 1, '1425633362', 3, '7,1', '回复话题获得经验'),
(11, 3, 49, '宇先生', 3, '1425633362', 4, '7', '话题被回复获得经验'),
(12, 2, 24, '骑士红红', 2, '1425708763', 2, '8', '发表话题获得经验'),
(13, 3, 52, '信念', 1, '1425741497', 3, '7,3', '回复话题获得经验'),
(14, 3, 49, '宇先生', 3, '1425741497', 4, '7', '话题被回复获得经验'),
(15, 3, 49, '宇先生', 2, '1425780005', 2, '9', '发表话题获得经验'),
(16, 3, 49, '宇先生', 2, '1425783696', 2, '10', '发表话题获得经验'),
(17, 2, 24, '骑士红红', 2, '1425794583', 2, '11', '发表话题获得经验'),
(18, 2, 24, '骑士红红', 2, '1425795107', 2, '12', '发表话题获得经验'),
(19, 3, 49, '宇先生', 2, '1425885052', 2, '13', '发表话题获得经验'),
(20, 3, 60, '皮江星', 2, '1425885987', 2, '14', '发表话题获得经验'),
(21, 3, 60, '皮江星', 2, '1425886805', 2, '15', '发表话题获得经验'),
(22, 3, 60, '皮江星', 2, '1425886943', 2, '16', '发表话题获得经验'),
(23, 3, 49, '宇先生', 2, '1425889267', 2, '17', '发表话题获得经验'),
(24, 3, 49, '宇先生', 2, '1425954399', 2, '18', '发表话题获得经验'),
(25, 1, 2, 'haha', -2, '1425954867', 5, '3', '话题被删除失去经验'),
(26, 3, 50, 'liyulinlaoshi', 2, '1426119921', 2, '19', '发表话题获得经验'),
(27, 3, 49, '宇先生', 2, '1426123711', 2, '20', '发表话题获得经验'),
(28, 3, 63, '广场有鸟', 1, '1426123850', 3, '10,1', '回复话题获得经验'),
(29, 3, 49, '宇先生', 3, '1426123850', 4, '10', '话题被回复获得经验'),
(30, 3, 49, '宇先生', 2, '1426124124', 2, '21', '发表话题获得经验'),
(31, 3, 60, '皮江星', 2, '1426128190', 2, '22', '发表话题获得经验'),
(32, 3, 49, '宇先生', 2, '1426150917', 2, '23', '发表话题获得经验'),
(33, 3, 49, '宇先生', 2, '1426150917', 2, '24', '发表话题获得经验'),
(34, 3, 49, '宇先生', -2, '1426151024', 5, '24', '话题被删除失去经验'),
(35, 3, 50, 'liyulinlaoshi', 2, '1426151606', 2, '25', '发表话题获得经验'),
(36, 3, 60, '皮江星', 2, '1426209015', 2, '26', '发表话题获得经验'),
(37, 3, 49, '宇先生', 2, '1426296100', 2, '27', '发表话题获得经验'),
(38, 3, 49, '宇先生', 2, '1426303570', 2, '28', '发表话题获得经验'),
(39, 3, 49, '宇先生', 2, '1426322984', 2, '29', '发表话题获得经验'),
(40, 2, 24, '骑士红红', 2, '1426404256', 2, '30', '发表话题获得经验'),
(41, 2, 24, '骑士红红', 2, '1426404328', 2, '31', '发表话题获得经验'),
(42, 3, 49, '宇先生', 2, '1426560592', 2, '32', '发表话题获得经验'),
(43, 3, 49, '宇先生', 2, '1426583420', 2, '33', '发表话题获得经验'),
(44, 2, 49, '宇先生', 2, '1426645925', 2, '34', '发表话题获得经验'),
(45, 3, 49, '宇先生', 2, '1426650012', 2, '35', '发表话题获得经验'),
(46, 3, 50, 'liyulinlaoshi', 2, '1426726752', 2, '36', '发表话题获得经验');

-- --------------------------------------------------------

--
-- 表的结构 `cor_circle_expmember`
--

CREATE TABLE IF NOT EXISTS `cor_circle_expmember` (
  `member_id` int(11) NOT NULL COMMENT '成员id',
  `circle_id` int(11) unsigned NOT NULL COMMENT '圈子id',
  `em_exp` int(10) NOT NULL COMMENT '获得经验',
  `em_time` varchar(10) NOT NULL COMMENT '获得时间',
  PRIMARY KEY (`member_id`,`circle_id`)
) ENGINE=InnoDB DEFAULT CHARSET=utf8 COMMENT='成员每天获得经验表';

--
-- 转存表中的数据 `cor_circle_expmember`
--

INSERT INTO `cor_circle_expmember` (`member_id`, `circle_id`, `em_exp`, `em_time`) VALUES
(2, 1, 2, '2015-01-05'),
(2, 3, 2, '2015-03-03'),
(5, 1, 1, '2014-12-04'),
(5, 3, 1, '2015-03-06'),
(8, 1, 2, '2014-12-03'),
(24, 2, 4, '2015-03-15'),
(49, 2, 2, '2015-03-18'),
(49, 3, 4, '2015-03-18'),
(50, 3, 2, '2015-03-19'),
(52, 3, 1, '2015-03-07'),
(60, 3, 2, '2015-03-13'),
(63, 3, 1, '2015-03-12');

-- --------------------------------------------------------

--
-- 表的结构 `cor_circle_exptheme`
--

CREATE TABLE IF NOT EXISTS `cor_circle_exptheme` (
  `theme_id` int(11) unsigned NOT NULL COMMENT '主题id',
  `et_exp` int(10) NOT NULL COMMENT '获得经验',
  `et_time` varchar(10) NOT NULL COMMENT '获得时间',
  PRIMARY KEY (`theme_id`)
) ENGINE=InnoDB DEFAULT CHARSET=utf8 COMMENT='主题每天获得经验表';

--
-- 转存表中的数据 `cor_circle_exptheme`
--

INSERT INTO `cor_circle_exptheme` (`theme_id`, `et_exp`, `et_time`) VALUES
(1, 3, '2014-12-04'),
(7, 3, '2015-03-07'),
(10, 3, '2015-03-12');

-- --------------------------------------------------------

--
-- 表的结构 `cor_circle_fs`
--

CREATE TABLE IF NOT EXISTS `cor_circle_fs` (
  `circle_id` int(11) unsigned NOT NULL COMMENT '圈子id',
  `friendship_id` int(11) unsigned NOT NULL COMMENT '友情圈子id',
  `friendship_name` varchar(11) NOT NULL COMMENT '友情圈子名称',
  `friendship_sort` tinyint(4) unsigned NOT NULL COMMENT '友情圈子排序',
  `friendship_status` tinyint(4) NOT NULL DEFAULT '1' COMMENT '友情圈子名称 1显示 0隐藏',
  PRIMARY KEY (`circle_id`,`friendship_id`)
) ENGINE=InnoDB DEFAULT CHARSET=utf8 COMMENT='友情圈子表';

-- --------------------------------------------------------

--
-- 表的结构 `cor_circle_inform`
--

CREATE TABLE IF NOT EXISTS `cor_circle_inform` (
  `inform_id` int(11) unsigned NOT NULL AUTO_INCREMENT COMMENT '举报id',
  `circle_id` int(11) unsigned NOT NULL COMMENT '圈子id',
  `circle_name` varchar(12) NOT NULL COMMENT '圈子名称',
  `theme_id` int(11) unsigned NOT NULL COMMENT '话题id',
  `theme_name` varchar(50) NOT NULL COMMENT '主题名称',
  `reply_id` int(11) unsigned NOT NULL COMMENT '回复id',
  `member_id` int(11) unsigned NOT NULL COMMENT '会员id',
  `member_name` varchar(50) NOT NULL COMMENT '会员名称',
  `inform_content` varchar(255) NOT NULL COMMENT '举报内容',
  `inform_time` varchar(10) NOT NULL COMMENT '举报时间',
  `inform_type` tinyint(4) NOT NULL COMMENT '类型 0话题、1回复',
  `inform_state` tinyint(4) NOT NULL COMMENT '状态 0未处理、1已处理',
  `inform_opid` int(11) unsigned NOT NULL DEFAULT '0' COMMENT '操作人id',
  `inform_opname` varchar(50) NOT NULL DEFAULT '' COMMENT '操作人名称',
  `inform_opexp` tinyint(4) NOT NULL COMMENT '操作经验',
  `inform_opresult` varchar(255) NOT NULL DEFAULT '' COMMENT '处理结果',
  PRIMARY KEY (`inform_id`),
  KEY `circle_id` (`circle_id`,`theme_id`,`reply_id`)
) ENGINE=InnoDB DEFAULT CHARSET=utf8 COMMENT='圈子举报表' AUTO_INCREMENT=1 ;

-- --------------------------------------------------------

--
-- 表的结构 `cor_circle_like`
--

CREATE TABLE IF NOT EXISTS `cor_circle_like` (
  `theme_id` int(11) unsigned NOT NULL COMMENT '主题id',
  `member_id` int(11) unsigned NOT NULL COMMENT '会员id',
  `circle_id` int(11) unsigned NOT NULL COMMENT '圈子id'
) ENGINE=InnoDB DEFAULT CHARSET=utf8 COMMENT='主题赞表';

--
-- 转存表中的数据 `cor_circle_like`
--

INSERT INTO `cor_circle_like` (`theme_id`, `member_id`, `circle_id`) VALUES
(7, 52, 3),
(7, 58, 3),
(5, 52, 3),
(18, 52, 3);

-- --------------------------------------------------------

--
-- 表的结构 `cor_circle_mapply`
--

CREATE TABLE IF NOT EXISTS `cor_circle_mapply` (
  `mapply_id` int(11) unsigned NOT NULL AUTO_INCREMENT COMMENT '申请id',
  `circle_id` int(11) unsigned NOT NULL COMMENT '圈子id',
  `member_id` int(11) unsigned NOT NULL COMMENT '成员id',
  `mapply_reason` varchar(255) NOT NULL COMMENT '申请理由',
  `mapply_time` varchar(10) NOT NULL COMMENT '申请时间',
  PRIMARY KEY (`mapply_id`)
) ENGINE=InnoDB  DEFAULT CHARSET=utf8 COMMENT='申请管理表' AUTO_INCREMENT=2 ;

-- --------------------------------------------------------

--
-- 表的结构 `cor_circle_member`
--

CREATE TABLE IF NOT EXISTS `cor_circle_member` (
  `member_id` int(11) unsigned NOT NULL COMMENT '会员id',
  `circle_id` int(11) unsigned NOT NULL COMMENT '圈子id',
  `circle_name` varchar(12) NOT NULL COMMENT '圈子名称',
  `member_name` varchar(50) NOT NULL COMMENT '会员名称',
  `cm_applycontent` varchar(255) DEFAULT '' COMMENT '申请内容',
  `cm_applytime` varchar(10) NOT NULL COMMENT '申请时间',
  `cm_state` tinyint(3) unsigned NOT NULL DEFAULT '0' COMMENT '状态 0申请中 1通过 2未通过',
  `cm_intro` varchar(255) DEFAULT '' COMMENT '自我介绍',
  `cm_jointime` varchar(10) NOT NULL COMMENT '加入时间',
  `cm_level` int(11) NOT NULL DEFAULT '1' COMMENT '成员级别',
  `cm_levelname` varchar(10) NOT NULL DEFAULT '初级粉丝' COMMENT '成员头衔',
  `cm_exp` int(10) unsigned NOT NULL DEFAULT '1' COMMENT '会员经验',
  `cm_nextexp` int(10) NOT NULL DEFAULT '5' COMMENT '下一级所需经验',
  `is_identity` tinyint(3) unsigned NOT NULL COMMENT '1圈主 2管理 3成员',
  `is_allowspeak` tinyint(3) unsigned NOT NULL DEFAULT '1' COMMENT '是否允许发言 1允许 0禁止',
  `is_star` tinyint(4) NOT NULL DEFAULT '0' COMMENT '明星成员 1是 0否',
  `cm_thcount` int(11) unsigned NOT NULL DEFAULT '0' COMMENT '主题数',
  `cm_comcount` int(11) unsigned NOT NULL DEFAULT '0' COMMENT '回复数',
  `cm_lastspeaktime` varchar(10) DEFAULT '' COMMENT '最后发言时间',
  `is_recommend` tinyint(4) NOT NULL DEFAULT '0' COMMENT '是否推荐 1是 0否',
  PRIMARY KEY (`member_id`,`circle_id`)
) ENGINE=InnoDB DEFAULT CHARSET=utf8 COMMENT='圈子会员表';

--
-- 转存表中的数据 `cor_circle_member`
--

INSERT INTO `cor_circle_member` (`member_id`, `circle_id`, `circle_name`, `member_name`, `cm_applycontent`, `cm_applytime`, `cm_state`, `cm_intro`, `cm_jointime`, `cm_level`, `cm_levelname`, `cm_exp`, `cm_nextexp`, `is_identity`, `is_allowspeak`, `is_star`, `cm_thcount`, `cm_comcount`, `cm_lastspeaktime`, `is_recommend`) VALUES
(2, 1, '电商黑马营', 'haha', '', '1416136696', 1, '欢迎加入电商黑马营！电商OTO时代，哈哈探索先行，有您参与会更精彩。衷心希望打开圈友互联网思维，共享电商财富盛宴！', '1416136696', 2, '中级粉丝', 6, 15, 1, 1, 1, 2, 0, '1420427679', 1),
(2, 2, '百事通有你', 'haha', '', '1420789566', 1, '', '1420789566', 1, '初级粉丝', 1, 5, 1, 1, 1, 0, 0, '', 0),
(2, 3, '写手部落', 'haha', '', '1425375088', 1, '', '1425375088', 1, '初级粉丝', 3, 5, 1, 1, 1, 1, 0, '1425375601', 0),
(4, 1, '电商黑马营', 'tcdq', '开网店学经验。', '1416531901', 1, '大家好，我是大琪广告，在B2B2C电商平台商城开店了。欢迎大家捧场！', '1416531901', 1, '初级粉丝', 1, 5, 3, 1, 1, 0, 0, '', 1),
(5, 1, '电商黑马营', 'xiner', '志同道合，学习分享电商经验。', '1416731876', 1, '大家好！非常荣幸能加入电商黑马营。感谢B2B2C电商平台提供这样实用的交流平台。', '1416731876', 1, '初级粉丝', 2, 5, 3, 1, 1, 0, 1, '1417647518', 1),
(5, 2, '百事通有你', 'xiner', '热心百事通便民服务建设。', '1420790292', 1, '大家好！我为家乡建设尽点绵薄之力。', '1420790292', 1, '初级粉丝', 1, 5, 3, 1, 1, 0, 0, '', 0),
(5, 3, '写手部落', 'xiner', '志同道合', '1425632739', 1, '读书，分享，让我们共勉！', '1425632739', 1, '初级粉丝', 2, 5, 3, 1, 1, 0, 1, '1425633362', 0),
(8, 1, '电商黑马营', '乐生活', '我是湖北咸宁人，办起B2B2C电商平台，希望共享电商经验。', '1416492659', 1, '我是湖北咸宁人，办起B2B2C电商平台，希望共享电商经验。', '1416492659', 1, '初级粉丝', 3, 5, 3, 1, 1, 1, 0, '1417571810', 1),
(8, 2, '百事通有你', '乐生活', '我是热心人，大家志同道合，可以分享资讯时可获得快乐！', '1425866213', 1, '大家好，我是轻松自如，男，高级教师，研究教育理论，关注教育发展，倾注教育情怀。我业余花点时间研究通城的民情民俗，我有好多好多经验要跟大伙儿分享...', '1425866213', 1, '初级粉丝', 1, 5, 2, 1, 1, 0, 0, '', 0),
(15, 1, '电商黑马营', '淘几个喜欢', '共同学习电子商务', '1419318371', 1, '大家好，我是吉米环保，准备把健康净水设备搬上互联网，给大家带来全屋净水。', '1419318371', 1, '初级粉丝', 1, 5, 3, 1, 0, 0, 0, '', 0),
(17, 2, '百事通有你', '缘因有你', '抽空就爱网上逛逛~`', '1425976348', 1, '除了爱购还是爱购啊', '1425976348', 1, '初级粉丝', 1, 5, 3, 1, 1, 0, 0, '', 0),
(24, 2, '百事通有你', '骑士红红', '本人乃购物达人，大家志同道合，有好多购物经验要和圈友分享哦！', '1425707476', 1, '我有好多好多的购物经验要跟大伙儿分享~ 爱好：买衣服，挑首饰，自拍，交朋友...', '1425707476', 2, '中级粉丝', 11, 15, 3, 1, 1, 5, 0, '1426404328', 0),
(34, 1, '电商黑马营', 'bztcy', '今天终于开了网店，想多多学习。', '1421980683', 1, '千年茶韵，百丈潭情。', '1421980683', 1, '初级粉丝', 1, 5, 3, 1, 0, 0, 0, '', 0),
(49, 2, '百事通有你', '宇先生', '百事可乐', '1426644537', 1, '百事可乐', '1426644537', 1, '初级粉丝', 3, 5, 3, 1, 0, 1, 0, '1426645925', 0),
(49, 3, '写手部落', '宇先生', '写手部落', '1425612451', 1, '写手部落', '1425612451', 4, '正式会员', 40, 50, 2, 1, 1, 16, 2, '1426650012', 0),
(50, 3, '写手部落', 'liyulinlaoshi', '写手部落', '1425613496', 1, '写手部落', '1425613496', 2, '中级粉丝', 11, 15, 3, 1, 1, 5, 0, '1426726752', 0),
(52, 3, '写手部落', '信念', '爱生活，爱购物；有幸能够成为圈中一员，可以和大家一同不断努力进步发展！', '1425647672', 1, '大家好，我是来自湖北通城的土生土长的90后女孩佳佳，热爱生活，喜欢购物，读书和旅行，很高兴可以有机会与你们一同交流学习，让们一起共同努力成长。', '1425647672', 1, '初级粉丝', 2, 5, 3, 1, 1, 0, 1, '1425741497', 0),
(58, 3, '写手部落', '洛丽塔', '我来点赞的', '1425746449', 1, '我来点赞', '1425746449', 1, '初级粉丝', 1, 5, 3, 1, 1, 0, 0, '', 0),
(60, 3, '写手部落', '皮江星', '发文章', '1425884669', 1, '发新闻', '1425884669', 2, '中级粉丝', 11, 15, 3, 1, 1, 5, 0, '1426209015', 0),
(63, 3, '写手部落', '广场有鸟', '应邀加入', '1426071158', 1, '不能做神仙，就做云溪人。', '1426071158', 1, '初级粉丝', 2, 5, 3, 1, 1, 0, 1, '1426123850', 0);

-- --------------------------------------------------------

--
-- 表的结构 `cor_circle_ml`
--

CREATE TABLE IF NOT EXISTS `cor_circle_ml` (
  `circle_id` int(11) unsigned NOT NULL AUTO_INCREMENT COMMENT '圈子id',
  `mlref_id` int(10) DEFAULT NULL COMMENT '参考头衔id 0为默认 null为自定义',
  `ml_1` varchar(10) NOT NULL COMMENT '1级头衔名称',
  `ml_2` varchar(10) NOT NULL COMMENT '2级头衔名称',
  `ml_3` varchar(10) NOT NULL COMMENT '3级头衔名称',
  `ml_4` varchar(10) NOT NULL COMMENT '4级头衔名称',
  `ml_5` varchar(10) NOT NULL COMMENT '5级头衔名称',
  `ml_6` varchar(10) NOT NULL COMMENT '6级头衔名称',
  `ml_7` varchar(10) NOT NULL COMMENT '7级头衔名称',
  `ml_8` varchar(10) NOT NULL COMMENT '8级头衔名称',
  `ml_9` varchar(10) NOT NULL COMMENT '9级头衔名称',
  `ml_10` varchar(10) NOT NULL COMMENT '10级头衔名称',
  `ml_11` varchar(10) NOT NULL COMMENT '11级头衔名称',
  `ml_12` varchar(10) NOT NULL COMMENT '12级头衔名称',
  `ml_13` varchar(10) NOT NULL COMMENT '13级头衔名称',
  `ml_14` varchar(10) NOT NULL COMMENT '14级头衔名称',
  `ml_15` varchar(10) NOT NULL COMMENT '15级头衔名称',
  `ml_16` varchar(10) NOT NULL COMMENT '16级头衔名称',
  PRIMARY KEY (`circle_id`)
) ENGINE=InnoDB DEFAULT CHARSET=utf8 COMMENT='会员头衔表' AUTO_INCREMENT=1 ;

-- --------------------------------------------------------

--
-- 表的结构 `cor_circle_mldefault`
--

CREATE TABLE IF NOT EXISTS `cor_circle_mldefault` (
  `mld_id` int(11) NOT NULL AUTO_INCREMENT COMMENT '头衔等级',
  `mld_name` varchar(10) NOT NULL COMMENT '头衔名称',
  `mld_exp` int(10) NOT NULL COMMENT '所需经验值',
  PRIMARY KEY (`mld_id`)
) ENGINE=InnoDB  DEFAULT CHARSET=utf8 COMMENT='成员头衔默认设置表' AUTO_INCREMENT=17 ;

--
-- 转存表中的数据 `cor_circle_mldefault`
--

INSERT INTO `cor_circle_mldefault` (`mld_id`, `mld_name`, `mld_exp`) VALUES
(1, '初级粉丝', 1),
(2, '中级粉丝', 5),
(3, '高级粉丝', 15),
(4, '正式会员', 30),
(5, '正式会员', 50),
(6, '核心会员', 100),
(7, '核心会员', 200),
(8, '铁杆会员', 500),
(9, '铁杆会员', 1000),
(10, '知名人士', 2000),
(11, '知名人士', 3000),
(12, '人气楷模', 6000),
(13, '人气楷模', 10000),
(14, '意见领袖', 18000),
(15, '资深元老', 30000),
(16, '荣耀元老', 60000);

-- --------------------------------------------------------

--
-- 表的结构 `cor_circle_mlref`
--

CREATE TABLE IF NOT EXISTS `cor_circle_mlref` (
  `mlref_id` int(10) NOT NULL AUTO_INCREMENT COMMENT '参考头衔id',
  `mlref_name` varchar(10) NOT NULL COMMENT '参考头衔名称',
  `mlref_addtime` varchar(10) NOT NULL COMMENT '创建时间',
  `mlref_status` tinyint(3) unsigned NOT NULL COMMENT '状态',
  `mlref_1` varchar(10) NOT NULL COMMENT '1级头衔名称',
  `mlref_2` varchar(10) NOT NULL COMMENT '2级头衔名称',
  `mlref_3` varchar(10) NOT NULL COMMENT '3级头衔名称',
  `mlref_4` varchar(10) NOT NULL COMMENT '4级头衔名称',
  `mlref_5` varchar(10) NOT NULL COMMENT '5级头衔名称',
  `mlref_6` varchar(10) NOT NULL COMMENT '6级头衔名称',
  `mlref_7` varchar(10) NOT NULL COMMENT '7级头衔名称',
  `mlref_8` varchar(10) NOT NULL COMMENT '8级头衔名称',
  `mlref_9` varchar(10) NOT NULL COMMENT '9级头衔名称',
  `mlref_10` varchar(10) NOT NULL COMMENT '10级头衔名称',
  `mlref_11` varchar(10) NOT NULL COMMENT '11级头衔名称',
  `mlref_12` varchar(10) NOT NULL COMMENT '12级头衔名称',
  `mlref_13` varchar(10) NOT NULL COMMENT '13级头衔名称',
  `mlref_14` varchar(10) NOT NULL COMMENT '14级头衔名称',
  `mlref_15` varchar(10) NOT NULL COMMENT '15级头衔名称',
  `mlref_16` varchar(10) NOT NULL COMMENT '16级头衔名称',
  PRIMARY KEY (`mlref_id`)
) ENGINE=InnoDB  DEFAULT CHARSET=utf8 COMMENT='会员参考头衔表' AUTO_INCREMENT=7 ;

--
-- 转存表中的数据 `cor_circle_mlref`
--

INSERT INTO `cor_circle_mlref` (`mlref_id`, `mlref_name`, `mlref_addtime`, `mlref_status`, `mlref_1`, `mlref_2`, `mlref_3`, `mlref_4`, `mlref_5`, `mlref_6`, `mlref_7`, `mlref_8`, `mlref_9`, `mlref_10`, `mlref_11`, `mlref_12`, `mlref_13`, `mlref_14`, `mlref_15`, `mlref_16`) VALUES
(1, '校园系列', '1371784037', 1, '托儿所', '幼儿园', '学前班', '一年级', '二年级', '三年级', '四年级', '五年级', '六年级', '初一', '初二', '初三', '高一', '高二', '高三', '大学'),
(2, '名气系列', '1371797598', 1, '默默无闻', '崭露头角', '锋芒毕露', '小有名气', '小有美名', '颇具名气', '颇具盛名', '富有名气', '富有美誉', '远近闻名', '崭露头角', '声名远扬', '赫赫有名', '大名鼎鼎', '如雷贯耳', '名扬四海'),
(3, '内涵系列', '1371884423', 1, '1L喂熊', '抢个沙发', '自带板凳', '路人甲君', '打酱油的', '华丽飘过', '前来围观', '我勒个去', '亮了瞎了', '兰州烧饼', '鸭梨山大', '笑而不语', '内牛满面', '虎躯一震', '霸气外露', '此贴必火'),
(4, '军衔系列', '1371884788', 1, '下士', '中士', '上士', '少尉', '中尉', '上尉', '大尉', '少校', '中校', '上校', '大校', '少将', '中将', '上将', '大将', '元帅'),
(5, '书生系列', '1371884953', 1, '白丁', '童生', '秀才', '举人', '举人', '贡士', '进士', '进士', '进士', '探花', '探花', '榜眼', '榜眼', '状元', '状元', '圣贤'),
(6, '武侠系列', '1371885047', 1, '初涉江湖', '无名之辈', '仗剑天涯', '人海孤鸿', '四方游侠', '江湖少侠', '后起之秀', '武林新贵', '武林高手', '英雄豪杰', '人中龙凤', '自成一派', '名震江湖', '武林盟主', '一代宗师', '笑傲江湖');

-- --------------------------------------------------------

--
-- 表的结构 `cor_circle_recycle`
--

CREATE TABLE IF NOT EXISTS `cor_circle_recycle` (
  `recycle_id` int(11) unsigned NOT NULL AUTO_INCREMENT COMMENT '回收站id',
  `member_id` int(11) NOT NULL COMMENT '会员id',
  `member_name` varchar(50) NOT NULL COMMENT '会员名称',
  `circle_id` int(11) unsigned NOT NULL COMMENT '圈子id',
  `circle_name` varchar(12) NOT NULL COMMENT '圈子名称',
  `theme_name` varchar(50) NOT NULL COMMENT '主题名称',
  `recycle_content` text NOT NULL COMMENT '内容',
  `recycle_opid` int(11) unsigned NOT NULL COMMENT '操作人id',
  `recycle_opname` varchar(50) NOT NULL COMMENT '操作人名称',
  `recycle_type` tinyint(3) unsigned NOT NULL COMMENT '类型 1话题，2回复',
  `recycle_time` varchar(10) NOT NULL COMMENT '操作时间',
  PRIMARY KEY (`recycle_id`)
) ENGINE=InnoDB  DEFAULT CHARSET=utf8 COMMENT='圈子回收站表' AUTO_INCREMENT=3 ;

--
-- 转存表中的数据 `cor_circle_recycle`
--

INSERT INTO `cor_circle_recycle` (`recycle_id`, `member_id`, `member_name`, `circle_id`, `circle_name`, `theme_name`, `recycle_content`, `recycle_opid`, `recycle_opname`, `recycle_type`, `recycle_time`) VALUES
(1, 2, 'haha', 1, '电商黑马营', '通城县电商企业信息登记申报', '[FONT-SIZE=18]　　为加快通城县电子商务建设步伐，电商将正式纳入通城县产业发展规划。为更好服务通城县电子商务企业，即日起对本土电子商务企业开展信息调查登记，请从事电子商务的企业抓紧时间申报登记，助力电商产业梦想成真!\r\n\r\n　　B2B2C电商平台受通城县商务局委托，征集本土电商企业信息。申报登记对象：\r\n\r\n　　1、已入驻第三方平台开通网店，从事电子商务交易的企业\r\n\r\n　　2、企业自己搭建电商平台，从事网络交易的企业\r\n\r\n　　3、以服务企业为主项的电商平台创办单位或个人\r\n\r\n　　符合以上条件的，请尽快将企业有关资质信息和网址，提交给B2B2C电商平台运营部，申报资料请投递：hahashw@haha361.com 咨询热线：\r\n\r\n　　尽己之力造福通城一方，请相互转告!\r\n[/FONT-SIZE]', 2, 'haha', 1, '1425954867'),
(2, 49, '宇先生', 3, '写手部落', '药姑山，远古瑶族的文化之地', '　　一：药姑山之名\r\n\r\n　　药姑山，坐落在湖北省通城县大坪乡，原名龙窖山，属幕阜山余脉，主峰海拔1261.6米。山势峰峦叠嶂、峒深涧幽，有“三关九锁之险，七十二峰之秀”的美誉，风景十分秀丽旖旎。传“药圣”李时珍曾到此采药，称其为“江南天然药库 “及李氏三姊妹在此采药成仙， 才改名为药姑山 。以前，药姑山之所以叫龙窖山，是因为山上有龙湫而瑶民很崇敬龙，而瑶民家家有窖，所以才叫龙窖山。但他现在有名的不是他的药，而正是一千多年以来，居住在药姑山上千家峒 ，家家有窖千家千窖的瑶民所组成的瑶族文化。\r\n[IMG]http://www.infol.com.cn/data/upload/circle/theme/9/9/49/04794948451080432.jpg[/IMG]\r\n\r\n　　二：瑶民迁徙药姑山之源流\r\n\r\n　　瑶人的称谓很多，是新中国成立后，统称为瑶族。2000年总人口263。74万 。\r\n\r\n　　瑶人的祖先乃一狼狗 。相传古代长毛贼扰乱了天下，北京皇帝贴出布告说，如果有人在三天内打退长毛贼，愿把最幼的公主嫁给她。结果有一只狼狗咬死长毛贼的主帅，长毛贼不攻自退。公主骑上狼狗，来到了荔波县，便生下了现在的瑶人。瑶人不吃狗肉便是为此。\r\n\r\n　　约八千年前，瑶民的先人在江汉平原一带，创造了长江中游的新石器文化。随后部分瑶民向北扩张，逐鹿中原，后因战争原因转而向南迁徙。\r\n\r\n　　瑶族是个不断被迫迁徙的民族，据史料记载，秦朝后期，瑶族先举南迁，从隽入龙窖山落根。 据清史《通城县志》记载，一直至元代前，通城为汉、瑶杂居地。 元末农民起义后,朱洪武在太湖决战，统一中国后，九洗湖广，深居在千家峒深山的瑶族被视为蛮夷，惨遭杀戮.但据传说，瑶民在药姑山耕种自乐，民风淳朴。一次，一名官差进入瑶乡，热情的瑶民家家杀鸡宰鹅盛情款待。公差乐得忘返。残暴的官府以为瑶民杀害了官差，不分青红皂白举兵血洗了千家峒中的瑶寨。据考证，约在明洪武年间大部分瑶民为此南迁。瑶民临分手时，头人将牛角劈成十二截，将祭祖的香炉劈成六掰，交给十二姓瑶人。相约只要牛角对成形，香炉复了原，500年后，在“千家峒”里再相会。然而，几百年后，瑶民却记不清了回家的路。 至此，药姑山中的千家峒，从此少了瑶民的生活足迹。但他们留下来的文化足迹依然存在。\r\n\r\n[IMG]http://www.infol.com.cn/data/upload/circle/theme/9/9/49/04794948493743928.jpg[/IMG]\r\n\r\n　　三：尧家林文化的探索与发掘\r\n\r\n　　那里的山水风物、历史遗址、居民建筑、及典型的瑶家石头文化、如：石寨、石屋、石洞、石庙、石井、石墓、石坝、梯田、山地等，还有制度化的宗教仪式，瑶族风情，歌舞说唱，礼仪禁忌等，形成独具特色的瑶族文化，因瑶与尧同音，亦称尧家林文化。\r\n\r\n　　1982年，考古专家联合发掘药姑山瑶家陵文化遗址。发掘得到了石斧、石铲、石刀、石凿等石器和鼎、盘、碗、罐等陶器文物300多件。通城县文化博物馆曾在药姑山下的北港镇南港村，收集到一批窖藏出土的银佩饰，有脚箍、银牙件、首银佩饰等100多种富有瑶族特色的佩饰文物。\r\n\r\n　　2001年4月9日，广西自治区副主席、国家《瑶族通史》编委会主任奉恒高亲自领队来到药姑山考察，确认了临湘市的龙源乡部分村寨和通城县大坪乡大风磅属于瑶寨古址，认定是古瑶寨千家峒的组成部分。同年9月24日至27日，中国(广西)瑶学学会召开瑶族研究专题会议，讨论千家峒等中心议题，组织与会40多位学者实地考察。 2001年10月，中国(广西)瑶学会发出了《龙窖山千家峒认定意见书》说：“千家峒是瑶族同胞传说中，居住过的理想家园，瑶族同胞和瑶族研究者都在矢志不渝地寻找千家峒的下落”;“研究人员通过大量的深入调查，科学论证，认定龙窖山无论是从有关史籍记载内容，还是从地理位置、地形特征、地名与遗俗，以及大量的瑶族先民的遗址等方面来看，都与瑶族文献《千家峒歌》和民间传说千家峒相吻合”;“确认龙窖山千家峒是瑶族历史上早期的千家峒”\r\n\r\n[IMG]http://www.infol.com.cn/data/upload/circle/theme/9/9/49/04794921767686741.jpg[/IMG]\r\n\r\n　　四：瑶民文化极具品牌的意义\r\n\r\n　　至此，通城药姑山瑶族先民的遗址，才逐渐掀开他那神秘而古老的面纱，同时，尧家林遗址的发掘，更为瑶民文化增添了科学而有力的佐证。荣获中国第八届民间艺术节金奖的《通城拍打舞》，就是融洽了瑶族文化元素的最好体现，瑶民南迁过后的几百年以来，深厚的瑶族文化，至今还由当地的汉民族后裔以原生态的风貌传承着。\r\n\r\n[IMG]http://www.infol.com.cn/data/upload/circle/theme/9/9/49/04794921759508836.jpg[/IMG]\r\n\r\n　　可见，药姑山大风塝的千家峒，是全国二百多万瑶民的古老生存之地，有着极其少见的瑶族文化遗产，更有着独具特色的瑶族文化品牌，同时也更增添了通城县不可多得的特有的文化特色。 这一特色是通城的文化特色，这一品牌，也更是通城人不可多得的文化品牌，\r\n\r\n　　通城药姑山，远古瑶民的文明之地。', 49, '宇先生', 1, '1426151024');

-- --------------------------------------------------------

--
-- 表的结构 `cor_circle_thclass`
--

CREATE TABLE IF NOT EXISTS `cor_circle_thclass` (
  `thclass_id` int(11) NOT NULL AUTO_INCREMENT COMMENT '主题分类id',
  `thclass_name` varchar(20) NOT NULL COMMENT '主题名称',
  `thclass_status` tinyint(3) unsigned NOT NULL DEFAULT '1' COMMENT '主题状态 1开启，0关闭',
  `is_moderator` tinyint(3) unsigned NOT NULL DEFAULT '0' COMMENT '管理专属 1是，0否',
  `thclass_sort` tinyint(3) unsigned NOT NULL COMMENT '分类排序',
  `circle_id` int(11) unsigned NOT NULL COMMENT '所属圈子id',
  PRIMARY KEY (`thclass_id`)
) ENGINE=InnoDB  DEFAULT CHARSET=utf8 COMMENT='圈子主题分类表' AUTO_INCREMENT=12 ;

--
-- 转存表中的数据 `cor_circle_thclass`
--

INSERT INTO `cor_circle_thclass` (`thclass_id`, `thclass_name`, `thclass_status`, `is_moderator`, `thclass_sort`, `circle_id`) VALUES
(1, '网店装修', 1, 0, 255, 1),
(2, '网络营销', 1, 0, 255, 1),
(3, '电商资讯', 1, 0, 255, 1),
(4, '精彩案例', 1, 0, 255, 1),
(5, '城事热点', 1, 0, 255, 3),
(6, '趣闻逸事', 1, 0, 255, 3),
(7, '我有话说', 1, 0, 255, 3),
(8, '原创文学', 1, 0, 255, 3),
(9, '历史典故', 1, 0, 255, 3),
(10, '生活感悟', 1, 0, 255, 3),
(11, '文摘作品', 1, 0, 255, 3);

-- --------------------------------------------------------

--
-- 表的结构 `cor_circle_theme`
--

CREATE TABLE IF NOT EXISTS `cor_circle_theme` (
  `theme_id` int(11) unsigned NOT NULL AUTO_INCREMENT COMMENT '主题id',
  `theme_name` varchar(50) NOT NULL COMMENT '主题名称',
  `theme_content` text NOT NULL COMMENT '主题内容',
  `circle_id` int(11) unsigned NOT NULL COMMENT '圈子id',
  `circle_name` varchar(12) NOT NULL COMMENT '圈子名称',
  `thclass_id` int(11) unsigned NOT NULL DEFAULT '0' COMMENT '主题分类id',
  `thclass_name` varchar(20) NOT NULL COMMENT '主题分类名称',
  `member_id` int(11) unsigned NOT NULL COMMENT '会员id',
  `member_name` varchar(50) NOT NULL COMMENT '会员名称',
  `is_identity` tinyint(3) unsigned NOT NULL COMMENT '1圈主 2管理 3成员',
  `theme_addtime` varchar(10) NOT NULL COMMENT '主题发表时间',
  `theme_editname` varchar(50) DEFAULT NULL COMMENT '编辑人名称',
  `theme_edittime` varchar(10) DEFAULT NULL COMMENT '主题编辑时间',
  `theme_likecount` int(11) unsigned NOT NULL DEFAULT '0' COMMENT '喜欢数量',
  `theme_commentcount` int(11) unsigned NOT NULL DEFAULT '0' COMMENT '评论数量',
  `theme_browsecount` int(11) unsigned NOT NULL DEFAULT '0' COMMENT '浏览数量',
  `theme_sharecount` int(11) unsigned NOT NULL DEFAULT '0' COMMENT '分享数量',
  `is_stick` tinyint(3) unsigned NOT NULL DEFAULT '0' COMMENT '是否置顶 1是  0否',
  `is_digest` tinyint(3) unsigned NOT NULL DEFAULT '0' COMMENT '是否加精 1是 0否',
  `lastspeak_id` int(11) unsigned DEFAULT NULL COMMENT '最后发言人id',
  `lastspeak_name` varchar(50) DEFAULT NULL COMMENT '最后发言人名称',
  `lastspeak_time` varchar(10) DEFAULT NULL COMMENT '最后发言时间',
  `has_goods` tinyint(3) unsigned NOT NULL DEFAULT '0' COMMENT '商品标记 1是 0否',
  `has_affix` tinyint(3) unsigned NOT NULL DEFAULT '0' COMMENT '附件标记 1是 0 否',
  `is_closed` tinyint(4) NOT NULL DEFAULT '0' COMMENT '屏蔽 1是 0否',
  `is_recommend` tinyint(4) NOT NULL DEFAULT '0' COMMENT '是否推荐 1是 0否',
  `is_shut` tinyint(4) NOT NULL DEFAULT '0' COMMENT '主题是否关闭 1是 0否',
  `theme_exp` int(11) unsigned NOT NULL DEFAULT '0' COMMENT '获得经验',
  `theme_readperm` tinyint(3) unsigned NOT NULL DEFAULT '0' COMMENT '阅读权限',
  `theme_special` tinyint(3) unsigned NOT NULL DEFAULT '0' COMMENT '特殊话题 0普通 1投票',
  PRIMARY KEY (`theme_id`)
) ENGINE=InnoDB  DEFAULT CHARSET=utf8 COMMENT='圈子主题表' AUTO_INCREMENT=37 ;

--
-- 转存表中的数据 `cor_circle_theme`
--

INSERT INTO `cor_circle_theme` (`theme_id`, `theme_name`, `theme_content`, `circle_id`, `circle_name`, `thclass_id`, `thclass_name`, `member_id`, `member_name`, `is_identity`, `theme_addtime`, `theme_editname`, `theme_edittime`, `theme_likecount`, `theme_commentcount`, `theme_browsecount`, `theme_sharecount`, `is_stick`, `is_digest`, `lastspeak_id`, `lastspeak_name`, `lastspeak_time`, `has_goods`, `has_affix`, `is_closed`, `is_recommend`, `is_shut`, `theme_exp`, `theme_readperm`, `theme_special`) VALUES
(1, '如何让网店商品详情页开口说话？', '[IMG]http://www.infol.com.cn/data/upload/circle/theme/2/2/2/04709900996403671.jpg[/IMG]　　\r\n[FONT-SIZE=14][FONT-SIZE=16]对买家来说，一个商品从搜索到对比，直接影响其是否买单的关键就在详情页上。电商黑马营：详情页的设计布局给买家的印象最深，介绍宝贝的特点优点更完整清晰，详情描述能否吸引买家，是店铺实现转化的关键。\r\n\r\n　　1、详情页突出的细节\r\n\r\n　　(1)副标题处可以加上宝贝卖点，因为买家进来第一眼如果太吸引的地方，这里的文字描述就会快捷的表明商品的特色和主打优势;\r\n\r\n　　(2)在价格右侧放置交易成功的数量和评论数量;\r\n\r\n　　(3)在导航栏位置增加“加入购物车”按钮，买家在浏览宝贝过程中不用返回顶部就可以将宝贝快速加入购物车;\r\n\r\n　　(4)在宝贝描述区域右侧新增模块化导航快速直达功能，买家可以快速定位最关注信息。\r\n\r\n　　2、店铺装修有内容\r\n\r\n　　页头顶部的店铺搜按钮直接露出，原左侧栏顶部的店铺名片区替换成店内搜索框，方便买家搜索本店宝贝;店铺名片和看了又看结合，置于详情页首屏右侧，买家可一眼看到店内相关宝贝。\r\n\r\n　　店铺企业有什么资质荣誉都可以做一个展示，现在金牌卖家回归，可以让买家更容易地辨识优质店铺。我们将金牌卖家在店铺名片上方明显展示，可以增强买家对店铺的信任感。\r\n\r\n　　3、图文并茂\r\n\r\n　　很多店长对产品的文字描述都比较欠缺，单有图片没有文字的提炼没办法让消费者长时间停留。图片固然是好，但也不能太多。重要的是，图片要充分展现出产品的特性和优势，不能简单的堆砌。建议产品最好能够通过自己的拍摄并进行简单修饰，展现出它的特点，不要用网上大家经常见到的图片，太没有新意。如果有创意性的设计图片和文案就最好了。在做好这些之后，要经常检查。产品描述并不是一成不变的，我们要不断优化，去迎合消费者的审美和需求。\r\n\r\n　　注意要点\r\n\r\n　　1、描述详情页面不宜过长：一般无功能性介绍的商品描述页面长度不超过5000PX左右。\r\n\r\n　　2、设置促销活动区，增加客单价：在商品描述中加进给力的促销信息，让买家了解商品的同时，清楚知道可以享受哪些促销优惠，让促销优惠来刺激买家的购买欲望。在描述详情页中加入商品推荐，可以是展示商品的相关商品，也可以是店铺热门商品，或者是店铺新款商品。顾客如果对展示的这款商品不满意，可以选择其他商品，给顾客更多是选择，增加顾客购买欲。\r\n\r\n　　3、突出描述重点\r\n\r\n　　宝贝描述主图要精细设计。要表达一个明确的主题，在设计时，卖家可以把促销信息融入其中，给买家传达促销的冲击力。当然，标题中也可适当加入促销关键字。前期，卖家应适当调整价格，吸引买家。\r\n\r\n　　4、挖掘痛点\r\n\r\n　　要真正触动到买家的真实需求，就需要根据商品特点及用户人群特点，站在买家角度来考虑他们最关心的因素，从而挖掘买家痛点。描述的核心不是卖家展示自己的特点和材质，而是通过一些产品信息的传达，吸引顾客。\r\n\r\n　　5、加入买家个人秀\r\n\r\n　　商品一般都会通过试用营销推广，发布免费试用活动的方式做一个前期的推广，我们就可以收集试用报告，通过整理，把试用报告中试用者对产品的相关描述以及真人秀放到描述详情页中，让看到的买家信任该商品，多种场景的真人秀也可以给买家提供商品多种搭配的可能，既可以加深买家对商品的信任感，又可以刺激买家购买欲望。\r\n\r\n　　电商黑马营：一个好的详情，就像长了一张会说话的嘴巴一样，向消费者传达产品特点，给他们直观的感受，能有效的提高店铺的转化率。除此之外，还是我们常说的售后上提高服务质量，培养用户的黏性。宝贝的详情页面一般不会轻易改变，但也不是一成不变，只要是能够吸引客户的，能够实现宣传效果的，我们都可以去尝试。[/FONT-SIZE][/FONT-SIZE]', 1, '电商黑马营', 1, '网店装修', 2, 'haha', 1, '1416726669', 'haha', '1417646157', 0, 1, 93, 3, 0, 0, 5, 'xiner', '1417647518', 0, 1, 0, 1, 0, 5, 0, 0),
(2, '邀你加入我的圈子', '立足于本地电商，真实的O2O，真正的社区经济，真正的圈子，交流心情，分享商品，买商品，赚友情；购物消费，获赠哈金豆。', 1, '电商黑马营', 0, '', 8, '乐生活', 3, '1417571810', NULL, NULL, 0, 0, 16, 0, 0, 0, NULL, NULL, '1417571810', 0, 0, 0, 0, 0, 2, 0, 0),
(4, '通城写手部落帮规，与诸君共勉！', '[FONT-SIZE=18][FONT-SIZE=20][FONT-SIZE=18]　　一、本部落成员以资深写手和编辑为主，不拒绝非专业写作者加入，海纳百川有容乃大，只要不是污染源，我们都欢迎;\r\n\r\n　　二、既为圈友，当以诚意相待，须团结友爱互助，不得互相拆台、窝里斗;\r\n\r\n　　三、连续三月不更新文章或不登录本圈，视为自动放弃圈籍，特殊情况需提出申请，提交资深圈友陪审团裁定是否继续拥有圈籍。\r\n\r\n　　四、禁止污言秽语，鉴于国情，“他妈的”、“SB”、“靠”可以酌情使用，其他敏感词汇的白名单根据时代风尚修订;\r\n\r\n　　五、禁止黄色不良信息，但不排斥自爆风流艳史，请把握好尺度;\r\n\r\n　　六、鼓励多作创作方面的交流，不提倡在本圈泡妞、吊凯子;\r\n\r\n　　七、不反对在本圈泡妞、吊凯子，但谴责婚外恋、脚踏两只船及以上;\r\n\r\n　　八、资深圈友有保护本圈美眉免受色狼欺骗的义务;\r\n\r\n　　九、为了便于大家经常勾通，最好是把我们共同的家园——通城写手部落QQ群:414669190 挂在手机上。\r\n\r\n　　十、学无止境，诸君共勉。\r\n\r\n[/FONT-SIZE][/FONT-SIZE][/FONT-SIZE]', 3, '写手部落', 0, '', 2, 'haha', 1, '1425375601', 'haha', '1425375639', 0, 0, 7, 0, 0, 0, NULL, NULL, '1425375601', 0, 0, 0, 0, 0, 2, 0, 0),
(5, '伏羲魂归幕阜山', '　　在鄂南通城，碰上下雨打雷闪电，有些乡野老人的口中，往往会说出一句这样的方言：“伏神雷公”在发威。\r\n\r\n　　在当地还流传一个这样的神话故事：远古荒洪时代，洪水淹天后，大地上人类濒临灭绝。只有两兄妹幸存了下来，要使人类不致灭绝，他俩就必须结为夫妻。但兄妹成婚是很难令人接受的，于是他们商量由天意来决定这件事。\r\n\r\n　　兄妹俩各自拿了一个大磨盘分别爬上一座高山巅，然后同时往下滚磨盘，如果磨合，就说明天意让他俩成婚。结果，磨盘滚到山下竟然合二为一了。于是，他俩顺天意成婚，人类从此得以延续。\r\n\r\n　　以上方言和神话故事里的男主人公，就是中华民族敬仰的人文始祖，居三皇之首的伏羲，又称宓羲、庖牺、包牺、牺皇、皇羲、太昊等。他根据天地万物的变化，发明创造了八卦，并教会了人们渔猎的方法。同时他还是中医学的创始人，在中华民族追求文明和进步的进程中，具有奠基和启蒙之功。\r\n\r\n　　关于伏羲的记载在古籍中常见，但说法不一。在一些古代画像中，伏羲散发披肩，身披鹿皮。相传伏羲蛇身人首，“蛇身”也就是“龙身”。\r\n\r\n　　因伏羲是中华民族敬仰的人文始祖，故华夏民族有“龙的传人”之说。\r\n\r\n　　有关他的传说，最具神秘色彩的是出生。他的母亲在一个名叫雷泽的地方，踩了一个巨人的脚印而怀孕12年生下他。这个雷泽据考证就在现今的天水市境内。随着部落的兼并和迁徙，伏羲所创立和倡导的古代文明沿渭水到黄河流域，与其它民族相融合，形成了以炎黄部落为核心，以伏羲文化为本体的华夏民族。有关他的种种神话传说，也由黄土高原蔓延到中原及南方大地， 鄂南通城也产生了相关的传说。\r\n\r\n　　通城的幕阜山可能与地下蕴藏的金属矿藏有关，多雷，古称雷公山。雷公即雷神，因此江南的先民将幕阜山视为雷神居住之所。雷神的形象是鹰嘴龙身，伏羲人首龙身，加之伏羲在雷泽的神奇出生，古老的先民们认为伏羲是雷神的儿子，幕阜山是伏羲的魂归之所，有时甚至把他等同雷神。先民们在幕阜山上建有伏羲坟墓，夏代开国之君禹，曾亲临拜谒伏羲，在山上曾建有规模恢宏的皇坛殿，内有48柱、48灯，供奉伏羲手托八卦的巨大神像。\r\n\r\n　　通城县境内的名山黄龙山的得名，传说也和伏羲有关。远古时期，这山中有口大潭，方圆的百姓都靠潭水生活。有一天夜里，一条黄龙从别处飞来，钻进了深潭里，在此地为非作歹，害得这一带百姓没法活，人都往外地逃。人祖伏羲正在八卦台推算八卦，掐指一算，知道有条黄龙在此作恶，把青龙拐杖变成了一条青龙，骑着它来了此潭。黄龙见到青龙，扑上前撕咬。两条龙打个天昏地暗，一直打了九九八十一天，青龙受了很重的伤。伏羲用吐沫在青龙身上画了一个八卦，青龙立刻力气大增，又和黄龙打了七七四十九天，终于将黄龙打败。伏羲为了防止黄龙再出来祸害人间，在黄龙身上画了一个八卦，将黄龙变成一座山，将青龙变成一座大青石，压在山顶。后来，人们就称此山为黄龙山，山顶上也就有了嶙峋的大青石。　　[/FONT-SIZE]\r\n\r\n　　[IMG]http://www.infol.com.cn/data/upload/circle/theme/10/0/50/04789577471275779.jpg[/IMG]\r\n\r\n　　注：作者 黎育林《永恒的星光----名人足迹留通城》 之一：伏羲魂归幕阜山 　团结出版社出版 定价35元', 3, '写手部落', 9, '历史典故', 50, 'liyulinlaoshi', 3, '1425613769', 'liyulinlaoshi', '1425891021', 1, 0, 37, 0, 0, 0, NULL, NULL, '1425613769', 0, 1, 0, 1, 0, 2, 0, 0),
(6, '通城文化园地中的一株绿荫', '通城文化园地中的一株绿荫\r\n\r\n                                                                                           姜卫东\r\n \r\n我爱读人物传记类书籍。传记或长或短，或褒或贬，薄薄几页纸就写尽传主一生颠沛流离，让人唏嘘喟叹，引发对人生和命运的思索。\r\n\r\n这并不是一本严格意义上的人物传记。书本收录凡47位名人，大多只选他们人生的一个片段加以详写，或者称之为“名人轶事”更为贴切，一如书名，只是名人们的一个“足迹”。\r\n\r\n但这47位名人却有一个共同的特征――与“通城”这个鄂南边陲小城有过一段际遇。是历史的机缘让他们与通城相遇，或生于斯，或葬于斯，或隐于斯，或战于斯，演绎了一段段悲欢离合、荡气回肠的故事。他们是通城历史长河的一组群像，镌刻在巍巍幕阜山北麓的崖壁上，遗览千年。\r\n\r\n古人云：“以史为镜，可以知兴替；以人为镜，可以明得失。”读此书此感尤深。“岳飞驻军史载天岳关”“李自成饮恨通城九宫山”“罗荣桓元帅起步在通城”等章节，读后有朝代更迭、天命人事的历史沧桑感。此外，书中对通城黄龙山、黄袍山、天岳关等景点多有描述，笔墨淡雅清新，读来如身临其境；对通城“九眼桥”“棺材山”“牮纸”等名称来历的考证有理有据、史料详实。这些珍贵的历史资料以及其中蕴含的人文养分，应该汇聚成薪火相传的通城文化，融化为自强不息的通城精神。\r\n\r\n我和作者之一的黎时忠老先生有过不多的几次交流，至今记忆犹新。黎老为官一任，造福一方，退休后仍笔耕不辍，以古稀之龄著等身之书，精神令晚辈钦慕。更难能可贵的是，他们以“家乡人”的赤子之心拾掇通城的历史文化碎片，并汇编成册，犹如在通城文化园地中植下了一株绿荫，留给后人一处在精神上可以“乘凉”的新地。\r\n\r\n通城是一块等待“植树”的沃土，“小家碧玉”经过精雕细琢，同样可以“倾国倾城”。近年来，我们瞄准目标，阔步前进，实施兴工强县、兴农富民、兴商活市、兴才聚力战略，山山水水找财路，富余劳力找出路，开辟了一条回归创业、集聚发展的特色之路，这得益于一大批“植树造荫”的人。\r\n\r\n前人植树，后人乘凉。我想，这就是对许多有志于做一些事情的人的最好褒奖。为官为业，当尽心竭力。与诸君共勉。\r\n\r\n是为序。\r\n\r\n           [IMG]http://www.infol.com.cn/data/upload/circle/theme/10/0/50/04789656878254474.jpg[/IMG]\r\n \r\n           注：序黎时忠、黎育林《永恒的星光---名人足迹留通城》\r\n\r\n                                                                                          2013年9月2日凌晨', 3, '写手部落', 8, '原创文学', 50, 'liyulinlaoshi', 3, '1425614308', 'liyulinlaoshi', '1425890916', 0, 0, 14, 0, 0, 0, NULL, NULL, '1425614308', 0, 1, 0, 0, 0, 2, 0, 0),
(7, '出门，回家', '　　想到了这个题目的时候，已经是凌晨12点啦，元宵节已过，年也算过完了。先抛个问题给大家思考一下：你是为了回家而出门，还是为了出门而回家?欢迎评论。\r\n\r\n　　元宵刚过，小城里的中青年朋友们或南下或北上又开始为着各自的梦想奔向远方，年前回家的时候满心欢喜，离开的时候也是荣光焕发。出门是为了回家，每个人都有一个衣锦还乡的愿望。当你启程前往，但愿你的旅途充满奇迹，充满发现。一百种生活，只希望你过上你想要的那一种。\r\n\r\n　　出门和回家是个哲学问题。有人说人生的方向就只有两个：“一个是出门，一个是回家。”出门多半是指出远门，最远的门是走出国门。家这个概念往大了说，家乡，国家，往小了说就是家庭。既然是出的远门，回的家自然说的是回家乡，回国。这些说的都是人的活动，或者是普通人的活动，其实最重要的回家是回归。比如思想回归，比如传统回归。这就要上升到民族、国家这样的高度。\r\n\r\n　　关于家，经常会和朋友聊到，我们国家特别喜欢盖房子，完全把房子当积木一样盖得遍地都是也不管朝向排列，只要有钱有地都盖成房子。家的概念都赋予在房子身上了，回家就是回到房子里。其实家的概念最重要的还是人，必须有家人才能称之为家。\r\n\r\n　　知道有多少人在十四到十六岁这个阶段(青春期即叛逆期)有过离家出走的念头或者经历。有多少人选择放弃学业，踏上南下北上的客车，离开的时候不忘掉下一句混不好不回来的誓言。念高三的你也正在咬牙坚持着，多少个日日夜夜不停地做题背重点。最终的目的也不过是考出去，开始接近你羡慕已久的自由。到外地上大学，或者到国外留学，这是学生时代的出门，当你面临工作的时候，可能会选择留在大城市，也可以选择回家乡工作。不管怎么选，若干年后又将建立新的家庭。\r\n\r\n　　有的人出门是为了回家，有的人回家是为了出门。在元杂剧中有一首《当家诗》这样写道：早起开门七件事，柴米油盐酱醋茶。出门是为了这个家的日常开支生活所需，这样说来，天底下不会有不出门的人和思想或者存在的吧。同理，也就不会存在不回家的人和不回归的思想。\r\n\r\n　　家之后总会有种物是人非的感觉。关于回家，唐代诗人贺之章告老返回故乡浙江萧山在诗歌《回乡偶书》中就有“少小离家老大回，乡音未改鬓毛衰”这样的名句。年轻的时候出去，中年的时候回来，大多以后就不再出去。而年纪轻轻出去，同样在年轻的年纪回来了，多半是没混好，还会再一次出门，直到下次体面的回来。\r\n\r\n　　我喜欢哲史，哲学这个东西不太好懂，给大家讲讲历史，这样比较好理解出门回家深度的概念。\r\n\r\n　　三皇五帝、秦皇汉武，诸子百家、琴棋书画。中华大地华夏五千年文明，长期居于世界第一大国有没有。那么从什么时候落后的呢?\r\n\r\n　　18世纪从英国发起的技术革命是技术发展史上的一次巨大革命，它开创了以机器代替手工劳动的时代。这不仅是一次技术改革，更是一场深刻的社会变革。这场革命是以工作机的诞生开始的，以蒸汽机作为动力机被广泛使用为标志的。这一次技术革命和与之相关的社会关系的变革，被称为第一次工业革命或者产业革命。从生产技术方面来说，工业革命使工厂制代替了手工工场，用机器代替了手工劳动;从社会关系来说，工业革命使依附于落后生产方式的自耕农阶级消失了，工业资产阶级和工业无产阶级形成和壮大起来。技术提高了资本家产生了，法国爆发了大革命。\r\n\r\n　　中国从洋务运动开始学习西方，清廷洋务派官员抱着“师夷长技以制夷”目的和“自强”和“求富”的口号在全国展开工业运动。洋务运动引进了大量西方18世纪以后的科学技术成果，引入译入了大量各类西方著作文献，培养了第一批留学童生，打开了西学之门;学习近现代公司体制兴建了一大批工业及化学企业，开启了日后中国的工业发展和现代化之路。在甲午中日战争中，北洋舰队全军覆没，洋务运动也随之破产。\r\n\r\n　　中国留学第一人叫容闳。容闳之所以被誉为“中国留学生之父”，乃是在于他所提出的幼童留学计划。至此，无数仁人志士开始奔赴他国，寻求救国良药。家里日子不好过，不出门是没有出路的。有人带回来了资本主义制度，改良不如革命推翻腐朽的封建。革命成功了，都民国了，可是命运依旧多喘，租界依旧林立。于是又有一批青年人出去了，之后带回了共产主义。他们出门是为了回家。\r\n\r\n　　新中国建立后国家经历了各种辛酸的发展史，苦逼如朝鲜。曾经毁了自己所有的一切，直到改革开放走出国门，拥抱世界的时候速度惊人。全盘西化，搞活了经济。我们拥有东方文明却依赖着西方的智慧，这不科学。我们走出去三十多年了，国家强大了，这个时候是不是该回家找回自己的东西呢。今天据说是孔夫子生日，那么从儒家文化开始找回自己吧。诸子百家也必须一点一点找回来啊，最起码把那些好的容易理解的搞明白。出门是为了体面的回家，回家是为了更好的出门。', 3, '写手部落', 7, '我有话说', 49, '宇先生', 2, '1425623796', '宇先生', '1425887438', 2, 4, 212, 0, 0, 0, 49, '宇先生', '1425884830', 0, 0, 0, 0, 0, 8, 0, 0),
(8, '肺结核防治知识', '[IMG]http://www.infol.com.cn/data/upload/shop/member/24/24_04790527297590936.jpg[/IMG]', 2, '百事通有你', 0, '', 24, '骑士红红', 3, '1425708763', NULL, NULL, 0, 0, 9, 0, 0, 0, NULL, NULL, '1425708763', 0, 0, 0, 0, 0, 2, 0, 0),
(9, '坚持梦想', '　　儿时的梦想悄悄\r\n\r\n　　消失在成长路上\r\n\r\n　　来不及回想 已没了方向\r\n\r\n　　是什么让你遗忘\r\n\r\n　　当初的梦想\r\n\r\n　　不管怎样你仍要坚强\r\n\r\n　　成功的道路很长很长\r\n\r\n　　没人短时间实现愿望\r\n\r\n　　你需一如既往 坚持信仰\r\n\r\n　　虽暂时只能孤芳自赏\r\n\r\n　　但你仍要坚持理想\r\n\r\n　　成长的路上泪水打湿衣裳\r\n\r\n　　请相信明天还有太阳\r\n\r\n　　一定要把它念念不忘\r\n\r\n　　因为有一天必有回响\r\n\r\n　　成长的路上容易迷失方向\r\n\r\n　　请不要弄丢了你的理想\r\n\r\n　　一定要把它好好铭记珍藏\r\n\r\n　　因为有一天你会实现梦想\r\n\r\n                     [IMG]http://www.infol.com.cn/data/upload/circle/theme/9/9/49/04791229811755793.jpg[/IMG]\r\n\r\n注：　　\r\n        本文写于2011年通城遭遇百年一遇的洪水时期，为了安慰遭遇洪灾的年轻学生朋友而写。仅以此文献给为了梦想，正在奋斗中的青年，愿你们都能实现自己的梦想。\r\n\r\n　　很多人都经历了常人难以想象的挫折和困扰，但他们却没有被生活打倒，反而继续活得风生水起，热热闹闹。宇先生要告诉你：我们都曾是弱小的背影，最后都会成为给别人依靠的肩膀。正如我温暖你们一样。\r\n\r\n       有的人拍不出未来，他依旧在努力坚持，有的人跳不出未来，他却从未想过放弃，有些人虽然看似没有方向，却思路清晰，尽管很多时候只能一个人静静地在角落抽着烟。 很多个夜大家都是孤独的，手里握着手机不停地刷屏聊天，说着各种能引发笑点和共鸣的话。宇先生也只能安慰一句：看不清未来，就把握好现在。', 3, '写手部落', 0, '', 49, '宇先生', 2, '1425780005', NULL, NULL, 0, 0, 19, 0, 0, 0, NULL, NULL, '1425780005', 0, 1, 0, 0, 0, 2, 0, 0),
(10, '诗歌赏析：当你老了', '　　当你老了\r\n\r\n　　当你老了，头白了，睡意昏沉，\r\n\r\n　　炉火旁打盹，请取下这部诗歌，\r\n\r\n　　慢慢读，回忆你过去眼神的柔和，\r\n\r\n　　回想他们昔日浓重的阴影;\r\n\r\n　　多少人爱你青春欢畅的时辰，\r\n\r\n　　爱慕你的美丽，假意或真心，\r\n\r\n　　只有一个人爱你那朝圣者的灵魂，\r\n\r\n　　爱你衰老了的脸上痛苦的皱纹;\r\n\r\n　　垂下头来，在红光闪耀的炉子旁，\r\n\r\n　　凄然地轻轻诉说那爱情的消逝，\r\n\r\n　　在头顶的山上它缓缓踱着步子，\r\n\r\n　　在一群星星中间隐藏着脸庞。\r\n\r\n　　——1893\r\n               \r\n            [IMG]http://www.infol.com.cn/data/upload/circle/theme/9/9/49/04791279375325026.jpg[/IMG]\r\n\r\n　　威廉·巴特勒·叶芝 William Butler Yeats (1865～1939)是爱尔兰诗人、剧作家，著名的神秘主义者。叶芝是“爱尔兰文艺复兴运动”的领袖，也是艾比剧院(Abbey Theatre)的创建者之一。其诗吸收浪漫主义、唯美主义、神秘主义、象征主义和玄学诗的精华，几经变革，最终熔炼出独特的风格。其艺术被视为英语诗从传统到现代过渡的缩影。艾略特曾誉之为“二十世纪最伟大的英语诗人”。', 3, '写手部落', 0, '', 49, '宇先生', 2, '1425783696', '宇先生', '1425783961', 0, 1, 16, 1, 0, 0, 63, '广场有鸟', '1426123850', 0, 1, 0, 0, 0, 5, 0, 0),
(11, '孕期保健检查项目时间对照表', '[IMG]http://www.infol.com.cn/data/upload/shop/member/24/24_04791385161044047.jpg[/IMG]', 2, '百事通有你', 0, '', 24, '骑士红红', 3, '1425794583', NULL, NULL, 0, 0, 6, 0, 0, 0, NULL, NULL, '1425794583', 0, 0, 0, 0, 0, 2, 0, 0),
(12, '妇幼保健知识六大项', '[IMG]http://www.infol.com.cn/data/upload/shop/member/24/24_04791390730426534.jpg[/IMG]', 2, '百事通有你', 0, '', 24, '骑士红红', 3, '1425795107', NULL, NULL, 0, 0, 7, 0, 0, 0, NULL, NULL, '1425795107', 0, 0, 0, 0, 0, 2, 0, 0),
(13, '教你维持异地恋，让感情只升不降', '　\r\n　　过完年，通城年轻的男男女女有人选择了远方，有人留在了家乡，异地恋就此产生。异地恋情是感情中最难维持的，尽管失败的例子有很多，但是不代表异地恋就一定会失败，只要双方把握住维持异地恋的技巧以及对彼此感情的信任，保证爱情会长长久久，下面小编为大家推荐几条维持异地恋的方法，异地的你们值得一看哦。\r\n\r\n　[FONT-COLOR=FF0000]　坚信彼此的感情[/FONT-COLOR]\r\n\r\n　　许多异地恋的朋友们都会担心同一个问题，长时间不见面会不会使感情变淡呢?由于异地又不了解对方的情况下，容易产生猜疑或是不信任等问题，因此双方一定要对自己的感情有信心，不要因为不必要的小问题而导致吵闹或是分手，如果自己都对自己的感情都不坚信，那么还有什么好维持的呢?\r\n\r\n　[FONT-COLOR=FF0000]　相互信任[/FONT-COLOR]\r\n\r\n　　分隔两地的彼此，见不到对也不知道对方怎么样，难免会产生很多的疑问或是猜忌，总是会问东问西的，这时你需要非常的耐心，对方只是在关心你千万不要认为是在查岗，不然会引起争吵，那就得不偿失了，爱是建立在理解和信任的基础上，不要轻易的怀疑自己的另一半而是要像信任自己最初的选择一样。\r\n\r\n　[FONT-COLOR=FF0000]　多多进行沟通\r\n[/FONT-COLOR]\r\n　　距离的问题，导致了彼此不能经常见面，因此沟通成为彼此感情交流的一个桥梁。电话或是视频时彼此可以交流自己的所闻所见以及送上关心的话语，都能拉近彼此感情，千万不要觉得麻烦或是不耐烦，不然对方会胡思乱想，不利于感情的长期发展，一定要记住一段成功的感情一定是建立在沟通上的。\r\n\r\n　　[FONT-COLOR=FF0000]多多见面[/FONT-COLOR]\r\n\r\n　　经常见面对维系异地恋感情来说是至关重要的，最好是能两个星期或一个月见上一次，隔一段时间见一次面避免了天天见面会产生的厌恶感反而会让人更加珍惜彼此见面的机会与时间，更有利于异地恋感情的升温。\r\n\r\n　　[FONT-COLOR=FF0000]制造浪漫与惊喜[/FONT-COLOR]\r\n\r\n　　长久的感情磨合必定少不了浪漫与惊喜了，这是电话与视频都不能做到的，特别是在生日或是特殊节日的时候，自己却不能陪伴在对方身边的时候，就应该精心准备一份礼物，来满足一下对方在朋友面前的小小虚荣心。或是在不经意出现在对方的面前，一定会让对方感动的稀里糊涂，这样感情不就不知不觉的得到提升了嘛。\r\n\r\n　　[FONT-COLOR=FF0000]学会表达情感[/FONT-COLOR]\r\n\r\n　　通过电话、视频、邮件等通讯工具来表达内心的情感、表明自己对待感情的态度，让对方放心，当自己表达出感情的时候，对方能够体会到你对感情的付出以及努力，从而增强了彼此感情的温度，让彼此沉浸于爱的美妙中。', 3, '写手部落', 0, '', 49, '宇先生', 2, '1425885052', NULL, NULL, 0, 0, 2, 0, 0, 0, NULL, NULL, '1425885052', 0, 0, 0, 0, 0, 2, 0, 0),
(14, '篾竹编字画，通城第一人', '　　通城县隽水镇李家塘村有一位竹制品艺人谭国荣，他能用篾竹编字画，既有速度，又有质量，每一根篾条到了谭国荣的手中，仿佛就成了一个舞者，跳出一支支曼妙优雅的舞蹈。他用篾条编的毛主席诗词《沁春·雪》，形象逼真;用篾条编的国画《熊猫戏竹》，栩栩如生。\r\n\r\n\r\n　　少年时代的谭国荣就有从事篾竹匠行业的天赋，16岁那年，他看见村里的老篾竹匠在编制竹篮、箩筐、簸箕时，他回到家里能够模仿着做出来，拿到集市上售卖，成了抢手货，解决了一家六口的口粮。\r\n\r\n　　18岁拜师学艺，谭国荣刻苦勤奋加上自己的天赋，2年后，他的编制技艺青出于蓝胜于蓝，超过了师傅。\r\n\r\n　　1976年，24岁的谭国荣被招进通城县竹木民间工艺厂，由于手艺出色，又调入外贸公司，专门负责竹制品出口工作，同时分管产品创样，传授技术等。\r\n\r\n　　1984年春季广交会，谭国荣的10件作品，深受外商青睐，赢得了一笔大订单，净赚1万多元。为表彰他的突出贡献，当时，县***还奖给他一辆飞鸽牌自行车。此后，在他的带领下，通城的竹木民间工艺厂有了快速的发展，一下子达到10多家，每年对外出口竹制品总额在100万元以上。\r\n\r\n　　2004年，52岁的谭国荣迎来了人生第一次出国的机会。当年，武汉国际经济技术合作公司接到了要派几个人到几内亚比绍执行竹藤编技术合作项目的任务，该公司找到省外贸，省外贸直接推荐了谭国荣，就这样，谭国荣登上了飞往几内亚比绍的班机。\r\n\r\n　　由于工作认真负责，技术过硬，谭国荣被武汉国际经济技术合作公司聘任为援几内亚比绍第三期竹藤编技术合作项目组组长。\r\n\r\n　　到达几内亚比绍后，谭国荣将自己的技术毫无保留地传授给企业同事和非洲的朋友，并带领大家一起开展竹藤编技术合作项目工作，经过半年的努力，竹藤编技术取得了突破性的进展。\r\n\r\n　　出色的技艺，过硬的本领，让谭国荣在几内亚比绍名声大震。听说中国的竹编技术专家来到几内亚比绍援助合作项目，仰慕中国传统工艺的该国财政部长特地到谭国荣所在的生产车间参观。\r\n\r\n　　该国财政部长到达生产车间时，谭国荣正在为一对高1.5米、宽0.4米的大型竹制花瓶刷漆。为编制这一对大型的精美的竹制花瓶，谭国荣整整花了一个月的时间。\r\n\r\n　　该国财政部长在这对花瓶前足足观看了5分钟。在参观结束时，他向企业的负责人提出购买这对竹制花瓶的请求，理由是这对竹制花瓶做得太精美了，并连连称赞谭国荣的手艺好。最终，这对竹制花瓶以企业的名义赠送给了这位财政部长。\r\n\r\n　　在几内亚比绍的两年时间里，谭国荣带领同事们攻坚克难，不仅克服了竹藤编技术上的难题，而且将他的篾制品艺术留在了非洲。', 3, '写手部落', 6, '趣闻逸事', 60, '皮江星', 3, '1425885986', '皮江星', '1425887228', 0, 0, 4, 0, 0, 0, NULL, NULL, '1425885986', 0, 0, 0, 0, 0, 2, 0, 0),
(15, '通城好男人——照顾瘫痪妻子11年不离不弃', '　   2004年7月31日，在中国人寿保险上班的邱智良女士到通山出差，不慎发生意外，导致高位截瘫。由于当地医院条件有限，邱智良先后被转往多家医院，医院共下过9次病危通知书。但面对一份份沉重的“命运判决”，邱智良的丈夫羿坚平始终没有放弃，他坚信：只要坚持下去，妻子就一定能好起来。\r\n\r\n　　随后，羿坚平一边照顾妻子，一边上网查找治疗高位截瘫的相关信息。当得知上海的一位专家具有多年治疗该病的丰富经验时，羿坚平连夜赶往上海，第二天便为妻子办理了转院手续。\r\n\r\n　　“在上海的三个月里，他没有睡过一个好觉，实在困了，就在租来的凳子上眯一下，打个盹。”回想那段时光，邱智良含着眼泪说，我知道，他的全部心思都用在了我的治疗上。\r\n\r\n　　功夫不负有心人。经过两次成功的手术，邱智良的病情逐渐好转，虽然肢体仍然不能运动，但最终脱离了生命危险。\r\n\r\n　　出院时，医生给出建议：要进行长期的康复治疗，要经常为她按摩肢体，以免肌肉萎缩。\r\n\r\n　　11年来，除了上班，羿坚平基本都呆在家里，不仅为妻子洗衣做饭，还帮她翻身按摩，一旦被褥被大小便浸湿，他就会马上更换清洗，以免妻子染上褥疮。\r\n\r\n　　多年的高负荷运转和长期的睡眠不足让羿坚平的身体有些“吃不消”。如今，羿坚平患上了高血压、高血脂等疾病，经常会出现头晕的状况。\r\n\r\n　　“康复治疗是一个漫长的过程，也许是一辈子，但只要我还在，我就是她的手、她的腿。羿坚平坚定地说。', 3, '写手部落', 5, '城事热点', 60, '皮江星', 3, '1425886804', '皮江星', '1425887293', 0, 0, 6, 0, 0, 0, NULL, NULL, '1425886804', 0, 0, 0, 0, 0, 2, 0, 0),
(16, '改变，从回家的路开始', '　　2月21日，大年初三，天气正暖，葛伟民开着小汽车，领着妻儿，回到了阔别一年的老家——通城县塘湖镇南虹村。\r\n\r\n　　今年32岁的葛伟民2005年毕业于湖北大学，之后一直在武汉从事软件开发工作。经过近十年的打拼，他已经在武汉站稳了脚跟，不仅结了婚、买了房，而且还拥有一辆价值不菲的小汽车，日子过得有滋有味。\r\n\r\n　　“咦?鲤黄公路什么时候又翻修了?”一进塘湖镇，葛伟民便被眼前干净宽阔的新公路所吸引。\r\n\r\n　　以前，每次回老家，最让他发愁的就是进村的这条路了。“这路什么时候可以修一下，到处坑坑洼洼，太难走了。”妻子方施每走一次都会抱怨一次。\r\n\r\n　　但如今，小汽车行驶在新修的公路上，又平、又稳、又快，葛伟民心里特别舒畅。\r\n\r\n　　始建于1999年的鲤黄公路是塘湖镇4.2万人出行的必经之路。从最初的土路到水泥路，再从水泥路到沥青路，十多年的回乡旅程里，葛伟民见证了鲤黄公路的一次次改变。\r\n\r\n　　去年，该镇积极争取县交通局项目资金400余万元，对8公里长的路面进行了改造升级，整个工程于去年底完工，极大地方便了村民出行。\r\n\r\n　　“今年回家的感觉和往年不一样了，家乡越变越漂亮，村民的生活条件也越来越好，这让我对家乡的发展充满信心。”葛伟民说，过几年打算回家创业，这样既可以多陪陪年迈的父母，也可以为家乡的发展出一份力，尽一份责。\r\n\r\n注：作者　　程慧 卢华 皮江星', 3, '写手部落', 6, '趣闻逸事', 60, '皮江星', 3, '1425886943', '皮江星', '1425887264', 0, 0, 3, 0, 0, 0, NULL, NULL, '1425886943', 0, 0, 0, 0, 0, 2, 0, 0),
(17, '幸福排行榜', '　[FONT-COLOR=FF00FF][FONT-SIZE=20][FONT-SIZE=18]　如果幸福有一个排行榜，你会让哪一种幸福排在榜首? ­\r\n\r\n　　现世的幸福总离不开自身、事业、姻缘，就像我们去年求神问卜一样。 ­\r\n\r\n　　有人说：“不用工作而有收入，那是最幸福的。”有些不用工作的而有收入的女人，并不幸福。 ­\r\n\r\n　　有人说：“拥有健康的身体是最幸福的”然而，大部分嚷着找不到幸福的人，却是很健康，甚至壮硕、健美。 ­\r\n\r\n　　你有没有想过、流泪也是是一种幸福，因为还没有人值得你为他流泪。 ­\r\n\r\n　　被攻击、被妒忌也是一种幸福，因为你有值得被妒忌和别攻击的地方。 ­\r\n\r\n　　被出卖也是一种幸福，他让你看清楚你的朋友。 ­\r\n\r\n　　甚至失望也是一种幸福，因为有盼望，才有失望。 ­\r\n\r\n　　我们不能察觉自己的幸福，因为我们不知道有些痛楚、失望、悲欢离合，也是幸福。­[/FONT-SIZE][/FONT-SIZE][/FONT-COLOR]\r\n\r\n　　作者 简介：\r\n\r\n　　张小娴以小说描绘爱情的灼热与冷却，以散文倾诉恋人的微笑 与泪水，迄今已出四十多本小说和散文集，深受广大读者好评。她用细腻的文风和动人的字句为我们编织了很多美丽的爱情故事。1994年，张小娴因连载的第一部长篇小说《面包树上的女人》而声名大噪，迅速走红文坛，是继琼瑶、亦舒之后，两岸三地最受欢迎的爱情小说家。', 3, '写手部落', 0, '', 49, '宇先生', 2, '1425889267', NULL, NULL, 0, 0, 6, 0, 0, 0, NULL, NULL, '1425889267', 0, 0, 0, 0, 0, 2, 0, 0),
(18, '鸡汤哥传授你18般武艺，让你瞬间变身通城好儿女', '　　\r\n　　由于本郎每天在空间里面发一些有思想的图文，宇先生又得一外号：鸡汤哥。刚听到这个称呼整个人的头发都竖起来了，好歹人家是朝着青年导师发展的，鸡汤哥多俗啊!不管啦，鸡汤还是继续奉上!愿你喝得下去，长好精神!\r\n\r\n　　习惯若不是最好的仆人，便是最差的主人。你一直裹足不前，是不是因为正在被坏习惯绑架?从今天起，试着随身带上一本书、随时记录一闪而过的灵感、独立思考、打败拖延、坚持锻炼……18个让你终身受益的学习、工作习惯↓↓趁年轻，给自己更多崭新的可能。\r\n\r\n[IMG]http://www.infol.com.cn/data/upload/shop/member/49/49_04792986122004309.png[/IMG]\r\n[IMG]http://www.infol.com.cn/data/upload/shop/member/49/49_04792986178751098.png[/IMG]\r\n[IMG]http://www.infol.com.cn/data/upload/shop/member/49/49_04792986118657594.png[/IMG]\r\n[IMG]http://www.infol.com.cn/data/upload/shop/member/49/49_04792986135788041.png[/IMG]\r\n[IMG]http://www.infol.com.cn/data/upload/shop/member/49/49_04792986183066854.png[/IMG]\r\n[IMG]http://www.infol.com.cn/data/upload/shop/member/49/49_04792986167917318.png[/IMG]\r\n[IMG]http://www.infol.com.cn/data/upload/shop/member/49/49_04792986256399229.png[/IMG]\r\n[IMG]http://www.infol.com.cn/data/upload/shop/member/49/49_04792986254179972.png[/IMG]\r\n[IMG]http://www.infol.com.cn/data/upload/shop/member/49/49_04792986280654741.png[/IMG]', 3, '写手部落', 10, '生活感悟', 49, '宇先生', 2, '1425954399', '宇先生', '1425955094', 1, 0, 9, 0, 0, 0, NULL, NULL, '1425954399', 0, 1, 0, 0, 0, 2, 0, 0),
(19, '名人足迹留通城之蚩尤迹遗陈家洲', '[FONT-SIZE=16]　　蚩尤是上古时代九黎族部落酋长，中国神话中的战神。传说蚩尤有八只脚，三头六臂，铜头铁额，刀枪不入;善于使用刀、斧、戈作战，不死不休，勇猛无比;曾与炎帝大战，后把炎帝打败，于是炎帝与黄帝一起联合起来战蚩尤。蚩尤率八十一个兄弟举兵与黄帝争天下，在涿鹿展开激战。 黄帝不能力敌，请天神助其破之，杀得天昏地暗，血流成河。蚩尤被黄帝所杀，帝斩其首葬之，首级化为血枫林。 但他勇猛的形象仍然让人畏惧，黄帝把他的形象画在军旗上，用来鼓励自己的军队勇敢作战，诸侯见蚩尤像不战而降。\r\n\r\n                 [IMG]http://www.infol.com.cn/data/upload/circle/theme/10/0/50/04794637268050940.png[/IMG]\r\n\r\n　　九黎族部落在远古时代和“三苗”、“南蛮”有着密切的一脉相承的关系，在我国长江中下游和黄河下游一带， 经过世世代代的生息繁衍 ，借助优越的地理条件，不断地辛勤开拓，使生产力不断提高，社会经济不断发展，一跃而成为雄踞东方的强大部落，并且最早进入中原。地处长江中游南岸的幕阜山区通城县，正是九黎、三苗、南蛮的区域。《史记•吴起列传》就有记：“昔三苗之居，左洞庭，右彭蠡”，洞庭即今日洞庭湖，彭蠡即今鄱阳湖，而这正是湘鄂赣三省边陲的幕阜山区通城的范围。\r\n\r\n                    [IMG]http://www.infol.com.cn/data/upload/circle/theme/10/0/50/04794638204589288.jpg[/IMG]\r\n\r\n　　在幕阜山区通城的黄龙山的北面铁门栈峡谷下，现在还有一个叫陈家洲的村子，有一壮观的滚石阵景观，显示出远古九黎蚩尤部落的战争活动遗迹。发源于黄龙山北麓的河水流出山中峡谷后，流入地势平缓的陈家洲，在绵延五六里的河床和田野里，散布着无数的石头，圆圆滚滚，大的比磨盘还大，小的也有脸盆那般。这样蔚为壮观的石头阵，它的来历颇令人困惑。若说是水流的冲击造成的话，理应是一些细小的圆形卵石。若说是山上的大石被水流冲落下来而成，那也应是偶尔少数几块，不可能这样绵延数里。 这里的石头阵是怎样形成的呢?\r\n\r\n       　　人们为解开这个谜而产生了传说，一个叫陈洞泉的得道道人，想在黄龙山北麓的铁门栈峡谷堵住河水建一座湖，于是使出法术，在山北将石头变成一只只肥猪，往铁门栈赶。观音菩萨知道此事后，变成村妇，提一只竹篮，见陈洞泉赶着一群猪来，便用竹篮提起满篮的水。陈见了感到奇怪，问：“大嫂，你的竹篮怎么能提水呢? ”一语道破天机，观音菩萨手中竹篮里的水全漏光了。观音笑着说：“我的竹篮不能盛水，你的石头又怎么能变成猪赶呢? ”话音刚落，那群猪便变成满河的圆石头。传说当然不可信， 近来有人考据上古时期历史，黄龙山是蚩尤的九黎部落属地，黄帝和蚩尤两部落争战时，曾在此展开过战斗。蚩尤部落凭着黄龙山的天险，备足了滚石、擂木等武器，使黄帝部落进入到陈家洲一带的兵马无法逾越黄龙山北麓的铁门栈峡谷。黄帝部落冲上去的人马，被驻守在山上的蚩尤部用无数的滚石和擂木击成肉泥，鲜血染红了峡谷里的河水，至今该铁门栈峡谷附近还有一个村子，叫红源村。而陈家洲这绵延数里满河床的圆形石阵，可能是战争使用的滚石。滚石又称擂石，是古代的一种球形攻击武器，堆放在城墙和要隘之处，敌人进攻时从上滚下打击之。陈家洲正好处于铁门栈的下面，圆形石头的大小，做为武器来看正适中。根据历史推测，这滚石阵极可能是上古时期蚩尤九黎部落和黄帝部落战争的遗物。\r\n[/FONT-SIZE]\r\n               [IMG]http://www.infol.com.cn/data/upload/circle/theme/10/0/50/04794638306945935.jpg[/IMG]\r\n\r\n注：《永恒的星光----名人足迹留通城》之二 蚩尤迹遗陈家洲   作者 黎育林   团结出版社出版 定价35元', 3, '写手部落', 0, '', 50, 'liyulinlaoshi', 3, '1426119921', 'liyulinlaoshi', '1426120297', 0, 0, 12, 0, 0, 0, NULL, NULL, '1426119921', 0, 1, 0, 0, 0, 2, 0, 0),
(20, '大禹降龙铁柱港', '　  　　通城县隽水镇辖地有一条叫铁柱港的河流，通城与崇阳以此为界，河的南岸，以河得名铁柱村。却说很久以前，铁柱港河清澈深遂，人们赖此航运捕鱼，过着美满幸福的生活。河边有一聂姓人家，生有一子，名龙。这聂龙自小爱在河中戏嬉。\r\n[IMG]http://www.infol.com.cn/data/upload/circle/theme/9/9/49/04794673313491695.jpg[/IMG]\r\n\r\n　　六月的一天，娇阳似火，聂龙正与村里的孩子在河中玩水，忽然雷声隆隆电光闪闪，河上游大水滚滚而下，同村的孩子知道这俗声“干大水”的厉害，慌忙爬上崖边，但聂龙却遨游水中，无所畏惧。这时，河中一个大而圆的水泡，带着闪闪红光向聂龙漂来。聂龙刚好潜泳完，伸出头换气，一口将大水泡吞下。心里感到一些不快，便爬上岸来。同村的小伙伴，见聂龙如此大胆，敢在滔天大水之中游泳，大加称赞。聂龙便说：“这河水算得了什么?我要是一条龙就要把崇阳变成海，通城变成滩，在大海里游水那才有味呢?”却说聂龙自吞下河中的大水泡后，身体发生了极大的变化，头上逐渐伸出两只角，身上长出一身龙鳞。原来聂龙在河中吞下的是一颗龙丹。这聂龙自身体发生变化后，便白天黑夜离不开水，每在水中游一次，河水便向崇阳方向泛滥一次，河的宽度与日俱增，崇阳民众苦不堪言。\r\n\r\n[IMG]http://www.infol.com.cn/data/upload/circle/theme/9/9/49/04794673325165277.jpg[/IMG]\r\n\r\n　　一日，大禹治水途经此地，见河北岸崇阳老百姓正纷纷携妻带子游离他乡。知为聂龙作怪，有心为民除害，制服聂龙。这聂龙正自得意之时，不知两岸人民对他恨之入骨，背地里均称他为“孽龙”。一日，又值山洪大发，河水猛涨，这“孽龙”跳入河中笑曰：“崇阳变成大海，通城变成河滩之日到矣。”正待使出浑身解数兴风作浪之时，忽闻天空一声大喝：“聂龙，上苍本意让你化作善龙，治理水犯，保一方之安宁，你却违旨作恶，该当何罪!”“孽龙”举头望去，见大禹站在山顶，便迫不及待作法施为。大禹见此情，便将一铁棒抛向聂龙，将其锁入地下，铁柱港的旁边涌出了一股清泉。恶龙即除，两岸人民又过上了幸福美满的生活。为了感谢大禹除恶大恩，人们将铁柱镇恶龙的地方改名叫铁柱港。如今镇龙铁柱已化作铁柱山耸立河边，但清泉尚存，世代哺育着两岸人们。', 3, '写手部落', 0, '', 49, '宇先生', 2, '1426123711', '宇先生', '1426123730', 0, 0, 4, 0, 0, 0, NULL, NULL, '1426123711', 0, 1, 0, 0, 0, 2, 0, 0),
(21, '通城赤脚医生徐大洲的仁者之心', '[FONT-SIZE=16]       \r\n　　承父亲遗志，他悬壶济世，救死扶伤，常常分文不取;面对洪魔，他毫无惧色，跳入湍急的洪水，救起处于险境的孕妇;扶贫助弱，他把困难老人当做自己的亲人，嘘寒问暖，时常送吃送穿。\r\n\r\n\r\n　　他就是通城县商务局退休干部徐大洲，一位当地颇有名气的“赤脚医生”。\r\n\r\n　“我治病救人不以盈利为目的，只是想真心实意为老百姓做点事。”9日进行的采访中，徐大洲的一句话给记者留下了深刻的印象。\r\n\r\n　　2004年，武汉市民杜女士出生不久的女儿不幸患上血管瘤，虽寻遍各大医院，但均无法治好。万般无奈之下，杜女士向媒体求助，寻民间医术治疗。\r\n\r\n　　从报纸上了解到这一情况后，徐大洲迅速与杜女士取得联系，当即表示愿意用祖传药方，全程免费为孩子治病。\r\n\r\n　　“中草药要保证好的疗效，其配制所需的每一味药材都必须新鲜。”徐大洲介绍，在给孩子治疗的四年时间里，只要孩子的药吃完了，他就会独自一人到深山密林里采集药材，然后制成药膏，托客车司机带往武汉。\r\n\r\n　　2008年，在徐大洲的精心治疗下，孩子额头上的血管瘤彻底消失了，患处也没有留下任何疤痕。杜女士十分感动，提出要付治疗款并给予额外的感谢，但徐大洲坚决不收。\r\n\r\n　　2011年6月，通城遭遇百年一遇的洪灾。由于徐大洲所居住的轻工业局宿舍地势低洼，肆虐的洪水很快漫过一楼，达到4米多深，而且水势越来越大。\r\n\r\n　　当时，一楼一名快临产的孕妇正绝望无助地趴在窗户上，徐大洲见状，立即跳入水中，安全地把孕妇送到了对面二楼;考虑到宿舍附近居住的老人较多，徐大洲再次下水，救起药店里的两位老人，并送至安全地带。\r\n\r\n　　徐大洲还有扶贫助弱的习惯。\r\n\r\n　　几年前，徐大洲得知马港镇一位80多岁的独居老人，因为双目失明，无亲无靠，生活极其困难，他立即前往探望，此后，他坚持看望老人多年，每次都要带上吃的用的;镇里还有一位59岁的聋哑人，至今仍单身一人，徐大洲为了与其谈心交流，还专门学会了哑语。\r\n\r\n　　“我是一名老党员，当老百姓遇到困难的时候，我做些力所能及的事情是应该的。”秉持一颗无私的医者仁心，多年来，徐大洲以精湛的医术和高尚的品德，被群众广为称颂。(记者 程慧)[/FONT-SIZE]', 3, '写手部落', 5, '城事热点', 49, '宇先生', 2, '1426124124', '宇先生', '1426125098', 0, 0, 11, 0, 0, 0, NULL, NULL, '1426124124', 0, 0, 0, 0, 0, 2, 0, 0);
INSERT INTO `cor_circle_theme` (`theme_id`, `theme_name`, `theme_content`, `circle_id`, `circle_name`, `thclass_id`, `thclass_name`, `member_id`, `member_name`, `is_identity`, `theme_addtime`, `theme_editname`, `theme_edittime`, `theme_likecount`, `theme_commentcount`, `theme_browsecount`, `theme_sharecount`, `is_stick`, `is_digest`, `lastspeak_id`, `lastspeak_name`, `lastspeak_time`, `has_goods`, `has_affix`, `is_closed`, `is_recommend`, `is_shut`, `theme_exp`, `theme_readperm`, `theme_special`) VALUES
(22, '通城建设文化“八大工程”', '　　“让拍打舞舞出瑶韵，让提琴戏唱出楚风，让楚天瓷都焕发新彩……”3月2日，通城县召开宣传思想文化工作会议，着力推进“八大工程”建设。\r\n\r\n　　今年，该县将突出建思想、固阵地、强文化、增活力四大工作重点，着力推进“八大工程”。即抓好社会主义核心价值观的践行工程，全面完成文化“五个一”工程，抓好以“八百壮士”为重点的纪念抗战胜利70周年系列活动宣教工程，继续推进农村精神文明建设“一五一十”工程，实施广播“村村响”覆盖工程，推进公共文化设施建设工程，开展文明城市创建工程，开展全民创建、全民创业、全民健身、全民守法的主题实践工程。\r\n\r\n　　据悉，今年该县将进一步挖掘历史文化资源，重点策划纪念“八百壮士”和纪念抗日战争暨世界反法西斯战争胜利70周年系列活动。同时，广泛开展“四城同创”活动，逐步推进“五馆一宫”等文化重点项目工程建设。（记者： 卢华）', 3, '写手部落', 5, '城事热点', 60, '皮江星', 3, '1426128190', '皮江星', '1426128280', 0, 0, 4, 0, 0, 0, NULL, NULL, '1426128190', 0, 0, 0, 0, 0, 2, 0, 0),
(23, '药姑山，远古瑶族的文化之地', '　　一：药姑山之名\r\n\r\n　　药姑山，坐落在湖北省通城县大坪乡，原名龙窖山，属幕阜山余脉，主峰海拔1261.6米。山势峰峦叠嶂、峒深涧幽，有“三关九锁之险，七十二峰之秀”的美誉，风景十分秀丽旖旎。传“药圣”李时珍曾到此采药，称其为“江南天然药库 “及李氏三姊妹在此采药成仙， 才改名为药姑山 。以前，药姑山之所以叫龙窖山，是因为山上有龙湫而瑶民很崇敬龙，而瑶民家家有窖，所以才叫龙窖山。但他现在有名的不是他的药，而正是一千多年以来，居住在药姑山上千家峒 ，家家有窖千家千窖的瑶民所组成的瑶族文化。\r\n[IMG]http://www.infol.com.cn/data/upload/circle/theme/9/9/49/04794948451080432.jpg[/IMG]\r\n\r\n　　二：瑶民迁徙药姑山之源流\r\n\r\n　　瑶人的称谓很多，是新中国成立后，统称为瑶族。2000年总人口263。74万 。\r\n\r\n　　瑶人的祖先乃一狼狗 。相传古代长毛贼扰乱了天下，北京皇帝贴出布告说，如果有人在三天内打退长毛贼，愿把最幼的公主嫁给她。结果有一只狼狗咬死长毛贼的主帅，长毛贼不攻自退。公主骑上狼狗，来到了荔波县，便生下了现在的瑶人。瑶人不吃狗肉便是为此。\r\n\r\n　　约八千年前，瑶民的先人在江汉平原一带，创造了长江中游的新石器文化。随后部分瑶民向北扩张，逐鹿中原，后因战争原因转而向南迁徙。\r\n\r\n　　瑶族是个不断被迫迁徙的民族，据史料记载，秦朝后期，瑶族先举南迁，从隽入龙窖山落根。 据清史《通城县志》记载，一直至元代前，通城为汉、瑶杂居地。 元末农民起义后,朱洪武在太湖决战，统一中国后，九洗湖广，深居在千家峒深山的瑶族被视为蛮夷，惨遭杀戮.但据传说，瑶民在药姑山耕种自乐，民风淳朴。一次，一名官差进入瑶乡，热情的瑶民家家杀鸡宰鹅盛情款待。公差乐得忘返。残暴的官府以为瑶民杀害了官差，不分青红皂白举兵血洗了千家峒中的瑶寨。据考证，约在明洪武年间大部分瑶民为此南迁。瑶民临分手时，头人将牛角劈成十二截，将祭祖的香炉劈成六掰，交给十二姓瑶人。相约只要牛角对成形，香炉复了原，500年后，在“千家峒”里再相会。然而，几百年后，瑶民却记不清了回家的路。 至此，药姑山中的千家峒，从此少了瑶民的生活足迹。但他们留下来的文化足迹依然存在。\r\n\r\n[IMG]http://www.infol.com.cn/data/upload/circle/theme/9/9/49/04794948493743928.jpg[/IMG]\r\n\r\n　　三：尧家林文化的探索与发掘\r\n\r\n　　那里的山水风物、历史遗址、居民建筑、及典型的瑶家石头文化、如：石寨、石屋、石洞、石庙、石井、石墓、石坝、梯田、山地等，还有制度化的宗教仪式，瑶族风情，歌舞说唱，礼仪禁忌等，形成独具特色的瑶族文化，因瑶与尧同音，亦称尧家林文化。\r\n\r\n　　1982年，考古专家联合发掘药姑山瑶家陵文化遗址。发掘得到了石斧、石铲、石刀、石凿等石器和鼎、盘、碗、罐等陶器文物300多件。通城县文化博物馆曾在药姑山下的北港镇南港村，收集到一批窖藏出土的银佩饰，有脚箍、银牙件、首银佩饰等100多种富有瑶族特色的佩饰文物。\r\n\r\n　　2001年4月9日，广西自治区副主席、国家《瑶族通史》编委会主任奉恒高亲自领队来到药姑山考察，确认了临湘市的龙源乡部分村寨和通城县大坪乡大风磅属于瑶寨古址，认定是古瑶寨千家峒的组成部分。同年9月24日至27日，中国(广西)瑶学学会召开瑶族研究专题会议，讨论千家峒等中心议题，组织与会40多位学者实地考察。 2001年10月，中国(广西)瑶学会发出了《龙窖山千家峒认定意见书》说：“千家峒是瑶族同胞传说中，居住过的理想家园，瑶族同胞和瑶族研究者都在矢志不渝地寻找千家峒的下落”;“研究人员通过大量的深入调查，科学论证，认定龙窖山无论是从有关史籍记载内容，还是从地理位置、地形特征、地名与遗俗，以及大量的瑶族先民的遗址等方面来看，都与瑶族文献《千家峒歌》和民间传说千家峒相吻合”;“确认龙窖山千家峒是瑶族历史上早期的千家峒”\r\n\r\n[IMG]http://www.infol.com.cn/data/upload/circle/theme/9/9/49/04794921767686741.jpg[/IMG]\r\n\r\n　　四：瑶民文化极具品牌的意义\r\n\r\n　　至此，通城药姑山瑶族先民的遗址，才逐渐掀开他那神秘而古老的面纱，同时，尧家林遗址的发掘，更为瑶民文化增添了科学而有力的佐证。荣获中国第八届民间艺术节金奖的《通城拍打舞》，就是融洽了瑶族文化元素的最好体现，瑶民南迁过后的几百年以来，深厚的瑶族文化，至今还由当地的汉民族后裔以原生态的风貌传承着。\r\n\r\n[IMG]http://www.infol.com.cn/data/upload/circle/theme/9/9/49/04794921759508836.jpg[/IMG]\r\n\r\n　　可见，药姑山大风塝的千家峒，是全国二百多万瑶民的古老生存之地，有着极其少见的瑶族文化遗产，更有着独具特色的瑶族文化品牌，同时也更增添了通城县不可多得的特有的文化特色。 这一特色是通城的文化特色，这一品牌，也更是通城人不可多得的文化品牌，\r\n\r\n　　通城药姑山，远古瑶民的文明之地。', 3, '写手部落', 5, '城事热点', 49, '宇先生', 2, '1426150917', NULL, NULL, 0, 0, 3, 0, 0, 0, NULL, NULL, '1426150917', 0, 1, 0, 0, 0, 2, 0, 0),
(25, '药姑山：穿越千年的瑶寨遗址', '　　药姑山是瑶族先人生活的千家峒，不仅在历史典籍中有许多记载，而且山中留有众多令人叹为观止的瑶族特色的石文化遗址。\r\n\r\n　　药姑山主峰南麓湖北通城大坪乡内冲村大风磅一带还遗留有石寨、石洞、石井、石台等瑶族原始石群遗址，与主峰背面的湖南临湘市龙源乡瑶寨古址龙源、梅池、朱楼坡、古塘、漆坡等众多石群古遗迹连为一体，形成蔚为壮观的瑶民“千家峒”，叫人发思古之幽情，不得不惊叹瑶族先民石文化的智慧。\r\n\r\n[IMG]http://www.infol.com.cn/data/upload/circle/theme/10/0/50/04794955424451159.jpg[/IMG]\r\n\r\n　　大风磅的瑶族石建筑遗址最为精美，真乃称得上巧夺天工。大风磅可能是瑶族先民的一个重要的生活劳动场所，这里留下的石建筑文化遗址品类众多，有石古井、石神台、石屋、石梯田、石寨、石洞、石墓、石坝、石柱、石渠、石桥等。在这里发现了瑶民祭拜盘王的石神台，此神台用青石雕成，长80公分，宽约30公分，神台脚高30公分，重量120公斤。四脚为虎爪图案。神台边沿是狗头图案。拨开茂密高大的灌木丛林，可看到一条条人工建造的青石沟巷，一径径石块铺成的台道，一垛垛石条垒成的墙壁，严丝合缝，不用任何粘合剂，历千余年还非常平坦光滑如新，缝隙之间小草至今都难以生长。沟巷两侧为寨居，两旁设有石埠头。既可供瑶民汲水、洗衣、洗菜等;又可防洪，雨季雨水可从沟流走，泄洪通畅。台道呈水平直线，横贯整个寨居。墙壁高大，一叠叠从山麓拾级而上，它是整个寨居的墙基。就是现代的工艺，要在这高山之巅建造出这样宏大规模而又精美绝仑的石头建筑，绝不是一件容易之事!可惜这样大美的建筑遗址，多少春秋就一直默默静掩在这丛林之中，不为外部世界知晓，叫人颇生遗憾!\r\n\r\n[IMG]http://www.infol.com.cn/data/upload/circle/theme/10/0/50/04794955446573743.jpg[/IMG]\r\n\r\n　　石窝的祭祀台遗址最为奇特，可称得上是国内绝无仅有。位于箭杆山老屋组对门半山峰上，在一千多平方米的范围内有三十二个砌得相当整齐的祭祀台，规格形状各不相同，全部是用石块垒砌，四周有石砌围墙。老屋组的山民们祖祖辈辈在此居住了几百年，也弄不清这些形似小石房子的建筑物建于何代，有何用途，习惯地称之为“石窝”。近年瑶学专家揭开了它的谜底，原来这儿是瑶胞祭天祭祖的祭祀台。祭台座西朝东，石堆、石台、石墙沿山腰排列有序，中间空地竖有一根石桩，上有残存的长方形凿痕，似为图腾柱础，或者为树祭旗的石桩。叫人痛心的是这一珍贵的遗址，在揭秘之前，于上个世纪六七十年代之前被山民们推倒毁坏了不少!\r\n\r\n　　老龙潭下的“男石根”最为神秘，显示了瑶族先民的远古生殖崇拜。在老龙潭下的峡谷河流边，一条傍着山崖的古道侧，有一尊巨大的石雕男性生殖器，半截倒在了河流中，半截横搁在路上。这尊男性生殖石器，长达五米多，重达几吨，圆润光滑的龟头部分，雕刻得栩栩如生。在石雕男生殖器倒塌的旁边，那布满了青苔的石座还矗立在地面上，紧挨着的是一石垒的祭祀用的石台。生殖崇拜是世界各地原始初民的一种普遍现象，它是原始先民追求幸福、希望事业兴旺发达的一种表示。在药姑山的其它瑶寨残留遗址中，也还可以看到一些生殖器崇拜石雕，但是这尊却比较完好地保留了下来。\r\n\r\n　　竹铺沟的瑶寨遗址沿用最久，直到上个世纪五六十年代，还被当地山民居住。竹铺沟是一个完全由片石垒起来的山寨，山寨四周皆是高峻的山崖，寨口不及丈宽，且有用巨石砌起的石崖，将山寨与外隔断。整个寨子呈梯级分布，大房套小房，据考证这是瑶族先民最原始的居住方式。现在还有些不少颓圯的石头房子掩埋在杂草荆棘丛中，让人穿越时空隧道，怀想以往的时光。\r\n\r\n　　可以说只要走进药姑山，随便走入哪一条 山谷，就有可能如闯入了一座用青石垒起的历史迷宫;随便叩问哪一块爬满青苔的石头，就有可能听出几许历史的回音。这里的一草一木、一土一石，都有可能记录的是那些正在消逝的远古文明。\r\n\r\n　　注：作者二中老师 黎育林(原创作品)', 3, '写手部落', 9, '历史典故', 50, 'liyulinlaoshi', 3, '1426151605', NULL, NULL, 0, 0, 3, 0, 0, 0, NULL, NULL, '1426151605', 0, 1, 0, 0, 0, 2, 0, 0),
(26, '汤瑞金：将绿色染遍山乡', '　　37年来，他亲手栽下了10万余株苗木，踏遍了通城山山水水，服务全县千家万户，将绿色染遍了山乡。\r\n\r\n　　他就是通城县四庄乡林业管理站站长汤瑞金。\r\n\r\n　　[IMG]http://www.infol.com.cn/data/upload/circle/theme/0/0/60/04795526014432975.jpg[/IMG]\r\n\r\n　　“种好每一颗树苗，就多一分绿色希望”\r\n\r\n　　汤瑞金出生在药姑林场，1977年高中毕业后当上了一名营林工。\r\n\r\n　　生于大山，长在林场，造就了汤瑞金吃苦耐劳的精神。有时一天能栽400多株树，一天抚育一亩多林!\r\n\r\n　　由于吃苦能干，汤瑞金当上了林场生产队队长。先后调麦市、大溪、北港、四庄等乡镇林业站担任站长。\r\n\r\n　　2009年，汤瑞金受命站长时，正是油茶示范基地开发和大溪国家湿地公园申报建设的攻坚时期。\r\n\r\n　　四庄乡山高路远， 50出头的汤瑞金风雨无阻，穿梭在乡间路上。通过几年的努力，先后建成了小井、清水、庙下等三个连片2000亩的油茶基地，成为全县油茶大县建设的重点板块示范基地。\r\n\r\n　　“植树造林，就像带孩子，不仅要栽好，还要细心保护好”\r\n\r\n　　四庄乡与崇阳县交界，山高林密，森林防火任务繁重。\r\n\r\n　　[IMG]http://www.infol.com.cn/data/upload/circle/theme/0/0/60/04795525875526446.jpg[/IMG]\r\n\r\n　　每年的防火期也是汤瑞金最忙的时候，一到年关，更是防火灾关键时期。大年三十，当别人与家人团聚时，汤瑞金还在巡山头，守哨卡，蹲坟包。\r\n\r\n　　2012年春节，庙下村突发山林大火，汤瑞金接到电话时正在吃饭，他立即放下饭碗，骑上摩托车直奔火灾地点，眉毛和头发被烧掉了一半，也没有退却。\r\n\r\n　　“我把林农当亲人，苗木铺开致富路”\r\n\r\n　　20年前，汤瑞金在原大溪乡当林业站长时，就认识老戴。\r\n\r\n　　2009年，再次见到老戴时，一家五口还借住在亲戚家中，为了帮助老戴脱贫，他把老戴当亲人来帮扶，动员他栽种苗木。\r\n\r\n　　老戴灰心地说：“我只有地，没有钱买树苗。”汤瑞金立即拿出1000元工资，从湖南购进6000株桂花苗送上门，亲自教他栽种，手把手传授技术。不到两年，老戴种上了1万株桂花、红叶石楠等苗木，年收入3万元。\r\n\r\n　　在汤瑞金的指导下，大溪村家家户户都种起了苗木。全村苗木发展到150余亩，仅靠卖桂花苗，年收入近300万元。村里的房子也由原来的土瓦房，变成了一栋栋楼房。(付强)\r\n\r\n　　[IMG]http://www.infol.com.cn/data/upload/circle/theme/0/0/60/04795525887850407.jpg[/IMG]', 3, '写手部落', 5, '城事热点', 60, '皮江星', 3, '1426209015', NULL, NULL, 0, 0, 3, 0, 0, 0, NULL, NULL, '1426209015', 0, 1, 0, 0, 0, 2, 0, 0),
(27, '通城好老师——留守儿童们的”爱心妈妈“', '　　她是通城县隽水寄宿小学主管后勤的副校长，是“留守儿童之家”的负责人，是周五的行政值日第一负责人，是六(8)班的数学老师。她还是上有老，下有小的家庭主妇。这个享受着忙碌的女人就是童四丽。\r\n\r\n\r\n　　2000多人的早晚餐，3000多学生、100多名工友、生活教师和文化教师的中餐，饮食如何安排，怎样确保营养的供给并让大家吃得放心，是童四丽每日工作的一部分。她得配合厨师确定每日菜谱，工作人员采购回来的米、面、油、肉类、蔬菜甚至煤、柴等，她都要亲自参与质检。一到炒菜和就餐时间，她就出现在锅炉房、操作间、餐厅，小本子和笔不离手，见人就张嘴，逢人就唠嗑：碗筷消毒彻底吗?今天的饭菜口味如何?······每周例会上，一桩桩一件件实事求是地通报，该表扬的表扬，该整改的整改。省、市、县相关部门来校检查后勤工作，无需任何准备，每一项工作他都汇报得清清楚楚。近年来，该校先后获得“后勤管理先进单位”、“ 安全卫生先进单位”等荣誉称号。\r\n\r\n               [IMG]http://www.infol.com.cn/data/upload/circle/theme/9/9/49/04796398610305017.jpg[/IMG]\r\n\r\n　　为了关爱留守儿童， 童四丽和学校负责人一同写报告，争取省妇联项目资金;和班主任、科任教师一起作调查，建立留守儿童及其家长、监护人的详细档案;调查了解每一个留守儿童的心愿，并发动所有的“爱心爸爸”“爱心妈妈”(学校教师)帮他们一一实现。她亲手布置“福彩亲情屋”，让“留守儿童之家”温馨、舒适，设备设施齐全。每天，她将QQ挂在网上，方便家长找孩子视频聊天。想拨打亲情电话、需要进行心理疏导的孩子也会去找她。\r\n\r\n　　童四丽说：“饱满的精神是消除疲乏最好的良药。”课堂上，她循循善诱，精讲巧练;课堂下，她培优辅差，细致入微。无论课堂内外，她都神采飞扬， “期末考试居全镇第一位”、“最佳辅导教师”、“优秀数学教师”、“骨干教师”等荣誉接踵而来。\r\n\r\n　　别看童四丽工作忙，可家事一样没落下。前年，她婆婆突然患了脑溢血，人事不省，手术后状况依然不佳。白天，她抽空煲汤做饭，给服侍婆婆的亲戚吃;晚上，她坚持到医院轮班照顾婆婆。她给婆婆按摩、翻身、擦洗、导尿、注射营养剂······不会做的学会了，会做的做得更好了，她俨然成了婆婆的特护。婆婆离世后，她担心公公独自一人在乡下过日子冷清，又主动接公公到小家安度晚年。\r\n\r\n　　谁家有喜事，她会送去祝贺;哪个有困难向她求助，她必尽力相帮。老公工作忙碌，她给予理解;儿子远在他乡，她电话寄语，鼓励儿子奋进。看着她忙碌的身影，我总是想：这个享受着忙碌的女人，什么时候才能按下“暂停键”稍事休憩?\r\n[IMG]http://www.infol.com.cn/data/upload/circle/theme/9/9/49/04796398656477350.jpg[/IMG]', 3, '写手部落', 0, '', 49, '宇先生', 2, '1426296099', NULL, NULL, 0, 0, 3, 0, 0, 0, NULL, NULL, '1426296099', 0, 1, 0, 0, 0, 2, 0, 0),
(28, '3.15来了，你还记的那些普及我们化学知识的东西么？', '　　　又到了一年一度的3.15消费者保护日，今年有哪些商家将在315晚会被“点名”成为了大家关心的话题。当一件和大家切身利益相关的事情变成谈资，说明社会发展又往前跨了一步。\r\n\r\n　　那些年我们在吃喝上普及了化学知识\r\n\r\n　　1、从大米里我们认识了石蜡\r\n\r\n　　2、从火腿里我们认识了敌敌畏\r\n\r\n　　3、从咸鸭蛋、辣椒酱里我们认识了苏丹红\r\n\r\n　　4、从火锅和海鲜里我们认识了福尔马林\r\n\r\n　　5、从银耳、蜜枣里我们认识了硫磺\r\n\r\n　　6、从木耳中认识了硫酸铜\r\n\r\n　　7、从油条中认识了洗衣粉\r\n\r\n　　8、从黄膳中认识了避孕药\r\n\r\n　　9、从腊肉中认识了瘦肉精\r\n\r\n　　10、从馒头中认识了漂白粉\r\n\r\n　　11、白酒中认识了甲醇\r\n\r\n　　12、三鹿让同胞知道了三聚氰胺的化学用途\r\n[IMG]http://www.infol.com.cn/data/upload/circle/theme/9/9/49/04796590684837863.jpg[/IMG]\r\n\r\n　　13：从胶囊中认识了皮鞋的化学用途。\r\n[IMG]http://www.infol.com.cn/data/upload/circle/theme/9/9/49/04796592272655494.jpg[/IMG]\r\n　　网友们为此还编了首打油诗：\r\n\r\n　　苏丹红，吊白块，福尔马林，瘦肉精。\r\n\r\n　　地沟油，敌敌畏，无根豆芽，孔雀绿。\r\n\r\n　　毒黄瓜，塑化剂，齐齐抢购工业盐。\r\n\r\n　　毛发酱油，三聚氰胺，墨汁薯粉嗨翻天。\r\n\r\n　　大头娃娃何须怕?神州遍地化学家。\r\n\r\n　　日本核漏何须怕?百毒不侵是中华\r\n[IMG]http://www.infol.com.cn/data/upload/circle/theme/9/9/49/04796592503687174.png[/IMG]\r\n　　化学没学好是会出人命的，真是用生命在普及化学知识啊!那么多的致癌物都添加到食物中来，真是坑爹呀!还有转基因的东西你们谁引进的谁吃。谁说可以吃的谁吃。\r\n\r\n　　[IMG]http://www.infol.com.cn/data/upload/circle/theme/9/9/49/04796454344245925.jpg[/IMG]\r\n\r\n　　吃的东西都有这么大的问题，用的东西又能好到哪里去了，也难怪那么中产阶级都跑到东洋人那里去抢马桶盖和电饭煲。前两年还疯狂抵制日货上街游行什么的，更有一些奇葩人物背着日本的相机喊着口号。这位大叔难道不知道自己用的佳能是日本产的么?还有那些媒体记者们用的相机恐怕也都是佳能或者尼康吧。\r\n\r\n　　[IMG]http://www.infol.com.cn/data/upload/circle/theme/9/9/49/04796475231196288.jpg[/IMG]\r\n\r\n　　[IMG]http://www.infol.com.cn/data/upload/circle/theme/9/9/49/04796467568897342.jpg[/IMG]\r\n\r\n　　可见东西不分国界只分好坏，哪怕是仇人产的呢，照样漂洋过海去抢购。所以关键不是见不得别人的好，要发展好自己，创造出更好的东西来。只有把中国制造变成中国创造才能让我们自己的品牌站住脚跟。\r\n\r\n　　[IMG]http://www.infol.com.cn/data/upload/circle/theme/9/9/49/04796456358315247.jpg[/IMG]\r\n\r\n　　小编在这预测一下今年将被点名的企业，速腾不用说啦，速腾后悬挂断裂事件，希望一汽大众合理的解释及解决办法。等出了人命就来不及了。那些个制造家用电器企业巨头们，你们真的很让人闹心!洗衣机洗不干净衣服有木有!质量和名气都落后于日本和德国，点名也是必须的，要不然很多人会不高兴。\r\n\r\n　　结语：\r\n\r\n　　消费者维权的问题不是315晚会一次就能够解决的事，只有通过司法的公开、公正和惩戒，才能使得消费市场保持长久的健康。\r\n\r\n　　随着人民生活水平的提高，产品和服务的选择越来越多，假冒伪劣的阶段已经渐渐远去。在未来，保护消费者权益的，需要更加依靠司法的力量。\r\n\r\n　　[IMG]http://www.infol.com.cn/data/upload/circle/theme/9/9/49/04796475183576760.png[/IMG]', 3, '写手部落', 0, '', 49, '宇先生', 2, '1426303569', '宇先生', '1426315254', 0, 0, 9, 0, 0, 0, NULL, NULL, '1426303569', 0, 1, 0, 0, 0, 2, 0, 0),
(29, '通城县直机关单位和义工协会千余人参加植树活动', '　　11日早上8点，通城县100多家县直机关单位和义工协会共计千余人齐聚四庄乡上坪村，为植树活动做准备。\r\n\r\n　　扛上铁锹、拿好树苗，一番安排部署后，大伙沿着蜿蜒山路，向油茶基地进发。\r\n\r\n　　10多分钟过去，大伙陆续来到山头。只见已经平整好的土地上，红色名牌零星分布，将基地划分为多个责任区域;一块写有“建设油茶大县，打造江南油乡”的条幅横在入口处，为参与人员鼓劲加油。\r\n\r\n         [IMG]http://www.infol.com.cn/data/upload/circle/theme/9/9/49/04796658473404470.png[/IMG]\r\n\r\n　　大伙很快便沉浸在了植树的乐趣当中。你掘土，我栽树，你护苗，我培土，一时间热闹非常。\r\n\r\n　　“三埋两踩一提苗，关键是栽下去后要把苗向上提一提，这样就能保障存活率。”在现场指导的县林业局职工张忠武说，局里安排了14个指导小组，提供技术支持。\r\n\r\n　　而在山头的另一边，一群头戴小红帽的义工们正在持锹打眼、扶苗培土，忙得不亦乐乎。今天，他们共有23人参加了植树活动。\r\n                  [IMG]http://www.infol.com.cn/data/upload/circle/theme/9/9/49/04796658423270161.png[/IMG]\r\n\r\n　　“我们每年都会参加这样的活动，这对全县油茶产业的发展有利。”65岁的义工江雄章说。\r\n\r\n　　从上午8点到11点半，植树活动持续3个多小时。期间所有人齐心协力、默契配合，共栽种油茶树苗10万余株，在山坡上栽一片新绿。(记者 程慧　通讯员　王文辉 黎望龙 程懿君)', 3, '写手部落', 5, '城事热点', 49, '宇先生', 2, '1426322984', NULL, NULL, 0, 0, 2, 0, 0, 0, NULL, NULL, '1426322984', 0, 1, 0, 0, 0, 2, 0, 0),
(30, '乳腺癌防治知识', '[IMG]http://www.infol.com.cn/data/upload/shop/member/24/24_04797482114328548.jpg[/IMG]', 2, '百事通有你', 0, '', 24, '骑士红红', 3, '1426404256', NULL, NULL, 0, 0, 8, 0, 0, 0, NULL, NULL, '1426404256', 0, 0, 0, 0, 0, 2, 0, 0),
(31, '子宫颈癌防治知识', '[IMG]http://www.infol.com.cn/data/upload/shop/member/24/24_04797482158503535.jpg[/IMG]', 2, '百事通有你', 0, '', 24, '骑士红红', 3, '1426404328', NULL, NULL, 0, 0, 3, 0, 0, 0, NULL, NULL, '1426404328', 0, 0, 0, 0, 0, 2, 0, 0),
(32, '高中学历可考乡镇干部，作为通城人的你心动了吗？', '　　[FONT-SIZE=22]导读：[/FONT-SIZE]你曾经也有着为人民服务的志愿，作为一个通城人也想为家乡的建设作出自己的贡献。由于学历的原因，你选择远方，南下北上，在他乡生活。现在机会来了，据大楚网今天早上发出的消息：湖北今年招5753名公务员，高中学历可考乡镇干部。你心动了吗?\r\n\r\n               [IMG]http://www.infol.com.cn/data/upload/circle/theme/9/9/49/04799044242835763.jpg[/IMG]\r\n\r\n　　据悉，今年省级机关将招录193人，市(州)级机关招录797人，县(市、区)级机关3796人，乡镇(街道)967人。按照机构类别划分，省直机关及其派出机构201人，各市州、直管市、神农架林区4118人(含公安、森林公安机关1266人)，省以下垂直管理系统1134人，省监狱戒毒系统300人。全省县乡基层机关共招录4763人，占全省总计划的82.8%。今年招录计划同比增加1262人，增量中的1064个计划全部来自县乡基层。\r\n\r\n　　[IMG]http://www.infol.com.cn/data/upload/circle/theme/9/9/49/04799044410674561.jpg[/IMG]\r\n\r\n　　省公务员局考试录用处相关负责人介绍，今年公务员招录降低了基层招录门槛，乡镇(街道)机关继续降低学历、年龄门槛，定向招录147名村(社区)干部。对武陵山、大别山、秦巴山、幕阜山试验区，以及国贫县、省贫县等艰苦边远地区的乡镇职位，学历可放宽到高中(技工学校)、中专。\r\n\r\n　　[IMG]http://www.infol.com.cn/data/upload/circle/theme/9/9/49/04799044405815506.jpg[/IMG]\r\n\r\n　　在新闻中特别提到了幕阜山试验区，学历放宽到高中(技工学校)、中专。我们大通城不就是属于幕阜山么，大家赶紧奔走相告，让有志青年踊跃报考。公招日程表在下面，抓紧准备一下，赶紧报名吧。\r\n\r\n        　　[IMG]http://www.infol.com.cn/data/upload/circle/theme/9/9/49/04799044439462543.jpg[/IMG]\r\n\r\n\r\n　　公招日程表\r\n\r\n　　3月20日-25日网上报名\r\n\r\n　　3月20日-27日网上资格初审\r\n\r\n　　3月29日-4月6日网上确认缴费\r\n\r\n　　4月20日-25日网上下载打印准考证\r\n\r\n　　4月25日在武汉集中举行公共科目笔试\r\n\r\n　　5月底前公布笔试成绩及最低合格分数线\r\n\r\n　　6月上旬组织资格复审及公开调剂\r\n\r\n　　6月下旬全省统一组织面试\r\n\r\n　　8月底前完成全省录用工作\r\n\r\n　　这么大的事，一定要让通城人都知道!', 3, '写手部落', 5, '城事热点', 49, '宇先生', 2, '1426560592', '宇先生', '1426560727', 0, 0, 6, 0, 0, 0, NULL, NULL, '1426560592', 0, 1, 0, 1, 0, 2, 0, 0),
(33, '首部以通城人为原型的电影在央视播出你看了没？', '[FONT-SIZE=16]\r\n　　　　3月15日晚，CCTV—6黄金时段播出电影电《缉毒》这部电影是以通城县公安局禁毒大队教导员、全国公安二级英模、第二届“湖北最美警察”杨雄因公殉职的故事为背景，讲述缉毒民警深入虎穴、不畏凶险，与贩毒分子作斗争的英雄故事。\r\n\r\n      [IMG]http://www.infol.com.cn/data/upload/circle/theme/9/9/49/04799272394562161.jpg[/IMG]\r\n\r\n　　这部电影全部在武汉、咸宁实景拍摄，省、市公安部门为本片提供了大力支持。电影里面的杨雄原型由《水浒传》中的“武松”丁海峰饰演，杨雄的战友们也在片中本色出演，场面非常震撼。\r\n\r\n　　电影《缉毒》故事简介\r\n\r\n　　[IMG]http://www.infol.com.cn/data/upload/circle/theme/9/9/49/04799272571774223.png[/IMG]\r\n\r\n　　九十年代末的香城，一个宁静的夜晚，警察杨胜在杨大成的家中搜出毒品。看着昔日的好友竟沦丧为毒贩，杨胜痛心不已。\r\n\r\n　　杨大成被判刑十年，杨胜收养了杨大成年仅12岁的儿子杨林，给了他一个温暖的家庭。\r\n\r\n　　转眼十几年过去了，杨林在杨胜的抚养下已参加工作，但却被人引诱吸毒染上了毒瘾。\r\n\r\n　　郊区查出了制毒工厂，杨胜是这次行动的前线指挥人。深夜，缉毒警察将制毒工厂包围，但因为内线刀疤的临时反水，警察虽然抓获了大部分制毒犯罪嫌疑人和缴获了大批的毒品及原料，但以马日强(工厂老板)、杜中肖(制毒师)为首的几个大毒贩却跑进了深山。\r\n\r\n　　当得知杨林沦为一个毒贩，与马日强、杜中肖在一起时，杨胜自责不已，决心要救出杨林。\r\n\r\n　　面对这个事实，杨胜只得回避，暂时退出了这件案子。虽然回到家中，但杨胜继续关注这一案子，并通过一系列发生的事情，推断出狱病故的杨大成并没有真死，就是大毒枭“大佬”。\r\n\r\n　　总队专案组对杨胜的报告分析后，迅速作出布置，将“大佬”、杜中肖等毒贩围堵在江中。关键时刻，杨林将“大佬”(生父杨大成)送入警察的包围圈。最后关头，杨胜为了救杨林壮烈牺牲，用生命谱写了一曲缉毒英雄之歌。\r\n\r\n[FONT-SIZE=18][B]　　我们该如何远离毒品呢?拒绝毒品呢?[/B][/FONT-SIZE]\r\n\r\n\r\n　　最近时不时的在网络中，新闻里就会曝光名人明星吸毒的案件。人们都知道吸毒不好，害人害己，那为什么还有那么多人吸毒呢，我们应该怎样远离毒品，拒绝毒品呢?\r\n[IMG]http://www.infol.com.cn/data/upload/circle/theme/9/9/49/04799278807877205.jpg[/IMG]\r\n　　很多青少年沾染毒品，都是在去酒吧，歌厅的时候，放松警惕，接受了陌生人赠送的香烟，饮料而误入歧途的，事后又不敢跟家长说明，导致事情越来越糟糕，无法收场。作为青少年，建议大家最好还是少去那些娱乐场所为宜。\r\n\r\n　　尽量不要结识有不良习惯的人群。\r\n[IMG]http://www.infol.com.cn/data/upload/circle/theme/9/9/49/04799278841410878.png[/IMG]\r\n　　网络飞速发展的今天，使得年轻人交友更容易，但是也更容易被坏人蛊惑，利用。所以，交友也需要谨慎，但凡发现所交之人有不良嗜好，都应该避而远之，正所谓，近朱者赤近墨者黑。\r\n\r\n　　树立正确的人生观，价值观。\r\n\r\n　　时下年轻人非常流行一些非主流的东西，不是颓废，就是堕落，严重的是负能量。年轻人，就应该多读一些积极上进，温暖向上的书籍，使得自己有一颗正直善良的心，对社会有一个正确理性的态度。\r\n\r\n　　对任何形式的毒品要时刻保持警惕，不要盲目的好奇或者尝试。\r\n\r\n　　容易被毒品吸引的人群，都是青少年，他们好奇心强，自制力弱，容易抱着猎奇的心态，去尝一尝，试一试，希望从中体验不一样的刺激。这些其实都是不可取的，很容易让人沦陷为吸毒者。\r\n\r\n　　不小心沾染上毒品，要立即去戒毒所寻求帮助。\r\n\r\n　　无论是出于好奇刚刚开始尝试，还是已经误入歧途的年轻人，一旦沾染毒品，一定要快速去戒毒所，戒毒中心去寻求专业人士的帮助，千万不能一错再错的任由自己堕落下去，否则，毁了自己的人生，也伤害了深爱自己的父母亲人。生命只有一次，千万不要随意践踏。\r\n\r\n                 [IMG]http://www.infol.com.cn/data/upload/circle/theme/9/9/49/04799278816777960.jpg[/IMG]\r\n\r\n　　吸毒于国、于民、于己有百害而无一利!毒品摧毁的不但是人的肉体，也是人的意志 。生命只有一次，失去它，就如同花儿失去了阳光、青山失去了绿水、夜莺失去了歌喉，生命之火的暗淡，使美丽是失了颜色，妖娆变得憔悴，请珍惜生命，远离毒品，毒品带给人类的只会是毁灭。\r\n\r\n　　鸦片、海洛英、冰毒、麻果、K粉、摇头丸……这些毒品，就像一条条冰冷的毒蛇，一方面披着华丽的外衣，诱人上钩;一方面隐身于阴暗处，伺机而动。吸毒者在自我毁灭的同时，也破害自己的家庭，使家庭陷入经济破产、亲属离散、甚至家破人亡的困难境地!并且对社会生产力有巨大的破坏性，还扰乱社会治安，带给人们巨大的威胁，毒品活动造成环境恶化，并逐年缩小了人类的生存空间。\r\n\r\n　　“珍惜生命，远离毒品”，对每一个人而言，决不仅仅是一句简单的口号。有些路，永远不能走;有的错，永远都不能犯!\r\n[/FONT-SIZE]', 3, '写手部落', 0, '', 49, '宇先生', 2, '1426583420', '宇先生', '1426584057', 0, 0, 5, 0, 0, 0, NULL, NULL, '1426583420', 0, 1, 0, 1, 0, 2, 0, 0),
(34, '想知道为什么你老是接到骚扰电话？告诉你真相！', '　　“您好，办理银行贷款你需要吗?”\r\n\r\n　　“本公司有个行业正规发票。”\r\n\r\n　　“咱们有做理财计划吗?”\r\n\r\n　　“您需要贷款吗?”\r\n\r\n　　[IMG]http://www.infol.com.cn/data/upload/circle/theme/9/9/49/04799895943268116.jpg[/IMG]\r\n\r\n　　相信大家每天都会被这样的电话骚扰得不厌其烦，为什么每天我们会接到这么多骚扰电话?这些电话又是从哪里打出来的呢?\r\n　　[IMG]http://www.infol.com.cn/data/upload/circle/theme/9/9/49/04799896702777250.png[/IMG]\r\n\r\n　　据央视财经报道：骚扰电话不胜其扰，诈骗电话步步惊心，中国移动、中国电信居然是背后推手\r\n\r\n　　技术专家：这种群呼的骚扰电话，运营商在它的后台可以关停。但运营商并没有关停骚扰电话，反而提供各种支持，支招如何建立骚扰电话呼叫中心，因为在这背后有一条利益链，每一分钟骚扰电话运营商收益5、6分钱\r\n\r\n　　[IMG]http://www.infol.com.cn/data/upload/circle/theme/9/9/49/04799896405078694.jpg[/IMG]\r\n\r\n　　在全国，这样的呼叫中心还有很多。每天，他们源源不断地将骚扰电话拨向各地的用户。每家公司都几十个话务员，每天的工作就是打电话，推销产品。不停地打，平均每人一天打400多个。这些公司往系统里直接导入十几万电话号码，系统还会模拟人工，语音自动群呼，自动拨打电话，电话量更加惊人。\r\n\r\n　　[IMG]http://www.infol.com.cn/data/upload/circle/theme/9/9/49/04799896676412523.jpg[/IMG]\r\n\r\n　　每天成千上万的骚扰电话让用户苦不堪言，一些手机用户会安装软件，对骚扰电话进行拦截、屏蔽，然而呼叫中心却和用户玩起了攻防战。几天换一批号码，甚至可以随心所欲地任意显示号码。\r\n\r\n　　某呼叫中心话务员乙：我要想显示110都可以。\r\n\r\n　　尽管知道滥用透传技术显示虚假主叫号码进行诈骗属于违法行为 受利益驱使 一些运营商实际仍为骚扰电话提供各种支持\r\n　　[IMG]http://www.infol.com.cn/data/upload/circle/theme/9/9/49/04799896720372292.png[/IMG]\r\n\r\n　　在运营商的默许和技术公司的大力支持下，呼叫中心将越来越多的电话拨给了用户，而我们也只能一次又一次地被骚扰，一次又一次地被动应付。\r\n\r\n　　终于明白骚扰电话为什么会这么大行其道。从运营商到技术公司，已经形成了一个完整的产业链。 只愿以后没有骚扰电话，垃圾短信也不要有！', 2, '百事通有你', 0, '', 49, '宇先生', 3, '1426645925', '宇先生', '1426645997', 0, 0, 4, 0, 0, 0, NULL, NULL, '1426645925', 0, 1, 0, 1, 0, 2, 0, 0),
(35, '三月百花开，通城踏青赏花好去处，赶快分享!', '　　春风吹拂，万物复苏，正是人们拥抱大自然的好时节。通城的油菜花最先开，看到好多朋友都晒出了在花丛中的各种照片。三月百花开，在我们通城也可以看到百花盛开的景象，只要你愿意走到户外去，哪里都是花香鸟语。\r\n　　[IMG]http://www.infol.com.cn/data/upload/circle/theme/9/9/49/04799919292602621.jpg[/IMG]\r\n　　[B]粉红的樱桃花海[/B]\r\n　　[IMG]http://www.infol.com.cn/data/upload/circle/theme/9/9/49/04799923972535250.png[/IMG]\r\n　　黄袍山天潭东南侧的三峰、二峰、主峰到经堂绵延数里的山坡，漫山遍野生长着至少十万棵野生樱桃树，每年的3月中旬到4月初，这里就成了一片片粉红樱桃花的海洋。\r\n\r\n　　[B]雪白的玉兰花海[/B]\r\n　　[IMG]http://www.infol.com.cn/data/upload/circle/theme/9/9/49/04799924201828812.png[/IMG]\r\n　　位于黄袍山古道吊桥旁边有数百亩药材林望春树(又名梓夷树、玉兰树)，每到3月春风时节，这里的望春树也会盛开朵朵鲜花，一片雪白的白玉兰花海。\r\n\r\n　　[B]金黄的油菜花海[/B]\r\n　　[IMG]http://www.infol.com.cn/data/upload/circle/theme/9/9/49/04799923784274466.jpg[/IMG]\r\n　　黄袍山下塘湖镇城墙山铁山畈是通城县的油菜种植示范区，这里种植了近千亩油菜，每到3月中旬，一片金黄的油菜花海。由于油菜基地位于塘湖集镇不远处，这里交通便利，受着广大踏春市民的喜爱，也是摄影爱好者、新娘拍摄婚衫照的好去处。\r\n\r\n[B]温馨提示：[/B]\r\n　　[IMG]http://www.infol.com.cn/data/upload/circle/theme/9/9/49/04799939772321751.jpg[/IMG]\r\n　　每到春分时节，过敏体质的人接触或吸入花粉，可能诱发过敏性哮喘和过敏性鼻炎，出现喷嚏、咳嗽、皮肤瘙痒等症状，门诊的哮喘患者较其他时也会格外增加。曾主任提醒广大市工，春景虽美，但赏花需谨慎，有过敏体质或有哮喘病史的人，尽量避免与花儿亲密接触。\r\n\r\n　　春季应该如何防范过敏性哮喘的急性加重? 专家表示，避免接触致敏原，尽量少去花粉、粉尘较多的地方，若遇皮肤发痒、咳嗽、气急时，应迅速离开此地，及时前往医院就诊;\r\n\r\n　　外出回家后应及时洗手、洗头，减少花粉的影响; 而居住在高层楼房的人，在干热和有风时，可关闭窗户。居住在有空调的房间或空气经过过滤的房间，避免在室内养花。\r\n\r\n　　另外，对哮喘病人采取规范化治疗是减少哮喘急性发作的重要措施，哮喘患者还应掌握药物的吸入技术，外出时随身携带药物。', 3, '写手部落', 0, '', 49, '宇先生', 2, '1426650012', '宇先生', '1426650130', 0, 0, 6, 0, 0, 0, NULL, NULL, '1426650012', 0, 1, 0, 1, 0, 2, 0, 0),
(36, '名人足迹留通城之三：大禹 治水壁刻铭文', '[B][FONT-SIZE=16]　　大禹名文命，字高密，号禹，姒姓夏后氏，传说为帝颛顼的曾孙，黄帝轩辕氏第六代玄孙，是古代一位具有雄才大略的政治家、伟人　。禹是夏后氏首领， 夏朝的第一位天子，因此后人也称他为夏禹。他是我国传说时代与尧、舜齐名的贤圣帝王，最卓著的功绩就是历来被传颂的治理滔天洪水，并且划定了中国国土为九州。\r\n\r\n　　[IMG]http://www.infol.com.cn/data/upload/circle/theme/10/0/50/04800697104038362.jpg[/IMG]\r\n\r\n　　相传远古时期，天地茫茫，宇宙洪荒，人民饱受海浸水淹之苦，鄂南地区包括通城在内也是一片汪洋泽国。这一远古的自然灾害，不仅流下了通城地区人们代代相传的洪水淹天的故事，还给这一地区的山川地理名称，染上了一笔难以抹去和水有关的色彩。\r\n\r\n　　通城境内的两座高山，一是海拨高达1596米的幕阜山(在通城范围叫黄龙山)，山中至今仍留下了“缆船坡” “系舟峰”“ 系船石 ” “ 烂船坡 ” 等地名，就是此山远古还处在泽国之中的有力证明。二是海拔高达1360米的药姑山，也有一个高山峰坡的名称叫烂船坡，并且这一峰坡的药材资源非常丰富。药姑山被称为华中药库，它的名贵药材大都集中在此坡生长，如李时珍在《本草纲目》里所写“难得一把五加，不求金玉满车”中的“五加”，现在还在烂船坡一带俯手皆是。据当地老人讲，这一山坡生长药材的原因是远古洪灾时，有一艘满载药材的船只在此处沉翻，种籽洒落此地。药姑山的山峰坡的名称和传说,也有力地说明了通城区域远古处于荒洪之中。\r\n\r\n　　[IMG]http://www.infol.com.cn/data/upload/circle/theme/10/0/50/04800699026915782.png[/IMG]\r\n\r\n　　根据历史记载,洪水为灾时，正值尧帝时代，百姓愁苦不堪。尧帝开始起用禹的父亲鲧治理洪水。鲧治水逢洪筑坝，遇水建堤，采用“堙”的办法，九年而水患依旧肆虐。尧的助手舜行视鲧治水无功，将他诛杀在羽山。接着命鲧的儿子禹继任治水之事。禹接受任务以后，立即与益和后稷一起，召集百姓前来协助。他视察河道，并检讨鲧失败的原因，决定改革治水方法，变堵截为疏导，亲自翻山越岭，淌河过川，拿着工具，从西向东，一路勘测地形的高低，树立标杆，规划水道，踏遍九州。在治水的过程中，他来到了洪灾泛滥的江南，到了汪洋泽地的鄂南，登上了江南中段的制高点幕阜山，察看四周的水情，审视地形和水的流向，对这一带的洪水进行了可能是人类有史以来最初的治理。\r\n\r\n　　[IMG]http://www.infol.com.cn/data/upload/circle/theme/10/0/50/04800701316055033.jpg[/IMG]\r\n\r\n　　晋代葛洪对这一远古的历史事件,在他撰写的《幕阜山记》中就有记载：“ 山，有石壁刻铭，上言：禹治水，登此山”。且至今历经几千年，“禹治水，登此山”的石壁铭文，还在幕阜山一山峰石壁上清晰可辩。当地还流传大禹在幕阜山治水时期，祭祀伏羲的故事，说他时而蹑地飞天，时而三五迹步，从幕阜山的缆船坡，系舟峰，一直到一峰尖，都留下了禹帝的足迹，后世称“禹步”。现在在通城民间的祭祀祷神仪式中，还可以看到道士们的此种古老步法动作，赋予它可遣神召灵，获七星之神气，聚气驱邪的神奇力量。[/FONT-SIZE][/B]', 3, '写手部落', 0, '', 50, 'liyulinlaoshi', 3, '1426726752', 'liyulinlaoshi', '1426727671', 0, 0, 4, 0, 0, 0, NULL, NULL, '1426726752', 0, 1, 0, 0, 0, 2, 0, 0);

-- --------------------------------------------------------

--
-- 表的结构 `cor_circle_thg`
--

CREATE TABLE IF NOT EXISTS `cor_circle_thg` (
  `themegoods_id` int(11) NOT NULL AUTO_INCREMENT COMMENT '主题商品id',
  `theme_id` int(11) NOT NULL COMMENT '主题id',
  `reply_id` int(11) unsigned NOT NULL DEFAULT '0' COMMENT '回复id',
  `circle_id` int(11) unsigned NOT NULL COMMENT '圈子id',
  `goods_id` int(11) NOT NULL COMMENT '商品id',
  `goods_name` varchar(100) NOT NULL COMMENT '商品名称',
  `goods_price` decimal(10,2) NOT NULL COMMENT '商品价格',
  `goods_image` varchar(1000) NOT NULL COMMENT '商品图片',
  `store_id` int(11) NOT NULL COMMENT '店铺id',
  `thg_type` tinyint(4) NOT NULL DEFAULT '0' COMMENT '商品类型 0为本商城、1为淘宝 默认为0',
  `thg_url` varchar(1000) DEFAULT NULL COMMENT '商品链接',
  PRIMARY KEY (`themegoods_id`)
) ENGINE=InnoDB DEFAULT CHARSET=utf8 COMMENT='主题商品表' AUTO_INCREMENT=1 ;

-- --------------------------------------------------------

--
-- 表的结构 `cor_circle_thpoll`
--

CREATE TABLE IF NOT EXISTS `cor_circle_thpoll` (
  `theme_id` int(11) unsigned NOT NULL COMMENT '话题id',
  `poll_multiple` tinyint(3) unsigned NOT NULL COMMENT '单/多选 0单选、1多选',
  `poll_startime` varchar(10) NOT NULL COMMENT '开始时间',
  `poll_endtime` varchar(10) NOT NULL COMMENT '结束时间',
  `poll_days` tinyint(3) unsigned NOT NULL COMMENT '投票天数',
  `poll_voters` mediumint(8) unsigned NOT NULL DEFAULT '0' COMMENT '投票参与人数',
  PRIMARY KEY (`theme_id`)
) ENGINE=InnoDB DEFAULT CHARSET=utf8 COMMENT='投票表';

-- --------------------------------------------------------

--
-- 表的结构 `cor_circle_thpolloption`
--

CREATE TABLE IF NOT EXISTS `cor_circle_thpolloption` (
  `pollop_id` int(11) unsigned NOT NULL AUTO_INCREMENT COMMENT '投票选项id',
  `theme_id` int(11) unsigned NOT NULL COMMENT '话题id',
  `pollop_option` varchar(80) NOT NULL COMMENT '投票选项',
  `pollop_votes` mediumint(8) unsigned NOT NULL DEFAULT '0' COMMENT '得票数',
  `pollop_sort` tinyint(3) unsigned NOT NULL DEFAULT '0' COMMENT '排序',
  `pollop_votername` mediumtext COMMENT '投票者名称',
  PRIMARY KEY (`pollop_id`)
) ENGINE=InnoDB DEFAULT CHARSET=utf8 COMMENT='投票选项表' AUTO_INCREMENT=1 ;

-- --------------------------------------------------------

--
-- 表的结构 `cor_circle_thpollvoter`
--

CREATE TABLE IF NOT EXISTS `cor_circle_thpollvoter` (
  `theme_id` int(11) unsigned NOT NULL COMMENT '话题id',
  `member_id` int(11) unsigned NOT NULL COMMENT '成员id',
  `member_name` varchar(50) NOT NULL COMMENT '成员名称',
  `pollvo_options` mediumtext NOT NULL COMMENT '投票选项',
  `pollvo_time` varchar(10) NOT NULL COMMENT '投票选项',
  KEY `theme_id` (`theme_id`,`member_id`)
) ENGINE=InnoDB DEFAULT CHARSET=utf8 COMMENT='成员投票信息表';

-- --------------------------------------------------------

--
-- 表的结构 `cor_circle_threply`
--

CREATE TABLE IF NOT EXISTS `cor_circle_threply` (
  `theme_id` int(11) unsigned NOT NULL COMMENT '主题id',
  `reply_id` int(11) unsigned NOT NULL AUTO_INCREMENT COMMENT '评论id',
  `circle_id` int(11) unsigned NOT NULL COMMENT '圈子id',
  `member_id` int(11) unsigned NOT NULL COMMENT '会员id',
  `member_name` varchar(50) NOT NULL COMMENT '会员名称',
  `reply_content` text NOT NULL COMMENT '评论内容',
  `reply_addtime` varchar(10) NOT NULL COMMENT '发表时间',
  `reply_replyid` int(11) unsigned DEFAULT NULL COMMENT '回复楼层id',
  `reply_replyname` varchar(50) DEFAULT NULL COMMENT '回复楼层会员名称',
  `is_closed` tinyint(4) NOT NULL DEFAULT '0' COMMENT '屏蔽 1是 0否',
  `reply_exp` int(11) unsigned NOT NULL DEFAULT '0' COMMENT '获得经验',
  PRIMARY KEY (`theme_id`,`reply_id`)
) ENGINE=MyISAM DEFAULT CHARSET=utf8 COMMENT='主题评论表' AUTO_INCREMENT=1 ;

--
-- 转存表中的数据 `cor_circle_threply`
--

INSERT INTO `cor_circle_threply` (`theme_id`, `reply_id`, `circle_id`, `member_id`, `member_name`, `reply_content`, `reply_addtime`, `reply_replyid`, `reply_replyname`, `is_closed`, `reply_exp`) VALUES
(1, 1, 1, 5, 'xiner', '讲得好，感觉加入这个圈子真能学习不少知识，赞！', '1417647518', NULL, NULL, 0, 1),
(7, 1, 3, 5, 'xiner', '拜读先生大作，自己第一次感到出门的责任原来如此之大。回家，身体的回家，思想的回归。小家、大家、家事、国事，事事关心，确是我们这个社会应该倡导的。', '1425633362', NULL, NULL, 0, 1),
(7, 2, 3, 49, '宇先生', '在外面照顾好自己，多学习新事物。[SMILIER=kiss/]', '1425696385', 1, 'xiner', 0, 0),
(7, 3, 3, 52, '信念', '出门 与回家两个词，本是我们平时日常生活最熟悉不过的事物了；\r\n可是！宇先生此文的讲述却超出了我的见解之外，从古到今的详细描述了家不同定义，而每次出门都有不同的选择，就像这世间的路途，有无数条，选择每一条路，都会览不同的风景，接触形形色色的人，学会不断的成长和放飞对美好生活的希望……而每一次的回归，是心灵的最朴实纯真的贴近，是褪去了保护色后最真实的自己，是肆无忌惮的可以任性的面对自己最亲爱的人……原来出门和回家，都可以是这般的美好！', '1425741497', NULL, NULL, 0, 1),
(7, 4, 3, 49, '宇先生', '愿你过得好，快乐没烦恼。[SMILIER=evilgrin/]', '1425884830', 3, '信念', 0, 0),
(10, 1, 3, 63, '广场有鸟', '春晚莫文蔚的演唱，很好地诠释了诗歌。', '1426123850', NULL, NULL, 0, 1);

-- --------------------------------------------------------

--
-- 表的结构 `cor_cms_article`
--

CREATE TABLE IF NOT EXISTS `cor_cms_article` (
  `article_id` int(10) unsigned NOT NULL AUTO_INCREMENT COMMENT '文章编号',
  `article_title` varchar(50) NOT NULL COMMENT '文章标题',
  `article_class_id` int(10) unsigned NOT NULL DEFAULT '0' COMMENT '文章分类编号',
  `article_origin` varchar(50) DEFAULT NULL COMMENT '文章来源',
  `article_origin_address` varchar(255) DEFAULT NULL COMMENT '文章来源链接',
  `article_author` varchar(50) NOT NULL COMMENT '文章作者',
  `article_abstract` varchar(140) DEFAULT NULL COMMENT '文章摘要',
  `article_content` text COMMENT '文章正文',
  `article_image` varchar(255) DEFAULT NULL COMMENT '文章图片',
  `article_keyword` varchar(255) DEFAULT NULL COMMENT '文章关键字',
  `article_link` varchar(255) DEFAULT NULL COMMENT '相关文章',
  `article_goods` text COMMENT '相关商品',
  `article_start_time` int(10) unsigned NOT NULL DEFAULT '0' COMMENT '文章有效期开始时间',
  `article_end_time` int(10) unsigned NOT NULL DEFAULT '0' COMMENT '文章有效期结束时间',
  `article_publish_time` int(10) unsigned NOT NULL DEFAULT '0' COMMENT '文章发布时间',
  `article_click` int(10) unsigned NOT NULL DEFAULT '0' COMMENT '文章点击量',
  `article_sort` tinyint(1) unsigned NOT NULL DEFAULT '0' COMMENT '文章排序0-255',
  `article_commend_flag` tinyint(1) unsigned NOT NULL DEFAULT '0' COMMENT '文章推荐标志0-未推荐，1-已推荐',
  `article_comment_flag` tinyint(1) unsigned NOT NULL DEFAULT '1' COMMENT '文章是否允许评论1-允许，0-不允许',
  `article_verify_admin` varchar(50) DEFAULT NULL COMMENT '文章审核管理员',
  `article_verify_time` int(10) unsigned NOT NULL DEFAULT '0' COMMENT '文章审核时间',
  `article_state` tinyint(1) unsigned NOT NULL DEFAULT '1' COMMENT '1-草稿、2-待审核、3-已发布、4-回收站',
  `article_publisher_name` varchar(50) NOT NULL COMMENT '发布者用户名 ',
  `article_publisher_id` int(10) unsigned NOT NULL COMMENT '发布者编号',
  `article_type` tinyint(1) unsigned NOT NULL COMMENT '文章类型1-管理员发布，2-用户投稿',
  `article_attachment_path` varchar(50) NOT NULL COMMENT '文章附件路径',
  `article_image_all` text COMMENT '文章全部图片',
  `article_modify_time` int(10) unsigned NOT NULL DEFAULT '0' COMMENT '文章修改时间',
  `article_tag` varchar(255) DEFAULT NULL COMMENT '文章标签',
  `article_comment_count` int(10) unsigned NOT NULL COMMENT '文章评论数',
  `article_attitude_1` int(10) unsigned NOT NULL DEFAULT '0' COMMENT '文章心情1',
  `article_attitude_2` int(10) unsigned NOT NULL DEFAULT '0' COMMENT '文章心情2',
  `article_attitude_3` int(10) unsigned NOT NULL DEFAULT '0' COMMENT '文章心情3',
  `article_attitude_4` int(10) unsigned NOT NULL DEFAULT '0' COMMENT '文章心情4',
  `article_attitude_5` int(10) unsigned NOT NULL DEFAULT '0' COMMENT '文章心情5',
  `article_attitude_6` int(10) unsigned NOT NULL DEFAULT '0' COMMENT '文章心情6',
  `article_title_short` varchar(50) NOT NULL DEFAULT '' COMMENT '文章短标题',
  `article_attitude_flag` tinyint(1) unsigned NOT NULL DEFAULT '1' COMMENT '文章态度开关1-允许，0-不允许',
  `article_commend_image_flag` tinyint(1) unsigned NOT NULL DEFAULT '0' COMMENT '文章推荐标志(图文)',
  `article_share_count` int(10) unsigned NOT NULL DEFAULT '0' COMMENT '文章分享数',
  `article_verify_reason` varchar(255) DEFAULT NULL COMMENT '审核失败原因',
  PRIMARY KEY (`article_id`)
) ENGINE=InnoDB DEFAULT CHARSET=utf8 COMMENT='CMS文章表' AUTO_INCREMENT=1 ;

-- --------------------------------------------------------

--
-- 表的结构 `cor_cms_article_attitude`
--

CREATE TABLE IF NOT EXISTS `cor_cms_article_attitude` (
  `attitude_id` int(10) unsigned NOT NULL AUTO_INCREMENT COMMENT '心情编号',
  `attitude_article_id` int(10) unsigned NOT NULL COMMENT '文章编号',
  `attitude_member_id` int(10) unsigned NOT NULL COMMENT '用户编号',
  `attitude_time` int(10) unsigned NOT NULL COMMENT '发布心情时间',
  PRIMARY KEY (`attitude_id`)
) ENGINE=InnoDB DEFAULT CHARSET=utf8 COMMENT='CMS文章心情表' AUTO_INCREMENT=1 ;

-- --------------------------------------------------------

--
-- 表的结构 `cor_cms_article_class`
--

CREATE TABLE IF NOT EXISTS `cor_cms_article_class` (
  `class_id` int(10) unsigned NOT NULL AUTO_INCREMENT COMMENT '分类编号 ',
  `class_name` varchar(50) NOT NULL COMMENT '分类名称',
  `class_sort` tinyint(1) unsigned NOT NULL DEFAULT '255' COMMENT '排序',
  PRIMARY KEY (`class_id`)
) ENGINE=InnoDB DEFAULT CHARSET=utf8 COMMENT='cms文章分类表' AUTO_INCREMENT=1 ;

-- --------------------------------------------------------

--
-- 表的结构 `cor_cms_comment`
--

CREATE TABLE IF NOT EXISTS `cor_cms_comment` (
  `comment_id` int(10) unsigned NOT NULL AUTO_INCREMENT COMMENT '评论编号',
  `comment_type` tinyint(1) NOT NULL COMMENT '评论类型编号',
  `comment_object_id` int(10) unsigned NOT NULL COMMENT '推荐商品编号',
  `comment_message` varchar(2000) NOT NULL COMMENT '评论内容',
  `comment_member_id` int(10) unsigned NOT NULL COMMENT '评论人编号',
  `comment_time` int(10) unsigned NOT NULL COMMENT '评论时间',
  `comment_quote` varchar(255) DEFAULT NULL COMMENT '评论引用',
  `comment_up` int(10) unsigned NOT NULL COMMENT '顶数量',
  PRIMARY KEY (`comment_id`)
) ENGINE=InnoDB DEFAULT CHARSET=utf8 COMMENT='CMS评论表' AUTO_INCREMENT=1 ;

-- --------------------------------------------------------

--
-- 表的结构 `cor_cms_comment_up`
--

CREATE TABLE IF NOT EXISTS `cor_cms_comment_up` (
  `up_id` int(10) unsigned NOT NULL AUTO_INCREMENT COMMENT '顶编号',
  `comment_id` int(10) unsigned NOT NULL COMMENT '评论编号',
  `up_member_id` int(10) unsigned NOT NULL COMMENT '用户编号',
  `up_time` int(10) unsigned NOT NULL COMMENT '评论时间',
  PRIMARY KEY (`up_id`)
) ENGINE=InnoDB DEFAULT CHARSET=utf8 COMMENT='CMS评论顶表' AUTO_INCREMENT=1 ;

-- --------------------------------------------------------

--
-- 表的结构 `cor_cms_index_module`
--

CREATE TABLE IF NOT EXISTS `cor_cms_index_module` (
  `module_id` int(10) unsigned NOT NULL AUTO_INCREMENT COMMENT '模块编号',
  `module_title` varchar(50) DEFAULT '' COMMENT '模块标题',
  `module_name` varchar(50) NOT NULL COMMENT '模板名称',
  `module_type` varchar(50) DEFAULT '' COMMENT '模块类型，index-固定内容、article1-文章模块1、article2-文章模块2、micro-微商城、adv-通栏广告',
  `module_sort` tinyint(1) unsigned DEFAULT '255' COMMENT '排序',
  `module_state` tinyint(1) unsigned DEFAULT '1' COMMENT '状态1-显示、0-不显示',
  `module_content` text COMMENT '模块内容',
  `module_style` varchar(50) NOT NULL DEFAULT 'style1' COMMENT '模块主题',
  `module_view` tinyint(3) unsigned NOT NULL DEFAULT '1' COMMENT '后台列表显示样式 1-展开 2-折叠',
  PRIMARY KEY (`module_id`)
) ENGINE=InnoDB  DEFAULT CHARSET=utf8 COMMENT='CMS首页模块表' AUTO_INCREMENT=8 ;

--
-- 转存表中的数据 `cor_cms_index_module`
--

INSERT INTO `cor_cms_index_module` (`module_id`, `module_title`, `module_name`, `module_type`, `module_sort`, `module_state`, `module_content`, `module_style`, `module_view`) VALUES
(1, '综合模块', 'index', 'index', 1, 1, NULL, 'style1', 1),
(2, '微商城模块', 'micro', 'micro', 2, 1, NULL, 'style1', 1),
(3, '文章模块1', 'article1', 'article1', 3, 1, NULL, 'style1', 1),
(4, '文章模块2', 'article2', 'article2', 5, 0, NULL, 'style1', 1),
(5, '通栏广告模块', 'adv', 'adv', 0, 1, NULL, 'style1', 1),
(6, '通栏广告模块', 'adv', 'adv', 4, 1, NULL, 'style1', 1),
(7, '通栏广告模块', 'adv', 'adv', 6, 1, NULL, 'style1', 1);

-- --------------------------------------------------------

--
-- 表的结构 `cor_cms_module`
--

CREATE TABLE IF NOT EXISTS `cor_cms_module` (
  `module_id` int(10) unsigned NOT NULL AUTO_INCREMENT COMMENT '模板模块编号',
  `module_title` varchar(50) NOT NULL DEFAULT '' COMMENT '模板模块标题',
  `module_name` varchar(50) NOT NULL DEFAULT '' COMMENT '模板名称',
  `module_type` varchar(50) NOT NULL DEFAULT '' COMMENT '模板模块类型，index-固定内容、article1-文章模块1、article2-文章模块2、micro-微商城、adv-通栏广告',
  `module_class` tinyint(3) unsigned NOT NULL DEFAULT '1' COMMENT '模板模块种类1-系统自带 2-用户自定义',
  PRIMARY KEY (`module_id`)
) ENGINE=InnoDB  DEFAULT CHARSET=utf8 COMMENT='CMS模板模块表' AUTO_INCREMENT=6 ;

--
-- 转存表中的数据 `cor_cms_module`
--

INSERT INTO `cor_cms_module` (`module_id`, `module_title`, `module_name`, `module_type`, `module_class`) VALUES
(1, '综合模块', 'index', 'index', 1),
(2, '微商城模块', 'micro', 'micro', 1),
(3, '文章模块1', 'article1', 'article1', 1),
(4, '文章模块2', 'article2', 'article2', 1),
(5, '通栏广告模块', 'adv', 'adv', 1);

-- --------------------------------------------------------

--
-- 表的结构 `cor_cms_module_assembly`
--

CREATE TABLE IF NOT EXISTS `cor_cms_module_assembly` (
  `assembly_id` int(10) unsigned NOT NULL AUTO_INCREMENT COMMENT '组件编号',
  `assembly_title` varchar(50) NOT NULL COMMENT '组件标题',
  `assembly_name` varchar(50) NOT NULL COMMENT '组件名称',
  `assembly_explain` varchar(255) NOT NULL COMMENT '组件说明',
  PRIMARY KEY (`assembly_id`)
) ENGINE=InnoDB  DEFAULT CHARSET=utf8 COMMENT='cms模块组件表' AUTO_INCREMENT=10 ;

--
-- 转存表中的数据 `cor_cms_module_assembly`
--

INSERT INTO `cor_cms_module_assembly` (`assembly_id`, `assembly_title`, `assembly_name`, `assembly_explain`) VALUES
(1, '文章', 'article', '文章组件'),
(2, '图片', 'picture', '图片组件'),
(3, '商品', 'goods', '商品组件'),
(4, '品牌', 'brand', '品牌组件'),
(5, '图文', 'article_image', '图文'),
(6, '店铺', 'store', '店铺'),
(7, '会员', 'member', '会员'),
(8, 'FLASH', 'flash', 'FLASH'),
(9, '自定义', 'html', '自定义');

-- --------------------------------------------------------

--
-- 表的结构 `cor_cms_module_frame`
--

CREATE TABLE IF NOT EXISTS `cor_cms_module_frame` (
  `frame_id` int(10) unsigned NOT NULL AUTO_INCREMENT COMMENT '框架编号',
  `frame_title` varchar(50) NOT NULL COMMENT '框架标题',
  `frame_name` varchar(50) NOT NULL COMMENT '框架名称',
  `frame_explain` varchar(255) NOT NULL COMMENT '框架说明',
  `frame_structure` varchar(255) NOT NULL COMMENT '框架结构',
  PRIMARY KEY (`frame_id`)
) ENGINE=InnoDB  DEFAULT CHARSET=utf8 COMMENT='cms模块框架表' AUTO_INCREMENT=9 ;

--
-- 转存表中的数据 `cor_cms_module_frame`
--

INSERT INTO `cor_cms_module_frame` (`frame_id`, `frame_title`, `frame_name`, `frame_explain`, `frame_structure`) VALUES
(1, '右边栏三列结构', '2_2_1', '右边栏三列结构', '{"block1":{"type":"block","name":"w2"},"block2":{"type":"block","name":"w2"},"block3":{"type":"block","name":"w1"}}'),
(2, '左边栏三列结构', '1_2_2', '左边栏三列结构', '{"block1":{"type":"block","name":"w1"},"block2":{"type":"block","name":"w2"},"block3":{"type":"block","name":"w2"}}'),
(3, '左右宽边栏结构', '2_1_2', '左右宽边栏结构', '{"block1":{"type":"block","name":"w2"},"block2":{"type":"block","name":"w1"},"block3":{"type":"block","name":"w2"}}'),
(4, '左边栏两列结构', '1_4', '左边栏两列结构', '{"block1":{"type":"block","name":"w1"},"block2":{"type":"block","name":"w4"}} '),
(5, '右边栏两列结构', '4_1', '右边栏两列结构', '{"block1":{"type":"block","name":"w4"},"block2":{"type":"block","name":"w1"}} '),
(6, '右边栏混合结构', '2x2_2_1', '右边栏混合结构', '{"block1":{"type":"content","name":"w2","child":{"block2":{"type":"block","name":"w22"},"block3":{"type":"block","name":"w22"}}},"block4":{"type":"block","name":"w2"},"block5":{"type":"block","name":"w1"}} '),
(7, '左边栏混合结构', '1_2_2x2', '左边栏混合结构', '{"block1":{"type":"block","name":"w1"},"block2":{"type":"block","name":"w2"},"block3":{"type":"content","name":"w2","child":{"block4":{"type":"block","name":"w22"},"block5":{"type":"block","name":"w22"}}}}'),
(8, '一体化结构', '1', '一体化结构', '{"block1":{"type":"block","name":"w5"}}');

-- --------------------------------------------------------

--
-- 表的结构 `cor_cms_navigation`
--

CREATE TABLE IF NOT EXISTS `cor_cms_navigation` (
  `navigation_id` int(10) unsigned NOT NULL AUTO_INCREMENT COMMENT '导航编号',
  `navigation_title` varchar(50) NOT NULL COMMENT '导航标题',
  `navigation_link` varchar(255) NOT NULL COMMENT '导航链接',
  `navigation_sort` tinyint(1) unsigned NOT NULL DEFAULT '255' COMMENT '排序',
  `navigation_open_type` tinyint(1) unsigned NOT NULL DEFAULT '1' COMMENT '导航打开方式1-本页打开，2-新页打开',
  PRIMARY KEY (`navigation_id`)
) ENGINE=InnoDB  DEFAULT CHARSET=utf8 COMMENT='CMS导航表' AUTO_INCREMENT=5 ;

--
-- 转存表中的数据 `cor_cms_navigation`
--

INSERT INTO `cor_cms_navigation` (`navigation_id`, `navigation_title`, `navigation_link`, `navigation_sort`, `navigation_open_type`) VALUES
(1, '商城', 'http://127.0.0.37/', 255, 1),
(2, '圈子', 'http://127.0.0.37/circle', 255, 1),
(3, '微商城', 'http://127.0.0.37/microshop', 255, 1),
(4, '品牌', 'http://127.0.0.37/shop/index.php?act=brand', 255, 1);

-- --------------------------------------------------------

--
-- 表的结构 `cor_cms_picture`
--

CREATE TABLE IF NOT EXISTS `cor_cms_picture` (
  `picture_id` int(10) unsigned NOT NULL AUTO_INCREMENT COMMENT '画报编号',
  `picture_title` varchar(50) NOT NULL COMMENT '画报标题',
  `picture_class_id` int(10) unsigned NOT NULL DEFAULT '0' COMMENT '画报分类编号',
  `picture_author` varchar(50) NOT NULL COMMENT '画报作者',
  `picture_abstract` varchar(140) DEFAULT NULL COMMENT '画报摘要',
  `picture_image` varchar(255) DEFAULT NULL COMMENT '画报图片',
  `picture_keyword` varchar(255) DEFAULT NULL COMMENT '画报关键字',
  `picture_publish_time` int(10) unsigned NOT NULL DEFAULT '0' COMMENT '画报发布时间',
  `picture_click` int(10) unsigned NOT NULL DEFAULT '0' COMMENT '画报点击量',
  `picture_sort` tinyint(1) unsigned NOT NULL DEFAULT '0' COMMENT '画报排序0-255',
  `picture_commend_flag` tinyint(1) unsigned NOT NULL DEFAULT '1' COMMENT '画报推荐标志1-未推荐，2-已推荐',
  `picture_comment_flag` tinyint(1) unsigned NOT NULL DEFAULT '1' COMMENT '画报是否允许评论1-允许，2-不允许',
  `picture_verify_admin` varchar(50) DEFAULT NULL COMMENT '画报审核管理员',
  `picture_verify_time` int(10) unsigned NOT NULL DEFAULT '0' COMMENT '画报审核时间',
  `picture_state` tinyint(1) unsigned NOT NULL DEFAULT '1' COMMENT '1-草稿、2-待审核、3-已发布、4-回收站、5-已关闭',
  `picture_publisher_name` varchar(50) NOT NULL COMMENT '发布人用户名',
  `picture_publisher_id` int(10) unsigned NOT NULL COMMENT '发布人编号',
  `picture_type` tinyint(1) unsigned NOT NULL COMMENT '画报类型1-管理员发布，2-用户投稿',
  `picture_attachment_path` varchar(50) NOT NULL DEFAULT '',
  `picture_modify_time` int(10) unsigned NOT NULL COMMENT '画报修改时间',
  `picture_tag` varchar(255) DEFAULT NULL COMMENT '画报标签',
  `picture_comment_count` int(10) unsigned NOT NULL COMMENT '画报评论数',
  `picture_title_short` varchar(50) NOT NULL DEFAULT '' COMMENT '画报短标题',
  `picture_image_count` tinyint(1) unsigned NOT NULL COMMENT '画报图片总数',
  `picture_share_count` int(10) unsigned NOT NULL DEFAULT '0' COMMENT '画报分享数',
  `picture_verify_reason` varchar(255) DEFAULT NULL COMMENT '审核失败原因',
  PRIMARY KEY (`picture_id`)
) ENGINE=InnoDB DEFAULT CHARSET=utf8 COMMENT='CMS画报表' AUTO_INCREMENT=1 ;

-- --------------------------------------------------------

--
-- 表的结构 `cor_cms_picture_class`
--

CREATE TABLE IF NOT EXISTS `cor_cms_picture_class` (
  `class_id` int(10) unsigned NOT NULL AUTO_INCREMENT COMMENT '分类编号 ',
  `class_name` varchar(50) NOT NULL COMMENT '分类名称',
  `class_sort` tinyint(1) unsigned NOT NULL DEFAULT '255' COMMENT '排序',
  PRIMARY KEY (`class_id`)
) ENGINE=InnoDB DEFAULT CHARSET=utf8 COMMENT='cms画报分类表' AUTO_INCREMENT=1 ;

-- --------------------------------------------------------

--
-- 表的结构 `cor_cms_picture_image`
--

CREATE TABLE IF NOT EXISTS `cor_cms_picture_image` (
  `image_id` int(10) unsigned NOT NULL AUTO_INCREMENT COMMENT '图片编号',
  `image_name` varchar(255) NOT NULL COMMENT '图片地址',
  `image_abstract` varchar(200) DEFAULT NULL COMMENT '图片摘要',
  `image_goods` text COMMENT '相关商品',
  `image_store` varchar(255) DEFAULT NULL COMMENT '相关店铺',
  `image_width` int(10) unsigned DEFAULT NULL COMMENT '图片宽度',
  `image_height` int(10) unsigned DEFAULT NULL COMMENT '图片高度',
  `image_picture_id` int(10) unsigned NOT NULL COMMENT '画报编号',
  `image_path` varchar(50) DEFAULT NULL COMMENT '图片路径',
  PRIMARY KEY (`image_id`)
) ENGINE=InnoDB DEFAULT CHARSET=utf8 COMMENT='CMS画报图片表' AUTO_INCREMENT=1 ;

-- --------------------------------------------------------

--
-- 表的结构 `cor_cms_special`
--

CREATE TABLE IF NOT EXISTS `cor_cms_special` (
  `special_id` int(10) unsigned NOT NULL AUTO_INCREMENT COMMENT '专题编号',
  `special_title` varchar(50) NOT NULL COMMENT '专题标题',
  `special_margin_top` int(10) DEFAULT '0' COMMENT '正文距顶部距离',
  `special_background` varchar(255) DEFAULT NULL COMMENT '专题背景',
  `special_image` varchar(255) DEFAULT NULL COMMENT '专题封面图',
  `special_image_all` text COMMENT '专题图片',
  `special_content` text COMMENT '专题内容',
  `special_modify_time` int(10) unsigned NOT NULL COMMENT '专题修改时间',
  `special_publish_id` int(10) unsigned NOT NULL COMMENT '专题发布者编号',
  `special_state` tinyint(1) unsigned NOT NULL COMMENT '专题状态1-草稿、2-已发布',
  `special_background_color` varchar(10) NOT NULL DEFAULT '#FFFFFF' COMMENT '专题背景色',
  `special_repeat` varchar(10) NOT NULL DEFAULT 'no-repeat' COMMENT '背景重复方式',
  PRIMARY KEY (`special_id`)
) ENGINE=InnoDB DEFAULT CHARSET=utf8 COMMENT='CMS专题表' AUTO_INCREMENT=1 ;

-- --------------------------------------------------------

--
-- 表的结构 `cor_cms_tag`
--

CREATE TABLE IF NOT EXISTS `cor_cms_tag` (
  `tag_id` int(10) unsigned NOT NULL AUTO_INCREMENT COMMENT '标签编号',
  `tag_name` varchar(50) NOT NULL COMMENT '标签名称',
  `tag_sort` tinyint(1) unsigned NOT NULL COMMENT '标签排序',
  `tag_count` int(10) unsigned NOT NULL DEFAULT '0' COMMENT '标签使用计数',
  PRIMARY KEY (`tag_id`)
) ENGINE=InnoDB DEFAULT CHARSET=utf8 COMMENT='CMS标签表' AUTO_INCREMENT=1 ;

-- --------------------------------------------------------

--
-- 表的结构 `cor_cms_tag_relation`
--

CREATE TABLE IF NOT EXISTS `cor_cms_tag_relation` (
  `relation_id` int(10) unsigned NOT NULL AUTO_INCREMENT COMMENT '关系编号',
  `relation_type` tinyint(1) unsigned NOT NULL COMMENT '关系类型1-文章，2-画报',
  `relation_tag_id` int(10) unsigned NOT NULL COMMENT '标签编号',
  `relation_object_id` int(10) unsigned NOT NULL COMMENT '对象编号',
  PRIMARY KEY (`relation_id`)
) ENGINE=InnoDB DEFAULT CHARSET=utf8 COMMENT='CMS标签关系表' AUTO_INCREMENT=1 ;

-- --------------------------------------------------------

--
-- 表的结构 `cor_complain`
--

CREATE TABLE IF NOT EXISTS `cor_complain` (
  `complain_id` int(11) NOT NULL AUTO_INCREMENT COMMENT '投诉id',
  `order_id` int(11) NOT NULL COMMENT '订单id',
  `accuser_id` int(11) NOT NULL COMMENT '原告id',
  `accuser_name` varchar(50) NOT NULL COMMENT '原告名称',
  `accused_id` int(11) NOT NULL COMMENT '被告id',
  `accused_name` varchar(50) NOT NULL COMMENT '被告名称',
  `complain_subject_content` varchar(50) NOT NULL COMMENT '投诉主题',
  `complain_subject_id` int(11) NOT NULL COMMENT '投诉主题id',
  `complain_content` varchar(255) NOT NULL COMMENT '投诉内容',
  `complain_pic1` varchar(100) NOT NULL COMMENT '投诉图片1',
  `complain_pic2` varchar(100) NOT NULL COMMENT '投诉图片2',
  `complain_pic3` varchar(100) NOT NULL COMMENT '投诉图片3',
  `complain_datetime` int(11) NOT NULL COMMENT '投诉时间',
  `complain_handle_datetime` int(11) NOT NULL COMMENT '投诉处理时间',
  `complain_handle_member_id` int(11) NOT NULL COMMENT '投诉处理人id',
  `appeal_message` varchar(255) NOT NULL COMMENT '申诉内容',
  `appeal_datetime` int(11) NOT NULL COMMENT '申诉时间',
  `appeal_pic1` varchar(100) NOT NULL COMMENT '申诉图片1',
  `appeal_pic2` varchar(100) NOT NULL COMMENT '申诉图片2',
  `appeal_pic3` varchar(100) NOT NULL COMMENT '申诉图片3',
  `final_handle_message` varchar(255) NOT NULL COMMENT '最终处理意见',
  `final_handle_datetime` int(11) NOT NULL COMMENT '最终处理时间',
  `final_handle_member_id` int(11) NOT NULL COMMENT '最终处理人id',
  `complain_state` tinyint(4) NOT NULL COMMENT '投诉状态(10-新投诉/20-投诉通过转给被投诉人/30-被投诉人已申诉/40-提交仲裁/99-已关闭)',
  `complain_active` tinyint(4) NOT NULL DEFAULT '1' COMMENT '投诉是否通过平台审批(1未通过/2通过)',
  PRIMARY KEY (`complain_id`)
) ENGINE=InnoDB DEFAULT CHARSET=utf8 COMMENT='投诉表' AUTO_INCREMENT=1 ;

-- --------------------------------------------------------

--
-- 表的结构 `cor_complain_goods`
--

CREATE TABLE IF NOT EXISTS `cor_complain_goods` (
  `complain_goods_id` int(11) NOT NULL AUTO_INCREMENT COMMENT '投诉商品序列id',
  `complain_id` int(11) NOT NULL COMMENT '投诉id',
  `goods_id` int(11) NOT NULL COMMENT '商品id',
  `goods_name` varchar(100) NOT NULL COMMENT '商品名称',
  `goods_price` decimal(10,2) NOT NULL COMMENT '商品价格',
  `goods_num` int(11) NOT NULL COMMENT '商品数量',
  `goods_image` varchar(100) NOT NULL DEFAULT '' COMMENT '商品图片',
  `complain_message` varchar(100) NOT NULL COMMENT '被投诉商品的问题描述',
  `order_goods_id` int(10) unsigned DEFAULT '0' COMMENT '订单商品ID',
  `order_goods_type` tinyint(1) unsigned DEFAULT '1' COMMENT '订单商品类型:1默认2团购商品3限时折扣商品4组合套装',
  PRIMARY KEY (`complain_goods_id`)
) ENGINE=InnoDB DEFAULT CHARSET=utf8 COMMENT='投诉商品表' AUTO_INCREMENT=1 ;

-- --------------------------------------------------------

--
-- 表的结构 `cor_complain_subject`
--

CREATE TABLE IF NOT EXISTS `cor_complain_subject` (
  `complain_subject_id` int(11) NOT NULL AUTO_INCREMENT COMMENT '投诉主题id',
  `complain_subject_content` varchar(50) NOT NULL COMMENT '投诉主题',
  `complain_subject_desc` varchar(100) NOT NULL COMMENT '投诉主题描述',
  `complain_subject_state` tinyint(4) NOT NULL COMMENT '投诉主题状态(1-有效/2-失效)',
  PRIMARY KEY (`complain_subject_id`)
) ENGINE=InnoDB  DEFAULT CHARSET=utf8 COMMENT='投诉主题表' AUTO_INCREMENT=4 ;

--
-- 转存表中的数据 `cor_complain_subject`
--

INSERT INTO `cor_complain_subject` (`complain_subject_id`, `complain_subject_content`, `complain_subject_desc`, `complain_subject_state`) VALUES
(1, '商家不同意退款', '买家申请退款被拒绝。', 2),
(2, '未收到货', '交易成功，未收到货，钱已经付给商家，可进行维权。', 1),
(3, '售后保障服务', '交易完成后30天内，在使用商品过程中，发现商品有质量问题或无法正常使用，可进行维权。', 1);

-- --------------------------------------------------------

--
-- 表的结构 `cor_complain_talk`
--

CREATE TABLE IF NOT EXISTS `cor_complain_talk` (
  `talk_id` int(11) NOT NULL AUTO_INCREMENT COMMENT '投诉对话id',
  `complain_id` int(11) NOT NULL COMMENT '投诉id',
  `talk_member_id` int(11) NOT NULL COMMENT '发言人id',
  `talk_member_name` varchar(50) NOT NULL COMMENT '发言人名称',
  `talk_member_type` varchar(10) NOT NULL COMMENT '发言人类型(1-投诉人/2-被投诉人/3-平台)',
  `talk_content` varchar(255) NOT NULL COMMENT '发言内容',
  `talk_state` tinyint(4) NOT NULL COMMENT '发言状态(1-显示/2-不显示)',
  `talk_admin` int(11) NOT NULL DEFAULT '0' COMMENT '对话管理员，屏蔽对话人的id',
  `talk_datetime` int(11) NOT NULL COMMENT '对话发表时间',
  PRIMARY KEY (`talk_id`)
) ENGINE=InnoDB DEFAULT CHARSET=utf8 COMMENT='投诉对话表' AUTO_INCREMENT=1 ;

-- --------------------------------------------------------

--
-- 表的结构 `cor_consult`
--

CREATE TABLE IF NOT EXISTS `cor_consult` (
  `consult_id` int(10) unsigned NOT NULL AUTO_INCREMENT COMMENT '咨询编号',
  `goods_id` int(11) unsigned DEFAULT '0' COMMENT '商品编号',
  `cgoods_name` varchar(100) NOT NULL COMMENT '商品名称',
  `member_id` int(11) NOT NULL DEFAULT '0' COMMENT '咨询发布者会员编号(0：游客)',
  `cmember_name` varchar(100) DEFAULT NULL COMMENT '会员名称',
  `store_id` int(11) unsigned NOT NULL DEFAULT '0' COMMENT '店铺编号',
  `email` varchar(255) DEFAULT NULL COMMENT '咨询发布者邮箱',
  `consult_content` varchar(255) DEFAULT NULL COMMENT '咨询内容',
  `consult_addtime` int(10) DEFAULT NULL COMMENT '咨询发布时间',
  `consult_reply` varchar(255) DEFAULT NULL COMMENT '咨询回复内容',
  `consult_reply_time` int(10) DEFAULT NULL COMMENT '咨询回复时间',
  `isanonymous` tinyint(1) NOT NULL DEFAULT '0' COMMENT '0表示不匿名 1表示匿名',
  PRIMARY KEY (`consult_id`),
  KEY `goods_id` (`goods_id`),
  KEY `seller_id` (`store_id`)
) ENGINE=InnoDB DEFAULT CHARSET=utf8 COMMENT='产品咨询表' AUTO_INCREMENT=1 ;

-- --------------------------------------------------------

--
-- 表的结构 `cor_cron`
--

CREATE TABLE IF NOT EXISTS `cor_cron` (
  `id` int(10) unsigned NOT NULL AUTO_INCREMENT,
  `type` tinyint(3) unsigned DEFAULT NULL COMMENT '任务类型 1商品上架 2发送邮件 3优惠套装过期 4推荐展位过期',
  `exeid` int(10) unsigned NOT NULL DEFAULT '0' COMMENT '关联任务的ID[如商品ID,会员ID]',
  `exetime` int(11) unsigned NOT NULL DEFAULT '0' COMMENT '执行时间',
  `code` char(50) DEFAULT NULL COMMENT '邮件模板CODE',
  `content` text COMMENT '内容',
  KEY `id` (`id`)
) ENGINE=InnoDB  DEFAULT CHARSET=utf8 COMMENT='任务队列表' AUTO_INCREMENT=29 ;

--
-- 转存表中的数据 `cor_cron`
--

INSERT INTO `cor_cron` (`id`, `type`, `exeid`, `exetime`, `code`, `content`) VALUES
(1, 5, 2, 1419730556, NULL, NULL),
(4, 4, 2, 1419859855, NULL, NULL),
(5, 5, 1, 1421522331, NULL, NULL),
(6, 3, 1, 1451199898, NULL, NULL),
(7, 4, 1, 1451199913, NULL, NULL),
(8, 5, 7, 1431229503, NULL, NULL),
(28, 2, 77, 1427187569, 'email_touser_find_password', 'a:2:{i:0;a:4:{s:9:"site_name";s:17:"B2B2C电商平台";s:8:"site_url";s:31:"http://www.infol.com.cn/shop";s:9:"user_name";s:5:"xiaox";s:12:"new_password";s:15:"1ZqGQ22D1AQ2MjQ";}i:1;b:0;}');

-- --------------------------------------------------------

--
-- 表的结构 `cor_daddress`
--

CREATE TABLE IF NOT EXISTS `cor_daddress` (
  `address_id` mediumint(10) unsigned NOT NULL AUTO_INCREMENT COMMENT '地址ID',
  `store_id` mediumint(10) unsigned NOT NULL DEFAULT '0' COMMENT '店铺ID',
  `seller_name` varchar(50) NOT NULL DEFAULT '' COMMENT '联系人',
  `area_id` mediumint(10) unsigned NOT NULL DEFAULT '0' COMMENT '地区ID',
  `city_id` mediumint(9) DEFAULT NULL COMMENT '市级ID',
  `area_info` varchar(100) DEFAULT NULL COMMENT '省市县',
  `address` varchar(100) NOT NULL COMMENT '地址',
  `telphone` varchar(40) DEFAULT NULL COMMENT '电话',
  `company` varchar(50) NOT NULL COMMENT '公司',
  `is_default` enum('0','1') NOT NULL DEFAULT '0' COMMENT '是否默认1是',
  PRIMARY KEY (`address_id`)
) ENGINE=InnoDB  DEFAULT CHARSET=utf8 COMMENT='卖家发货地址信息表' AUTO_INCREMENT=2 ;

--
-- 转存表中的数据 `cor_daddress`
--

INSERT INTO `cor_daddress` (`address_id`, `store_id`, `seller_name`, `area_id`, `city_id`, `area_info`, `address`, `telphone`, `company`, `is_default`) VALUES
(1, 1, 'B2B2C电商平台', 2898, 268, '广东省 深圳市 宝安区', '通泰市场七栋18号', '', 'B2B2C电商平台', '0');

-- --------------------------------------------------------

--
-- 表的结构 `cor_document`
--

CREATE TABLE IF NOT EXISTS `cor_document` (
  `doc_id` mediumint(11) NOT NULL AUTO_INCREMENT COMMENT 'id',
  `doc_code` varchar(255) NOT NULL COMMENT '调用标识码',
  `doc_title` varchar(255) NOT NULL COMMENT '标题',
  `doc_content` text NOT NULL COMMENT '内容',
  `doc_time` int(10) unsigned NOT NULL COMMENT '添加时间/修改时间',
  PRIMARY KEY (`doc_id`),
  UNIQUE KEY `doc_code` (`doc_code`)
) ENGINE=InnoDB  DEFAULT CHARSET=utf8 COMMENT='系统文章表' AUTO_INCREMENT=7 ;

--
-- 转存表中的数据 `cor_document`
--

INSERT INTO `cor_document` (`doc_id`, `doc_code`, `doc_title`, `doc_content`, `doc_time`) VALUES
(1, 'agreement', '用户服务协议', '<p style="text-indent:2em;">\r\n	</p><p>\r\n		</p><p>\r\n			《B2B2C电商平台服务协议》<span></span>\r\n		</p>\r\n		<p>\r\n			　　欢迎您使用B2B2C电商平台平台服务<span>!</span>\r\n		</p>\r\n		<p>\r\n			　　<b>特别提示：<span></span></b>\r\n		</p>\r\n		<p>\r\n			<b>　　在使用B2B2C电商平台平台服务之前，您应当认真阅读并遵守《B2B2C电商平台服务协议》<span>(</span>以下简称<span>“</span>本协议<span>”)</span>，请您务必审慎阅读、充分理解各条款内容，特别是免除或者限制责任的条款、争议解决和法律适用条款。免除或者限制责任的条款可能将以加粗字体显示，您应重点阅读。如您对协议有任何疑问的，应向B2B2C电商平台客服咨询。<span></span></b>\r\n		</p>\r\n		<p>\r\n			<b>　　当您按照注册页面提示填写信息、阅读并同意本协议且完成全部注册程序后，或您按照激活页面提示填写信息、阅读并同意本协议且完成全部激活程序后，或您以其他B2B2C电商平台允许的方式实际使用B2B2C电商平台平台服务时，即表示您已充分阅读、理解并接受本协议的全部内容，并与B2B2C电商平台平台达成协议。您承诺接受并遵守本协议的约定，\r\n届时您不应以未阅读本协议的内容或者未获得B2B2C电商平台对您问询的解答等理由，主张本协议无效，或要求撤销本协议。<span></span></b>\r\n		</p>\r\n		<p>\r\n			<b>　　一、 协议范围<span></span></b>\r\n		</p>\r\n		<p>\r\n			　　<span>1</span>、本协议由您与B2B2C电商平台平台的经营者共同缔结，本协议具有合同效力。<span></span>\r\n		</p>\r\n		<p>\r\n			　　B2B2C电商平台平台的经营者是指法律认可的经营B2B2C电商平台平台网站的责任主体，B2B2C电商平台平台网站包括但不限于B2B2C电商平台<span>(</span>域名为<span> haha361.com</span>、<span>haha361.cn)</span>，商家企业等关联企业的网店等。本协议项下各B2B2C电商平台平台的经营者可单称或合称为<span>“</span>B2B2C电商平台<span>”</span>。有关B2B2C电商平台平台经营者的信息请查看B2B2C电商平台平台相关页面公布的公司信息和证照信息。<span></span>\r\n		</p>\r\n		<p>\r\n			　　<span>2</span>、除另行明确声明外，B2B2C电商平台平台服务包含任何B2B2C电商平台及其关联公司提供的基于互联网以及移动网的相关服务，且均受本协议约束。如果您不同意本协议的约定，您应立即停止注册<span>/</span>激活程序或停止使用B2B2C电商平台平台服务。<span></span>\r\n		</p>\r\n		<p>\r\n			　　<span>3</span>、本协议内容包括协议正文、 法律声明、《B2B2C电商平台规则》及所有B2B2C电商平台已经发布或将来可能发布的各类规则、公告或通知<span>(</span>以下合称<span>“</span>B2B2C电商平台规则<span>”</span>或<span>“</span>规则<span>”)</span>。所有规则为本协议不可分割的组成部分，与协议正文具有同等法律效力。<span></span>\r\n		</p>\r\n		<p>\r\n			　　<span>4</span>、B2B2C电商平台有权根据需要不时地制订、修改本协议及<span>/</span>或各类规则，并以网站公示的方式进行变更公告，无需另行单独通知您。变更后的协议和规则一经在网站公布后，立即或在公告明确的特定时间自动生效。若您在前述变更公告后继续使用B2B2C电商平台平台服务的，即表示您已经阅读、理解并接受经修订的协议和规则。若您不同意相关变更，应当立即停止使用B2B2C电商平台平台服务。<span></span>\r\n		</p>\r\n		<p>\r\n			　　<b>二、 注册与账户<span></span></b>\r\n		</p>\r\n		<p>\r\n			　　<span>1</span>、主体资格<span></span>\r\n		</p>\r\n		<p>\r\n			　　您确认，在您完成注册程序或以其他B2B2C电商平台允许的方式实际使用B2B2C电商平台平台服务时，<b>您应当是具备完全民事行为能力、权利能力和完全民事力的自然人、法人或其他组织。若您不具备前述主体资格，则您及您的监护人应承担因此而导致的一切后果，且B2B2C电商平台有权注销或永久冻结您的账户，并向您及您的监护人索偿相应损失。<span></span></b>\r\n		</p>\r\n		<p>\r\n			　　<span>2</span>、注册和账户<span></span>\r\n		</p>\r\n		<p>\r\n			　　<span>a)</span>当您按照注册页面提示填写信息、阅读并同意本协议且完成全部注册程序后，或在您按照激活页面提示填写信息、阅读并同意本协议且完成全部激活程序后，或您以其他B2B2C电商平台允许的方式实际使用B2B2C电商平台平台服务时，您即受本协议约束。您可以使用您提供或确认的邮箱、手机号码或者B2B2C电商平台允许的其它方式作为登录手段进入B2B2C电商平台平台。<span></span>\r\n		</p>\r\n		<p>\r\n			　　<span>b)</span>您了解并同意，如您在B2B2C电商平台平台注册成功，您即可以同步获得电脑<span>PC</span>端和手机移动端登录名。您可以通过您的用户名直接登录电脑<span>PC</span>端和手机移动端，包括B2B2C电商平台圈子，而无需重新注册。<span></span>\r\n		</p>\r\n		<p>\r\n			　　<span>c)</span>您账户设置B2B2C电商平台登录名具有唯一性和排他性，不得侵犯或涉嫌侵犯他人合法权益。如您设置的B2B2C电商平台登录名涉嫌侵犯他人合法权益，B2B2C电商平台有权终止向您提供B2B2C电商平台平台服务，注销您的B2B2C电商平台用户名。B2B2C电商平台登录用户名被注销后将开放给任意用户注册。<span></span>\r\n		</p>\r\n		<p>\r\n			　　<span>d)</span>您的登录名和密码不得以任何方式买卖、转让、赠与或继承，除非有法律明确规定或司法裁定，并经B2B2C电商平台同意，且需提供B2B2C电商平台要求的合格的文件材料并根据B2B2C电商平台制定的操作流程办理。<span></span>\r\n		</p>\r\n		<p>\r\n			　　<span>3</span>、用户信息<span></span>\r\n		</p>\r\n		<p>\r\n			　　<span>a)</span>在注册或激活流程时，您应当依照法律法规要求，按相应页面的提示准确提供您的资料，并于资料信息变更时及时更新，以保证您所提交资料的真实、及时、完整和准确。<b>如有合理理由怀疑您提供的资料错误、不实、过时或不完整的，B2B2C电商平台有权向您发出询问及<span>/</span>或要求改正的通知，并有权直接做出删除相应资料的处理，直至中止、终止对您提供部分或全部B2B2C电商平台平台服务。B2B2C电商平台对此不承担任何责任，您将承担因此产生的任何直接或间接损失及不利后果。<span></span></b>\r\n		</p>\r\n		<p>\r\n			<b>　　<span>b)</span>您应当准确填写并及时更新您提供的电子邮件地址、联系电话、联系地址、邮政编码等联系方式，必要时通过平台短信、邮箱或实名身份验证，以便B2B2C电商平台或其他用户与您进行有效联系或享受平台相关福利，因通过这些联系方式无法与您取得联系，导致您在使用B2B2C电商平台平台服务过程中产生任何损失或增加费用的，应由您完全独自承担。您了解并同意，您有义务保持你提供的联系方式的真实性和有效性，如有变更或需要更新的，您应按B2B2C电商平台的要求进行操作。<span></span></b>\r\n		</p>\r\n		<p>\r\n			　　<span>4</span>、账户安全<span></span>\r\n		</p>\r\n		<p>\r\n			　　您须自行负责对您的B2B2C电商平台登录名和密码保密，且须对您在该登录名和密码下发生的所有活动<span>(</span>包括但不限于信息披露、发布信息、网上点击同意或提交各类规则协议、网上续签协议或购买服务等<span>)</span>承担责任。您同意：<span>(a) </span>如发现任何人未经授权使用您的B2B2C电商平台登录名和密码，或发生违反保密规定的任何其他情况，您会立即通知B2B2C电商平台，并授权B2B2C电商平台对该信息做出处理<span>;</span>及<span> (b) </span>确保您在每个上网时段结束时，以正确步骤离开网站<span>/</span>服务。B2B2C电商平台不能也不会对因您未能遵守本款规定而发生的任何损失负责。您理解B2B2C电商平台对您的请求采取行动需要合理时间，B2B2C电商平台对在采取行动前已经产生的后果<span>(</span>包括但不限于您的任何损失<span>)</span>不承担任何责任。<span></span>\r\n		</p>\r\n		<p>\r\n			　　<span>5</span>、<b>B2B2C电商平台登录名注销<span></span></b>\r\n		</p>\r\n		<p>\r\n			<b>　　<span>a)</span>如您连续<span>12</span>个月未使用登录用户名或B2B2C电商平台认可的其他方式和密码登录过B2B2C电商平台平台，且您的账户下不存在未到期的有效业务，您的B2B2C电商平台登录名可能被注销，所有B2B2C电商平台站服务同时终止。<span></span></b>\r\n		</p>\r\n		<p>\r\n			<b>　　<span>b)</span>您同意并授权B2B2C电商平台站，您如有欺诈、发布或销售假冒伪劣<span>/</span>侵权商品、侵犯他人合法权益或其他违反法律法规、B2B2C电商平台站规则等行为，B2B2C电商平台站在B2B2C电商平台站的范围内对此有权披露，您的B2B2C电商平台登录名可能被注销，所有B2B2C电商平台站服务同时终止。<span></span></b>\r\n		</p>\r\n		<p>\r\n			<b>　　三、 B2B2C电商平台平台服务<span></span></b>\r\n		</p>\r\n		<p>\r\n			　　<span>1</span>、通过B2B2C电商平台及其关联公司提供的B2B2C电商平台平台服务和其它服务，会员可在B2B2C电商平台平台上创建店铺、发布交易信息、查询商品和服务信息、达成交易意向并进行交易、对其他会员进行评价、参加B2B2C电商平台组织的活动以及使用其它信息服务及技术服务，具体以所开通的平台提供的服务内容为准。<span></span>\r\n		</p>\r\n		<p>\r\n			　　<span>2</span>、<b>您在B2B2C电商平台平台上交易过程中与其他会员发生交易纠纷时，一旦您或其它会员任一方或双方共同提交B2B2C电商平台要求调处，则B2B2C电商平台作为独立第三方，有权根据单方判断做出调处决定，您了解并同意接受B2B2C电商平台的判断和调处决定。<span></span></b>\r\n		</p>\r\n		<p>\r\n			　　<span>3</span>、<b>您了解并同意，B2B2C电商平台有权应政府部门<span>(</span>包括司法及行政部门<span>)</span>的要求，向其提供您向B2B2C电商平台提供的用户信息和交易记录等必要信息。如您涉嫌侵犯他人知识产权等合法权益，则B2B2C电商平台亦有权在初步判断涉嫌侵权行为存在的情况下，向权利人提供您必要的身份信息。<span></span></b>\r\n		</p>\r\n		<p>\r\n			　　<span>4</span>、您在使用B2B2C电商平台平台服务过程中，所产生的应纳税赋，以及一切硬件、软件、服务及其它方面的费用，均由您独自承担。<span></span>\r\n		</p>\r\n		<p>\r\n			　<b>　四、B2B2C电商平台平台服务使用规范<span></span></b>\r\n		</p>\r\n		<p>\r\n			　　<span>1</span>、<b>在B2B2C电商平台平台上使用B2B2C电商平台服务过程中，您承诺遵守以下约定：<span></span></b>\r\n		</p>\r\n		<p>\r\n			　　<b><span>a)</span>实施的所有行为均遵守国家法律、法规等规范性文件及B2B2C电商平台平台各项规则的规定和要求，不违背社会公共利益或公共道德，不损害他人的合法权益，不偷逃应缴税费，不违反本协议及相关规则。<span></span></b>\r\n		</p>\r\n		<p>\r\n			　　<span>b)</span>在与其他会员交易过程中，遵守诚实信用原则，不采取不正当竞争行为，不扰乱网上交易的正常秩序，不从事与网上交易无关的行为。<span></span>\r\n		</p>\r\n		<p>\r\n			　　<span>c)</span>不发布国家禁止销售的或限制销售的商品或服务信息<span>(</span>除非取得合法且足够的许可<span>)</span>，不发布涉嫌侵犯他人知识产权或其它合法权益的商品或服务、资讯信息，不发布违背社会公共利益或公共道德或B2B2C电商平台认为不适合在B2B2C电商平台平台上销售的商品或服务信息，不发布其它涉嫌违法或违反本协议及各类规则的信息。<span></span>\r\n		</p>\r\n		<p>\r\n			　　<span>d)</span>不以虚构或歪曲事实的方式不当评价其他会员，不采取不正当方式制造或提高自身的信用度，不采取不正当方式制造或提高<span>(</span>降低<span>)</span>其他会员的信用度。<span></span>\r\n		</p>\r\n		<p>\r\n			　　<span>e)</span>不对B2B2C电商平台平台上的任何数据作商业性利用，包括但不限于在未经B2B2C电商平台事先书面同意的情况下，以复制、传播等任何方式使用B2B2C电商平台平台站上展示的资料。<span></span>\r\n		</p>\r\n		<p>\r\n			　　<span>f)</span>不使用任何装置、软件或例行程序干预或试图干预B2B2C电商平台平台的正常运作或正在B2B2C电商平台平台上进行的任何交易、活动。您不得采取任何将导致不合理的庞大数据负载加诸B2B2C电商平台平台网络设备的行动。<span></span>\r\n		</p>\r\n		<p>\r\n			　　<span>2</span>、您了解并同意：<span></span>\r\n		</p>\r\n		<p>\r\n			　　<b><span>a)</span>您如果违反前述承诺，产生任何法律后果的，您应以自己的名义独立承担所有的法律责任，并确保B2B2C电商平台免于因此产生任何损失或增加费用。<span></span></b>\r\n		</p>\r\n		<p>\r\n			<b>　　<span>b)</span>基于维护B2B2C电商平台平台交易秩序及交易安全的需要，B2B2C电商平台有权在发生恶意购买等扰乱市场正常交易秩序的情形下，执行关闭相应交易订单等操作。<span></span></b>\r\n		</p>\r\n		<p>\r\n			<b>　　<span>c)</span>经国家行政或司法机关的生效法律文书确认您存在违法或侵权行为，或者B2B2C电商平台根据自身的判断，认为您的行为涉嫌违反法律法规的规定或涉嫌违反本协议和<span>/</span>或规则的条款的，则B2B2C电商平台有权在B2B2C电商平台平台上公示您的该等涉嫌违法或违约行为及B2B2C电商平台已对您采取的措施。<span></span></b>\r\n		</p>\r\n		<p>\r\n			<b>　　<span>d)</span>对于您在B2B2C电商平台平台上发布的涉嫌违法、涉嫌侵犯他人合法权利或违反本协议和<span>/</span>或规则的信息，B2B2C电商平台有权不经通知您即予以删除，且按照规则的规定进行处罚。<span></span></b>\r\n		</p>\r\n		<p>\r\n			<b>　　<span>e)</span>对于您违反本协议项下承诺，或您在B2B2C电商平台平台上实施的行为，包括您未在B2B2C电商平台平台上实施但已经对B2B2C电商平台平台及其用户产生影响的行为，B2B2C电商平台有权单方认定您行为的性质及是否构成对本协议和<span>/</span>或规则的违反，并根据单方认定结果适用规则予以处理或终止向您提供服务，且无须征得您的同意或提前通知予您。您应自行保存与您行为有关的全部证据，并应对无法提供充要证据而承担的不利后果。<span></span></b>\r\n		</p>\r\n		<p>\r\n			　　<span>f)</span>如您涉嫌违反有关法律或者本协议之规定，使B2B2C电商平台遭受任何损失，或受到任何第三方的索赔，或受到任何行政管理部门的处罚，您应当赔偿B2B2C电商平台因此造成的损失和<span>/</span>或发生的费用，包括合理的律师费用。<span></span>\r\n		</p>\r\n		<p>\r\n			　　<b>五、特别授权<span></span></b>\r\n		</p>\r\n		<p>\r\n			　　您完全理解并不可撤销地授予B2B2C电商平台及其关联公司下列权利：<span></span>\r\n		</p>\r\n		<p>\r\n			　　<span>1</span>、<b>您完全理解并不可撤销地授权B2B2C电商平台或B2B2C电商平台授权的第三方或您与B2B2C电商平台一致同意的第三方，根据本协议及B2B2C电商平台规则的规定，处理您在B2B2C电商平台平台上发生的所有交易及可能产生的交易纠纷。您同意接受B2B2C电商平台或B2B2C电商平台授权的第三方或您与B2B2C电商平台一致同意的第三方的判断和调处决定。该决定将对您具有法律约束力。<span></span></b>\r\n		</p>\r\n		<p>\r\n			　　<span>2</span>、<b>一旦您向B2B2C电商平台和<span>/</span>或其关联公司，包括但不限于B2B2C电商平台等作出任何形式的承诺，且相关公司已确认您违反了该承诺，则B2B2C电商平台有权立即按您的承诺或协议约定的方式对您的账户采取限制措施，包括中止或终止向您提供服务，并公示相关公司确认的您的违约情况。您了解并同意，B2B2C电商平台无须就相关确认与您核对事实，或另行征得您的同意，且B2B2C电商平台无须就此限制措施或公示行为向您承担任何的责任。<span></span></b>\r\n		</p>\r\n		<p>\r\n			　　<span>3</span>、<b>一旦您违反本协议，或与B2B2C电商平台签订的其他协议的约定，B2B2C电商平台有权以任何方式通知B2B2C电商平台关联公司，要求其对您的权益采取限制措施，包括但不限于要求将您账户内的款项支付给B2B2C电商平台指定的对象，要求B2B2C电商平台关联公司中止、终止对您提供部分或全部服务，且在B2B2C电商平台站公示您的违约情况。</b><span></span>\r\n		</p>\r\n		<p>\r\n			　　<span>4</span>、<b>对于您提供的资料及数据信息，您授予B2B2C电商平台及其关联公司独家的、全球通用的、永久的、免费的许可使用权利<span> (</span>并有权在多个层面对该权利进行再授权<span>)</span>。此外，B2B2C电商平台及其关联公司有权<span>(</span>全部或部份地<span>) </span>使用、复制、修订、改写、发布、翻译、分发、执行和展示您的全部资料数据<span>(</span>包括但不限于注册资料、交易行为数据及全部展示于B2B2C电商平台平台的各类信息<span>)</span>或制作其派生作品，并以现在已知或日后开发的任何形式、媒体或技术，将上述信息纳入其它作品内。</b><span></span>\r\n		</p>\r\n		<p>\r\n			　　<span>5</span>、<b>为方便您使用B2B2C电商平台平台服务<span>(</span>以下称其他服务<span>)</span>，您同意并授权B2B2C电商平台将您在账户注册<span>/</span>激活、使用B2B2C电商平台平台服务过程中提供、形成的信息传递给向您提供其他服务的关联公司或其他组织，或从提供其他服务的关联公司或其他组织获取您在注册<span>/</span>激活、使用其他服务期间提供、形成的信息。您同意不会因此追究B2B2C电商平台以及各关联公司的责任。<span></span></b>\r\n		</p>\r\n		<p>\r\n			　　<b>六、责任范围和责任限制<span></span></b>\r\n		</p>\r\n		<p>\r\n			　　<b><span>1</span>、B2B2C电商平台负责按<span>"</span>现状<span>"</span>和<span>"</span>可得到<span>"</span>的状态向您提供B2B2C电商平台平台服务。但B2B2C电商平台对B2B2C电商平台平台服务不作任何明示或暗示的保证，包括但不限于B2B2C电商平台平台服务的适用性、没有错误或疏漏、持续性、准确性、可靠性、适用于某一特定用途。同时，B2B2C电商平台也不对B2B2C电商平台平台服务所涉及的技术及信息的有效性、准确性、正确性、可靠性、质量、稳定、完整和及时性作出任何承诺和保证。<span></span></b>\r\n		</p>\r\n		<p>\r\n			<b>　　<span>2</span>、您了解B2B2C电商平台平台上的信息系用户自行发布，且可能存在风险和瑕疵。B2B2C电商平台平台仅作为交易地点。B2B2C电商平台平台仅作为您获取物品或服务信息、物色交易对象、就物品和<span>/</span>或服务的交易进行协商及开展交易的场所，但B2B2C电商平台无法控制交易所涉及的物品的质量、安全或合法性，商贸信息的真实性或准确性，以及交易各方履行其在贸易协议中各项义务的能力。您应自行谨慎判断确定相关物品及<span>/</span>或信息的真实性、合法性和有效性，并自行承担因此产生的责任与损失。<span></span></b>\r\n		</p>\r\n		<p>\r\n			<b>　　<span>3</span>、除非法律法规明确要求，或出现以下情况，否则，B2B2C电商平台没有义务对所有用户的信息数据、商品和服务信息、交易行为以及与交易有关的其它事项进行事先审查：<span></span></b>\r\n		</p>\r\n		<p>\r\n			<b>　　<span>a)</span>B2B2C电商平台有合理的理由认为特定会员及具体交易事项可能存在重大违法或违约情形。<span></span></b>\r\n		</p>\r\n		<p>\r\n			<b>　　<span>b)</span>B2B2C电商平台有合理的理由认为用户在B2B2C电商平台平台的行为涉嫌违法或不当。<span></span></b>\r\n		</p>\r\n		<p>\r\n			<b>　　<span>4</span>、B2B2C电商平台或B2B2C电商平台授权的第三方或您与B2B2C电商平台一致同意的第三方有权基于您不可撤销的授权受理您与其他会员因交易产生的争议，并有权单方判断与该争议相关的事实及应适用的规则，进而作出处理决定，包括但不限于调整相关订单的交易状态，指令B2B2C电商平台在线支付签约方包括但不限于支付宝公司将争议货款的全部或部分支付给交易一方或双方。该处理决定对您有约束力。如您未在限期内执行处理决定的，则B2B2C电商平台有权利<span>(</span>但无义务<span>)</span>直接使用B2B2C电商平台签约第三方支付公司代收款账户包括但不限于支付宝账户内的款项，或您向B2B2C电商平台及其关联公司交纳的保证金代为支付。您应及时补足保证金并弥补B2B2C电商平台及其关联公司、交易对象的损失，否则B2B2C电商平台及其关联公司有权直接抵减您在其它合同项下的权益，并有权继续追偿。<span></span></b>\r\n		</p>\r\n		<p>\r\n			　　您理解并同意，B2B2C电商平台或B2B2C电商平台授权的第三方或您与B2B2C电商平台一致同意的第三方并非司法机构，仅能以普通人的身份对证据进行鉴别，B2B2C电商平台或B2B2C电商平台授权的第三方或您与B2B2C电商平台一致同意的第三方对争议的调处完全是基于您不可撤销的授权，其无法保证争议处理结果符合您的期望，也不对争议调处结论承担任何责任。如您因此遭受损失，您同意自行向受益人索偿。<span></span>\r\n		</p>\r\n		<p>\r\n			　　<b><span>5</span>、您了解并同意，B2B2C电商平台不对因下述任一情况而导致您的任何损害赔偿承担责任，包括但不限于利润、商誉、使用、数据等方面的损失或其它无形损失的损害赔偿<span> (</span>无论B2B2C电商平台是否已被告知该等损害赔偿的可能性<span>) </span>：<span></span></b>\r\n		</p>\r\n		<p>\r\n			<b>　　<span>a)</span>使用或未能使用B2B2C电商平台平台服务。<span></span></b>\r\n		</p>\r\n		<p>\r\n			<b>　　<span>b)</span>第三方未经批准的使用您的账户或更改您的数据。<span></span></b>\r\n		</p>\r\n		<p>\r\n			<b>　　<span>c)</span>通过B2B2C电商平台平台服务购买或获取任何商品、样品、数据、信息或进行交易等行为或替代行为产生的费用及损失。<span></span></b>\r\n		</p>\r\n		<p>\r\n			<b>　　<span>d)</span>您对B2B2C电商平台平台服务的误解。<span></span></b>\r\n		</p>\r\n		<p>\r\n			<b>　　<span>e)</span>任何非因B2B2C电商平台的原因而引起的与B2B2C电商平台平台服务有关的其它损失。<span></span></b>\r\n		</p>\r\n		<p>\r\n			　　<b><span>6</span>、不论在何种情况下，B2B2C电商平台均不对由于信息网络正常的设备维护，信息网络连接故障，电脑、通讯或其他系统的故障，电力故障，罢工，劳动争议，暴乱，起义，骚乱，生产力或生产资料不足，火灾，洪水，风暴，爆炸，战争，政府行为，司法行政机关的命令或第三方的不作为而造成的不能服务或延迟服务承担责任。<span></span></b>\r\n		</p>\r\n		<p>\r\n			<b>　　七、协议终止<span></span></b>\r\n		</p>\r\n		<p>\r\n			　　<b><span>1</span>、您同意，B2B2C电商平台有权自行全权决定以任何理由不经事先通知的中止、终止向您提供部分或全部B2B2C电商平台平台服务，暂时冻结或永久冻结<span>(</span>注销<span>)</span>您的账户在B2B2C电商平台平台的权限，且无须为此向您或任何第三方承担任何责任。<span></span></b>\r\n		</p>\r\n		<p>\r\n			<b>　　<span>2</span>、出现以下情况时，B2B2C电商平台有权直接以注销账户的方式终止本协议，并有权永久冻结<span>(</span>注销<span>)</span>您的账户在B2B2C电商平台平台的权限和收回账户对应的B2B2C电商平台用户名：<span></span></b>\r\n		</p>\r\n		<p>\r\n			<b>　　<span>a)</span>B2B2C电商平台终止向您提供服务后，您涉嫌再一次直接或间接以他人名义注册为B2B2C电商平台用户的<span>;</span></b>\r\n		</p>\r\n		<p>\r\n			<b>　　<span>b)</span>您提供的手机号、电子邮箱不存在或无法接收短信、电子邮件，且没有其他方式可以与您进行联系，或B2B2C电商平台以其它联系方式通知您更改手机号、电子邮件信息，而您在B2B2C电商平台通知后三个工作日内仍未更改为有效的手机号、电子邮箱的。<span></span></b>\r\n		</p>\r\n		<p>\r\n			<b>　　<span>c)</span>您提供的用户信息中的主要内容不真实或不准确或不及时或不完整<span>;</span></b>\r\n		</p>\r\n		<p>\r\n			<b>　　<span>d)</span>本协议<span>(</span>含规则<span>)</span>变更时，您明示并通知B2B2C电商平台不愿接受新的服务协议的<span>;</span></b>\r\n		</p>\r\n		<p>\r\n			<b>　　<span>e)</span>其它B2B2C电商平台认为应当终止服务的情况。<span></span></b>\r\n		</p>\r\n		<p>\r\n			<b>　　<span>3</span>、您的账户服务被终止或者账户在B2B2C电商平台平台的权限被永久冻结<span>(</span>注销<span>)</span>后</b>，<b>B2B2C电商平台没有义务为您保留或向您披露您账户中的任何信息，也没有义务向您或第三方转发任何您未曾阅读或发送过的信息。</b><span></span>\r\n		</p>\r\n		<p>\r\n			　　<span>4</span>、您同意，您与B2B2C电商平台的合同关系终止后，B2B2C电商平台仍享有下列权利：<span></span>\r\n		</p>\r\n		<p>\r\n			　　<span>a)</span>继续保存您的用户信息及您使用B2B2C电商平台平台服务期间的所有交易信息。<span></span>\r\n		</p>\r\n		<p>\r\n			　　<span>b)</span>您在使用B2B2C电商平台平台服务期间存在违法行为或违反本协议和<span>/</span>或规则的行为的，B2B2C电商平台仍可依据本协议向您主张权利。<span></span>\r\n		</p>\r\n		<p>\r\n			　　<span>5</span>、B2B2C电商平台中止或终止向您提供B2B2C电商平台平台服务后，对于您在服务中止或终止之前的交易行为依下列原则处理，您应独力处理并完全承担进行以下处理所产生的任何争议、损失或增加的任何费用，并应确保B2B2C电商平台免于因此产生任何损失或承担任何费用：<span></span>\r\n		</p>\r\n		<p>\r\n			　　<span>a)</span>您在服务中止或终止之前已经上传至B2B2C电商平台平台的商品或服务尚未交易的，B2B2C电商平台有权在中止或终止服务的同时删除此项商品或服务的相关信息<span>;</span>\r\n		</p>\r\n		<p>\r\n			　　<span>b)</span>您在服务中止或终止之前已经与其他会员达成买卖合同，但合同尚未实际履行的，B2B2C电商平台有权删除该买卖合同及其交易商品或服务的相关信息<span>;</span>\r\n		</p>\r\n		<p>\r\n			　　<span>c)</span>您在服务中止或终止之前已经与其他会员达成买卖合同且已部分履行的，B2B2C电商平台可以不删除该项交易，但B2B2C电商平台有权在中止或终止服务的同时将相关情形通知您的交易对方。<span></span>\r\n		</p>\r\n		<p>\r\n			　　<b>八、隐私权政策<span></span></b>\r\n		</p>\r\n		<p>\r\n			　　B2B2C电商平台将在B2B2C电商平台平台公布并不时修订隐私权政策，隐私权政策构成本协议的有效组成部分。<span></span>\r\n		</p>\r\n		<p>\r\n			　　<b>九、法律适用、管辖与其他<span></span></b>\r\n		</p>\r\n		<p>\r\n			　　<span>1</span>、本协议之效力、解释、变更、执行与争议解决<b>均适用中华人民共和国大陆地区法律</b>，如无相关法律规定的，则应参照通用国际商业惯例和<span>/</span>或行业惯例。<span></span>\r\n		</p>\r\n		<p>\r\n			　　<span>2</span>、本协议包含了您使用B2B2C电商平台平台需遵守的一般性规范，您在使用B2B2C电商平台平台某个关联公司时还需遵守适用于其特殊性规范<span>(</span>具体请参见您与该关联公司签署的其他协议以及其在平台发布的规则等内容<span>)</span>。一般性规范如与特殊性规范不一致或有冲突，则特殊性规范具有优先效力。<span></span>\r\n		</p>\r\n		<p>\r\n			　　<span>3</span>、因本协议产生之争议需根据您使用的服务归属的经营者确定具体的争议对象，例如因您使用B2B2C电商平台服务关联公司所产生的争议应由B2B2C电商平台关联公司的经营者与您沟通并处理。<b>一旦产生争议，您与B2B2C电商平台平台关联公司的经营者均同意以被告住所地人民法院为第一审管辖法院。<span></span></b>\r\n		</p>\r\n		<p>\r\n			　　<span>4</span>、本协议目前仅有中文版本，没有推出其他语言版本，以中文版本内容为最终生效版本。<span></span>\r\n		</p>\r\n	\r\n	<p>\r\n	</p>', 1417569956),
(4, 'open_store', '开店协议', '<p>使用本公司服务所须遵守的条款和条件。<br /><br />1.用户资格<br />本公司的服务仅向适用法律下能够签订具有法律约束力的合同的个人提供并仅由其使用。在不限制前述规定的前提下，本公司的服务不向18周岁以下或被临时或无限期中止的用户提供。如您不合资格，请勿使用本公司的服务。此外，您的帐户（包括信用评价）和用户名不得向其他方转让或出售。另外，本公司保留根据其意愿中止或终止您的帐户的权利。<br /><br />2.您的资料（包括但不限于所添加的任何商品）不得：<br />*具有欺诈性、虚假、不准确或具误导性；<br />*侵犯任何第三方著作权、专利权、商标权、商业秘密或其他专有权利或发表权或隐私权；<br />*违反任何适用的法律或法规（包括但不限于有关出口管制、消费者保护、不正当竞争、刑法、反歧视或贸易惯例/公平贸易法律的法律或法规）；<br />*有侮辱或者诽谤他人，侵害他人合法权益的内容；<br />*有淫秽、色情、赌博、暴力、凶杀、恐怖或者教唆犯罪的内容；<br />*包含可能破坏、改变、删除、不利影响、秘密截取、未经授权而接触或征用任何系统、数据或个人资料的任何病毒、特洛依木马、蠕虫、定时炸弹、删除蝇、复活节彩蛋、间谍软件或其他电脑程序；<br /><br />3.违约<br />如发生以下情形，本公司可能限制您的活动、立即删除您的商品、向本公司社区发出有关您的行为的警告、发出警告通知、暂时中止、无限期地中止或终止您的用户资格及拒绝向您提供服务：<br />(a)您违反本协议或纳入本协议的文件；<br />(b)本公司无法核证或验证您向本公司提供的任何资料；<br />(c)本公司相信您的行为可能对您、本公司用户或本公司造成损失或法律责任。<br /><br />4.责任限制<br />本公司、本公司的关联公司和相关实体或本公司的供应商在任何情况下均不就因本公司的网站、本公司的服务或本协议而产生或与之有关的利润损失或任何特别、间接或后果性的损害（无论以何种方式产生，包括疏忽）承担任何责任。您同意您就您自身行为之合法性单独承担责任。您同意，本公司和本公司的所有关联公司和相关实体对本公司用户的行为的合法性及产生的任何结果不承担责任。<br /><br />5.无代理关系<br />用户和本公司是独立的合同方，本协议无意建立也没有创立任何代理、合伙、合营、雇员与雇主或特许经营关系。本公司也不对任何用户及其网上交易行为做出明示或默许的推荐、承诺或担保。<br /><br />6.一般规定<br />本协议在所有方面均受中华人民共和国法律管辖。本协议的规定是可分割的，如本协议任何规定被裁定为无效或不可执行，该规定可被删除而其余条款应予以执行。</p>', 1389864697),
(5, 'groupbuy', '团购活动协议', '<p>\r\n	一、团购的所有权和运作权归本公司。\r\n</p>\r\n<p>\r\n	二、本公司有权在必要时修改本协议，本协议一旦发生变更，将会在相关页面上公布。如果您不同意所改动的内容，您应主动停止使用团购服务。如果您继续使用服务，则视为接受本协议的变更。\r\n</p>\r\n<p>\r\n	三、如发生下列任何一种情形，本公司有权中断或终止向您提供的服务而无需通知您：\r\n</p>\r\n1、 您提供的个人资料不真实；<br />\r\n2、您违反本协议的规定；<br />\r\n3、 按照政府主管部门的监管要求；<br />\r\n4、本公司认为您的行为违反团购服务性质或需求的特殊情形。\r\n<p>\r\n	四、尽管本协议可能另有其他规定，本公司仍然可以随时终止本协议。\r\n</p>\r\n<p>\r\n	五、本公司终止本协议的权利不会妨害本公司可能拥有的在本协议终止前因您违反本协议或本公司本应享有的任何其他权利。\r\n</p>\r\n<p>\r\n	六、您理解并完全接受，本公司有权自行对团购资源作下线处理。\r\n</p>', 1389864697),
(6, 'create_circle', '圈子使用须知', '&nbsp;&nbsp; 请您仔细阅读本须知的全部内容（特别是以<strong><span style="text-decoration:underline;">粗体下划线</span></strong>标注的内容）。如果您不同意本须知的任意内容，您应当停止使用本产品。\r\n<p>\r\n	1、“圈子”是本公司开设的一个供商城用户（以下简称“用户”或“您”）交流购物体验等信息的网络社区。<strong><span style="text-decoration:underline;">您使用“圈子”产品需遵守本须知，并遵守本公司公布的操作流程和规则。</span></strong>\r\n</p>\r\n<p>\r\n	2、“圈子”产品的功能和产品提供方式由本公司自行决定，后续本公司可能调整产品名称和产品运行的域名等。<strong><span style="text-decoration:underline;">本须知适用于“圈子”产品的调整、改进版本和附加功能。</span></strong>\r\n</p>\r\n<p>\r\n	3、您可以通过本产品创建网络关系圈子，其他感兴趣的用户可以加入您创建的圈子。您应当遵守任何适用的法律之规定，并自觉尊重和维护其他参与者的合法权利。您不得以任何形式开展违法活动、侵犯他人合法权益、损害本公司或其他公司的合法利益，否则您需为此自行承担法律责任。<strong><span style="text-decoration:underline;">您同意本公司无需为产品使用者的违法或侵权等行为承担任何责任。</span></strong>\r\n</p>\r\n<p>\r\n	4、您同意并保证通过本产品上传、发布的文字、图片等全部信息素材符合相关法律的规定。您保证素材内容以及素材所含链接指向的内容的合法性和正当性，不侵犯他人的肖像权、名誉权、知识产权、隐私权等合法权益，也不会侵犯法人或其他团体的商业秘密等合法权益。\r\n</p>\r\n<p>\r\n	5、<strong><span style="text-decoration:underline;">您使用本产品可能需要提供关于您的个人资料、肖像、联系方式等个人信息。您了解并同意，在使用本产品过程中关于您的个人信息可能会通过网络等渠道进行传播。</span></strong>\r\n</p>\r\n<p>\r\n	6、您通过本产品上传、发布素材，即意味着<strong><span style="text-decoration:underline;">您同意向本公司提供免费的、永久性的、不可撤销的权利和许可，使本公司可以在全球范围内复制、发行、展示、演绎和通过信息网络等渠道使用您上传的素材和信息</span></strong>，例如将您提供的图片发布于活动页面或平面媒体中。\r\n</p>\r\n<p>\r\n	7、本公司无法事先了解您上传素材的真实性和合法性。如您上传的素材被发现不适宜展示或遭受他人举报或投诉的，本公司有权立即删除或进行屏蔽从而停止该素材的继续传播。<strong><span style="text-decoration:underline;">如果您违反本须知的内容、有关协议或规则等的，本公司有权删除相关素材并有权拒绝您继续使用产品，届时您无权要求本公司进行补偿或赔偿。</span></strong>\r\n</p>\r\n<p>\r\n	8、您使用本产品应同时遵守《用户服务协议》、本公司公布的各项规则以及本公司发布的关于本产品的特别规则和制度。\r\n</p>\r\n<p>\r\n	9、第三方可能通过分公司其他产品或本产品知悉并使用您上传的素材、个人信息或进而侵犯您的合法权利。<strong><span style="text-decoration:underline;">本公司提醒您注意和谨防网络诈骗以及其他可能对您不利的行动和信息，但本公司对第三方的侵权、违法等行为不承担赔偿等法律责任。</span></strong>您承诺合法使用并善待其他用户上传的素材和信息。\r\n</p>\r\n<p>\r\n	10、您应自行对上传的素材进行备份。本公司可能按照本须知删除或屏蔽素材，相关系统亦可能遭受网络攻击或网络故障，类似或其他情况均可能使您上传的素材丢失或故障，对此本公司将尽力避免但不做任何保证。\r\n</p>\r\n<p>\r\n	11、<strong><span style="text-decoration:underline;">如您因使用本产品与本公司发生纠纷的，您同意由本公司住所地人民法院管辖审理。</span></strong> \r\n</p>\r\n<p>\r\n	12、<strong><span style="text-decoration:underline;">本公司有权更新、修改本须知以及有关规则、流程等相关文件的内容，本公司在法律允许的范围内负责对本须知进行说明和解释</span></strong>。如您对修改存有异议，您有权选择不再继续使用本产品，但您在此前的行为仍受本须知以及相关文件最新的修改版本的约束。\r\n</p>', 1389864697);

-- --------------------------------------------------------

--
-- 表的结构 `cor_evaluate_goods`
--

CREATE TABLE IF NOT EXISTS `cor_evaluate_goods` (
  `geval_id` int(11) NOT NULL AUTO_INCREMENT COMMENT '评价ID',
  `geval_orderid` int(11) NOT NULL COMMENT '订单表自增ID',
  `geval_orderno` bigint(20) unsigned NOT NULL COMMENT '订单编号',
  `geval_ordergoodsid` int(11) NOT NULL COMMENT '订单商品表编号',
  `geval_goodsid` int(11) NOT NULL COMMENT '商品表编号',
  `geval_goodsname` varchar(100) NOT NULL COMMENT '商品名称',
  `geval_goodsprice` decimal(10,2) DEFAULT NULL COMMENT '商品价格',
  `geval_scores` tinyint(1) NOT NULL COMMENT '1-5分',
  `geval_content` varchar(255) DEFAULT NULL COMMENT '信誉评价内容',
  `geval_isanonymous` tinyint(1) NOT NULL DEFAULT '0' COMMENT '0表示不是 1表示是匿名评价',
  `geval_addtime` int(11) NOT NULL COMMENT '评价时间',
  `geval_storeid` int(11) NOT NULL COMMENT '店铺编号',
  `geval_storename` varchar(100) NOT NULL COMMENT '店铺名称',
  `geval_frommemberid` int(11) NOT NULL COMMENT '评价人编号',
  `geval_frommembername` varchar(100) NOT NULL COMMENT '评价人名称',
  `geval_state` tinyint(1) NOT NULL DEFAULT '0' COMMENT '评价信息的状态 0为正常 1为禁止显示',
  `geval_remark` varchar(255) DEFAULT NULL COMMENT '管理员对评价的处理备注',
  `geval_explain` varchar(255) DEFAULT NULL COMMENT '解释内容',
  `geval_image` varchar(255) DEFAULT NULL COMMENT '晒单图片',
  PRIMARY KEY (`geval_id`)
) ENGINE=InnoDB  DEFAULT CHARSET=utf8 COMMENT='信誉评价表' AUTO_INCREMENT=6 ;

--
-- 转存表中的数据 `cor_evaluate_goods`
--

INSERT INTO `cor_evaluate_goods` (`geval_id`, `geval_orderid`, `geval_orderno`, `geval_ordergoodsid`, `geval_goodsid`, `geval_goodsname`, `geval_goodsprice`, `geval_scores`, `geval_content`, `geval_isanonymous`, `geval_addtime`, `geval_storeid`, `geval_storename`, `geval_frommemberid`, `geval_frommembername`, `geval_state`, `geval_remark`, `geval_explain`, `geval_image`) VALUES
(1, 9, 6000000000000901, 9, 231, '至尊金奖 法国原瓶进口AOC红酒 任选一箱 红沙城堡红葡萄酒 原装进口', '800.00', 5, '好喝，是正品。', 1, 1416626764, 1, '官方店铺', 5, 'xiner', 0, NULL, NULL, '5_04700773107199198.jpg'),
(2, 11, 6000000000001101, 11, 48, '春装 披肩式 超短款 针织 衫开衫 女装 青鸟 蓝色', '129.00', 5, '不错哦', 1, 1416806839, 1, '官方店铺', 3, 'mxjyweb', 0, NULL, NULL, NULL),
(3, 12, 6000000000001201, 12, 53, '新款 女款 拼接 不规则摆 长袖针织衫开衫 杏雨 紫色', '99.00', 5, '嗯，满意。', 1, 1416813963, 1, '官方店铺', 5, 'xiner', 0, NULL, NULL, ''),
(4, 180, 7000000000018501, 181, 357, '巴旦木 坚果零食 新疆薄壳杏仁手剥扁桃仁 500g  小珍珠', '25.80', 5, '抱着试试看的心情买了2斤，没想到上午11时下的单，中午吃完饭后卖家就把货送上门了，真的很快。味道不错，吃着很香，家里小孩抢着吃，赞一个！', 1, 1423742138, 7, '小陆干果', 17, '缘因有你', 0, NULL, NULL, '17_04770867271277450.jpg,17_04770867335628510.jpg,17_04770867518402256.jpg,17_04770868069363287.jpg,17_04770870419007811.jpg'),
(5, 180, 7000000000018501, 180, 347, '碧根果 长寿果美国山核桃坚果零食奶油味  500g', '33.50', 5, '抱着试试看的心情买了2斤，没想到上午11时下的单，中午吃完饭后卖家就把货送上门了，真的很快。味道不错，吃着很香，家里小孩抢着吃，赞一个！', 1, 1423742138, 7, '小陆干果', 17, '缘因有你', 0, NULL, NULL, '17_04770866882947704.jpg,17_04770866939215462.jpg,17_04770866999405928.jpg,17_04770867044821015.jpg');

-- --------------------------------------------------------

--
-- 表的结构 `cor_evaluate_store`
--

CREATE TABLE IF NOT EXISTS `cor_evaluate_store` (
  `seval_id` int(11) NOT NULL AUTO_INCREMENT COMMENT '评价ID',
  `seval_orderid` int(11) unsigned NOT NULL COMMENT '订单ID',
  `seval_orderno` varchar(100) NOT NULL COMMENT '订单编号',
  `seval_addtime` int(11) unsigned NOT NULL COMMENT '评价时间',
  `seval_storeid` int(11) unsigned NOT NULL COMMENT '店铺编号',
  `seval_storename` varchar(100) NOT NULL COMMENT '店铺名称',
  `seval_memberid` int(11) unsigned NOT NULL COMMENT '买家编号',
  `seval_membername` varchar(100) NOT NULL COMMENT '买家名称',
  `seval_desccredit` tinyint(1) unsigned NOT NULL DEFAULT '5' COMMENT '描述相符评分',
  `seval_servicecredit` tinyint(1) unsigned NOT NULL DEFAULT '5' COMMENT '服务态度评分',
  `seval_deliverycredit` tinyint(1) unsigned NOT NULL DEFAULT '5' COMMENT '发货速度评分',
  PRIMARY KEY (`seval_id`)
) ENGINE=InnoDB  DEFAULT CHARSET=utf8 COMMENT='店铺评分表' AUTO_INCREMENT=5 ;

--
-- 转存表中的数据 `cor_evaluate_store`
--

INSERT INTO `cor_evaluate_store` (`seval_id`, `seval_orderid`, `seval_orderno`, `seval_addtime`, `seval_storeid`, `seval_storename`, `seval_memberid`, `seval_membername`, `seval_desccredit`, `seval_servicecredit`, `seval_deliverycredit`) VALUES
(1, 9, '6000000000000901', 1416626764, 1, '官方店铺', 5, 'xiner', 5, 5, 5),
(2, 11, '6000000000001101', 1416806839, 1, '官方店铺', 3, 'mxjyweb', 5, 5, 5),
(3, 12, '6000000000001201', 1416813963, 1, '官方店铺', 5, 'xiner', 5, 5, 5),
(4, 180, '7000000000018501', 1423742138, 7, '小陆干果', 17, '缘因有你', 5, 5, 5);

-- --------------------------------------------------------

--
-- 表的结构 `cor_express`
--

CREATE TABLE IF NOT EXISTS `cor_express` (
  `id` tinyint(1) unsigned NOT NULL AUTO_INCREMENT COMMENT '索引ID',
  `e_name` varchar(50) NOT NULL COMMENT '公司名称',
  `e_state` enum('0','1') NOT NULL DEFAULT '1' COMMENT '状态',
  `e_code` varchar(50) NOT NULL COMMENT '编号',
  `e_letter` char(1) NOT NULL COMMENT '首字母',
  `e_order` enum('1','2') NOT NULL DEFAULT '2' COMMENT '1常用2不常用',
  `e_url` varchar(100) NOT NULL COMMENT '公司网址',
  UNIQUE KEY `id` (`id`)
) ENGINE=InnoDB  DEFAULT CHARSET=utf8 COMMENT='快递公司' AUTO_INCREMENT=48 ;

--
-- 转存表中的数据 `cor_express`
--

INSERT INTO `cor_express` (`id`, `e_name`, `e_state`, `e_code`, `e_letter`, `e_order`, `e_url`) VALUES
(1, '安信达', '0', 'anxindakuaixi', 'A', '2', 'http://www.anxinda.com'),
(2, '包裹平邮', '1', 'youzhengguonei', 'B', '2', 'http://yjcx.chinapost.com.cn'),
(3, 'CCES', '1', 'cces', 'C', '2', 'http://www.cces.com.cn'),
(4, '传喜物流', '1', 'chuanxiwuliu', 'C', '2', 'http://www.cxcod.com'),
(5, 'DHL快递', '1', 'dhl', 'D', '2', 'http://www.cn.dhl.com'),
(6, '大田物流', '1', 'datianwuliu', 'D', '2', 'http://www.dtw.com.cn'),
(7, '德邦物流', '1', 'debangwuliu', 'D', '2', 'http://www.deppon.com'),
(8, 'EMS', '1', 'ems', 'E', '2', 'http://www.ems.com.cn'),
(9, 'EMS国际', '1', 'emsguoji', 'E', '2', '###'),
(10, '飞康达', '1', 'feikangda', 'F', '2', 'http://www.fkd.com.cn'),
(11, 'FedEx(国际)', '1', 'fedex', 'F', '2', 'http://fedex.com/cn'),
(12, '凡客如风达', '1', 'rufengda', 'F', '2', 'http://www.rufengda.com'),
(13, '港中能达', '1', 'ganzhongnengda', 'G', '2', 'http://www.nd56.com'),
(14, '挂号信', '1', 'youzhengguonei', 'G', '2', 'http://yjcx.chinapost.com.cn'),
(15, '共速达', '1', 'gongsuda', 'G', '2', 'http://www.gongsuda.com/mall/Search.aspx'),
(16, '汇通快递', '1', 'huitongkuaidi', 'H', '2', 'http://www.htky365.com'),
(17, '华宇物流', '1', 'tiandihuayu', 'H', '2', 'http://www.hoau.net'),
(18, '佳吉快运', '1', 'jiajiwuliu', 'J', '2', 'http://www.jiaji.com'),
(19, '佳怡物流', '1', 'jiayiwuliu', 'J', '2', 'http://www.jiayi56.com'),
(20, '急先达', '1', 'jixianda', 'J', '2', 'http://www.joust.cn'),
(21, '快捷速递', '1', 'kuaijiesudi', 'K', '2', 'http://www.fastexpress.com.cn'),
(22, '龙邦快递', '1', 'longbanwuliu', 'L', '2', 'http://www.lbex.com.cn'),
(23, '联邦快递', '1', 'lianbangkuaidi', 'L', '2', 'http://cndxp.apac.fedex.com/dxp.html'),
(24, '联昊通', '1', 'lianhaowuliu', 'L', '2', 'http://www.lhtex.com.cn'),
(25, '全一快递', '1', 'quanyikuaidi', 'Q', '2', 'http://www.apex100.com'),
(26, '全峰快递', '1', 'quanfengkuaidi', 'Q', '2', 'http://www.qfkd.com.cn'),
(27, '全日通', '1', 'quanritongkuaidi', 'Q', '2', 'http://www.at-express.com'),
(28, '申通快递', '1', 'shentong', 'S', '2', 'http://www.sto.cn'),
(29, '顺丰快递', '1', 'shunfeng', 'S', '1', 'http://www.sf-express.com'),
(30, '速尔快递', '1', 'suer', 'S', '2', 'http://www.sure56.com'),
(31, 'TNT快递', '1', 'tnt', 'T', '2', 'http://www.tnt.com.cn'),
(32, '天天快递', '1', 'tiantian', 'T', '2', 'http://www.ttkdex.com'),
(33, '天地华宇', '1', 'tiandihuayu', 'T', '2', 'http://www.hoau.net'),
(34, 'UPS快递', '1', 'ups', 'U', '2', 'http://www.ups.com/cn'),
(35, 'USPS', '1', 'usps', 'U', '2', 'http://www.kuaidi100.com/all/usps.shtml'),
(36, '新邦物流', '1', 'xinbangwuliu', 'X', '2', 'http://www.xbwl.cn'),
(37, '信丰物流', '1', 'xinfengwuliu', 'X', '2', 'http://www.xf-express.com.cn'),
(38, '希伊艾斯', '1', 'cces', 'X', '2', 'http://www.cces.com.cn'),
(39, '新蛋物流', '1', 'neweggozzo', 'X', '2', 'http://www.ozzo.com.cn'),
(40, '圆通快递', '1', 'yuantong', 'Y', '1', 'http://www.yto.net.cn'),
(41, '韵达快递', '1', 'yunda', 'Y', '1', 'http://www.yundaex.com'),
(42, '邮政包裹', '1', 'youzhengguonei', 'Y', '2', 'http://yjcx.chinapost.com.cn'),
(43, '优速快递', '1', 'youshuwuliu', 'Y', '2', 'http://www.uc56.com'),
(44, '中通快递', '1', 'zhongtong', 'Z', '1', 'http://www.zto.cn'),
(45, '中铁快运', '1', 'zhongtiewuliu', 'Z', '2', 'http://www.cre.cn'),
(46, '宅急送', '1', 'zhaijisong', 'Z', '2', 'http://www.zjs.com.cn'),
(47, '中邮物流', '1', 'zhongyouwuliu', 'Z', '2', 'http://www.cnpl.com.cn');

-- --------------------------------------------------------

--
-- 表的结构 `cor_favorites`
--

CREATE TABLE IF NOT EXISTS `cor_favorites` (
  `member_id` int(10) unsigned NOT NULL COMMENT '会员ID',
  `fav_id` int(10) unsigned NOT NULL COMMENT '收藏ID',
  `fav_type` varchar(20) NOT NULL COMMENT '收藏类型',
  `fav_time` int(10) unsigned NOT NULL COMMENT '收藏时间'
) ENGINE=InnoDB DEFAULT CHARSET=utf8 COMMENT='买家收藏表';

--
-- 转存表中的数据 `cor_favorites`
--

INSERT INTO `cor_favorites` (`member_id`, `fav_id`, `fav_type`, `fav_time`) VALUES
(2, 2, 'store', 1416467181),
(7, 2, 'store', 1416470124),
(3, 1, 'store', 1416807343),
(5, 2, 'store', 1416965554),
(7, 1, 'store', 1418673247),
(24, 2, 'store', 1421201265),
(24, 278, 'goods', 1421201339),
(24, 272, 'goods', 1421201363),
(24, 273, 'goods', 1421201410),
(24, 314, 'goods', 1421201473),
(24, 301, 'goods', 1421201498),
(1, 232, 'goods', 1426848453),
(80, 284, 'goods', 1427444052),
(80, 347, 'goods', 1427465979),
(78, 283, 'goods', 1427854531);

-- --------------------------------------------------------

--
-- 表的结构 `cor_feedback`
--

CREATE TABLE IF NOT EXISTS `cor_feedback` (
  `id` mediumint(8) NOT NULL AUTO_INCREMENT,
  `name` varchar(255) NOT NULL,
  `sex` varchar(255) NOT NULL,
  `email` varchar(255) NOT NULL,
  `tel` varchar(255) NOT NULL,
  `content` varchar(255) NOT NULL,
  `add_time` int(10) NOT NULL,
  PRIMARY KEY (`id`)
) ENGINE=MyISAM  DEFAULT CHARSET=utf8 AUTO_INCREMENT=4 ;

-- --------------------------------------------------------

--
-- 表的结构 `cor_flowstat_1`
--

CREATE TABLE IF NOT EXISTS `cor_flowstat_1` (
  `date` int(8) unsigned NOT NULL COMMENT '访问日期',
  `clicknum` int(11) unsigned NOT NULL COMMENT '访问量',
  `store_id` int(11) unsigned NOT NULL COMMENT '店铺ID',
  `type` varchar(10) NOT NULL COMMENT '类型',
  `goods_id` int(11) unsigned NOT NULL COMMENT '商品ID'
) ENGINE=InnoDB DEFAULT CHARSET=utf8 COMMENT='访问量统计表';

--
-- 转存表中的数据 `cor_flowstat_1`
--

INSERT INTO `cor_flowstat_1` (`date`, `clicknum`, `store_id`, `type`, `goods_id`) VALUES
(20141111, 20, 1, 'sum', 0),
(20141111, 3, 1, 'goods', 54),
(20141111, 2, 1, 'goods', 39),
(20141111, 4, 1, 'goods', 38),
(20141111, 3, 1, 'goods', 231),
(20141111, 2, 1, 'goods', 41),
(20141111, 2, 1, 'goods', 50),
(20141111, 3, 1, 'goods', 232),
(20141112, 1, 1, 'sum', 0),
(20141112, 1, 1, 'goods', 232),
(20141113, 4, 1, 'sum', 0),
(20141113, 3, 1, 'goods', 49),
(20141114, 17, 1, 'sum', 0),
(20141114, 1, 1, 'goods', 46),
(20141114, 4, 1, 'goods', 232),
(20141114, 3, 1, 'goods', 53),
(20141114, 3, 1, 'goods', 44),
(20141114, 3, 1, 'goods', 52),
(20141115, 14, 1, 'sum', 0),
(20141115, 3, 1, 'goods', 52),
(20141115, 1, 1, 'goods', 51),
(20141115, 4, 1, 'goods', 53),
(20141115, 2, 1, 'goods', 54),
(20141115, 4, 1, 'goods', 232),
(20141116, 6, 1, 'sum', 0),
(20141116, 1, 1, 'goods', 52),
(20141116, 2, 1, 'goods', 53),
(20141116, 1, 1, 'goods', 231),
(20141116, 1, 1, 'goods', 48),
(20141117, 1, 1, 'sum', 0),
(20141117, 1, 1, 'goods', 43),
(20141118, 10, 1, 'sum', 0),
(20141118, 4, 1, 'goods', 53),
(20141118, 1, 1, 'goods', 43),
(20141118, 1, 1, 'goods', 232),
(20141118, 1, 1, 'goods', 52),
(20141119, 381, 1, 'sum', 0),
(20141119, 1, 1, 'goods', 53),
(20141119, 7, 2, 'sum', 0),
(20141119, 2, 1, 'goods', 38),
(20141119, 2, 1, 'goods', 51),
(20141119, 226, 1, 'goods', 43),
(20141119, 19, 1, 'goods', 44),
(20141119, 101, 1, 'goods', 52),
(20141119, 1, 1, 'goods', 231),
(20141119, 1, 1, 'goods', 232),
(20141120, 11, 2, 'sum', 0),
(20141120, 18, 1, 'sum', 0),
(20141120, 1, 1, 'goods', 52),
(20141120, 4, 1, 'goods', 38),
(20141120, 1, 1, 'goods', 46),
(20141120, 2, 1, 'goods', 47),
(20141120, 1, 1, 'goods', 48),
(20141120, 1, 1, 'goods', 51),
(20141120, 1, 1, 'goods', 50),
(20141120, 2, 1, 'goods', 43),
(20141120, 3, 1, 'goods', 53),
(20141120, 1, 1, 'goods', 231),
(20141121, 12, 2, 'sum', 0),
(20141121, 27, 1, 'sum', 0),
(20141121, 4, 1, 'goods', 52),
(20141121, 3, 1, 'goods', 53),
(20141121, 7, 1, 'goods', 231),
(20141121, 1, 1, 'goods', 49),
(20141121, 3, 1, 'goods', 46),
(20141121, 1, 1, 'goods', 48),
(20141121, 3, 1, 'goods', 232),
(20141121, 1, 1, 'goods', 47),
(20141121, 1, 1, 'goods', 50),
(20141121, 2, 1, 'goods', 43),
(20141122, 8, 2, 'sum', 0),
(20141122, 16, 1, 'sum', 0),
(20141122, 1, 1, 'goods', 38),
(20141122, 1, 1, 'goods', 46),
(20141122, 1, 1, 'goods', 54),
(20141122, 3, 1, 'goods', 52),
(20141122, 6, 1, 'goods', 231),
(20141122, 1, 1, 'goods', 43),
(20141122, 1, 1, 'goods', 50),
(20141122, 1, 1, 'goods', 232),
(20141123, 3, 2, 'sum', 0),
(20141123, 5, 1, 'sum', 0),
(20141123, 1, 1, 'goods', 54),
(20141123, 2, 1, 'goods', 53),
(20141123, 2, 1, 'goods', 231),
(20141124, 5, 2, 'sum', 0),
(20141124, 19, 1, 'sum', 0),
(20141124, 5, 1, 'goods', 231),
(20141124, 5, 1, 'goods', 48),
(20141124, 1, 1, 'goods', 52),
(20141124, 1, 1, 'goods', 44),
(20141124, 3, 1, 'goods', 232),
(20141124, 4, 1, 'goods', 53),
(20141125, 3, 2, 'sum', 0),
(20141126, 12, 1, 'sum', 0),
(20141126, 1, 1, 'goods', 51),
(20141126, 3, 2, 'sum', 0),
(20141126, 2, 1, 'goods', 38),
(20141126, 1, 1, 'goods', 231),
(20141126, 2, 1, 'goods', 52),
(20141126, 1, 1, 'goods', 54),
(20141126, 1, 1, 'goods', 232),
(20141126, 1, 1, 'goods', 44),
(20141126, 1, 1, 'goods', 46),
(20141127, 34, 1, 'sum', 0),
(20141127, 2, 1, 'goods', 231),
(20141127, 3, 1, 'goods', 244),
(20141127, 1, 1, 'goods', 250),
(20141127, 2, 1, 'goods', 242),
(20141127, 1, 1, 'goods', 243),
(20141127, 4, 1, 'goods', 240),
(20141127, 2, 1, 'goods', 241),
(20141127, 1, 1, 'goods', 252),
(20141127, 1, 1, 'goods', 50),
(20141127, 2, 1, 'goods', 43),
(20141127, 1, 1, 'goods', 235),
(20141127, 1, 1, 'goods', 259),
(20141127, 5, 1, 'goods', 245),
(20141127, 1, 1, 'goods', 237),
(20141127, 2, 2, 'sum', 0),
(20141127, 2, 1, 'goods', 236),
(20141127, 1, 1, 'goods', 38),
(20141127, 1, 1, 'goods', 271),
(20141127, 1, 1, 'goods', 264),
(20141128, 38, 1, 'sum', 0),
(20141128, 4, 1, 'goods', 240),
(20141128, 1, 1, 'goods', 232),
(20141128, 5, 1, 'goods', 269),
(20141128, 3, 1, 'goods', 270),
(20141128, 1, 1, 'goods', 246),
(20141128, 2, 1, 'goods', 245),
(20141128, 1, 1, 'goods', 236),
(20141128, 1, 1, 'goods', 233),
(20141128, 2, 1, 'goods', 239),
(20141128, 1, 1, 'goods', 231),
(20141128, 1, 1, 'goods', 268),
(20141128, 1, 1, 'goods', 242),
(20141128, 3, 1, 'goods', 247),
(20141128, 1, 1, 'goods', 267),
(20141128, 4, 1, 'goods', 265),
(20141128, 2, 1, 'goods', 264),
(20141128, 2, 1, 'goods', 263),
(20141128, 2, 1, 'goods', 266),
(20141129, 18, 1, 'sum', 0),
(20141129, 3, 1, 'goods', 266),
(20141129, 2, 1, 'goods', 264),
(20141129, 4, 1, 'goods', 245),
(20141129, 3, 1, 'goods', 265),
(20141129, 1, 1, 'goods', 234),
(20141129, 1, 2, 'sum', 0),
(20141129, 1, 1, 'goods', 43),
(20141129, 1, 1, 'goods', 231),
(20141129, 1, 1, 'goods', 38),
(20141129, 1, 1, 'goods', 254),
(20141129, 1, 1, 'goods', 263),
(20141130, 5, 1, 'sum', 0),
(20141130, 1, 1, 'goods', 231),
(20141130, 1, 1, 'goods', 242),
(20141130, 1, 1, 'goods', 269),
(20141130, 1, 1, 'goods', 243),
(20141130, 1, 1, 'goods', 263),
(20141201, 10, 1, 'sum', 0),
(20141201, 1, 1, 'goods', 246),
(20141201, 1, 1, 'goods', 269),
(20141201, 2, 2, 'sum', 0),
(20141201, 1, 1, 'goods', 245),
(20141201, 1, 1, 'goods', 244),
(20141202, 2, 2, 'sum', 0),
(20141202, 8, 1, 'sum', 0),
(20141202, 2, 1, 'goods', 235),
(20141202, 1, 1, 'goods', 239),
(20141202, 1, 1, 'goods', 243),
(20141202, 2, 1, 'goods', 244),
(20141202, 1, 1, 'goods', 234),
(20141202, 1, 1, 'goods', 231),
(20141203, 25, 1, 'sum', 0),
(20141203, 3, 1, 'goods', 231),
(20141203, 2, 1, 'goods', 267),
(20141203, 2, 1, 'goods', 233),
(20141203, 1, 1, 'goods', 235),
(20141203, 2, 1, 'goods', 46),
(20141203, 2, 1, 'goods', 49),
(20141203, 2, 1, 'goods', 237),
(20141203, 1, 1, 'goods', 232),
(20141203, 2, 1, 'goods', 270),
(20141203, 2, 1, 'goods', 245),
(20141203, 3, 1, 'goods', 246),
(20141203, 3, 2, 'sum', 0),
(20141203, 1, 1, 'goods', 269),
(20141203, 2, 1, 'goods', 244),
(20141204, 21, 1, 'sum', 0),
(20141204, 3, 1, 'goods', 244),
(20141204, 2, 1, 'goods', 240),
(20141204, 3, 1, 'goods', 245),
(20141204, 1, 1, 'goods', 243),
(20141204, 1, 1, 'goods', 46),
(20141204, 2, 1, 'goods', 233),
(20141204, 1, 1, 'goods', 271),
(20141204, 2, 1, 'goods', 251),
(20141204, 1, 1, 'goods', 250),
(20141204, 1, 1, 'goods', 239),
(20141204, 1, 2, 'sum', 0),
(20141204, 2, 1, 'goods', 247),
(20141204, 2, 1, 'goods', 231),
(20141205, 8, 1, 'sum', 0),
(20141205, 1, 1, 'goods', 231),
(20141205, 2, 1, 'goods', 233),
(20141205, 2, 1, 'goods', 265),
(20141205, 1, 1, 'goods', 51),
(20141206, 8, 1, 'sum', 0),
(20141206, 1, 1, 'goods', 247),
(20141206, 1, 1, 'goods', 244),
(20141206, 2, 1, 'goods', 245),
(20141206, 1, 1, 'goods', 47),
(20141206, 1, 1, 'goods', 258),
(20141206, 1, 1, 'goods', 252),
(20141207, 5, 1, 'sum', 0),
(20141207, 1, 1, 'goods', 233),
(20141207, 1, 1, 'goods', 267),
(20141207, 1, 1, 'goods', 246),
(20141207, 1, 1, 'goods', 231),
(20141207, 3, 2, 'sum', 0),
(20141207, 1, 1, 'goods', 240),
(20141208, 1, 2, 'sum', 0),
(20141208, 31, 1, 'sum', 0),
(20141208, 1, 1, 'goods', 231),
(20141208, 1, 1, 'goods', 255),
(20141208, 1, 1, 'goods', 260),
(20141208, 1, 1, 'goods', 233),
(20141208, 1, 1, 'goods', 268),
(20141208, 1, 1, 'goods', 50),
(20141208, 1, 1, 'goods', 266),
(20141208, 1, 1, 'goods', 269),
(20141208, 1, 1, 'goods', 238),
(20141208, 1, 1, 'goods', 54),
(20141208, 1, 1, 'goods', 257),
(20141208, 1, 1, 'goods', 271),
(20141208, 1, 1, 'goods', 239),
(20141208, 1, 1, 'goods', 44),
(20141208, 1, 1, 'goods', 38),
(20141208, 1, 1, 'goods', 253),
(20141208, 1, 1, 'goods', 243),
(20141208, 1, 1, 'goods', 39),
(20141208, 1, 1, 'goods', 262),
(20141208, 1, 1, 'goods', 234),
(20141208, 1, 1, 'goods', 249),
(20141208, 1, 1, 'goods', 236),
(20141208, 1, 1, 'goods', 254),
(20141208, 1, 1, 'goods', 240),
(20141208, 1, 1, 'goods', 232),
(20141208, 1, 1, 'goods', 259),
(20141208, 1, 1, 'goods', 263),
(20141208, 1, 1, 'goods', 270),
(20141208, 1, 1, 'goods', 244),
(20141208, 1, 1, 'goods', 43),
(20141209, 3, 2, 'sum', 0),
(20141209, 2, 1, 'sum', 0),
(20141209, 1, 1, 'goods', 240),
(20141209, 1, 1, 'goods', 49),
(20141210, 3, 1, 'sum', 0),
(20141210, 1, 1, 'goods', 246),
(20141210, 1, 1, 'goods', 263),
(20141210, 7, 2, 'sum', 0),
(20141210, 1, 1, 'goods', 258),
(20141211, 10, 1, 'sum', 0),
(20141211, 2, 1, 'goods', 235),
(20141211, 1, 1, 'goods', 231),
(20141211, 1, 1, 'goods', 234),
(20141211, 1, 1, 'goods', 245),
(20141211, 21, 2, 'sum', 0),
(20141211, 13, 2, 'goods', 272),
(20141211, 1, 1, 'goods', 52),
(20141211, 1, 1, 'goods', 54),
(20141211, 1, 1, 'goods', 53),
(20141211, 1, 1, 'goods', 232),
(20141211, 1, 1, 'goods', 239),
(20141212, 36, 2, 'sum', 0),
(20141212, 6, 2, 'goods', 272),
(20141212, 25, 1, 'sum', 0),
(20141212, 1, 1, 'goods', 254),
(20141212, 1, 1, 'goods', 255),
(20141212, 12, 2, 'goods', 273),
(20141212, 1, 1, 'goods', 268),
(20141212, 2, 1, 'goods', 38),
(20141212, 6, 2, 'goods', 274),
(20141212, 6, 1, 'goods', 276),
(20141212, 4, 2, 'goods', 275),
(20141212, 2, 1, 'goods', 53),
(20141212, 4, 1, 'goods', 231),
(20141212, 3, 1, 'goods', 232),
(20141212, 2, 1, 'goods', 244),
(20141212, 1, 1, 'goods', 50),
(20141212, 1, 1, 'goods', 52),
(20141212, 1, 1, 'goods', 54),
(20141213, 35, 1, 'sum', 0),
(20141213, 2, 1, 'goods', 46),
(20141213, 8, 1, 'goods', 276),
(20141213, 35, 2, 'sum', 0),
(20141213, 6, 2, 'goods', 275),
(20141213, 2, 2, 'goods', 274),
(20141213, 8, 2, 'goods', 273),
(20141213, 2, 2, 'goods', 272),
(20141213, 13, 1, 'goods', 277),
(20141213, 2, 1, 'goods', 231),
(20141213, 1, 1, 'goods', 232),
(20141213, 4, 2, 'goods', 279),
(20141213, 3, 2, 'goods', 278),
(20141213, 3, 1, 'goods', 280),
(20141213, 4, 2, 'goods', 281),
(20141213, 3, 1, 'goods', 282),
(20141213, 1, 1, 'goods', 54),
(20141213, 1, 1, 'goods', 48),
(20141213, 1, 1, 'goods', 242),
(20141214, 44, 1, 'sum', 0),
(20141214, 11, 1, 'goods', 277),
(20141214, 14, 1, 'goods', 276),
(20141214, 2, 1, 'goods', 280),
(20141214, 8, 1, 'goods', 282),
(20141214, 26, 2, 'sum', 0),
(20141214, 3, 2, 'goods', 278),
(20141214, 7, 2, 'goods', 279),
(20141214, 5, 1, 'goods', 283),
(20141214, 1, 1, 'goods', 232),
(20141214, 4, 2, 'goods', 285),
(20141214, 2, 2, 'goods', 275),
(20141214, 1, 1, 'goods', 44),
(20141214, 2, 2, 'goods', 272),
(20141214, 3, 2, 'goods', 273),
(20141214, 1, 2, 'goods', 274),
(20141214, 1, 2, 'goods', 281),
(20141214, 2, 1, 'goods', 284),
(20141215, 11, 2, 'sum', 0),
(20141215, 5, 2, 'goods', 285),
(20141215, 1, 2, 'goods', 273),
(20141215, 15, 1, 'sum', 0),
(20141215, 3, 1, 'goods', 280),
(20141215, 2, 2, 'goods', 279),
(20141215, 4, 1, 'goods', 282),
(20141215, 1, 1, 'goods', 232),
(20141215, 1, 2, 'goods', 281),
(20141215, 2, 1, 'goods', 277),
(20141215, 3, 1, 'goods', 276),
(20141215, 1, 1, 'goods', 231),
(20141215, 1, 1, 'goods', 283),
(20141216, 5, 2, 'sum', 0),
(20141216, 3, 2, 'goods', 286),
(20141216, 1, 2, 'goods', 278),
(20141216, 33, 1, 'sum', 0),
(20141216, 9, 1, 'goods', 276),
(20141216, 2, 1, 'goods', 284),
(20141216, 5, 1, 'goods', 277),
(20141216, 3, 1, 'goods', 283),
(20141216, 1, 1, 'goods', 232),
(20141216, 3, 1, 'goods', 282),
(20141216, 1, 1, 'goods', 43),
(20141216, 3, 1, 'goods', 231),
(20141216, 1, 1, 'goods', 44),
(20141216, 1, 1, 'goods', 52),
(20141216, 1, 1, 'goods', 247),
(20141216, 1, 1, 'goods', 246),
(20141217, 54, 1, 'sum', 0),
(20141217, 11, 1, 'goods', 282),
(20141217, 26, 2, 'sum', 0),
(20141217, 13, 1, 'goods', 276),
(20141217, 1, 1, 'goods', 284),
(20141217, 2, 2, 'goods', 275),
(20141217, 6, 2, 'goods', 286),
(20141217, 2, 2, 'goods', 278),
(20141217, 4, 2, 'goods', 285),
(20141217, 2, 2, 'goods', 279),
(20141217, 3, 2, 'goods', 281),
(20141217, 3, 1, 'goods', 277),
(20141217, 3, 2, 'goods', 273),
(20141217, 2, 2, 'goods', 274),
(20141217, 8, 1, 'goods', 283),
(20141217, 1, 1, 'goods', 44),
(20141217, 1, 1, 'goods', 40),
(20141217, 1, 2, 'goods', 272),
(20141217, 3, 1, 'goods', 232),
(20141217, 3, 1, 'goods', 52),
(20141217, 1, 1, 'goods', 231),
(20141217, 1, 1, 'goods', 48),
(20141218, 30, 1, 'sum', 0),
(20141218, 2, 1, 'goods', 277),
(20141218, 2, 1, 'goods', 282),
(20141218, 2, 1, 'goods', 280),
(20141218, 12, 1, 'goods', 276),
(20141218, 3, 2, 'sum', 0),
(20141218, 1, 2, 'goods', 286),
(20141218, 1, 1, 'goods', 247),
(20141218, 1, 1, 'goods', 259),
(20141218, 1, 1, 'goods', 283),
(20141218, 1, 1, 'goods', 54),
(20141218, 1, 2, 'goods', 285),
(20141218, 1, 2, 'goods', 281),
(20141218, 1, 1, 'goods', 53),
(20141219, 38, 1, 'sum', 0),
(20141219, 9, 1, 'goods', 277),
(20141219, 11, 1, 'goods', 276),
(20141219, 4, 1, 'goods', 283),
(20141219, 2, 1, 'goods', 284),
(20141219, 2, 1, 'goods', 280),
(20141219, 1, 1, 'goods', 41),
(20141219, 6, 2, 'sum', 0),
(20141219, 1, 2, 'goods', 285),
(20141219, 2, 1, 'goods', 282),
(20141219, 1, 1, 'goods', 231),
(20141219, 4, 2, 'goods', 286),
(20141219, 1, 1, 'goods', 48),
(20141219, 1, 1, 'goods', 53),
(20141220, 5, 2, 'sum', 0),
(20141220, 4, 1, 'sum', 0),
(20141220, 1, 1, 'goods', 44),
(20141220, 2, 2, 'goods', 286),
(20141220, 1, 2, 'goods', 275),
(20141220, 1, 2, 'goods', 274),
(20141220, 1, 1, 'goods', 276),
(20141220, 1, 1, 'goods', 277),
(20141220, 1, 1, 'goods', 282),
(20141221, 26, 1, 'sum', 0),
(20141221, 2, 1, 'goods', 53),
(20141221, 1, 1, 'goods', 52),
(20141221, 1, 1, 'goods', 280),
(20141221, 6, 1, 'goods', 276),
(20141221, 2, 1, 'goods', 282),
(20141221, 9, 2, 'sum', 0),
(20141221, 1, 2, 'goods', 286),
(20141221, 2, 1, 'goods', 231),
(20141221, 1, 1, 'goods', 232),
(20141221, 5, 1, 'goods', 277),
(20141221, 1, 2, 'goods', 279),
(20141221, 1, 2, 'goods', 274),
(20141221, 1, 1, 'goods', 38),
(20141221, 3, 1, 'goods', 48),
(20141221, 2, 2, 'goods', 273),
(20141222, 38, 1, 'sum', 0),
(20141222, 4, 1, 'goods', 282),
(20141222, 28, 2, 'sum', 0),
(20141222, 3, 2, 'goods', 275),
(20141222, 1, 2, 'goods', 273),
(20141222, 1, 2, 'goods', 278),
(20141222, 1, 2, 'goods', 281),
(20141222, 10, 1, 'goods', 276),
(20141222, 7, 2, 'goods', 279),
(20141222, 3, 2, 'goods', 286),
(20141222, 1, 1, 'goods', 283),
(20141222, 3, 1, 'goods', 277),
(20141222, 1, 1, 'goods', 231),
(20141222, 5, 2, 'goods', 287),
(20141222, 1, 2, 'goods', 272),
(20141222, 4, 1, 'goods', 50),
(20141222, 11, 1, 'goods', 288),
(20141222, 1, 2, 'goods', 285),
(20141222, 1, 2, 'goods', 274),
(20141222, 1, 1, 'goods', 280),
(20141222, 1, 1, 'goods', 284),
(20141222, 1, 1, 'goods', 48),
(20141222, 1, 1, 'goods', 232),
(20141223, 21, 1, 'sum', 0),
(20141223, 1, 1, 'goods', 276),
(20141223, 8, 1, 'goods', 288),
(20141223, 3, 1, 'goods', 52),
(20141223, 3, 1, 'goods', 53),
(20141223, 2, 1, 'goods', 54),
(20141223, 2, 1, 'goods', 283),
(20141223, 1, 1, 'goods', 50),
(20141223, 1, 1, 'goods', 49),
(20141223, 10, 2, 'sum', 0),
(20141223, 1, 2, 'goods', 286),
(20141223, 2, 2, 'goods', 287),
(20141223, 1, 2, 'goods', 273),
(20141223, 1, 2, 'goods', 272),
(20141223, 1, 2, 'goods', 279),
(20141224, 32, 1, 'sum', 0),
(20141224, 1, 1, 'goods', 232),
(20141224, 5, 2, 'sum', 0),
(20141224, 17, 1, 'goods', 288),
(20141224, 7, 1, 'goods', 277),
(20141224, 3, 1, 'goods', 283),
(20141224, 1, 1, 'goods', 52),
(20141224, 2, 2, 'goods', 279),
(20141224, 1, 1, 'goods', 282),
(20141224, 1, 2, 'goods', 286),
(20141225, 25, 1, 'sum', 0),
(20141225, 1, 1, 'goods', 277),
(20141225, 4, 1, 'goods', 276),
(20141225, 1, 1, 'goods', 283),
(20141225, 2, 1, 'goods', 231),
(20141225, 2, 1, 'goods', 52),
(20141225, 2, 1, 'goods', 282),
(20141225, 5, 1, 'goods', 288),
(20141225, 8, 1, 'goods', 301),
(20141226, 42, 1, 'sum', 0),
(20141226, 12, 1, 'goods', 301),
(20141226, 9, 1, 'goods', 288),
(20141226, 1, 1, 'goods', 284),
(20141226, 2, 1, 'goods', 54),
(20141226, 1, 1, 'goods', 52),
(20141226, 8, 1, 'goods', 302),
(20141226, 1, 1, 'goods', 280),
(20141226, 1, 1, 'goods', 283),
(20141226, 1, 1, 'goods', 282),
(20141226, 3, 2, 'sum', 0),
(20141226, 1, 2, 'goods', 285),
(20141226, 1, 2, 'goods', 273),
(20141226, 1, 2, 'goods', 275),
(20141226, 1, 1, 'goods', 276),
(20141226, 1, 1, 'goods', 231),
(20141226, 1, 1, 'goods', 48),
(20141226, 1, 1, 'goods', 232),
(20141227, 37, 1, 'sum', 0),
(20141227, 2, 1, 'goods', 283),
(20141227, 2, 1, 'goods', 302),
(20141227, 1, 1, 'goods', 231),
(20141227, 6, 1, 'goods', 276),
(20141227, 5, 1, 'goods', 288),
(20141227, 9, 2, 'sum', 0),
(20141227, 6, 1, 'goods', 301),
(20141227, 1, 1, 'goods', 282),
(20141227, 1, 2, 'goods', 287),
(20141227, 1, 2, 'goods', 272),
(20141227, 1, 2, 'goods', 273),
(20141227, 2, 1, 'goods', 284),
(20141227, 1, 1, 'goods', 46),
(20141227, 7, 1, 'goods', 303),
(20141227, 1, 1, 'goods', 49),
(20141227, 1, 2, 'goods', 279),
(20141227, 1, 2, 'goods', 278),
(20141227, 1, 2, 'goods', 285),
(20141228, 10, 2, 'sum', 0),
(20141228, 2, 2, 'goods', 286),
(20141228, 13, 1, 'sum', 0),
(20141228, 4, 1, 'goods', 303),
(20141228, 1, 1, 'goods', 277),
(20141228, 1, 1, 'goods', 302),
(20141228, 3, 1, 'goods', 301),
(20141228, 4, 1, 'goods', 288),
(20141228, 3, 2, 'goods', 278),
(20141228, 2, 2, 'goods', 275),
(20141228, 1, 2, 'goods', 279),
(20141229, 5, 2, 'sum', 0),
(20141229, 1, 2, 'goods', 275),
(20141229, 19, 1, 'sum', 0),
(20141229, 3, 1, 'goods', 288),
(20141229, 1, 2, 'goods', 278),
(20141229, 1, 1, 'goods', 301),
(20141229, 1, 1, 'goods', 284),
(20141229, 5, 1, 'goods', 276),
(20141229, 7, 1, 'goods', 302),
(20141229, 1, 2, 'goods', 279),
(20141229, 2, 1, 'goods', 303),
(20141230, 6, 1, 'sum', 0),
(20141230, 1, 1, 'goods', 283),
(20141230, 2, 1, 'goods', 276),
(20141230, 1, 1, 'goods', 303),
(20141230, 1, 1, 'goods', 235),
(20141230, 1, 1, 'goods', 44),
(20141231, 8, 1, 'sum', 0),
(20141231, 1, 1, 'goods', 283),
(20141231, 3, 1, 'goods', 282),
(20141231, 2, 1, 'goods', 276),
(20141231, 1, 1, 'goods', 277),
(20141231, 1, 1, 'goods', 284),
(20150101, 11, 1, 'sum', 0),
(20150101, 2, 1, 'goods', 301),
(20150101, 7, 1, 'goods', 304),
(20150101, 2, 1, 'goods', 288),
(20150101, 12, 2, 'sum', 0),
(20150101, 10, 2, 'goods', 279),
(20150101, 1, 2, 'goods', 286),
(20150102, 16, 1, 'sum', 0),
(20150102, 2, 1, 'goods', 276),
(20150102, 5, 2, 'sum', 0),
(20150102, 2, 2, 'goods', 286),
(20150102, 3, 2, 'goods', 279),
(20150102, 1, 1, 'goods', 304),
(20150102, 1, 1, 'goods', 306),
(20150102, 4, 1, 'goods', 305),
(20150102, 1, 1, 'goods', 301),
(20150102, 2, 1, 'goods', 288),
(20150102, 3, 1, 'goods', 308),
(20150102, 1, 1, 'goods', 309),
(20150102, 1, 1, 'goods', 307),
(20150103, 2, 2, 'sum', 0),
(20150103, 2, 2, 'goods', 286),
(20150103, 3, 1, 'sum', 0),
(20150103, 1, 1, 'goods', 310),
(20150103, 1, 1, 'goods', 283),
(20150103, 1, 1, 'goods', 277),
(20150104, 27, 1, 'sum', 0),
(20150104, 4, 1, 'goods', 310),
(20150104, 4, 1, 'goods', 311),
(20150104, 4, 1, 'goods', 308),
(20150104, 6, 1, 'goods', 276),
(20150104, 2, 1, 'goods', 282),
(20150104, 1, 1, 'goods', 283),
(20150104, 3, 1, 'goods', 301),
(20150104, 2, 1, 'goods', 277),
(20150104, 1, 1, 'goods', 309),
(20150104, 10, 2, 'sum', 0),
(20150104, 5, 2, 'goods', 274),
(20150104, 1, 2, 'goods', 285),
(20150104, 1, 2, 'goods', 281),
(20150104, 1, 2, 'goods', 287),
(20150104, 1, 2, 'goods', 273),
(20150104, 1, 2, 'goods', 286),
(20150105, 15, 1, 'sum', 0),
(20150105, 2, 1, 'goods', 276),
(20150105, 3, 1, 'goods', 283),
(20150105, 1, 1, 'goods', 311),
(20150105, 9, 1, 'goods', 282),
(20150105, 7, 2, 'sum', 0),
(20150105, 1, 2, 'goods', 286),
(20150105, 1, 2, 'goods', 275),
(20150105, 2, 2, 'goods', 279),
(20150105, 3, 2, 'goods', 278),
(20150106, 4, 2, 'sum', 0),
(20150106, 1, 2, 'goods', 274),
(20150106, 4, 1, 'sum', 0),
(20150106, 1, 1, 'goods', 282),
(20150106, 1, 1, 'goods', 283),
(20150106, 1, 1, 'goods', 276),
(20150106, 1, 1, 'goods', 301),
(20150106, 1, 2, 'goods', 272),
(20150106, 1, 2, 'goods', 285),
(20150107, 1, 2, 'sum', 0),
(20150107, 1, 2, 'goods', 274),
(20150107, 5, 1, 'sum', 0),
(20150107, 2, 1, 'goods', 301),
(20150107, 1, 1, 'goods', 282),
(20150107, 1, 1, 'goods', 283),
(20150108, 7, 1, 'sum', 0),
(20150108, 3, 1, 'goods', 276),
(20150108, 1, 1, 'goods', 301),
(20150108, 3, 1, 'goods', 282),
(20150108, 3, 2, 'sum', 0),
(20150108, 1, 2, 'goods', 273),
(20150108, 1, 2, 'goods', 285),
(20150109, 15, 1, 'sum', 0),
(20150109, 1, 1, 'goods', 283),
(20150109, 2, 1, 'goods', 277),
(20150109, 2, 1, 'goods', 276),
(20150109, 1, 2, 'sum', 0),
(20150109, 1, 2, 'goods', 278),
(20150109, 3, 1, 'goods', 308),
(20150109, 2, 1, 'goods', 309),
(20150109, 2, 1, 'goods', 305),
(20150109, 1, 1, 'goods', 301),
(20150109, 2, 1, 'goods', 307),
(20150110, 11, 1, 'sum', 0),
(20150110, 1, 1, 'goods', 282),
(20150110, 1, 1, 'goods', 310),
(20150110, 4, 2, 'sum', 0),
(20150110, 4, 1, 'goods', 314),
(20150110, 1, 2, 'goods', 274),
(20150110, 1, 1, 'goods', 311),
(20150110, 1, 2, 'goods', 286),
(20150110, 1, 1, 'goods', 307),
(20150110, 1, 1, 'goods', 276),
(20150111, 3, 2, 'sum', 0),
(20150111, 1, 2, 'goods', 274),
(20150111, 9, 1, 'sum', 0),
(20150111, 4, 1, 'goods', 283),
(20150111, 2, 1, 'goods', 314),
(20150111, 1, 1, 'goods', 284),
(20150111, 1, 2, 'goods', 281),
(20150111, 1, 2, 'goods', 272),
(20150111, 1, 1, 'goods', 280),
(20150111, 1, 1, 'goods', 301),
(20150112, 22, 1, 'sum', 0),
(20150112, 3, 1, 'goods', 283),
(20150112, 12, 1, 'goods', 314),
(20150112, 5, 2, 'sum', 0),
(20150112, 2, 1, 'goods', 276),
(20150112, 1, 1, 'goods', 310),
(20150112, 1, 1, 'goods', 311),
(20150112, 1, 2, 'goods', 286),
(20150112, 1, 2, 'goods', 274),
(20150112, 1, 1, 'goods', 301),
(20150112, 1, 2, 'goods', 273),
(20150112, 1, 1, 'goods', 308),
(20150113, 6, 1, 'sum', 0),
(20150113, 1, 1, 'goods', 305),
(20150113, 1, 1, 'goods', 277),
(20150113, 2, 1, 'goods', 314),
(20150113, 1, 1, 'goods', 276),
(20150113, 1, 1, 'goods', 307),
(20150113, 1, 2, 'sum', 0),
(20150113, 1, 2, 'goods', 279),
(20150114, 29, 1, 'sum', 0),
(20150114, 8, 1, 'goods', 314),
(20150114, 1, 1, 'goods', 307),
(20150114, 3, 1, 'goods', 277),
(20150114, 4, 1, 'goods', 301),
(20150114, 1, 1, 'goods', 310),
(20150114, 30, 2, 'sum', 0),
(20150114, 1, 2, 'goods', 278),
(20150114, 6, 2, 'goods', 272),
(20150114, 2, 2, 'goods', 273),
(20150114, 8, 1, 'goods', 276),
(20150114, 2, 1, 'goods', 283),
(20150114, 3, 2, 'goods', 274),
(20150114, 13, 2, 'goods', 275),
(20150114, 2, 2, 'goods', 286),
(20150114, 1, 1, 'goods', 284),
(20150115, 13, 1, 'sum', 0),
(20150115, 2, 1, 'goods', 310),
(20150115, 1, 1, 'goods', 311),
(20150115, 1, 1, 'goods', 282),
(20150115, 1, 1, 'goods', 308),
(20150115, 3, 1, 'goods', 314),
(20150115, 2, 1, 'goods', 283),
(20150115, 8, 2, 'sum', 0),
(20150115, 3, 2, 'goods', 275),
(20150115, 2, 2, 'goods', 278),
(20150115, 2, 2, 'goods', 272),
(20150115, 1, 2, 'goods', 281),
(20150115, 1, 1, 'goods', 277),
(20150116, 10, 1, 'sum', 0),
(20150116, 1, 1, 'goods', 309),
(20150116, 5, 2, 'sum', 0),
(20150116, 2, 2, 'goods', 273),
(20150116, 3, 1, 'goods', 314),
(20150116, 1, 2, 'goods', 272),
(20150116, 1, 1, 'goods', 283),
(20150116, 3, 1, 'goods', 277),
(20150116, 1, 1, 'goods', 310),
(20150116, 1, 2, 'goods', 285),
(20150116, 1, 2, 'goods', 281),
(20150116, 1, 1, 'goods', 276),
(20150117, 18, 1, 'sum', 0),
(20150117, 4, 1, 'goods', 283),
(20150117, 2, 1, 'goods', 301),
(20150117, 2, 1, 'goods', 310),
(20150117, 2, 1, 'goods', 308),
(20150117, 1, 1, 'goods', 309),
(20150117, 5, 2, 'sum', 0),
(20150117, 1, 1, 'goods', 282),
(20150117, 1, 1, 'goods', 311),
(20150117, 2, 2, 'goods', 279),
(20150117, 3, 1, 'goods', 277),
(20150117, 1, 1, 'goods', 280),
(20150117, 1, 1, 'goods', 276),
(20150118, 7, 1, 'sum', 0),
(20150118, 2, 1, 'goods', 282),
(20150118, 1, 1, 'goods', 311),
(20150118, 1, 1, 'goods', 283),
(20150118, 1, 1, 'goods', 280),
(20150118, 1, 2, 'sum', 0),
(20150118, 1, 2, 'goods', 275),
(20150118, 1, 1, 'goods', 301),
(20150118, 1, 1, 'goods', 276),
(20150119, 24, 1, 'sum', 0),
(20150119, 4, 1, 'goods', 282),
(20150119, 5, 1, 'goods', 310),
(20150119, 1, 1, 'goods', 311),
(20150119, 1, 2, 'sum', 0),
(20150119, 1, 2, 'goods', 286),
(20150119, 3, 1, 'goods', 314),
(20150119, 2, 1, 'goods', 276),
(20150119, 2, 1, 'goods', 277),
(20150120, 20, 1, 'sum', 0),
(20150120, 4, 1, 'goods', 276),
(20150120, 5, 1, 'goods', 282),
(20150120, 2, 1, 'goods', 310),
(20150120, 2, 2, 'sum', 0),
(20150120, 1, 2, 'goods', 279),
(20150120, 2, 1, 'goods', 311),
(20150120, 1, 1, 'goods', 284),
(20150120, 2, 1, 'goods', 283),
(20150120, 2, 1, 'goods', 314),
(20150120, 1, 2, 'goods', 286),
(20150120, 1, 1, 'goods', 301),
(20150121, 4, 1, 'sum', 0),
(20150121, 2, 1, 'goods', 282),
(20150121, 1, 1, 'goods', 284),
(20150121, 1, 1, 'goods', 276),
(20150121, 3, 2, 'sum', 0),
(20150121, 1, 2, 'goods', 278),
(20150121, 1, 2, 'goods', 273),
(20150121, 1, 2, 'goods', 274),
(20150122, 2, 2, 'sum', 0),
(20150122, 1, 2, 'goods', 285),
(20150122, 17, 1, 'sum', 0),
(20150122, 2, 1, 'goods', 284),
(20150122, 2, 1, 'goods', 307),
(20150122, 1, 1, 'goods', 305),
(20150122, 4, 1, 'goods', 276),
(20150122, 1, 1, 'goods', 301),
(20150122, 2, 1, 'goods', 283),
(20150122, 2, 1, 'goods', 314),
(20150122, 1, 2, 'goods', 286),
(20150122, 2, 1, 'goods', 277),
(20150123, 15, 1, 'sum', 0),
(20150123, 2, 1, 'goods', 283),
(20150123, 4, 1, 'goods', 310),
(20150123, 1, 1, 'goods', 314),
(20150123, 1, 1, 'goods', 305),
(20150123, 2, 2, 'sum', 0),
(20150123, 1, 2, 'goods', 275),
(20150123, 1, 2, 'goods', 285),
(20150123, 3, 1, 'goods', 277),
(20150123, 1, 1, 'goods', 311),
(20150123, 1, 1, 'goods', 280),
(20150123, 1, 1, 'goods', 276),
(20150124, 32, 1, 'sum', 0),
(20150124, 2, 1, 'goods', 310),
(20150124, 2, 1, 'goods', 277),
(20150124, 1, 1, 'goods', 280),
(20150124, 14, 2, 'sum', 0),
(20150124, 4, 2, 'goods', 286),
(20150124, 7, 1, 'goods', 331),
(20150124, 5, 1, 'goods', 332),
(20150124, 9, 1, 'goods', 333),
(20150124, 2, 2, 'goods', 273),
(20150124, 1, 1, 'goods', 283),
(20150124, 2, 1, 'goods', 276),
(20150124, 1, 1, 'goods', 311),
(20150124, 1, 2, 'goods', 274),
(20150124, 1, 2, 'goods', 285),
(20150124, 1, 1, 'goods', 282),
(20150125, 15, 1, 'sum', 0),
(20150125, 5, 1, 'goods', 333),
(20150125, 1, 2, 'sum', 0),
(20150125, 1, 2, 'goods', 278),
(20150125, 4, 1, 'goods', 331),
(20150125, 1, 1, 'goods', 277),
(20150125, 1, 1, 'goods', 276),
(20150125, 1, 1, 'goods', 314),
(20150125, 2, 1, 'goods', 332),
(20150125, 1, 1, 'goods', 282),
(20150126, 22, 1, 'sum', 0),
(20150126, 1, 1, 'goods', 276),
(20150126, 2, 1, 'goods', 308),
(20150126, 4, 1, 'goods', 332),
(20150126, 1, 1, 'goods', 333),
(20150126, 1, 1, 'goods', 331),
(20150126, 1, 1, 'goods', 314),
(20150126, 1, 1, 'goods', 277),
(20150126, 5, 1, 'goods', 311),
(20150126, 5, 1, 'goods', 310),
(20150127, 5, 1, 'sum', 0),
(20150127, 1, 1, 'goods', 332),
(20150127, 2, 1, 'goods', 331),
(20150127, 1, 2, 'sum', 0),
(20150127, 1, 2, 'goods', 279),
(20150127, 1, 1, 'goods', 314),
(20150128, 13, 1, 'sum', 0),
(20150128, 2, 1, 'goods', 333),
(20150128, 3, 2, 'sum', 0),
(20150128, 1, 2, 'goods', 274),
(20150128, 2, 1, 'goods', 311),
(20150128, 1, 1, 'goods', 308),
(20150128, 1, 1, 'goods', 309),
(20150128, 1, 1, 'goods', 301),
(20150128, 2, 1, 'goods', 277),
(20150128, 1, 1, 'goods', 282),
(20150128, 1, 1, 'goods', 276),
(20150128, 1, 1, 'goods', 280),
(20150128, 1, 1, 'goods', 310),
(20150128, 1, 2, 'goods', 286),
(20150128, 1, 2, 'goods', 279),
(20150129, 4, 1, 'sum', 0),
(20150129, 1, 1, 'goods', 277),
(20150129, 2, 1, 'goods', 276),
(20150130, 2, 2, 'sum', 0),
(20150130, 1, 2, 'goods', 273),
(20150130, 5, 1, 'sum', 0),
(20150130, 1, 1, 'goods', 331),
(20150130, 2, 1, 'goods', 332),
(20150130, 1, 2, 'goods', 279),
(20150130, 1, 1, 'goods', 314),
(20150130, 1, 1, 'goods', 276),
(20150131, 5, 1, 'sum', 0),
(20150131, 1, 1, 'goods', 311),
(20150131, 1, 2, 'sum', 0),
(20150131, 1, 2, 'goods', 279),
(20150131, 1, 1, 'goods', 277),
(20150131, 1, 1, 'goods', 282),
(20150131, 1, 1, 'goods', 284),
(20150131, 1, 1, 'goods', 276),
(20150201, 2, 2, 'sum', 0),
(20150201, 1, 2, 'goods', 278),
(20150201, 3, 1, 'sum', 0),
(20150201, 2, 1, 'goods', 332),
(20150201, 1, 2, 'goods', 273),
(20150201, 1, 1, 'goods', 333),
(20150202, 2, 1, 'sum', 0),
(20150202, 2, 1, 'goods', 276),
(20150203, 6, 1, 'sum', 0),
(20150203, 3, 1, 'goods', 276),
(20150203, 2, 1, 'goods', 314),
(20150203, 1, 1, 'goods', 332),
(20150203, 3, 2, 'sum', 0),
(20150203, 1, 2, 'goods', 272),
(20150203, 1, 2, 'goods', 286),
(20150203, 1, 2, 'goods', 274),
(20150204, 4, 2, 'sum', 0),
(20150204, 1, 2, 'goods', 279),
(20150204, 1, 2, 'goods', 275),
(20150204, 2, 2, 'goods', 281),
(20150204, 1, 1, 'sum', 0),
(20150204, 1, 1, 'goods', 280),
(20150205, 5, 1, 'sum', 0),
(20150205, 2, 1, 'goods', 276),
(20150205, 1, 1, 'goods', 282),
(20150206, 15, 1, 'sum', 0),
(20150206, 1, 1, 'goods', 276),
(20150206, 3, 1, 'goods', 332),
(20150206, 1, 1, 'goods', 351),
(20150206, 2, 1, 'goods', 333),
(20150206, 1, 1, 'goods', 331),
(20150206, 1, 1, 'goods', 314),
(20150206, 4, 2, 'sum', 0),
(20150206, 1, 2, 'goods', 272),
(20150206, 1, 2, 'goods', 273),
(20150206, 1, 2, 'goods', 278),
(20150206, 1, 2, 'goods', 281),
(20150206, 1, 1, 'goods', 277),
(20150207, 2, 1, 'sum', 0),
(20150207, 1, 1, 'goods', 301),
(20150207, 1, 2, 'sum', 0),
(20150207, 1, 2, 'goods', 279),
(20150207, 1, 1, 'goods', 333),
(20150208, 1, 1, 'sum', 0),
(20150208, 1, 1, 'goods', 282),
(20150209, 5, 1, 'sum', 0),
(20150209, 1, 1, 'goods', 332),
(20150209, 1, 1, 'goods', 301),
(20150209, 3, 1, 'goods', 314),
(20150210, 20, 1, 'sum', 0),
(20150210, 3, 1, 'goods', 333),
(20150210, 2, 1, 'goods', 332),
(20150210, 4, 2, 'sum', 0),
(20150210, 1, 2, 'goods', 281),
(20150210, 2, 1, 'goods', 283),
(20150210, 2, 1, 'goods', 282),
(20150210, 1, 2, 'goods', 274),
(20150210, 1, 2, 'goods', 273),
(20150210, 1, 1, 'goods', 276),
(20150210, 1, 1, 'goods', 277),
(20150210, 2, 1, 'goods', 305),
(20150210, 4, 1, 'goods', 301),
(20150210, 2, 1, 'goods', 310),
(20150210, 1, 1, 'goods', 308),
(20150211, 6, 2, 'sum', 0),
(20150211, 4, 2, 'goods', 275),
(20150211, 4, 1, 'sum', 0),
(20150211, 1, 1, 'goods', 276),
(20150211, 1, 2, 'goods', 278),
(20150211, 1, 1, 'goods', 280),
(20150211, 1, 2, 'goods', 272),
(20150211, 1, 1, 'goods', 277),
(20150212, 2, 2, 'sum', 0),
(20150212, 1, 2, 'goods', 273),
(20150212, 3, 1, 'sum', 0),
(20150212, 2, 1, 'goods', 332),
(20150212, 1, 1, 'goods', 308),
(20150212, 1, 2, 'goods', 274),
(20150213, 1, 2, 'sum', 0),
(20150213, 1, 2, 'goods', 285),
(20150214, 4, 1, 'sum', 0),
(20150214, 1, 1, 'goods', 333),
(20150214, 1, 1, 'goods', 282),
(20150214, 2, 1, 'goods', 276),
(20150215, 8, 1, 'sum', 0),
(20150215, 1, 1, 'goods', 301),
(20150215, 1, 1, 'goods', 284),
(20150215, 1, 1, 'goods', 311),
(20150215, 1, 1, 'goods', 305),
(20150215, 2, 2, 'sum', 0),
(20150215, 2, 1, 'goods', 308),
(20150215, 1, 1, 'goods', 309),
(20150215, 1, 2, 'goods', 285),
(20150216, 1, 2, 'sum', 0),
(20150216, 1, 1, 'sum', 0),
(20150216, 1, 1, 'goods', 276),
(20150217, 2, 2, 'sum', 0),
(20150217, 1, 2, 'goods', 279),
(20150217, 1, 2, 'goods', 286),
(20150217, 1, 1, 'sum', 0),
(20150217, 1, 1, 'goods', 283),
(20150218, 1, 2, 'sum', 0),
(20150218, 1, 2, 'goods', 281),
(20150219, 2, 1, 'sum', 0),
(20150219, 1, 1, 'goods', 314),
(20150220, 6, 1, 'sum', 0),
(20150220, 1, 1, 'goods', 276),
(20150220, 4, 1, 'goods', 301),
(20150221, 4, 1, 'sum', 0),
(20150221, 1, 1, 'goods', 301),
(20150221, 1, 1, 'goods', 282),
(20150221, 1, 1, 'goods', 276),
(20150221, 1, 2, 'sum', 0),
(20150221, 1, 2, 'goods', 281),
(20150221, 1, 1, 'goods', 277),
(20150222, 1, 2, 'sum', 0),
(20150222, 1, 2, 'goods', 272),
(20150222, 1, 1, 'sum', 0),
(20150222, 1, 1, 'goods', 277),
(20150223, 1, 1, 'sum', 0),
(20150223, 1, 1, 'goods', 283),
(20150224, 4, 1, 'sum', 0),
(20150224, 1, 1, 'goods', 333),
(20150224, 1, 1, 'goods', 332),
(20150224, 1, 1, 'goods', 282),
(20150225, 2, 2, 'sum', 0),
(20150225, 1, 2, 'goods', 285),
(20150225, 3, 1, 'sum', 0),
(20150225, 1, 1, 'goods', 332),
(20150225, 1, 1, 'goods', 282),
(20150226, 1, 1, 'sum', 0),
(20150226, 1, 1, 'goods', 310),
(20150227, 8, 1, 'sum', 0),
(20150227, 1, 1, 'goods', 283),
(20150227, 1, 2, 'sum', 0),
(20150227, 1, 2, 'goods', 278),
(20150227, 2, 1, 'goods', 305),
(20150227, 1, 1, 'goods', 308),
(20150227, 2, 1, 'goods', 310),
(20150227, 1, 1, 'goods', 301),
(20150227, 1, 1, 'goods', 332),
(20150228, 1, 2, 'sum', 0),
(20150228, 1, 2, 'goods', 286),
(20150228, 3, 1, 'sum', 0),
(20150228, 2, 1, 'goods', 276),
(20150228, 1, 1, 'goods', 283),
(20150302, 6, 1, 'sum', 0),
(20150302, 3, 1, 'goods', 332),
(20150302, 1, 1, 'goods', 311),
(20150302, 1, 1, 'goods', 314),
(20150302, 1, 1, 'goods', 276),
(20150303, 3, 1, 'sum', 0),
(20150303, 1, 1, 'goods', 276),
(20150303, 1, 1, 'goods', 283),
(20150303, 1, 1, 'goods', 277),
(20150304, 4, 1, 'sum', 0),
(20150304, 2, 1, 'goods', 310),
(20150304, 1, 1, 'goods', 311),
(20150305, 4, 1, 'sum', 0),
(20150305, 1, 1, 'goods', 314),
(20150305, 1, 1, 'goods', 283),
(20150305, 1, 2, 'sum', 0),
(20150305, 2, 1, 'goods', 332),
(20150306, 10, 1, 'sum', 0),
(20150306, 6, 1, 'goods', 332),
(20150306, 2, 1, 'goods', 282),
(20150306, 4, 2, 'sum', 0),
(20150306, 2, 1, 'goods', 277),
(20150306, 1, 2, 'goods', 281),
(20150306, 1, 2, 'goods', 273),
(20150307, 2, 1, 'sum', 0),
(20150307, 1, 1, 'goods', 277),
(20150307, 1, 1, 'goods', 276),
(20150308, 1, 2, 'sum', 0),
(20150308, 1, 1, 'sum', 0),
(20150308, 1, 1, 'goods', 276),
(20150309, 2, 1, 'sum', 0),
(20150309, 1, 1, 'goods', 301),
(20150309, 1, 1, 'goods', 314),
(20150310, 4, 1, 'sum', 0),
(20150310, 2, 1, 'goods', 332),
(20150310, 5, 2, 'sum', 0),
(20150310, 1, 2, 'goods', 281),
(20150310, 1, 2, 'goods', 273),
(20150310, 1, 2, 'goods', 275),
(20150310, 1, 2, 'goods', 286),
(20150310, 1, 2, 'goods', 287),
(20150310, 2, 1, 'goods', 282),
(20150311, 1, 1, 'sum', 0),
(20150311, 1, 1, 'goods', 284),
(20150311, 1, 2, 'sum', 0),
(20150311, 1, 2, 'goods', 273),
(20150312, 1, 2, 'sum', 0),
(20150313, 1, 2, 'sum', 0),
(20150314, 3, 1, 'sum', 0),
(20150314, 1, 1, 'goods', 333),
(20150314, 2, 2, 'sum', 0),
(20150314, 1, 2, 'goods', 278),
(20150314, 1, 2, 'goods', 281),
(20150314, 2, 1, 'goods', 369),
(20150316, 2, 2, 'sum', 0),
(20150316, 1, 2, 'goods', 278),
(20150317, 3, 1, 'sum', 0),
(20150317, 2, 1, 'goods', 276),
(20150317, 1, 1, 'goods', 307),
(20150317, 2, 2, 'sum', 0),
(20150317, 1, 2, 'goods', 274),
(20150318, 2, 1, 'sum', 0),
(20150318, 1, 1, 'goods', 332),
(20150318, 2, 2, 'sum', 0),
(20150318, 1, 2, 'goods', 285),
(20150318, 1, 1, 'goods', 282),
(20150318, 1, 2, 'goods', 278),
(20150319, 3, 1, 'sum', 0),
(20150319, 1, 1, 'goods', 307),
(20150319, 8, 2, 'sum', 0),
(20150319, 5, 2, 'goods', 286),
(20150320, 1, 1, 'sum', 0),
(20150320, 1, 1, 'goods', 277),
(20150321, 1, 1, 'sum', 0),
(20150321, 1, 1, 'goods', 277),
(20150324, 1, 2, 'sum', 0),
(20150324, 1, 2, 'goods', 281),
(20150325, 1, 2, 'sum', 0),
(20150326, 1, 2, 'sum', 0),
(20150326, 1, 2, 'goods', 286),
(20150327, 2, 2, 'sum', 0),
(20150330, 1, 1, 'sum', 0),
(20150330, 1, 1, 'goods', 305),
(20150404, 3, 1, 'sum', 0),
(20150404, 3, 1, 'goods', 332);

-- --------------------------------------------------------

--
-- 表的结构 `cor_flowstat_2`
--

CREATE TABLE IF NOT EXISTS `cor_flowstat_2` (
  `date` int(8) unsigned NOT NULL COMMENT '访问日期',
  `clicknum` int(11) unsigned NOT NULL COMMENT '访问量',
  `store_id` int(11) unsigned NOT NULL COMMENT '店铺ID',
  `type` varchar(10) NOT NULL COMMENT '类型',
  `goods_id` int(11) unsigned NOT NULL COMMENT '商品ID'
) ENGINE=InnoDB DEFAULT CHARSET=utf8 COMMENT='访问量统计表';

--
-- 转存表中的数据 `cor_flowstat_2`
--

INSERT INTO `cor_flowstat_2` (`date`, `clicknum`, `store_id`, `type`, `goods_id`) VALUES
(20141119, 3, 3, 'sum', 0),
(20141215, 1, 4, 'sum', 0),
(20141222, 27, 4, 'sum', 0),
(20141222, 20, 4, 'goods', 289),
(20141223, 54, 4, 'sum', 0),
(20141223, 7, 4, 'goods', 291),
(20141223, 5, 4, 'goods', 296),
(20141223, 9, 4, 'goods', 293),
(20141223, 2, 4, 'goods', 290),
(20141223, 6, 4, 'goods', 289),
(20141223, 2, 4, 'goods', 294),
(20141223, 1, 4, 'goods', 292),
(20141223, 5, 4, 'goods', 295),
(20141223, 2, 4, 'goods', 299),
(20141223, 1, 4, 'goods', 297),
(20141223, 1, 4, 'goods', 298),
(20141223, 1, 4, 'goods', 300),
(20141224, 23, 4, 'sum', 0),
(20141224, 5, 4, 'goods', 289),
(20141224, 1, 4, 'goods', 297),
(20141224, 1, 4, 'goods', 294),
(20141224, 1, 4, 'goods', 298),
(20141224, 2, 4, 'goods', 290),
(20141224, 4, 4, 'goods', 293),
(20141224, 3, 4, 'goods', 291),
(20141224, 1, 4, 'goods', 299),
(20141224, 3, 4, 'goods', 300),
(20141225, 8, 4, 'sum', 0),
(20141225, 1, 4, 'goods', 298),
(20141225, 4, 4, 'goods', 289),
(20141225, 1, 4, 'goods', 291),
(20141225, 1, 4, 'goods', 297),
(20141226, 8, 4, 'sum', 0),
(20141226, 2, 4, 'goods', 293),
(20141226, 1, 4, 'goods', 299),
(20141226, 3, 4, 'goods', 291),
(20141226, 1, 4, 'goods', 289),
(20141226, 1, 4, 'goods', 294),
(20141227, 4, 4, 'sum', 0),
(20141227, 1, 4, 'goods', 296),
(20141227, 1, 4, 'goods', 293),
(20141227, 1, 4, 'goods', 291),
(20141228, 3, 4, 'sum', 0),
(20141228, 1, 4, 'goods', 299),
(20141228, 1, 4, 'goods', 289),
(20141229, 5, 4, 'sum', 0),
(20141229, 4, 4, 'goods', 289),
(20141229, 1, 4, 'goods', 299),
(20150101, 3, 4, 'sum', 0),
(20150101, 1, 4, 'goods', 299),
(20150101, 1, 4, 'goods', 289),
(20150102, 5, 4, 'sum', 0),
(20150102, 1, 4, 'goods', 298),
(20150102, 1, 4, 'goods', 295),
(20150102, 1, 4, 'goods', 289),
(20150102, 1, 4, 'goods', 291),
(20150103, 1, 4, 'sum', 0),
(20150103, 1, 4, 'goods', 290),
(20150105, 7, 4, 'sum', 0),
(20150105, 3, 4, 'goods', 293),
(20150105, 3, 4, 'goods', 298),
(20150105, 1, 4, 'goods', 291),
(20150109, 2, 4, 'sum', 0),
(20150109, 1, 4, 'goods', 293),
(20150109, 1, 4, 'goods', 312),
(20150112, 2, 4, 'sum', 0),
(20150112, 1, 4, 'goods', 289),
(20150113, 7, 4, 'sum', 0),
(20150113, 1, 4, 'goods', 291),
(20150113, 2, 4, 'goods', 289),
(20150113, 1, 4, 'goods', 296),
(20150113, 1, 4, 'goods', 297),
(20150113, 1, 4, 'goods', 292),
(20150113, 1, 4, 'goods', 290),
(20150114, 3, 4, 'sum', 0),
(20150114, 1, 4, 'goods', 295),
(20150114, 1, 4, 'goods', 297),
(20150114, 1, 4, 'goods', 312),
(20150115, 1, 4, 'sum', 0),
(20150115, 1, 4, 'goods', 296),
(20150116, 2, 4, 'sum', 0),
(20150116, 1, 4, 'goods', 289),
(20150116, 1, 4, 'goods', 312),
(20150117, 8, 4, 'sum', 0),
(20150117, 2, 4, 'goods', 289),
(20150117, 2, 4, 'goods', 292),
(20150119, 1, 4, 'sum', 0),
(20150119, 1, 4, 'goods', 289),
(20150120, 2, 4, 'sum', 0),
(20150120, 1, 4, 'goods', 313),
(20150121, 3, 4, 'sum', 0),
(20150121, 1, 4, 'goods', 313),
(20150121, 1, 4, 'goods', 296),
(20150122, 1, 4, 'sum', 0),
(20150122, 1, 4, 'goods', 312),
(20150124, 3, 4, 'sum', 0),
(20150126, 1, 4, 'sum', 0),
(20150126, 1, 4, 'goods', 296),
(20150127, 3, 4, 'sum', 0),
(20150127, 2, 4, 'goods', 289),
(20150128, 1, 4, 'sum', 0),
(20150128, 1, 4, 'goods', 297),
(20150129, 2, 4, 'sum', 0),
(20150129, 1, 4, 'goods', 313),
(20150129, 1, 4, 'goods', 293),
(20150201, 1, 4, 'sum', 0),
(20150201, 1, 4, 'goods', 296),
(20150202, 2, 4, 'sum', 0),
(20150202, 2, 4, 'goods', 296),
(20150204, 1, 4, 'sum', 0),
(20150204, 1, 4, 'goods', 289),
(20150207, 1, 4, 'sum', 0),
(20150207, 1, 4, 'goods', 312),
(20150208, 2, 4, 'sum', 0),
(20150208, 2, 4, 'goods', 291),
(20150210, 1, 4, 'sum', 0),
(20150210, 1, 4, 'goods', 290),
(20150211, 1, 4, 'sum', 0),
(20150211, 1, 4, 'goods', 296),
(20150213, 1, 4, 'sum', 0),
(20150213, 1, 4, 'goods', 297),
(20150214, 3, 4, 'sum', 0),
(20150214, 1, 4, 'goods', 294),
(20150214, 1, 4, 'goods', 295),
(20150214, 1, 4, 'goods', 289),
(20150215, 1, 4, 'sum', 0),
(20150215, 1, 4, 'goods', 292),
(20150217, 1, 4, 'sum', 0),
(20150217, 1, 4, 'goods', 291),
(20150218, 3, 4, 'sum', 0),
(20150218, 1, 4, 'goods', 312),
(20150218, 1, 4, 'goods', 290),
(20150218, 1, 4, 'goods', 293),
(20150221, 1, 4, 'sum', 0),
(20150221, 1, 4, 'goods', 313),
(20150222, 2, 4, 'sum', 0),
(20150222, 1, 4, 'goods', 290),
(20150224, 1, 4, 'sum', 0),
(20150224, 1, 4, 'goods', 289),
(20150227, 1, 4, 'sum', 0),
(20150227, 1, 4, 'goods', 296),
(20150303, 2, 4, 'sum', 0),
(20150303, 1, 4, 'goods', 312),
(20150305, 1, 4, 'sum', 0),
(20150305, 1, 4, 'goods', 296),
(20150306, 1, 4, 'sum', 0),
(20150306, 1, 4, 'goods', 289),
(20150314, 1, 4, 'sum', 0),
(20150314, 1, 4, 'goods', 312),
(20150315, 1, 4, 'sum', 0),
(20150317, 8, 4, 'sum', 0),
(20150317, 3, 4, 'goods', 297),
(20150317, 1, 4, 'goods', 312),
(20150317, 2, 4, 'goods', 289),
(20150318, 1, 4, 'sum', 0),
(20150318, 1, 4, 'goods', 297),
(20150319, 1, 4, 'sum', 0),
(20150319, 1, 4, 'goods', 297),
(20150321, 2, 4, 'sum', 0),
(20150321, 1, 4, 'goods', 289),
(20150325, 1, 4, 'sum', 0),
(20150325, 1, 4, 'goods', 296),
(20150326, 1, 4, 'sum', 0),
(20150326, 1, 4, 'goods', 296);

-- --------------------------------------------------------

--
-- 表的结构 `cor_flowstat_3`
--

CREATE TABLE IF NOT EXISTS `cor_flowstat_3` (
  `date` int(8) unsigned NOT NULL COMMENT '访问日期',
  `clicknum` int(11) unsigned NOT NULL COMMENT '访问量',
  `store_id` int(11) unsigned NOT NULL COMMENT '店铺ID',
  `type` varchar(10) NOT NULL COMMENT '类型',
  `goods_id` int(11) unsigned NOT NULL COMMENT '商品ID'
) ENGINE=InnoDB DEFAULT CHARSET=utf8 COMMENT='访问量统计表';

--
-- 转存表中的数据 `cor_flowstat_3`
--

INSERT INTO `cor_flowstat_3` (`date`, `clicknum`, `store_id`, `type`, `goods_id`) VALUES
(20150123, 22, 5, 'sum', 0),
(20150123, 6, 5, 'goods', 323),
(20150123, 3, 5, 'goods', 330),
(20150123, 2, 5, 'goods', 324),
(20150123, 2, 5, 'goods', 328),
(20150123, 2, 5, 'goods', 327),
(20150123, 1, 5, 'goods', 326),
(20150123, 1, 5, 'goods', 325),
(20150123, 2, 5, 'goods', 329),
(20150124, 23, 5, 'sum', 0),
(20150124, 1, 5, 'goods', 323),
(20150124, 3, 5, 'goods', 330),
(20150124, 5, 5, 'goods', 329),
(20150124, 1, 5, 'goods', 326),
(20150124, 3, 5, 'goods', 324),
(20150124, 1, 5, 'goods', 327),
(20150124, 3, 5, 'goods', 325),
(20150124, 3, 5, 'goods', 328),
(20150125, 10, 5, 'sum', 0),
(20150125, 2, 5, 'goods', 330),
(20150125, 1, 5, 'goods', 329),
(20150125, 4, 5, 'goods', 324),
(20150126, 5, 5, 'sum', 0),
(20150126, 2, 5, 'goods', 323),
(20150126, 1, 5, 'goods', 328),
(20150126, 2, 5, 'goods', 324),
(20150127, 3, 5, 'sum', 0),
(20150127, 1, 5, 'goods', 324),
(20150127, 1, 5, 'goods', 323),
(20150128, 4, 5, 'sum', 0),
(20150128, 1, 5, 'goods', 325),
(20150128, 1, 5, 'goods', 329),
(20150128, 1, 5, 'goods', 324),
(20150128, 1, 5, 'goods', 323),
(20150129, 30, 6, 'sum', 0),
(20150129, 5, 6, 'goods', 339),
(20150129, 6, 6, 'goods', 338),
(20150129, 8, 6, 'goods', 336),
(20150129, 2, 6, 'goods', 335),
(20150129, 5, 6, 'goods', 334),
(20150129, 1, 6, 'goods', 337),
(20150129, 8, 5, 'sum', 0),
(20150129, 3, 5, 'goods', 328),
(20150129, 2, 5, 'goods', 324),
(20150129, 1, 5, 'goods', 323),
(20150130, 9, 5, 'sum', 0),
(20150130, 1, 5, 'goods', 330),
(20150130, 9, 6, 'sum', 0),
(20150130, 1, 6, 'goods', 338),
(20150130, 1, 5, 'goods', 325),
(20150130, 6, 5, 'goods', 328),
(20150130, 3, 6, 'goods', 334),
(20150130, 2, 6, 'goods', 339),
(20150130, 1, 6, 'goods', 340),
(20150131, 4, 6, 'sum', 0),
(20150131, 1, 6, 'goods', 335),
(20150131, 2, 6, 'goods', 334),
(20150131, 13, 5, 'sum', 0),
(20150131, 6, 5, 'goods', 328),
(20150131, 1, 5, 'goods', 325),
(20150131, 2, 5, 'goods', 323),
(20150131, 1, 5, 'goods', 329),
(20150131, 1, 6, 'goods', 336),
(20150201, 2, 6, 'sum', 0),
(20150201, 2, 6, 'goods', 335),
(20150201, 2, 5, 'sum', 0),
(20150201, 2, 5, 'goods', 328),
(20150202, 8, 6, 'sum', 0),
(20150202, 2, 6, 'goods', 338),
(20150202, 2, 6, 'goods', 336),
(20150202, 2, 5, 'sum', 0),
(20150202, 2, 5, 'goods', 328),
(20150202, 3, 6, 'goods', 339),
(20150202, 1, 6, 'goods', 334),
(20150203, 1, 5, 'sum', 0),
(20150203, 1, 5, 'goods', 324),
(20150203, 7, 6, 'sum', 0),
(20150203, 2, 6, 'goods', 339),
(20150203, 1, 6, 'goods', 338),
(20150203, 1, 6, 'goods', 336),
(20150203, 1, 6, 'goods', 334),
(20150203, 1, 6, 'goods', 335),
(20150204, 1, 5, 'sum', 0),
(20150204, 1, 5, 'goods', 328),
(20150205, 1, 5, 'sum', 0),
(20150205, 1, 5, 'goods', 328),
(20150206, 3, 6, 'sum', 0),
(20150206, 2, 6, 'goods', 334),
(20150207, 4, 5, 'sum', 0),
(20150207, 1, 5, 'goods', 328),
(20150207, 1, 5, 'goods', 323),
(20150207, 1, 6, 'sum', 0),
(20150207, 1, 6, 'goods', 334),
(20150208, 2, 5, 'sum', 0),
(20150208, 1, 5, 'goods', 326),
(20150208, 1, 5, 'goods', 329),
(20150208, 1, 6, 'sum', 0),
(20150208, 1, 6, 'goods', 334),
(20150209, 2, 5, 'sum', 0),
(20150209, 1, 5, 'goods', 323),
(20150209, 1, 6, 'sum', 0),
(20150209, 1, 6, 'goods', 334),
(20150209, 1, 5, 'goods', 328),
(20150210, 5, 5, 'sum', 0),
(20150210, 3, 5, 'goods', 328),
(20150210, 1, 5, 'goods', 330),
(20150210, 1, 6, 'sum', 0),
(20150210, 1, 6, 'goods', 336),
(20150210, 1, 5, 'goods', 324),
(20150211, 2, 6, 'sum', 0),
(20150211, 1, 6, 'goods', 334),
(20150211, 3, 5, 'sum', 0),
(20150211, 1, 5, 'goods', 328),
(20150211, 1, 5, 'goods', 330),
(20150212, 1, 6, 'sum', 0),
(20150215, 1, 5, 'sum', 0),
(20150215, 1, 5, 'goods', 330),
(20150216, 1, 5, 'sum', 0),
(20150216, 1, 5, 'goods', 328),
(20150219, 3, 5, 'sum', 0),
(20150219, 1, 5, 'goods', 325),
(20150219, 1, 5, 'goods', 329),
(20150219, 1, 6, 'sum', 0),
(20150219, 1, 6, 'goods', 339),
(20150219, 1, 5, 'goods', 326),
(20150220, 1, 5, 'sum', 0),
(20150220, 1, 5, 'goods', 327),
(20150222, 1, 6, 'sum', 0),
(20150222, 1, 6, 'goods', 336),
(20150222, 1, 5, 'sum', 0),
(20150222, 1, 5, 'goods', 328),
(20150223, 1, 5, 'sum', 0),
(20150223, 1, 5, 'goods', 328),
(20150224, 1, 5, 'sum', 0),
(20150224, 1, 5, 'goods', 330),
(20150225, 1, 5, 'sum', 0),
(20150225, 1, 5, 'goods', 328),
(20150226, 2, 5, 'sum', 0),
(20150226, 1, 5, 'goods', 325),
(20150226, 1, 5, 'goods', 330),
(20150226, 1, 6, 'sum', 0),
(20150226, 1, 6, 'goods', 335),
(20150227, 2, 6, 'sum', 0),
(20150227, 1, 6, 'goods', 367),
(20150227, 1, 6, 'goods', 366),
(20150227, 1, 5, 'sum', 0),
(20150227, 1, 5, 'goods', 328),
(20150301, 1, 6, 'sum', 0),
(20150301, 1, 6, 'goods', 334),
(20150302, 2, 6, 'sum', 0),
(20150302, 2, 6, 'goods', 334),
(20150302, 2, 5, 'sum', 0),
(20150302, 1, 5, 'goods', 330),
(20150303, 2, 5, 'sum', 0),
(20150303, 1, 5, 'goods', 329),
(20150303, 1, 6, 'sum', 0),
(20150303, 1, 6, 'goods', 367),
(20150303, 1, 5, 'goods', 328),
(20150304, 2, 5, 'sum', 0),
(20150304, 2, 5, 'goods', 330),
(20150304, 1, 6, 'sum', 0),
(20150304, 1, 6, 'goods', 367),
(20150305, 2, 5, 'sum', 0),
(20150305, 1, 5, 'goods', 324),
(20150305, 1, 5, 'goods', 323),
(20150306, 1, 6, 'sum', 0),
(20150306, 1, 6, 'goods', 334),
(20150306, 4, 5, 'sum', 0),
(20150306, 2, 5, 'goods', 328),
(20150306, 1, 5, 'goods', 329),
(20150307, 1, 6, 'sum', 0),
(20150307, 1, 6, 'goods', 334),
(20150308, 2, 5, 'sum', 0),
(20150308, 2, 5, 'goods', 324),
(20150309, 1, 5, 'sum', 0),
(20150309, 1, 5, 'goods', 329),
(20150310, 4, 6, 'sum', 0),
(20150310, 1, 6, 'goods', 335),
(20150310, 1, 5, 'sum', 0),
(20150310, 1, 5, 'goods', 323),
(20150310, 3, 6, 'goods', 334),
(20150311, 2, 5, 'sum', 0),
(20150311, 1, 5, 'goods', 323),
(20150311, 1, 5, 'goods', 326),
(20150316, 1, 5, 'sum', 0),
(20150316, 1, 5, 'goods', 328),
(20150317, 7, 5, 'sum', 0),
(20150317, 5, 5, 'goods', 328),
(20150317, 3, 6, 'sum', 0),
(20150317, 2, 6, 'goods', 334),
(20150318, 2, 5, 'sum', 0),
(20150318, 1, 5, 'goods', 323),
(20150318, 1, 5, 'goods', 326),
(20150319, 2, 5, 'sum', 0),
(20150320, 2, 5, 'sum', 0),
(20150320, 2, 5, 'goods', 323);

-- --------------------------------------------------------

--
-- 表的结构 `cor_flowstat_4`
--

CREATE TABLE IF NOT EXISTS `cor_flowstat_4` (
  `date` int(8) unsigned NOT NULL COMMENT '访问日期',
  `clicknum` int(11) unsigned NOT NULL COMMENT '访问量',
  `store_id` int(11) unsigned NOT NULL COMMENT '店铺ID',
  `type` varchar(10) NOT NULL COMMENT '类型',
  `goods_id` int(11) unsigned NOT NULL COMMENT '商品ID'
) ENGINE=InnoDB DEFAULT CHARSET=utf8 COMMENT='访问量统计表';

--
-- 转存表中的数据 `cor_flowstat_4`
--

INSERT INTO `cor_flowstat_4` (`date`, `clicknum`, `store_id`, `type`, `goods_id`) VALUES
(20150202, 23, 7, 'sum', 0),
(20150202, 6, 7, 'goods', 341),
(20150202, 5, 7, 'goods', 342),
(20150202, 8, 7, 'goods', 343),
(20150203, 19, 7, 'sum', 0),
(20150203, 3, 7, 'goods', 341),
(20150203, 3, 7, 'goods', 342),
(20150203, 3, 7, 'goods', 343),
(20150203, 4, 7, 'goods', 344),
(20150203, 2, 7, 'goods', 345),
(20150203, 3, 7, 'goods', 346),
(20150204, 23, 7, 'sum', 0),
(20150204, 2, 7, 'goods', 341),
(20150204, 2, 7, 'goods', 344),
(20150204, 3, 7, 'goods', 345),
(20150204, 2, 7, 'goods', 346),
(20150204, 4, 7, 'goods', 347),
(20150204, 2, 7, 'goods', 348),
(20150204, 1, 7, 'goods', 349),
(20150204, 2, 7, 'goods', 343),
(20150204, 1, 7, 'goods', 342),
(20150205, 12, 7, 'sum', 0),
(20150205, 2, 7, 'goods', 349),
(20150205, 1, 7, 'goods', 348),
(20150205, 1, 7, 'goods', 350),
(20150205, 3, 7, 'goods', 343),
(20150205, 1, 7, 'goods', 342),
(20150205, 1, 7, 'goods', 341),
(20150205, 1, 7, 'goods', 345),
(20150205, 1, 7, 'goods', 346),
(20150206, 12, 7, 'sum', 0),
(20150206, 2, 7, 'goods', 352),
(20150206, 1, 7, 'goods', 347),
(20150206, 3, 7, 'goods', 348),
(20150206, 1, 7, 'goods', 355),
(20150206, 1, 7, 'goods', 354),
(20150206, 1, 7, 'goods', 358),
(20150206, 1, 7, 'goods', 342),
(20150206, 1, 7, 'goods', 357),
(20150207, 26, 7, 'sum', 0),
(20150207, 4, 7, 'goods', 359),
(20150207, 3, 7, 'goods', 358),
(20150207, 2, 7, 'goods', 357),
(20150207, 2, 7, 'goods', 352),
(20150207, 3, 7, 'goods', 350),
(20150207, 2, 7, 'goods', 349),
(20150207, 2, 7, 'goods', 348),
(20150207, 2, 7, 'goods', 347),
(20150207, 5, 7, 'goods', 360),
(20150207, 1, 7, 'goods', 354),
(20150208, 36, 7, 'sum', 0),
(20150208, 1, 7, 'goods', 358),
(20150208, 2, 7, 'goods', 349),
(20150208, 9, 7, 'goods', 360),
(20150208, 3, 7, 'goods', 343),
(20150208, 3, 7, 'goods', 364),
(20150208, 2, 7, 'goods', 363),
(20150208, 2, 7, 'goods', 362),
(20150208, 1, 7, 'goods', 361),
(20150208, 2, 7, 'goods', 357),
(20150208, 1, 7, 'goods', 347),
(20150208, 2, 7, 'goods', 350),
(20150208, 2, 7, 'goods', 345),
(20150208, 1, 7, 'goods', 344),
(20150208, 2, 7, 'goods', 359),
(20150209, 27, 7, 'sum', 0),
(20150209, 2, 7, 'goods', 352),
(20150209, 1, 7, 'goods', 364),
(20150209, 2, 7, 'goods', 341),
(20150209, 3, 7, 'goods', 343),
(20150209, 2, 7, 'goods', 347),
(20150209, 4, 7, 'goods', 348),
(20150209, 1, 7, 'goods', 346),
(20150209, 3, 7, 'goods', 354),
(20150209, 1, 7, 'goods', 360),
(20150209, 1, 7, 'goods', 358),
(20150209, 1, 7, 'goods', 349),
(20150209, 1, 7, 'goods', 350),
(20150209, 1, 7, 'goods', 344),
(20150209, 2, 7, 'goods', 361),
(20150209, 1, 7, 'goods', 357),
(20150210, 26, 7, 'sum', 0),
(20150210, 3, 7, 'goods', 364),
(20150210, 1, 7, 'goods', 360),
(20150210, 1, 7, 'goods', 362),
(20150210, 1, 7, 'goods', 346),
(20150210, 3, 7, 'goods', 343),
(20150210, 1, 7, 'goods', 359),
(20150210, 4, 7, 'goods', 344),
(20150210, 2, 7, 'goods', 365),
(20150210, 2, 7, 'goods', 348),
(20150210, 1, 7, 'goods', 357),
(20150210, 4, 7, 'goods', 347),
(20150211, 22, 7, 'sum', 0),
(20150211, 1, 7, 'goods', 346),
(20150211, 6, 7, 'goods', 347),
(20150211, 2, 7, 'goods', 365),
(20150211, 1, 7, 'goods', 354),
(20150211, 1, 7, 'goods', 343),
(20150211, 2, 7, 'goods', 357),
(20150211, 2, 7, 'goods', 360),
(20150211, 3, 7, 'goods', 348),
(20150212, 28, 7, 'sum', 0),
(20150212, 1, 7, 'goods', 344),
(20150212, 1, 7, 'goods', 360),
(20150212, 10, 7, 'goods', 347),
(20150212, 10, 7, 'goods', 357),
(20150212, 1, 7, 'goods', 343),
(20150212, 1, 7, 'goods', 342),
(20150212, 1, 7, 'goods', 362),
(20150213, 3, 7, 'sum', 0),
(20150213, 1, 7, 'goods', 347),
(20150213, 1, 7, 'goods', 365),
(20150213, 1, 7, 'goods', 346),
(20150214, 1, 7, 'sum', 0),
(20150215, 4, 7, 'sum', 0),
(20150215, 1, 7, 'goods', 360),
(20150215, 1, 7, 'goods', 365),
(20150215, 1, 7, 'goods', 347),
(20150216, 1, 7, 'sum', 0),
(20150216, 1, 7, 'goods', 365),
(20150219, 1, 7, 'sum', 0),
(20150219, 1, 7, 'goods', 360),
(20150220, 1, 7, 'sum', 0),
(20150220, 1, 7, 'goods', 343),
(20150222, 1, 7, 'sum', 0),
(20150222, 1, 7, 'goods', 347),
(20150223, 1, 7, 'sum', 0),
(20150223, 1, 7, 'goods', 359),
(20150224, 4, 7, 'sum', 0),
(20150224, 1, 7, 'goods', 347),
(20150224, 1, 7, 'goods', 344),
(20150224, 1, 7, 'goods', 348),
(20150225, 4, 7, 'sum', 0),
(20150225, 1, 7, 'goods', 346),
(20150225, 3, 7, 'goods', 348),
(20150226, 2, 7, 'sum', 0),
(20150226, 1, 7, 'goods', 368),
(20150226, 1, 7, 'goods', 344),
(20150228, 1, 7, 'sum', 0),
(20150228, 1, 7, 'goods', 344),
(20150301, 1, 7, 'sum', 0),
(20150301, 1, 7, 'goods', 357),
(20150302, 6, 7, 'sum', 0),
(20150302, 1, 7, 'goods', 359),
(20150302, 1, 7, 'goods', 343),
(20150302, 1, 7, 'goods', 348),
(20150302, 1, 7, 'goods', 365),
(20150302, 1, 7, 'goods', 346),
(20150302, 1, 7, 'goods', 344),
(20150304, 1, 7, 'sum', 0),
(20150304, 1, 7, 'goods', 348),
(20150305, 4, 7, 'sum', 0),
(20150305, 1, 7, 'goods', 348),
(20150305, 1, 7, 'goods', 346),
(20150306, 15, 7, 'sum', 0),
(20150306, 4, 7, 'goods', 347),
(20150306, 2, 7, 'goods', 343),
(20150306, 2, 7, 'goods', 348),
(20150306, 1, 7, 'goods', 360),
(20150306, 1, 7, 'goods', 344),
(20150306, 1, 7, 'goods', 349),
(20150307, 2, 7, 'sum', 0),
(20150307, 1, 7, 'goods', 348),
(20150307, 1, 7, 'goods', 344),
(20150308, 5, 7, 'sum', 0),
(20150308, 2, 7, 'goods', 346),
(20150308, 1, 7, 'goods', 341),
(20150308, 1, 7, 'goods', 357),
(20150308, 1, 7, 'goods', 347),
(20150309, 6, 7, 'sum', 0),
(20150309, 1, 7, 'goods', 346),
(20150309, 1, 7, 'goods', 344),
(20150309, 2, 7, 'goods', 347),
(20150309, 2, 7, 'goods', 343),
(20150310, 8, 7, 'sum', 0),
(20150310, 3, 7, 'goods', 343),
(20150310, 1, 7, 'goods', 368),
(20150310, 2, 7, 'goods', 347),
(20150310, 1, 7, 'goods', 362),
(20150310, 1, 7, 'goods', 344),
(20150311, 6, 7, 'sum', 0),
(20150311, 1, 7, 'goods', 348),
(20150311, 1, 7, 'goods', 341),
(20150311, 1, 7, 'goods', 361),
(20150311, 1, 7, 'goods', 347),
(20150311, 1, 7, 'goods', 343),
(20150312, 10, 7, 'sum', 0),
(20150312, 5, 7, 'goods', 343),
(20150312, 3, 7, 'goods', 347),
(20150312, 1, 7, 'goods', 348),
(20150312, 1, 7, 'goods', 359),
(20150313, 3, 7, 'sum', 0),
(20150313, 3, 7, 'goods', 347),
(20150314, 4, 7, 'sum', 0),
(20150314, 3, 7, 'goods', 347),
(20150314, 1, 7, 'goods', 343),
(20150315, 7, 7, 'sum', 0),
(20150315, 3, 7, 'goods', 343),
(20150315, 4, 7, 'goods', 347),
(20150316, 2, 7, 'sum', 0),
(20150316, 2, 7, 'goods', 343),
(20150317, 11, 7, 'sum', 0),
(20150317, 2, 7, 'goods', 348),
(20150317, 5, 7, 'goods', 343),
(20150317, 3, 7, 'goods', 347),
(20150317, 1, 7, 'goods', 346),
(20150318, 7, 7, 'sum', 0),
(20150318, 6, 7, 'goods', 343),
(20150318, 1, 7, 'goods', 345),
(20150319, 7, 7, 'sum', 0),
(20150319, 1, 7, 'goods', 347),
(20150319, 2, 7, 'goods', 343),
(20150319, 2, 7, 'goods', 346),
(20150320, 7, 7, 'sum', 0),
(20150320, 4, 7, 'goods', 348),
(20150320, 3, 7, 'goods', 365),
(20150321, 15, 7, 'sum', 0),
(20150321, 11, 7, 'goods', 350),
(20150321, 1, 7, 'goods', 368),
(20150321, 1, 7, 'goods', 362),
(20150321, 1, 7, 'goods', 348),
(20150323, 1, 7, 'sum', 0),
(20150323, 1, 7, 'goods', 348),
(20150324, 1, 7, 'sum', 0),
(20150324, 1, 7, 'goods', 347),
(20150325, 3, 7, 'sum', 0),
(20150325, 1, 7, 'goods', 346),
(20150325, 1, 7, 'goods', 348),
(20150325, 1, 7, 'goods', 365);

-- --------------------------------------------------------

--
-- 表的结构 `cor_flowstat_5`
--

CREATE TABLE IF NOT EXISTS `cor_flowstat_5` (
  `date` int(8) unsigned NOT NULL COMMENT '访问日期',
  `clicknum` int(11) unsigned NOT NULL COMMENT '访问量',
  `store_id` int(11) unsigned NOT NULL COMMENT '店铺ID',
  `type` varchar(10) NOT NULL COMMENT '类型',
  `goods_id` int(11) unsigned NOT NULL COMMENT '商品ID'
) ENGINE=InnoDB DEFAULT CHARSET=utf8 COMMENT='访问量统计表';

-- --------------------------------------------------------

--
-- 表的结构 `cor_gadmin`
--

CREATE TABLE IF NOT EXISTS `cor_gadmin` (
  `gid` smallint(5) unsigned NOT NULL AUTO_INCREMENT COMMENT '自增id',
  `gname` varchar(50) DEFAULT NULL COMMENT '组名',
  `limits` text COMMENT '权限内容',
  PRIMARY KEY (`gid`)
) ENGINE=InnoDB  DEFAULT CHARSET=utf8 COMMENT='权限组' AUTO_INCREMENT=5 ;

--
-- 转存表中的数据 `cor_gadmin`
--

INSERT INTO `cor_gadmin` (`gid`, `gname`, `limits`) VALUES
(1, '网站编辑', '5A8f18nLV7_xme2vqTGDBRA_gAITKVCA6fIk5VDQbLHSWXBx6pIDRQE_YQIiWYzQKcIj9g_PQ-JCePBBeaHD5fDQoFJTZWEwCfJjpbAvMZJy-LEQqgHzpdzAcCKDmXDQyZEjhOD_gEHzKVCA6fIk5VDQbLGSWVDACbK0daCvoPJTmQDhtbFjpaDvwLLhWVAAmOGjBpAPAPGSKN_h-VGDhSHfoGKCmUB_qWITFcE_HQZJi-OB_qOJU9WAPMCNiKRBQCMKzxU'),
(2, '广告管理', 'Scs9i9VTVp6GUhG51gjR3BbrzBiJkBh_vM4Tiul4isb03lQ5wt_GBjMTC5mii91vb3yhT07RK8gRN61b8FhPlImL76iLVywQG_kNHChyWK3QX91CG31BSJiiV1xrMKhu5-pbP0eAl6xQqKkYPFgzSL3PD21S322hiMkSV-xMHKlexLmLX5efNqwwOsJgsz6mi-B0QTE2Bn44NO9kR9DvrAQoeRCiMj6i_96xcC-jMLCgyCMzP_21xLw1iGHjxVIxMUEkPcHirrBlPR0tRSKkM3EjeC51gj01hL30hy_ohV_y7UIitZNkbv4fgNuvxS-jcr0hyC-3QTC5RTy4xiGiwFJvsYQjuVAV7fvjuZ4twC8hMrRiiu-1uH22BzF3R6AiwF_x7gL'),
(3, '特约编辑', '366Y2OEyGh5u492oFADgOhscDvQbV_TolTwdfVA3nmLXtYjFsORRP2nEeDn'),
(4, '特约记者', 'dE7JsINJvh2PSx6_4jZJRWRTg9aWAgNY99s');

-- --------------------------------------------------------

--
-- 表的结构 `cor_goods`
--

CREATE TABLE IF NOT EXISTS `cor_goods` (
  `goods_id` int(10) unsigned NOT NULL AUTO_INCREMENT COMMENT '商品id(SKU)',
  `goods_commonid` int(10) unsigned NOT NULL COMMENT '商品公共表id',
  `goods_name` varchar(50) NOT NULL COMMENT '商品名称（+规格名称）',
  `goods_jingle` varchar(50) NOT NULL COMMENT '商品广告词',
  `store_id` int(10) unsigned NOT NULL COMMENT '店铺id',
  `store_name` varchar(50) NOT NULL COMMENT '店铺名称',
  `gc_id` int(10) unsigned NOT NULL COMMENT '商品分类id',
  `brand_id` int(10) unsigned NOT NULL COMMENT '品牌id',
  `goods_price` decimal(10,2) NOT NULL COMMENT '商品价格',
  `goods_marketprice` decimal(10,2) NOT NULL COMMENT '市场价',
  `goods_serial` varchar(50) NOT NULL COMMENT '商家编号',
  `goods_click` int(10) unsigned NOT NULL DEFAULT '0' COMMENT '商品点击数量',
  `goods_salenum` int(10) unsigned NOT NULL DEFAULT '0' COMMENT '销售数量',
  `goods_collect` int(10) unsigned NOT NULL DEFAULT '0' COMMENT '收藏数量',
  `goods_spec` text NOT NULL COMMENT '商品规格序列化',
  `goods_storage` int(10) unsigned NOT NULL DEFAULT '0' COMMENT '商品库存',
  `goods_image` varchar(100) NOT NULL DEFAULT '' COMMENT '商品主图',
  `goods_state` tinyint(3) unsigned NOT NULL COMMENT '商品状态 0下架，1正常，10违规（禁售）',
  `goods_verify` tinyint(3) unsigned NOT NULL COMMENT '商品审核 1通过，0未通过，10审核中',
  `goods_addtime` int(10) unsigned NOT NULL COMMENT '商品添加时间',
  `goods_edittime` int(10) unsigned NOT NULL COMMENT '商品编辑时间',
  `areaid_1` int(10) unsigned NOT NULL COMMENT '一级地区id',
  `areaid_2` int(10) unsigned NOT NULL COMMENT '二级地区id',
  `color_id` int(10) unsigned NOT NULL DEFAULT '0' COMMENT '颜色规格id',
  `transport_id` mediumint(8) unsigned NOT NULL COMMENT '运费模板id',
  `goods_freight` decimal(10,2) unsigned NOT NULL DEFAULT '0.00' COMMENT '运费 0为免运费',
  `goods_vat` tinyint(3) unsigned NOT NULL DEFAULT '0' COMMENT '是否开具增值税发票 1是，0否',
  `goods_commend` tinyint(3) unsigned NOT NULL DEFAULT '0' COMMENT '商品推荐 1是，0否 默认0',
  `goods_stcids` varchar(255) NOT NULL DEFAULT '' COMMENT '店铺分类id 首尾用,隔开',
  `evaluation_good_star` tinyint(3) unsigned NOT NULL DEFAULT '5' COMMENT '好评星级',
  `evaluation_count` int(10) unsigned NOT NULL DEFAULT '0' COMMENT '评价数',
  `is_gift` tinyint(1) unsigned NOT NULL DEFAULT '0',
  `gift_points` mediumint(8) unsigned NOT NULL DEFAULT '0',
  PRIMARY KEY (`goods_id`)
) ENGINE=InnoDB  DEFAULT CHARSET=utf8 COMMENT='商品表' AUTO_INCREMENT=370 ;

--
-- 转存表中的数据 `cor_goods`
--

INSERT INTO `cor_goods` (`goods_id`, `goods_commonid`, `goods_name`, `goods_jingle`, `store_id`, `store_name`, `gc_id`, `brand_id`, `goods_price`, `goods_marketprice`, `goods_serial`, `goods_click`, `goods_salenum`, `goods_collect`, `goods_spec`, `goods_storage`, `goods_image`, `goods_state`, `goods_verify`, `goods_addtime`, `goods_edittime`, `areaid_1`, `areaid_2`, `color_id`, `transport_id`, `goods_freight`, `goods_vat`, `goods_commend`, `goods_stcids`, `evaluation_good_star`, `evaluation_count`, `is_gift`, `gift_points`) VALUES
(272, 100126, '喷绘布/广告牌/喷画/灯箱布/户外喷绘布/舞台背景招牌布', '高精    特惠    防水   防晒', 2, '大琪广告印务', 1074, 0, '8.00', '15.00', '', 115, 0, 1, 'N;', 1000, '2_04716035155654501.jpg', 1, 1, 1418255788, 1418436539, 17, 268, 0, 0, '10.00', 0, 1, ',1,', 5, 0, 0, 0),
(273, 100127, '高清户内外写真/防水防晒写真画面/防水海报/制度牌', '进口写真机输出高清画面    个人写真海报    制度牌制作', 2, '大琪广告印务', 1075, 0, '18.00', '35.00', '', 109, 0, 1, 'N;', 1000, '2_04716712199605452.jpg', 1, 1, 1418262876, 1418328387, 0, 0, 0, 0, '0.00', 0, 1, ',1,', 5, 0, 0, 0),
(274, 100128, '韩式x展架/铝合金x展架/广告架/展架海报架/铝合金易拉宝/海报制作', '', 2, '大琪广告印务', 1075, 0, '45.00', '65.00', '', 115, 0, 0, 'N;', 1000, '2_04716885573792328.jpg', 1, 1, 1418348512, 1418349463, 0, 0, 0, 0, '0.00', 0, 1, ',0,', 5, 0, 0, 0),
(275, 100129, '彩印宣传单  A3A4A5宣传单印刷  彩色  彩页  DM单印刷', '色彩鲜艳  宣传必备', 2, '大琪广告印务', 1079, 0, '800.00', '1200.00', '', 96, 0, 0, 'N;', 1000, '2_04716941255280453.jpg', 1, 1, 1418350489, 1418436594, 0, 0, 0, 0, '20.00', 0, 1, ',0,', 5, 0, 0, 0),
(276, 100130, '昭君故里酒 美之梦酒 优质白酒 500ml 浓香型 42度', '酒体绵醇、淡雅、清香，厂价直销', 1, '官方店铺', 628, 0, '118.00', '158.00', '', 306, 1, 0, 'N;', 99, '1_04717754051864205.jpg', 1, 1, 1418355412, 1418431497, 17, 268, 0, 0, '10.00', 0, 1, ',0,', 5, 0, 0, 0),
(277, 100131, '有机绿壳乌鸡蛋 山地放养 散装30枚70元', '高山泉水喂养 农家乌鸡蛋产量有限  需提前一天预订 限通城同城供货 上门取货', 1, '官方店铺', 657, 0, '70.00', '75.00', '', 208, 1, 0, 'N;', 1000, '1_04717712539271406.jpg', 1, 1, 1418409491, 1418427326, 17, 268, 0, 0, '0.00', 0, 1, ',0,', 5, 0, 0, 0),
(278, 100132, '彩色名片设计/彩色名片制作/彩色双面名片 10盒', '300g铜板纸彩色双面印刷  隔天交货', 2, '大琪广告印务', 1080, 0, '80.00', '100.00', '', 105, 0, 1, 'a:1:{i:435;s:5:"10盒";}', 1000, '2_04717594599518715.jpg', 1, 1, 1418415595, 1418436562, 17, 0, 0, 0, '10.00', 0, 1, ',2,', 5, 0, 0, 0),
(279, 100133, 'PVC名片/高档商务名片/卡片/会员卡/卡证 10盒', '高档PVC名片1000张仅需200元', 2, '大琪广告印务', 1080, 0, '200.00', '500.00', '', 146, 0, 0, 'a:1:{i:435;s:5:"10盒";}', 1000, '2_04717687082348757.jpg', 1, 1, 1418424840, 1418436500, 17, 0, 0, 0, '15.00', 0, 1, ',2,', 5, 0, 0, 0),
(280, 100134, '绿壳乌鸡蛋 高山养殖 生态放养 礼品装48枚 118元/提', '有机茶园科学放养 产量有限 需提前一天预订 限通城县同城有货 上门取货', 1, '官方店铺', 657, 0, '118.00', '130.00', '', 123, 0, 0, 'N;', 1000, '1_04717742220761218.jpg', 1, 1, 1418430459, 1418430610, 17, 268, 0, 0, '0.00', 0, 1, ',0,', 5, 0, 0, 0),
(281, 100135, '写真裱KT板牌/制度牌/会议牌/吊旗/文化墙牌/展会展板', '经济  实惠  美观  耐用', 2, '大琪广告印务', 1077, 0, '40.00', '60.00', '', 115, 0, 0, 'N;', 1000, '2_04717753121684596.jpg', 1, 1, 1418430779, 1418436477, 17, 0, 0, 0, '10.00', 0, 1, ',0,', 5, 0, 0, 0),
(282, 100136, '生态有机土猪肉 高山泉水喂养 瘦红肥白  肥瘦搭配 味道鲜美 140元/10斤', '10斤起售 当天下单预订 第二天上午10时前交货 限通城县同城供货 上门自取', 1, '官方店铺', 658, 0, '140.00', '150.00', '', 130, 0, 0, 'N;', 100, '1_04717785723829778.jpg', 1, 1, 1418434720, 1418498234, 17, 268, 0, 0, '0.00', 0, 1, ',0,', 5, 0, 0, 0),
(283, 100137, '农家土鸡蛋 虫草物喂养 纯谷物喂养 营养价值高 散装30枚54元', '有机茶园套养 产量有限 提前一天预订 限通城县同城有货 实体门店取货', 1, '官方店铺', 657, 0, '54.00', '60.00', '', 156, 1, 2, 'N;', 999, '1_04718403423957289.jpg', 1, 1, 1418496567, 1418496567, 17, 268, 0, 0, '0.00', 0, 1, ',0,', 5, 0, 0, 0),
(284, 100138, '有机土鸡蛋 虫草物喂养 纯谷物喂养 营养价值高 礼品装48枚96元', '山地放养 生态养殖 产量有限 需提前一天预订 仅限通城县同城有货 上门自取', 1, '官方店铺', 657, 0, '96.00', '106.00', '', 73, 1, 1, 'N;', 999, '1_04718409568576789.jpg', 1, 1, 1418497149, 1418497149, 17, 268, 0, 0, '0.00', 0, 1, ',0,', 5, 0, 0, 0),
(285, 100139, '条幅 横幅 竖幅 激光条幅  开业庆典竖幅', '质量好  防水防晒  70cm高', 2, '大琪广告印务', 1075, 0, '3.00', '5.00', '', 108, 0, 0, 'N;', 10000, '2_04718453411337053.jpg', 1, 1, 1418511194, 1418755652, 17, 0, 0, 0, '10.00', 0, 1, ',1,', 5, 0, 0, 0),
(286, 100140, '高精度腐蚀金属卡/金卡/银卡/金属卡/贵宾卡/金属名片', '', 2, '大琪广告印务', 1083, 0, '3.00', '8.00', '', 125, 7, 0, 'N;', 9993, '2_04719526935878416.jpg', 1, 1, 1418608992, 1418609188, 17, 268, 0, 0, '10.00', 0, 1, ',2,', 5, 0, 0, 0),
(287, 100141, '黑边金铂面标语牌、指示牌、科室牌、空白 11x28金箔面', '根据内容定制', 2, '大琪广告印务', 1077, 0, '10.00', '15.00', '', 31, 0, 0, 'N;', 1000, '2_04725625289480897.jpg', 1, 1, 1419218732, 1420792253, 17, 268, 0, 0, '0.00', 0, 1, ',0,', 5, 0, 0, 0),
(289, 100143, 'Canature/奔泰 节水型 反渗透分质净水机BNT-RO102  动态智能提示，主动掌控', '暂只支持通城同城供货，提供上门安装服务。', 4, '吉米健康水世界', 330, 0, '2889.00', '3380.00', '', 119, 0, 0, 'N;', 1000, '4_04725859421403860.jpg', 1, 1, 1419240027, 1419242559, 0, 0, 0, 0, '0.00', 0, 1, ',0,', 5, 0, 0, 0),
(290, 100144, '奔泰RO反渗透 纯水机BNT-RO107 75加仑厨下直饮机', '暂只支持通城同城供货，提供上门安装服务。', 4, '吉米健康水世界', 330, 0, '2180.00', '2580.00', '', 72, 0, 0, 'N;', 1000, '4_04725867612571094.jpg', 1, 1, 1419246152, 1419246152, 17, 268, 0, 0, '0.00', 0, 1, ',0,', 5, 0, 0, 0),
(291, 100145, '开能奔泰子母星家用净水器 清爽型 KF-T-1E全自动直饮机', '暂只支持通城同城供货，提供上门安装服务。', 4, '吉米健康水世界', 330, 0, '3680.00', '4280.00', '', 91, 0, 0, 'N;', 1000, '4_04725902858825749.jpg', 1, 1, 1419246901, 1419246901, 17, 268, 0, 0, '0.00', 0, 1, ',0,', 5, 0, 0, 0),
(292, 100146, 'Canature开能奔泰中央净水器BNT-KC06-Z02T全屋净水除重金属余氯', '暂只支持通城同城供货，提供上门安装服务。', 4, '吉米健康水世界', 330, 0, '5980.00', '7475.00', '', 82, 0, 0, 'N;', 1000, '4_04725910891992703.jpg', 1, 1, 1419247613, 1419247613, 0, 0, 0, 0, '0.00', 0, 1, ',0,', 5, 0, 0, 0),
(293, 100147, '汉尔普 透明机系列HPK-G6D-2LT 高端 商用净水机\\商用速热 开水机', '即热来袭，告别开水重复加热时代！', 4, '吉米健康水世界', 330, 0, '8800.00', '11000.00', '', 97, 0, 0, 'N;', 1000, '4_04725923700167776.jpg', 1, 1, 1419254160, 1419332737, 0, 0, 0, 0, '0.00', 0, 1, ',0,', 5, 0, 0, 0),
(294, 100148, 'canature开能奔泰中央前置过滤器 BNT-Q01除泥沙铁锈家用水第一关', '暂只支持通城同城供货，提供上门安装服务。', 4, '吉米健康水世界', 330, 0, '680.00', '850.00', '', 36, 0, 0, 'N;', 1000, '4_04725986704419231.jpg', 1, 1, 1419255762, 1419255762, 0, 0, 0, 0, '0.00', 0, 1, ',0,', 5, 0, 0, 0),
(295, 100149, 'Canature开能奔泰中央前置过滤器BNT-Q03H 家用过滤第一关稳压型', '暂只支持通城同城供货，提供上门安装服务。', 4, '吉米健康水世界', 330, 0, '1280.00', '1600.00', '', 41, 0, 0, 'N;', 1000, '4_04725998138637540.jpg', 1, 1, 1419256374, 1419332607, 0, 0, 0, 0, '0.00', 0, 1, ',0,', 5, 0, 0, 0),
(296, 100150, '开能净水器 奔泰中央净水机 BNT-KC08-Z02T 全屋纳米级 洁净品质', '暂只支持通城同城供货，提供上门安装服务。', 4, '吉米健康水世界', 330, 0, '9980.00', '12475.00', '', 96, 0, 0, 'N;', 1000, '4_04726004013767654.jpg', 1, 1, 1419257045, 1419257045, 0, 0, 0, 0, '0.00', 0, 1, ',0,', 5, 0, 0, 0),
(297, 100151, '汉尔普 佳源系列HPK-T33A 经济特惠台式 家用\\商用 速热开水机', '即热来袭，告别开水重复加热时代！', 4, '吉米健康水世界', 330, 0, '1800.00', '2250.00', '', 71, 0, 0, 'N;', 1000, '4_04726761099782053.jpg', 1, 1, 1419332977, 1419332977, 0, 0, 0, 0, '0.00', 0, 1, ',0,', 5, 0, 0, 0),
(300, 100154, '汉尔普 炫涌系列HPK-Y12 即开式石英直饮商务一体机  出水量超大  3秒沸腾', '线条流畅  简约时尚  殚“芯”竭“滤”  除菌无忧  完美设计  商务首选', 4, '吉米健康水世界', 330, 0, '23800.00', '29750.00', '', 29, 0, 0, 'N;', 1000, '4_04726775059284332.jpg', 1, 1, 1419334591, 1419334591, 0, 0, 0, 0, '0.00', 0, 1, ',0,', 5, 0, 0, 0),
(301, 100155, '康汇园经典苹果醋 高档果醋饮料 酒店专供 净含量650L', '康汇园苹果醋经典版 12瓶/件 买10件送1件', 1, '官方店铺', 634, 0, '180.00', '360.00', '', 106, 0, 1, 'N;', 1000, '1_04728428330651916.jpg', 1, 1, 1419499202, 1419499202, 17, 268, 0, 0, '10.00', 0, 1, ',0,', 5, 0, 0, 0),
(305, 100157, '康汇园 芦荟风味乳饮料 净含量500ml 1件', '康汇园 芦荟风味乳饮料 15瓶/件 买10件送1件', 1, '官方店铺', 634, 0, '150.00', '225.00', '', 63, 0, 0, 'a:1:{i:440;s:4:"1件";}', 1000, '1_04730110959754239.jpg', 1, 1, 1420075352, 1421201106, 0, 0, 0, 0, '0.00', 0, 1, ',0,', 5, 0, 0, 0),
(307, 100157, '康汇园 芦荟风味乳饮料 净含量500ml 5瓶', '康汇园 芦荟风味乳饮料 15瓶/件 买10件送1件', 1, '官方店铺', 634, 0, '55.00', '225.00', '', 49, 0, 0, 'a:1:{i:439;s:4:"5瓶";}', 2000, '1_04730110959754239.jpg', 1, 1, 1420177982, 1421201106, 0, 0, 0, 0, '0.00', 0, 1, ',0,', 5, 0, 0, 0),
(308, 100156, '康汇园苹果汁醋饮料  净含量500L   果汁酿造  原汁原味 5瓶', '康汇园苹果汁醋饮料 15瓶/件 买10件送1件', 1, '官方店铺', 634, 0, '55.00', '225.00', '', 88, 0, 0, 'a:1:{i:439;s:4:"5瓶";}', 2000, '1_04729051678861049.jpg', 1, 1, 1420178155, 1421201168, 0, 0, 0, 0, '0.00', 0, 1, ',0,', 5, 0, 0, 0),
(309, 100156, '康汇园苹果汁醋饮料  净含量500L   果汁酿造  原汁原味 1件', '康汇园苹果汁醋饮料 15瓶/件 买10件送1件', 1, '官方店铺', 634, 0, '150.00', '225.00', '', 1, 0, 0, 'a:1:{i:440;s:4:"1件";}', 1000, '1_04729051678861049.jpg', 1, 1, 1420178155, 1421201168, 0, 0, 0, 0, '0.00', 0, 1, ',0,', 5, 0, 0, 0),
(310, 100142, '康汇园芒果汁饮料 果肉多 净含量1.5L 66元/件/6瓶 2瓶', '精选天然芒果直接榨汁 膳食纤维 健康时尚 生榨更新鲜', 1, '官方店铺', 634, 0, '20.00', '72.00', '', 74, 0, 0, 'a:1:{i:437;s:4:"2瓶";}', 2000, '1_04729037901755028.jpg', 1, 1, 1420249739, 1420353613, 0, 0, 0, 0, '0.00', 0, 1, ',0,', 5, 0, 0, 0),
(311, 100142, '康汇园芒果汁饮料 果肉多 净含量1.5L 66元/件/6瓶 1件', '精选天然芒果直接榨汁 膳食纤维 健康时尚 生榨更新鲜', 1, '官方店铺', 634, 0, '55.00', '72.00', '', 58, 0, 0, 'a:1:{i:440;s:4:"1件";}', 1000, '1_04729037901755028.jpg', 1, 1, 1420249739, 1420353613, 0, 0, 0, 0, '0.00', 0, 1, ',0,', 5, 0, 0, 0),
(312, 100152, '汉尔普 炫雅立式系列HPK-L43   高端大气 商用净水机\\商用速热开水机 冷热带支架', '彰显典雅尊贵 智能出水 操作便捷 净水 速热 环保 节能 ！ 不一样的智能饮水机 不一样的品味！', 4, '吉米健康水世界', 330, 0, '10680.00', '12150.00', '', 87, 0, 0, 'a:1:{i:442;s:15:"冷热带支架";}', 1000, '4_04726764769854776.jpg', 1, 1, 1420792446, 1420792533, 17, 268, 0, 0, '0.00', 0, 1, ',0,', 5, 0, 0, 0),
(313, 100153, '汉尔普  炫雅台式饮水机 时尚精巧 精雕细琢 智睿融合 尊贵炫耀 单热型台式机', '健康，100度恒温开水，非千滚水，特有水量自动预设功能 体积小巧 节省空间', 4, '吉米健康水世界', 330, 0, '6800.00', '8250.00', '', 35, 0, 0, 'a:1:{i:442;s:18:"单热型台式机";}', 1000, '4_04726771211523314.jpg', 1, 1, 1420792568, 1420792568, 0, 0, 0, 0, '0.00', 0, 1, ',0,', 5, 0, 0, 0),
(314, 100158, '地道土猪肉 原生态农家土猪肉 味道鲜甜 满嘴留香 30斤起售', '来自农家老乡熟食喂养，产量有限，货源仅供通城同城，上门取货', 1, '官方店铺', 658, 0, '390.00', '450.00', '', 233, 0, 1, 'N;', 100, '1_04742053355689344.jpg', 0, 1, 1420861691, 1420861691, 17, 268, 0, 0, '0.00', 0, 1, ',0,', 5, 0, 0, 0),
(316, 100160, '传世青花--青花瓷笔+青花鼠标+U盘', '', 1, '官方店铺', 419, 0, '0.00', '180.00', '', 34, 0, 0, 'N;', 5, '1_04743692904458264.jpg', 1, 1, 1421025354, 1421201023, 0, 0, 0, 0, '0.00', 0, 1, ',0,', 5, 0, 1, 1800),
(317, 100161, '家居商务礼品笔筒', '本品是一精美笔筒，附带有多种功能，如大屏幕显示时间，日历，星期，温度等，有音乐闹钟和贪睡模式供选择。', 1, '官方店铺', 175, 0, '0.00', '80.00', '', 26, 0, 0, 'N;', 100, '1_04744533571253527.jpg', 1, 1, 1421109614, 1421142733, 0, 0, 0, 0, '0.00', 0, 1, ',0,', 5, 0, 1, 500),
(318, 100162, '多功能军刀卡', '取货地点只能是上门取货，取货地点：B2B2C电商平台商城地面体验店（通泰市场七栋18号）', 1, '官方店铺', 176, 0, '0.00', '10.00', '', 27, 0, 0, 'N;', 200, '1_04744570209907221.jpg', 1, 1, 1421113344, 1421142715, 0, 0, 0, 0, '0.00', 0, 1, ',0,', 5, 0, 1, 80),
(319, 100163, '指甲刀套装   指甲钳   修眉剪  掏耳挖  眉毛夹   修甲修眉', '', 1, '官方店铺', 179, 0, '0.00', '20.00', '', 42, 0, 0, 'N;', 300, '1_04744623179911343.jpg', 1, 1, 1421118704, 1421142695, 0, 0, 0, 0, '0.00', 0, 1, ',0,', 5, 0, 1, 180),
(320, 100164, '塑料水果盘 时尚创意碗形水果菜篮 沥水蔬菜盘 彩色洗菜篮', '', 1, '官方店铺', 178, 0, '0.00', '8.00', '', 25, 0, 0, 'N;', 200, '1_04744637575441316.jpg', 1, 1, 1421119960, 1421142678, 0, 0, 0, 0, '0.00', 0, 1, ',0,', 5, 0, 1, 50),
(321, 100165, '多用指甲钳   指甲钳  指甲锉  开瓶器  钥匙圈  经济实用指甲刀', '', 1, '官方店铺', 179, 0, '0.00', '10.00', '', 32, 0, 0, 'N;', 500, '1_04744739193525265.jpg', 1, 1, 1421131846, 1421143297, 0, 0, 0, 0, '0.00', 0, 1, ',0,', 5, 0, 1, 60),
(322, 100166, 'window/原道 W8C 联通-3G 32GB 8英寸intel芯四核win8平板电脑', '', 1, '官方店铺', 179, 0, '0.00', '1499.00', '', 35, 0, 0, 'N;', 5, '1_04744850039105365.jpg', 1, 1, 1421142148, 1421143284, 0, 0, 0, 0, '0.00', 0, 1, ',0,', 5, 0, 1, 18000),
(323, 100167, '百丈潭茶叶  6# 优质绿茶  50g/包   通城特产   10包起售', '千年茶韵   百丈潭情', 5, '通城百丈潭茶业旗舰店', 636, 0, '9.00', '10.00', '', 54, 0, 0, 'N;', 500, '5_04753299127051713.jpg', 1, 1, 1421996188, 1422088164, 17, 268, 0, 2, '5.00', 0, 1, ',0,', 5, 0, 0, 0),
(324, 100168, '百丈潭茶叶 绿茶 通城特产 8件起售   125g', '千年茶韵 百丈潭情', 5, '通城百丈潭茶业旗舰店', 636, 0, '16.20', '18.00', '', 63, 0, 0, 'N;', 500, '5_04753326999101409.jpg', 1, 1, 1422005035, 1422088150, 17, 268, 0, 3, '5.00', 0, 1, ',0,', 5, 0, 0, 0),
(325, 100169, '百丈潭茶叶  高山绿茶 通城特产  2件起售   250g', '千年茶韵 百丈潭情', 5, '通城百丈潭茶业旗舰店', 636, 0, '23.40', '26.00', '', 54, 0, 0, 'N;', 500, '5_04753343582064469.jpg', 1, 1, 1422005313, 1422088133, 17, 268, 0, 4, '5.00', 0, 1, ',0,', 5, 0, 0, 0),
(326, 100170, '百丈潭茶叶礼盒  百丈潭有机茶 通城特产 上品绿茶  250g', '千年茶韵 百丈潭情', 5, '通城百丈潭茶业旗舰店', 636, 0, '180.00', '200.00', '', 52, 0, 0, 'N;', 500, '5_04753355206009665.jpg', 1, 1, 1422005715, 1422088083, 17, 268, 0, 4, '5.00', 0, 1, ',0,', 5, 0, 0, 0),
(327, 100171, '百丈潭茶叶礼盒  百丈潭碧机茶  通城特产 至尊贡芽  180g', '千年茶韵 百丈潭情', 5, '通城百丈潭茶业旗舰店', 636, 0, '360.00', '400.00', '', 31, 0, 0, 'N;', 500, '5_04753335192659517.jpg', 1, 1, 1422006050, 1422088060, 17, 268, 0, 5, '5.00', 0, 1, ',0,', 5, 0, 0, 0),
(328, 100172, '百丈潭茶叶礼盒  百丈潭潭峰茶5#  通城特产 优质绿茶 200g', '千年茶韵 百丈潭情', 5, '通城百丈潭茶业旗舰店', 636, 0, '94.50', '105.00', '', 73, 0, 0, 'N;', 500, '5_04753348092587823.jpg', 1, 1, 1422006398, 1422088040, 17, 268, 0, 6, '5.00', 0, 1, ',0,', 5, 0, 0, 0),
(329, 100173, '百丈潭茶叶礼盒 百丈潭云雾茶 通城特产 上品绿茶 256g', '千年茶韵 百丈潭情', 5, '通城百丈潭茶业旗舰店', 636, 0, '315.00', '350.00', '', 44, 0, 0, 'N;', 500, '5_04753358539184817.jpg', 1, 1, 1422006628, 1422087834, 17, 268, 0, 7, '5.00', 0, 1, ',0,', 5, 0, 0, 0),
(330, 100174, '百丈潭茶叶礼盒 百丈潭潭峰茶3# 通城特产 上品绿茶 252g', '千年茶韵 百丈潭情', 5, '通城百丈潭茶业旗舰店', 636, 0, '252.00', '280.00', '', 47, 0, 0, 'N;', 500, '5_04753351520795463.jpg', 1, 1, 1422006760, 1422087814, 0, 0, 0, 7, '5.00', 0, 1, ',0,', 5, 0, 0, 0),
(331, 100175, '山信稻米油  非转基因  食用米糠油  16000ppm谷维素  马伊琍代言  5l 装', '山信正稻大品牌稻米油，富含谷维素，谷维素是稻米油独有的营养成分， 改善亚健康关爱胃', 1, '官方店铺', 623, 0, '98.00', '99.00', '', 30, 0, 0, 'N;', 500, '1_04754074268964456.jpg', 1, 1, 1422067023, 1422067023, 17, 268, 0, 1, '5.00', 0, 1, ',0,', 5, 0, 0, 0),
(332, 100176, '山信稻米油 非转基因 食用米糠油 7500ppm谷维素 马伊琍代言 5l 装', '山信正稻大品牌稻米油，富含谷维素，谷维素是稻米油独有的营养成分， 改善亚健康关爱胃', 1, '官方店铺', 623, 0, '68.00', '70.00', '', 77, 0, 0, 'N;', 500, '1_04754113111485383.jpg', 1, 1, 1422067865, 1422067865, 17, 268, 0, 1, '5.00', 0, 1, ',0,', 5, 0, 0, 0),
(333, 100177, '山信稻米油 非转基因 食用米糠油 7500ppm谷维素 马伊琍代言 1.8l 装', '山信正稻大品牌稻米油，富含谷维素，谷维素是稻米油独有的营养成分， 改善亚健康关爱胃', 1, '官方店铺', 623, 0, '29.00', '30.00', '', 65, 0, 0, 'N;', 500, '1_04754123035459069.jpg', 1, 1, 1422069347, 1422071594, 17, 268, 0, 1, '5.00', 0, 1, ',0,', 5, 0, 0, 0),
(334, 100178, '三麦酒  42度  三麦鸿运酒   馥郁香型白酒   白酒特价酒水', '三生有幸 三麦酒', 6, '稻花香三麦酒', 628, 0, '35.00', '40.00', '', 106, 0, 0, 'N;', 100, '6_04757743808310335.jpg', 1, 1, 1422494486, 1424876724, 17, 268, 0, 9, '5.00', 0, 1, ',0,', 5, 0, 0, 0),
(335, 100179, '三麦酒 42度 三麦天赐福酒   馥郁香型白酒  500ml', '三生有幸 三麦酒', 6, '稻花香三麦酒', 628, 0, '45.00', '48.00', '', 190, 0, 0, 'N;', 500, '6_04758385513936033.jpg', 1, 1, 1422495094, 1424876583, 17, 268, 0, 9, '5.00', 0, 1, ',0,', 5, 0, 0, 0),
(338, 100181, '三麦酒 42度 三麦天赐喜  馥郁香型白酒 500ml', '三生有幸 三麦酒', 6, '稻花香三麦酒', 628, 0, '80.00', '88.00', '', 22, 0, 0, 'N;', 500, '6_04758403729888459.jpg', 1, 1, 1422496835, 1424876421, 17, 268, 0, 9, '5.00', 0, 1, ',0,', 5, 0, 0, 0),
(341, 100183, '新货 新疆薄壳坚果特产 原味生核桃阿克苏温宿 185纸皮核桃 500g', '县城内免费送货上门，乡镇购满5斤送货上门', 7, '小陆干果', 617, 0, '29.90', '35.00', '', 31, 0, 0, 'N;', 500, '7_04762076211032731.jpg', 1, 1, 1422864710, 1422865638, 17, 268, 0, 11, '5.00', 0, 1, ',0,', 5, 0, 0, 0),
(342, 100184, '新货 新疆特产 新疆核桃 500g', '县城内免费送货上门，乡镇购满5斤送货上门', 7, '小陆干果', 617, 0, '18.99', '25.00', '', 36, 0, 0, 'N;', 500, '7_04762089977572360.jpg', 1, 1, 1422865594, 1422865626, 17, 268, 0, 11, '5.00', 0, 1, ',0,', 5, 0, 0, 0),
(343, 100185, '新货 云南野生小麻查核桃  500g', '县城内免费送货上门，乡镇购满5斤送货上门', 7, '小陆干果', 617, 0, '23.80', '30.00', '', 604, 0, 0, 'N;', 500, '7_04762098186807676.jpg', 1, 1, 1422866352, 1422866352, 17, 268, 0, 11, '5.00', 0, 1, ',0,', 5, 0, 0, 0),
(344, 100186, '新货 松之皇 手剥巴西松子 精选特级  500g袋装', '县城内免费送货上门，乡镇购满5斤送货上门', 7, '小陆干果', 617, 0, '150.00', '170.00', '', 52, 0, 0, 'N;', 500, '7_04762717111974071.jpg', 1, 1, 1422928292, 1422928326, 17, 268, 0, 11, '5.00', 0, 1, ',0,', 5, 0, 0, 0),
(345, 100187, '新货  坚果  松子  精装东北开口松子  2.5kg  袋装', '县城内免费送货上门，乡镇购满5斤送货上门', 7, '小陆干果', 617, 0, '225.00', '255.00', '', 34, 0, 0, 'N;', 500, '7_04762901484783281.jpg', 1, 1, 1422947045, 1422947151, 0, 0, 0, 12, '0.00', 0, 1, ',0,', 5, 0, 0, 0),
(346, 100188, '新货 坚果 松子 东北开口松子 500g', '县城内免费送货上门，乡镇购满5斤送货上门', 7, '小陆干果', 617, 0, '38.80', '50.00', '', 52, 0, 0, 'N;', 500, '7_04762963544782948.jpg', 1, 1, 1422952655, 1422952714, 17, 268, 0, 11, '5.00', 0, 1, ',0,', 5, 0, 0, 0),
(347, 100189, '碧根果 长寿果美国山核桃坚果零食奶油味  500g', '县城内免费送货上门，乡镇购满5斤送货上门', 7, '小陆干果', 617, 0, '33.50', '40.00', '', 598, 3, 1, 'N;', 497, '7_04763618050273058.jpg', 1, 1, 1423018664, 1423018664, 17, 268, 0, 11, '5.00', 0, 1, ',0,', 5, 1, 0, 0),
(348, 100190, '夏威夷果  澳洲坚果  零食干果  送开口器 奶油味 500g', '县城内免费送货上门，乡镇购满5斤送货上门', 7, '小陆干果', 617, 0, '33.50', '40.00', '', 60, 0, 0, 'N;', 500, '7_04763797018156347.jpg', 1, 1, 1423035983, 1423640498, 17, 268, 0, 0, '0.00', 0, 1, ',0,', 5, 0, 0, 0),
(349, 100191, '宁夏枸杞子  新货  特级苟杞  正品中宁枸杞王  250g', '县城内免费送货上门，乡镇购满5斤送货上门', 7, '小陆干果', 617, 0, '24.88', '30.00', '', 18, 0, 0, 'N;', 500, '7_04763873434107311.jpg', 1, 1, 1423043911, 1423043950, 17, 268, 0, 13, '5.00', 0, 1, ',0,', 5, 0, 0, 0),
(350, 100192, '小陆干果  新货  新疆特产  新疆无花果干  孕妇健康零食  500g', '县城内免费送货上门，乡镇购满5斤送货上门', 7, '小陆干果', 617, 0, '21.99', '28.00', '', 24, 0, 0, 'N;', 500, '7_04764639517072376.jpg', 1, 1, 1423120415, 1423120415, 17, 0, 0, 11, '5.00', 0, 1, ',0,', 5, 0, 0, 0),
(352, 100194, '小陆干果   新货坚果   手剥临安山核桃  奶油味   500g', '县城内免费送货上门，乡镇购满5斤送货上门', 7, '小陆干果', 617, 0, '65.99', '70.00', '', 21, 0, 0, 'N;', 500, '7_04764810404288061.jpg', 1, 1, 1423137552, 1423137552, 17, 268, 0, 12, '0.00', 0, 1, ',0,', 5, 0, 0, 0),
(354, 100196, '小陆干果  巴旦木 坚果零食特产新疆薄壳杏仁手剥扁桃仁 500g  佳美', '县城内免费送货上门，乡镇购满5斤送货上门', 7, '小陆干果', 617, 0, '29.80', '35.00', '佳美', 16, 0, 0, 'N;', 500, '7_04765310723591147.jpg', 1, 1, 1423187524, 1423187834, 0, 0, 0, 0, '0.00', 0, 1, ',0,', 5, 0, 0, 0),
(357, 100197, '巴旦木 坚果零食 新疆薄壳杏仁手剥扁桃仁 500g  小珍珠', '县城内免费送货上门，乡镇购满5斤送货上门', 7, '小陆干果', 617, 0, '25.80', '28.00', '小珍珠', 20, 2, 0, 'N;', 498, '7_04765310723591147.jpg', 1, 1, 1423187891, 1423187891, 0, 0, 0, 11, '5.00', 0, 1, ',0,', 5, 1, 0, 0),
(358, 100198, '小陆干果  小银杏 新疆特产 手剥小杏仁杏核 开口坚果 休闲零食 500g', '县城内免费送货上门，乡镇购满5斤送货上门', 7, '小陆干果', 617, 0, '16.99', '20.00', '', 22, 0, 0, 'N;', 500, '7_04765364264366005.jpg', 1, 1, 1423192973, 1423192973, 17, 268, 0, 11, '5.00', 0, 1, ',0,', 5, 0, 0, 0),
(359, 100199, '小陆干果特级香菇金钱菇   香菇干货  房县香菇 肉厚味鲜 250g', '县城内免费送货上门，乡镇购满5斤送货上门', 7, '小陆干果', 617, 0, '27.80', '33.00', '', 48, 0, 0, 'N;', 500, '7_04765670395316113.jpg', 1, 1, 1423223516, 1423223516, 17, 268, 0, 13, '5.00', 0, 1, ',0,', 5, 0, 0, 0),
(360, 100200, '巨型大枣！  小陆干果  新疆特产 新疆和田大红枣  500g', '县城内免费送货上门，乡镇购满5斤送货上门', 7, '小陆干果', 617, 0, '25.80', '30.00', '', 45, 0, 0, 'N;', 500, '7_04766332981154795.jpg', 1, 1, 1423290342, 1423290506, 0, 0, 0, 11, '5.00', 0, 1, ',0,', 5, 0, 0, 0),
(361, 100201, '小陆干果  新疆特产若羌灰枣特级   自然吊干精选小枣  500g', '县城内免费送货上门，乡镇购满5斤送货上门', 7, '小陆干果', 617, 0, '30.80', '32.00', '', 25, 0, 0, 'N;', 500, '7_04767049984711580.jpg', 1, 1, 1423361888, 1423452101, 17, 268, 0, 11, '5.00', 0, 1, ',0,', 5, 0, 0, 0),
(362, 100202, '小陆干果 新疆特产若羌灰枣一级 自然吊干精选小枣 500g', '县城内免费送货上门，乡镇购满5斤送货上门', 7, '小陆干果', 617, 0, '26.80', '28.00', '', 20, 0, 0, 'N;', 500, '7_04767053975470332.jpg', 1, 1, 1423362078, 1423452156, 17, 268, 0, 11, '5.00', 0, 1, ',0,', 5, 0, 0, 0),
(363, 100203, '小陆干果 新疆特产若羌灰枣二级 自然吊干精选小枣 500g', '县城内免费送货上门，乡镇购满5斤送货上门', 7, '小陆干果', 617, 0, '23.80', '25.00', '', 17, 0, 0, 'N;', 500, '7_04767055844562922.jpg', 1, 1, 1423362160, 1423452179, 17, 268, 0, 11, '5.00', 0, 1, ',0,', 5, 0, 0, 0),
(364, 100204, '小陆干果 新疆特产若羌灰枣三级 自然吊干精选小枣 500g', '县城内免费送货上门，乡镇购满5斤送货上门', 7, '小陆干果', 617, 0, '18.80', '20.00', '', 34, 0, 0, 'N;', 500, '7_04767056934315317.jpg', 1, 1, 1423362215, 1423452197, 17, 268, 0, 11, '5.00', 0, 1, ',0,', 5, 0, 0, 0),
(365, 100205, '小陆干果  美国开心果 坚果炒货休闲零食特产 原色无漂白  500g', '县城内免费送货上门，乡镇购满5斤送货上门', 7, '小陆干果', 617, 0, '48.00', '55.00', '', 27, 0, 0, 'N;', 500, '7_04768793081202974.jpg', 1, 1, 1423535921, 1423535921, 17, 268, 0, 11, '5.00', 0, 1, ',0,', 5, 0, 0, 0),
(366, 100180, '三麦酒 42度 三麦天赐蓝 馥郁香型白酒 500ml', '三生有幸 三麦酒', 6, '稻花香三麦酒', 628, 0, '148.00', '168.00', '', 7, 0, 0, 'N;', 1000, '6_04758392232773649.jpg', 1, 1, 1424876538, 1424876538, 17, 268, 0, 9, '5.00', 0, 1, ',0,', 5, 0, 0, 0),
(367, 100182, '三麦酒 42度 三麦天赐韵 馥郁香型白酒 500ml', '三生有幸 三麦酒', 6, '稻花香三麦酒', 628, 0, '108.00', '128.00', '', 12, 0, 0, 'N;', 1000, '6_04758409768924187.jpg', 1, 1, 1424876618, 1425271798, 17, 268, 0, 9, '5.00', 0, 1, ',0,', 5, 0, 0, 0),
(368, 100206, '小陆干果  伊朗特级开心果  坚果炒货休闲零食特产  500g', '县城内免费送货上门，乡镇购满5斤送货上门', 7, '小陆干果', 617, 0, '48.00', '55.00', '', 6, 0, 0, 'N;', 500, '7_04782621217659905.png', 1, 1, 1424919413, 1424919413, 0, 0, 0, 11, '5.00', 0, 1, ',0,', 5, 0, 0, 0);

-- --------------------------------------------------------

--
-- 表的结构 `cor_goods_attr_index`
--

CREATE TABLE IF NOT EXISTS `cor_goods_attr_index` (
  `goods_id` int(10) unsigned NOT NULL COMMENT '商品id',
  `goods_commonid` int(10) unsigned NOT NULL COMMENT '商品公共表id',
  `gc_id` int(10) unsigned NOT NULL COMMENT '商品分类id',
  `type_id` int(10) unsigned NOT NULL COMMENT '类型id',
  `attr_id` int(10) unsigned NOT NULL COMMENT '属性id',
  `attr_value_id` int(10) unsigned NOT NULL COMMENT '属性值id',
  PRIMARY KEY (`goods_id`,`gc_id`,`attr_value_id`)
) ENGINE=InnoDB DEFAULT CHARSET=utf8 COMMENT='商品与属性对应表';

--
-- 转存表中的数据 `cor_goods_attr_index`
--

INSERT INTO `cor_goods_attr_index` (`goods_id`, `goods_commonid`, `gc_id`, `type_id`, `attr_id`, `attr_value_id`) VALUES
(278, 100132, 1080, 37, 221, 3181),
(279, 100133, 1080, 37, 221, 3182);

-- --------------------------------------------------------

--
-- 表的结构 `cor_goods_class`
--
CREATE TABLE `cor_goods_class` (
  `gc_id` int(10) unsigned NOT NULL AUTO_INCREMENT COMMENT '索引ID',
  `gc_name` varchar(100) NOT NULL COMMENT '分类名称',
  `type_id` int(10) unsigned NOT NULL COMMENT '类型id',
  `type_name` varchar(100) NOT NULL COMMENT '类型名称',
  `gc_parent_id` int(10) unsigned NOT NULL DEFAULT '0' COMMENT '父ID',
  `gc_sort` tinyint(1) unsigned NOT NULL DEFAULT '0' COMMENT '排序',
  `gc_title` varchar(200) NOT NULL COMMENT '名称',
  `gc_keywords` varchar(255) NOT NULL DEFAULT '' COMMENT '关键词',
  `gc_description` varchar(255) NOT NULL DEFAULT '' COMMENT '描述',
  `gc_sku` varchar(255) DEFAULT '' COMMENT '库存量单位',
  PRIMARY KEY (`gc_id`),
  KEY `store_id` (`gc_parent_id`) USING BTREE
) ENGINE=InnoDB AUTO_INCREMENT=1120 DEFAULT CHARSET=utf8 COMMENT='商品分类表';

--
-- 转存表中的数据 `cor_goods_class`
--

INSERT INTO `cor_goods_class` (`gc_id`, `gc_name`, `type_id`, `type_name`, `gc_parent_id`, `gc_sort`, `gc_title`, `gc_keywords`, `gc_description`) VALUES
(1, '服饰鞋帽', 0, '', 0, 1, '', '', ''),
(2, '礼品箱包', 0, '', 0, 2, '', '', ''),
(3, '家居家装', 0, '', 0, 3, '', '', ''),
(4, '女装', 0, '', 1, 255, '', '', ''),
(5, '男装', 0, '', 1, 255, '', '', ''),
(6, '内衣', 0, '', 1, 255, '', '', ''),
(7, '运动', 0, '', 1, 255, '', '', ''),
(8, '女鞋', 0, '', 1, 255, '', '', ''),
(9, '男鞋', 0, '', 1, 255, '', '', ''),
(10, '配饰', 0, '', 1, 255, '', '', ''),
(11, '童装', 0, '', 1, 255, '', '', ''),
(12, 'T恤', 32, '服饰鞋帽/女装/T恤', 4, 255, '', '', ''),
(13, '衬衫', 33, '服饰鞋帽/女装/衬衫', 4, 255, '', '', ''),
(14, '针织衫', 34, '服饰鞋/女装/针织衫', 4, 255, '', '', ''),
(15, '雪纺衫', 35, '服饰鞋帽/女装/雪纺衫', 4, 255, '', '', ''),
(16, '卫衣', 36, '服饰鞋帽/女装/卫衣', 4, 255, '', '', ''),
(17, '马甲', 0, '', 4, 255, '', '', ''),
(18, '连衣裙', 35, '服饰鞋帽/女装/雪纺衫', 4, 255, '', '', ''),
(19, '半身裙', 34, '服饰鞋/女装/针织衫', 4, 255, '', '', ''),
(20, '牛仔裤', 0, '', 4, 255, '', '', ''),
(21, '休闲裤', 0, '', 4, 255, '', '', ''),
(22, '打底裤', 0, '', 4, 255, '', '', ''),
(23, '正装裤', 0, '', 4, 255, '', '', ''),
(24, '西服', 0, '', 4, 255, '', '', ''),
(25, '短外套', 35, '服饰鞋帽/女装/雪纺衫', 4, 255, '', '', ''),
(26, '风衣', 0, '', 4, 255, '', '', ''),
(27, '大衣', 0, '', 4, 255, '', '', ''),
(28, '皮衣皮草', 0, '', 4, 255, '', '', ''),
(29, '棉服', 0, '', 4, 255, '', '', ''),
(30, '羽绒服', 0, '', 4, 255, '', '', ''),
(31, '孕妇装', 0, '', 4, 255, '', '', ''),
(32, '大码装', 0, '', 4, 255, '', '', ''),
(33, '中老年装', 0, '', 4, 255, '', '', ''),
(34, '婚纱礼服', 32, '服饰鞋帽/女装/T恤', 4, 255, '', '', ''),
(35, '衬衫', 0, '', 5, 255, '', '', ''),
(36, 'T恤', 51, '男士T恤', 5, 255, '', '', ''),
(37, 'POLO衫', 51, '男士T恤', 5, 255, '', '', ''),
(38, '针织衫', 0, '', 5, 255, '', '', ''),
(39, '羊绒衫', 0, '', 5, 255, '', '', ''),
(40, '卫衣', 0, '', 5, 255, '', '', ''),
(41, '马甲／背心', 0, '', 5, 255, '', '', ''),
(42, '夹克', 0, '', 5, 255, '', '', ''),
(43, '风衣', 0, '', 5, 255, '', '', ''),
(44, '大衣', 0, '', 5, 255, '', '', ''),
(45, '皮衣', 0, '', 5, 255, '', '', ''),
(46, '外套', 0, '', 5, 255, '', '', ''),
(47, '西服', 0, '', 5, 255, '', '', ''),
(48, '棉服', 0, '', 5, 255, '', '', ''),
(49, '羽绒服', 0, '', 5, 255, '', '', ''),
(50, '牛仔裤', 0, '', 5, 255, '', '', ''),
(51, '休闲裤', 0, '', 5, 255, '', '', ''),
(52, '西裤', 0, '', 5, 255, '', '', ''),
(53, '西服套装', 0, '', 5, 255, '', '', ''),
(54, '大码装', 0, '', 5, 255, '', '', ''),
(55, '中老年装', 0, '', 5, 255, '', '', ''),
(56, '唐装', 0, '', 5, 255, '', '', ''),
(57, '工装', 0, '', 5, 255, '', '', ''),
(58, '文胸', 38, '内衣', 6, 255, '', '', ''),
(59, '女式内裤', 39, '女士内裤', 6, 255, '', '', ''),
(60, '男式内裤', 39, '女士内裤', 6, 255, '', '', ''),
(61, '家居', 0, '', 6, 255, '', '', ''),
(62, '睡衣', 0, '', 6, 255, '', '', ''),
(63, '塑身衣', 0, '', 6, 255, '', '', ''),
(64, '睡袍／浴袍', 0, '', 6, 255, '', '', ''),
(65, '泳衣', 0, '', 6, 255, '', '', ''),
(66, '背心', 0, '', 6, 255, '', '', ''),
(67, '抹胸', 0, '', 6, 255, '', '', ''),
(68, '连裤袜', 0, '', 6, 255, '', '', ''),
(69, '美腿袜', 0, '', 6, 255, '', '', ''),
(70, '男袜', 0, '', 6, 255, '', '', ''),
(71, '女袜', 0, '', 6, 255, '', '', ''),
(72, '情趣内衣', 0, '', 6, 255, '', '', ''),
(73, '保暖内衣', 0, '', 6, 255, '', '', ''),
(74, '休闲鞋', 0, '', 7, 255, '', '', ''),
(75, '帆布鞋', 0, '', 7, 255, '', '', ''),
(76, '跑步鞋', 0, '', 7, 255, '', '', ''),
(77, '篮球鞋', 0, '', 7, 255, '', '', ''),
(78, '足球鞋', 0, '', 7, 255, '', '', ''),
(79, '训练鞋', 0, '', 7, 255, '', '', ''),
(80, '乒羽鞋', 0, '', 7, 255, '', '', ''),
(81, '拖鞋', 0, '', 7, 255, '', '', ''),
(82, '卫衣', 0, '', 7, 255, '', '', ''),
(83, '夹克', 0, '', 7, 255, '', '', ''),
(84, 'T恤', 0, '', 7, 255, '', '', ''),
(85, '棉服／羽绒服', 0, '', 7, 255, '', '', ''),
(86, '运动裤', 0, '', 7, 255, '', '', ''),
(87, '套装', 0, '', 7, 255, '', '', ''),
(88, '运动包', 0, '', 7, 255, '', '', ''),
(89, '运动配件', 0, '', 7, 255, '', '', ''),
(90, '平底鞋', 0, '', 8, 255, '', '', ''),
(91, '高跟鞋', 0, '', 8, 255, '', '', ''),
(92, '单鞋', 0, '', 8, 255, '', '', ''),
(93, '休闲鞋', 0, '', 8, 255, '', '', ''),
(94, '凉鞋', 0, '', 8, 255, '', '', ''),
(95, '女靴', 0, '', 8, 255, '', '', ''),
(96, '雪地靴', 0, '', 8, 255, '', '', ''),
(97, '拖鞋', 0, '', 8, 255, '', '', ''),
(98, '裸靴', 0, '', 8, 255, '', '', ''),
(99, '筒靴', 0, '', 8, 255, '', '', ''),
(100, '帆布鞋', 0, '', 8, 255, '', '', ''),
(101, '雨鞋／雨靴', 0, '', 8, 255, '', '', ''),
(102, '妈妈鞋', 0, '', 8, 255, '', '', ''),
(103, '鞋配件', 0, '', 8, 255, '', '', ''),
(104, '特色鞋', 0, '', 8, 255, '', '', ''),
(105, '鱼嘴鞋', 0, '', 8, 255, '', '', ''),
(106, '布鞋／绣花鞋', 0, '', 8, 255, '', '', ''),
(107, '商务休闲鞋', 0, '', 9, 255, '', '', ''),
(108, '正装鞋', 0, '', 9, 255, '', '', ''),
(109, '休闲鞋', 0, '', 9, 255, '', '', ''),
(110, '凉鞋／沙滩鞋', 0, '', 9, 255, '', '', ''),
(111, '男靴', 0, '', 9, 255, '', '', ''),
(112, '功能鞋', 0, '', 9, 255, '', '', ''),
(113, '拖鞋', 0, '', 9, 255, '', '', ''),
(114, '传统布鞋', 0, '', 9, 255, '', '', ''),
(115, '鞋配件', 0, '', 9, 255, '', '', ''),
(116, '帆布鞋', 0, '', 9, 255, '', '', ''),
(117, '豆豆鞋', 0, '', 9, 255, '', '', ''),
(118, '驾车鞋', 0, '', 9, 255, '', '', ''),
(119, '太阳镜', 0, '', 10, 255, '', '', ''),
(120, '框镜', 0, '', 10, 255, '', '', ''),
(121, '皮带', 0, '', 10, 255, '', '', ''),
(122, '围巾', 0, '', 10, 255, '', '', ''),
(123, '手套', 0, '', 10, 255, '', '', ''),
(124, '帽子', 48, '女包', 10, 255, '', '', ''),
(125, '领带', 0, '', 10, 255, '', '', ''),
(126, '袖扣', 0, '', 10, 255, '', '', ''),
(127, '其他配件', 0, '', 10, 255, '', '', ''),
(128, '丝巾', 0, '', 10, 255, '', '', ''),
(129, '披肩', 0, '', 10, 255, '', '', ''),
(130, '腰带', 0, '', 10, 255, '', '', ''),
(131, '腰链／腰封', 0, '', 10, 255, '', '', ''),
(132, '棒球帽', 0, '', 10, 255, '', '', ''),
(133, '毛线', 0, '', 10, 255, '', '', ''),
(134, '遮阳帽', 0, '', 10, 255, '', '', ''),
(135, '防紫外线手套', 0, '', 10, 255, '', '', ''),
(136, '草帽', 0, '', 10, 255, '', '', ''),
(137, '套装', 0, '', 11, 255, '', '', ''),
(138, '上衣', 0, '', 11, 255, '', '', ''),
(139, '裤子', 0, '', 11, 255, '', '', ''),
(140, '裙子', 0, '', 11, 255, '', '', ''),
(141, '内衣／家居服', 0, '', 11, 255, '', '', ''),
(142, '羽绒服／棉服', 0, '', 11, 255, '', '', ''),
(143, '亲子装', 0, '', 11, 255, '', '', ''),
(144, '儿童配饰', 0, '', 11, 255, '', '', ''),
(145, '礼服／演出服', 0, '', 11, 255, '', '', ''),
(146, '运动鞋', 0, '', 11, 255, '', '', ''),
(147, '单鞋', 0, '', 11, 255, '', '', ''),
(148, '靴子', 0, '', 11, 255, '', '', ''),
(149, '凉鞋', 0, '', 11, 255, '', '', ''),
(150, '功能鞋', 0, '', 11, 255, '', '', ''),
(151, '潮流女包', 0, '', 2, 255, '', '', ''),
(152, '时尚男包', 0, '', 2, 255, '', '', ''),
(153, '功能箱包', 0, '', 2, 255, '', '', ''),
(154, '礼品', 0, '', 2, 255, '', '', ''),
(155, '奢侈品', 0, '', 2, 255, '', '', ''),
(156, '钱包/卡包', 0, '', 151, 255, '', '', ''),
(157, '手拿包', 0, '', 151, 255, '', '', ''),
(158, '单肩包', 0, '', 151, 255, '', '', ''),
(159, '双肩包', 0, '', 151, 255, '', '', ''),
(160, '手提包', 0, '', 151, 255, '', '', ''),
(161, '斜挎包', 0, '', 151, 255, '', '', ''),
(162, '钱包/卡包', 0, '', 152, 255, '', '', ''),
(163, '男士手包', 0, '', 152, 255, '', '', ''),
(164, '腰带／礼盒', 0, '', 152, 255, '', '', ''),
(165, '商务公文包', 0, '', 152, 255, '', '', ''),
(166, '电脑数码包', 0, '', 153, 255, '', '', ''),
(167, '拉杆箱', 0, '', 153, 255, '', '', ''),
(168, '旅行包', 0, '', 153, 255, '', '', ''),
(169, '旅行配件', 0, '', 153, 255, '', '', ''),
(170, '休闲运动包', 0, '', 153, 255, '', '', ''),
(171, '登山包', 0, '', 153, 255, '', '', ''),
(172, '妈咪包', 0, '', 153, 255, '', '', ''),
(173, '书包', 0, '', 153, 255, '', '', ''),
(174, '火机烟具', 0, '', 154, 255, '', '', ''),
(175, '礼品文具', 0, '', 154, 255, '', '', ''),
(176, '瑞士军刀', 0, '', 154, 255, '', '', ''),
(177, '收藏品', 0, '', 154, 255, '', '', ''),
(178, '工艺礼品', 0, '', 154, 255, '', '', ''),
(179, '创意礼品', 0, '', 154, 255, '', '', ''),
(180, '礼卡礼卷', 0, '', 154, 255, '', '', ''),
(181, '鲜花速递', 0, '', 154, 255, '', '', ''),
(182, '婚庆用品', 0, '', 154, 255, '', '', ''),
(184, '奢侈品箱包', 0, '', 155, 255, '', '', ''),
(185, '钱包', 0, '', 155, 255, '', '', ''),
(186, '服饰', 0, '', 155, 255, '', '', ''),
(187, '腰带', 0, '', 155, 255, '', '', ''),
(188, '太阳镜眼镜', 0, '', 155, 255, '', '', ''),
(189, '配件', 0, '', 155, 255, '', '', ''),
(190, 'GUCCI', 0, '', 155, 255, '', '', ''),
(191, 'PRADA', 0, '', 155, 255, '', '', ''),
(192, 'FENDI', 0, '', 155, 255, '', '', ''),
(193, 'BURBERRY', 0, '', 155, 255, '', '', ''),
(194, 'MONTBLANC', 0, '', 155, 255, '', '', ''),
(195, 'ARMANI', 0, '', 155, 255, '', '', ''),
(196, 'RIMOWA', 0, '', 155, 255, '', '', ''),
(197, 'RAY-BAN', 0, '', 155, 255, '', '', ''),
(198, 'COACH', 0, '', 155, 255, '', '', ''),
(199, '更多品牌', 0, '', 155, 255, '', '', ''),
(200, '家纺布艺', 0, '', 3, 255, '', '', ''),
(201, '灯饰照明', 0, '', 3, 255, '', '', ''),
(202, '生活日用', 0, '', 3, 255, '', '', ''),
(203, '家装软饰', 0, '', 3, 255, '', '', ''),
(204, '清洁日用', 0, '', 3, 255, '', '', ''),
(205, '宠物生活', 0, '', 3, 255, '', '', ''),
(206, '床品件套', 0, '', 200, 255, '', '', ''),
(207, '被子', 0, '', 200, 255, '', '', ''),
(208, '枕芯枕套', 0, '', 200, 255, '', '', ''),
(209, '床单被罩', 0, '', 200, 255, '', '', ''),
(210, '毛巾被/毯', 0, '', 200, 255, '', '', ''),
(211, '床垫/床褥', 0, '', 200, 255, '', '', ''),
(212, '蚊帐/凉席', 0, '', 200, 255, '', '', ''),
(213, '抱枕坐垫', 0, '', 200, 255, '', '', ''),
(214, '毛巾家纺', 0, '', 200, 255, '', '', ''),
(215, '电热毯', 0, '', 200, 255, '', '', ''),
(216, '窗帘/窗纱', 0, '', 200, 255, '', '', ''),
(217, '酒店用品', 0, '', 200, 255, '', '', ''),
(218, '台灯', 0, '', 201, 255, '', '', ''),
(219, '节能灯', 0, '', 201, 255, '', '', ''),
(220, '装饰灯', 0, '', 201, 255, '', '', ''),
(221, '落地灯', 0, '', 201, 255, '', '', ''),
(222, '应急灯/手电', 0, '', 201, 255, '', '', ''),
(223, 'LED灯', 0, '', 201, 255, '', '', ''),
(224, '吸顶灯', 0, '', 201, 255, '', '', ''),
(225, '五金电器', 0, '', 201, 255, '', '', ''),
(226, '吊灯', 0, '', 201, 255, '', '', ''),
(227, '氛围照明', 0, '', 201, 255, '', '', ''),
(228, '收纳用品', 0, '', 202, 255, '', '', ''),
(229, '雨伞雨具', 0, '', 202, 255, '', '', ''),
(230, '浴室用品', 0, '', 202, 255, '', '', ''),
(231, '缝纫用品', 0, '', 202, 255, '', '', ''),
(232, '洗晒用品', 0, '', 202, 255, '', '', ''),
(233, '净化除味', 0, '', 202, 255, '', '', ''),
(234, '桌布/罩件', 0, '', 203, 255, '', '', ''),
(235, '地毯地垫', 0, '', 203, 255, '', '', ''),
(236, '沙发垫套', 0, '', 203, 255, '', '', ''),
(237, '相框/相片墙', 0, '', 203, 255, '', '', ''),
(238, '墙画墙贴', 0, '', 203, 255, '', '', ''),
(239, '节庆饰品', 0, '', 203, 255, '', '', ''),
(240, '手工/十字绣', 0, '', 203, 255, '', '', ''),
(241, '工艺摆件', 0, '', 203, 255, '', '', ''),
(242, '其他', 0, '', 203, 255, '', '', ''),
(243, '纸品湿巾', 0, '', 204, 255, '', '', ''),
(244, '衣物清洁', 0, '', 204, 255, '', '', ''),
(245, '清洁工具', 0, '', 204, 255, '', '', ''),
(246, '驱虫用品', 0, '', 204, 255, '', '', ''),
(247, '居室清洁', 0, '', 204, 255, '', '', ''),
(248, '皮具护理', 0, '', 204, 255, '', '', ''),
(249, '宠物主粮', 0, '', 205, 255, '', '', ''),
(250, '宠物零食', 0, '', 205, 255, '', '', ''),
(251, '营养品', 0, '', 205, 255, '', '', ''),
(252, '家居日用', 0, '', 205, 255, '', '', ''),
(253, '玩具服饰', 0, '', 205, 255, '', '', ''),
(254, '出行装备', 0, '', 205, 255, '', '', ''),
(255, '医护美容', 0, '', 205, 255, '', '', ''),
(256, '数码办公', 0, '', 0, 4, '', '', ''),
(258, '手机配件', 0, '', 256, 2, '', '', ''),
(259, '摄影摄像', 0, '', 256, 255, '', '', ''),
(260, '数码配件', 0, '', 256, 255, '', '', ''),
(261, '时尚影音', 0, '', 256, 255, '', '', ''),
(262, '手机', 0, '', 257, 255, '', '', ''),
(263, '对讲机', 0, '', 257, 255, '', '', ''),
(264, '手机电池', 0, '', 258, 255, '', '', ''),
(265, '蓝牙耳机', 0, '', 258, 255, '', '', ''),
(266, '充电器/数据线', 0, '', 258, 255, '', '', ''),
(267, '手机耳机', 0, '', 258, 255, '', '', ''),
(268, '手机贴膜', 0, '', 258, 255, '', '', ''),
(269, '手机存储卡', 49, '存储卡', 258, 255, '', '', ''),
(270, '手机保护套', 0, '', 258, 255, '', '', ''),
(271, '车载配件', 0, '', 258, 255, '', '', ''),
(272, 'iPhone 配件', 0, '', 258, 255, '', '', ''),
(273, '创意配件', 0, '', 258, 255, '', '', ''),
(274, '便携/无线音响', 0, '', 258, 255, '', '', ''),
(275, '手机饰品', 0, '', 258, 255, '', '', ''),
(276, '数码相机', 0, '', 259, 255, '', '', ''),
(277, '单电/微单相机', 0, '', 259, 255, '', '', ''),
(278, '单反相机', 0, '', 259, 255, '', '', ''),
(279, '摄像机', 0, '', 259, 255, '', '', ''),
(280, '拍立得', 0, '', 259, 255, '', '', ''),
(281, '镜头', 0, '', 259, 255, '', '', ''),
(282, '存储卡', 0, '', 260, 255, '', '', ''),
(283, '读卡器', 0, '', 260, 255, '', '', ''),
(284, '滤镜', 0, '', 260, 255, '', '', ''),
(285, '闪光灯/手柄', 0, '', 260, 255, '', '', ''),
(286, '相机包', 0, '', 260, 255, '', '', ''),
(287, '三脚架/云台', 0, '', 260, 255, '', '', ''),
(288, '相机清洁', 0, '', 260, 255, '', '', ''),
(289, '相机贴膜', 0, '', 260, 255, '', '', ''),
(290, '机身附件', 0, '', 260, 255, '', '', ''),
(291, '镜头附件', 0, '', 260, 255, '', '', ''),
(292, '电池/充电器', 0, '', 260, 255, '', '', ''),
(293, '移动电源', 0, '', 260, 255, '', '', ''),
(294, 'MP3/MP4', 0, '', 261, 255, '', '', ''),
(295, '智能设备', 0, '', 261, 255, '', '', ''),
(296, '耳机/耳麦', 0, '', 261, 255, '', '', ''),
(297, '音箱', 0, '', 261, 255, '', '', ''),
(298, '高清播放器', 0, '', 261, 255, '', '', ''),
(299, '电子书', 0, '', 261, 255, '', '', ''),
(300, '电子词典', 0, '', 261, 255, '', '', ''),
(301, 'MP3/MP4配件', 0, '', 261, 255, '', '', ''),
(302, '录音笔', 0, '', 261, 255, '', '', ''),
(303, '麦克风', 0, '', 261, 255, '', '', ''),
(304, '专业音频', 0, '', 261, 255, '', '', ''),
(305, '电子教育', 0, '', 261, 255, '', '', ''),
(306, '数码相框', 0, '', 261, 255, '', '', ''),
(307, '苹果配件', 0, '', 261, 255, '', '', ''),
(308, '家用电器', 0, '', 0, 5, '', '', ''),
(309, '大家电', 0, '', 308, 255, '', '', ''),
(310, '生活电器', 39, '家用电器/生活电器/净水设备', 308, 255, '', '', ''),
(311, '厨房电器', 0, '', 308, 255, '', '', ''),
(312, '个护健康', 0, '', 308, 255, '', '', ''),
(313, '五金家装', 0, '', 308, 255, '', '', ''),
(314, '平板电视', 0, '', 309, 255, '', '', ''),
(315, '空调', 0, '', 309, 255, '', '', ''),
(316, '冰箱', 0, '', 309, 255, '', '', ''),
(317, '洗衣机', 0, '', 309, 255, '', '', ''),
(318, '家庭影院', 0, '', 309, 255, '', '', ''),
(319, 'DVD播放机', 0, '', 309, 255, '', '', ''),
(320, '迷你音响', 0, '', 309, 255, '', '', ''),
(321, '烟机/灶具', 0, '', 309, 255, '', '', ''),
(322, '热水器', 0, '', 309, 255, '', '', ''),
(323, '消毒柜/洗碗机', 0, '', 309, 255, '', '', ''),
(324, '酒柜/冰吧/冷柜', 0, '', 309, 255, '', '', ''),
(325, '家电配件', 0, '', 309, 255, '', '', ''),
(326, '净化器', 39, '家用电器/生活电器/净水设备', 310, 255, '', '', ''),
(327, '电风扇', 39, '家用电器/生活电器/净水设备', 310, 255, '', '', ''),
(328, '吸尘器', 39, '家用电器/生活电器/净水设备', 310, 255, '', '', ''),
(329, '加湿器', 39, '家用电器/生活电器/净水设备', 310, 255, '', '', ''),
(330, '净水设备', 39, '家用电器/生活电器/净水设备', 310, 255, '', '', ''),
(331, '饮水机', 39, '家用电器/生活电器/净水设备', 310, 255, '', '', ''),
(332, '冷风扇', 39, '家用电器/生活电器/净水设备', 310, 255, '', '', ''),
(333, '挂烫机/熨斗', 39, '家用电器/生活电器/净水设备', 310, 255, '', '', ''),
(334, '电话机', 39, '家用电器/生活电器/净水设备', 310, 255, '', '', ''),
(335, '插座', 39, '家用电器/生活电器/净水设备', 310, 255, '', '', ''),
(336, '收录/音机', 39, '家用电器/生活电器/净水设备', 310, 255, '', '', ''),
(337, '除湿/干衣机', 39, '家用电器/生活电器/净水设备', 310, 255, '', '', ''),
(338, '清洁机', 39, '家用电器/生活电器/净水设备', 310, 255, '', '', ''),
(339, '取暖电器', 39, '家用电器/生活电器/净水设备', 310, 255, '', '', ''),
(340, '其它生活电器', 39, '家用电器/生活电器/净水设备', 310, 255, '', '', ''),
(341, '料理/榨汁机', 0, '', 311, 255, '', '', ''),
(342, '豆浆机', 0, '', 311, 255, '', '', ''),
(343, '电饭煲', 0, '', 311, 255, '', '', ''),
(344, '电压力锅', 0, '', 311, 255, '', '', ''),
(345, '面包机', 0, '', 311, 255, '', '', ''),
(346, '咖啡机', 0, '', 311, 255, '', '', ''),
(347, '微波炉', 0, '', 311, 255, '', '', ''),
(348, '电烤箱', 0, '', 311, 255, '', '', ''),
(349, '电磁炉', 0, '', 311, 255, '', '', ''),
(350, '电饼铛/烧烤盘', 0, '', 311, 255, '', '', ''),
(351, '煮蛋器', 0, '', 311, 255, '', '', ''),
(352, '酸奶机', 0, '', 311, 255, '', '', ''),
(353, '电炖锅', 0, '', 311, 255, '', '', ''),
(354, '电水壶/热水瓶', 0, '', 311, 255, '', '', ''),
(355, '多用途锅', 0, '', 311, 255, '', '', ''),
(356, '果蔬解毒机', 0, '', 311, 255, '', '', ''),
(357, '其它厨房电器', 0, '', 311, 255, '', '', ''),
(358, '剃须刀', 0, '', 312, 255, '', '', ''),
(359, '剃/脱毛器', 0, '', 312, 255, '', '', ''),
(360, '口腔护理', 0, '', 312, 255, '', '', ''),
(361, '电吹风', 0, '', 312, 255, '', '', ''),
(362, '美容器', 0, '', 312, 255, '', '', ''),
(363, '美发器', 0, '', 312, 255, '', '', ''),
(364, '按摩椅', 0, '', 312, 255, '', '', ''),
(365, '按摩器', 0, '', 312, 255, '', '', ''),
(366, '足浴盆', 0, '', 312, 255, '', '', ''),
(367, '血压计', 0, '', 312, 255, '', '', ''),
(368, '健康秤/厨房秤', 0, '', 312, 255, '', '', ''),
(369, '血糖仪', 0, '', 312, 255, '', '', ''),
(370, '体温计', 0, '', 312, 255, '', '', ''),
(371, '计步器/脂肪检测仪', 0, '', 312, 255, '', '', ''),
(372, '其它健康电器', 0, '', 312, 255, '', '', ''),
(373, '电动工具', 0, '', 313, 255, '', '', ''),
(374, '手动工具', 0, '', 313, 255, '', '', ''),
(375, '仪器仪表', 0, '', 313, 255, '', '', ''),
(376, '浴霸/排气扇', 0, '', 313, 255, '', '', ''),
(377, '灯具', 0, '', 313, 255, '', '', ''),
(378, 'LED灯', 0, '', 313, 255, '', '', ''),
(379, '洁身器', 0, '', 313, 255, '', '', ''),
(380, '水槽', 0, '', 313, 255, '', '', ''),
(381, '龙头', 0, '', 313, 255, '', '', ''),
(382, '淋浴花洒', 0, '', 313, 255, '', '', ''),
(383, '厨卫五金', 0, '', 313, 255, '', '', ''),
(384, '家具五金', 0, '', 313, 255, '', '', ''),
(385, '门铃', 0, '', 313, 255, '', '', ''),
(386, '电气开关', 0, '', 313, 255, '', '', ''),
(387, '插座', 0, '', 313, 255, '', '', ''),
(388, '电工电料', 0, '', 313, 255, '', '', ''),
(389, '监控安防', 0, '', 313, 255, '', '', ''),
(390, '电脑整机', 0, '', 256, 255, '', '', ''),
(391, '电脑配件', 0, '', 256, 255, '', '', ''),
(392, '外设产品', 0, '', 256, 255, '', '', ''),
(393, '网络产品', 0, '', 256, 255, '', '', ''),
(394, '办公打印', 0, '', 256, 255, '', '', ''),
(395, '办公文仪', 0, '', 256, 255, '', '', ''),
(398, '笔记本', 0, '', 390, 255, '', '', ''),
(399, '超极本', 0, '', 390, 255, '', '', ''),
(400, '游戏本', 0, '', 390, 255, '', '', ''),
(401, '平板电脑', 0, '', 390, 255, '', '', ''),
(402, '平板电脑配件', 0, '', 390, 255, '', '', ''),
(403, '台式机', 0, '', 390, 255, '', '', ''),
(404, '服务器', 0, '', 390, 255, '', '', ''),
(405, '笔记本配件', 0, '', 390, 255, '', '', ''),
(406, 'CPU', 0, '', 391, 255, '', '', ''),
(407, '主板', 0, '', 391, 255, '', '', ''),
(408, '显卡', 0, '', 391, 255, '', '', ''),
(409, '硬盘', 0, '', 391, 255, '', '', ''),
(410, 'SSD固态硬盘', 0, '', 391, 255, '', '', ''),
(411, '内存', 0, '', 391, 255, '', '', ''),
(412, '机箱', 0, '', 391, 255, '', '', ''),
(413, '电源', 0, '', 391, 255, '', '', ''),
(414, '显示器', 0, '', 391, 255, '', '', ''),
(415, '刻录机/光驱', 0, '', 391, 255, '', '', ''),
(416, '散热器', 0, '', 391, 255, '', '', ''),
(417, '声卡/扩展卡', 0, '', 391, 255, '', '', ''),
(418, '装机配件', 0, '', 391, 255, '', '', ''),
(419, '鼠标', 0, '', 392, 255, '', '', ''),
(420, '键盘', 0, '', 392, 255, '', '', ''),
(421, '移动硬盘', 0, '', 392, 255, '', '', ''),
(422, 'U盘', 0, '', 392, 255, '', '', ''),
(423, '摄像头', 0, '', 392, 255, '', '', ''),
(424, '外置盒', 0, '', 392, 255, '', '', ''),
(425, '游戏设备', 0, '', 392, 255, '', '', ''),
(426, '电视盒', 0, '', 392, 255, '', '', ''),
(427, '手写板', 0, '', 392, 255, '', '', ''),
(428, '鼠标垫', 0, '', 392, 255, '', '', ''),
(429, '插座', 0, '', 392, 255, '', '', ''),
(430, 'UPS电源', 0, '', 392, 255, '', '', ''),
(431, '线缆', 0, '', 392, 255, '', '', ''),
(432, '电脑工具', 0, '', 392, 255, '', '', ''),
(433, '电脑清洁', 0, '', 392, 255, '', '', ''),
(434, '路由器', 0, '', 393, 255, '', '', ''),
(435, '网卡', 0, '', 393, 255, '', '', ''),
(436, '交换机', 0, '', 393, 255, '', '', ''),
(437, '网络存储', 0, '', 393, 255, '', '', ''),
(438, '3G上网', 0, '', 393, 255, '', '', ''),
(439, '网络盒子', 0, '', 393, 255, '', '', ''),
(440, '打印机', 0, '', 394, 255, '', '', ''),
(441, '一体机', 0, '', 394, 255, '', '', ''),
(442, '投影机', 0, '', 394, 255, '', '', ''),
(443, '投影配件', 0, '', 394, 255, '', '', ''),
(444, '传真机', 0, '', 394, 255, '', '', ''),
(445, '复合机', 0, '', 394, 255, '', '', ''),
(446, '碎纸机', 0, '', 394, 255, '', '', ''),
(447, '扫描仪', 0, '', 394, 255, '', '', ''),
(448, '墨盒', 0, '', 394, 255, '', '', ''),
(449, '硒鼓', 0, '', 394, 255, '', '', ''),
(450, '墨粉', 0, '', 394, 255, '', '', ''),
(451, '色带', 0, '', 394, 255, '', '', ''),
(452, '办公文具', 0, '', 395, 255, '', '', ''),
(453, '文件管理', 0, '', 395, 255, '', '', ''),
(454, '笔类', 0, '', 395, 255, '', '', ''),
(455, '纸类', 0, '', 395, 255, '', '', ''),
(456, '本册/便签', 0, '', 395, 255, '', '', ''),
(457, '学生文具', 0, '', 395, 255, '', '', ''),
(458, '财务用品', 0, '', 395, 255, '', '', ''),
(459, '计算器', 0, '', 395, 255, '', '', ''),
(460, '激光笔', 0, '', 395, 255, '', '', ''),
(461, '白板/封装', 0, '', 395, 255, '', '', ''),
(462, '考勤机', 0, '', 395, 255, '', '', ''),
(463, '刻录碟片/附件', 0, '', 395, 255, '', '', ''),
(464, '点钞机', 0, '', 395, 255, '', '', ''),
(465, '支付设备/POS机', 0, '', 395, 255, '', '', ''),
(466, '安防监控', 0, '', 395, 255, '', '', ''),
(467, '呼叫/会议设备', 0, '', 395, 255, '', '', ''),
(468, '保险柜', 0, '', 395, 255, '', '', ''),
(469, '办公家具', 0, '', 395, 255, '', '', ''),
(470, '个护化妆', 0, '', 0, 6, '', '', ''),
(471, '面部护理', 0, '', 470, 255, '', '', ''),
(472, '身体护理', 0, '', 470, 255, '', '', ''),
(473, '口腔护理', 0, '', 470, 255, '', '', ''),
(474, '女性护理', 0, '', 470, 255, '', '', ''),
(475, '男士护理', 0, '', 470, 255, '', '', ''),
(476, '魅力彩妆', 0, '', 470, 255, '', '', ''),
(477, '香水SPA', 0, '', 470, 255, '', '', ''),
(478, '洁面乳', 0, '', 471, 255, '', '', ''),
(479, '爽肤水', 0, '', 471, 255, '', '', ''),
(480, '精华露', 0, '', 471, 255, '', '', ''),
(481, '乳液面霜', 0, '', 471, 255, '', '', ''),
(482, '面膜面贴', 0, '', 471, 255, '', '', ''),
(483, '眼部护理', 0, '', 471, 255, '', '', ''),
(484, '颈部护理', 0, '', 471, 255, '', '', ''),
(485, 'T区护理', 0, '', 471, 255, '', '', ''),
(486, '护肤套装', 0, '', 471, 255, '', '', ''),
(487, '防晒隔离', 0, '', 471, 255, '', '', ''),
(488, '洗发护发', 0, '', 472, 255, '', '', ''),
(489, '染发/造型', 0, '', 472, 255, '', '', ''),
(490, '沐浴', 0, '', 472, 255, '', '', ''),
(491, '磨砂/浴盐', 0, '', 472, 255, '', '', ''),
(492, '身体乳', 0, '', 472, 255, '', '', ''),
(493, '手工/香皂', 0, '', 472, 255, '', '', ''),
(494, '香薰精油', 0, '', 472, 255, '', '', ''),
(495, '纤体瘦身', 0, '', 472, 255, '', '', ''),
(496, '脱毛膏', 0, '', 472, 255, '', '', ''),
(497, '手足护理', 0, '', 472, 255, '', '', ''),
(498, '洗护套装', 0, '', 472, 255, '', '', ''),
(499, '牙膏/牙粉', 0, '', 473, 255, '', '', ''),
(500, '牙刷/牙线', 0, '', 473, 255, '', '', ''),
(501, '漱口水', 0, '', 473, 255, '', '', ''),
(502, '卫生巾', 0, '', 474, 255, '', '', ''),
(503, '卫生护垫', 0, '', 474, 255, '', '', ''),
(504, '洗液', 0, '', 474, 255, '', '', ''),
(505, '美容食品', 0, '', 474, 255, '', '', ''),
(506, '其他', 0, '', 474, 255, '', '', ''),
(507, '脸部护理', 0, '', 475, 255, '', '', ''),
(508, '眼部护理', 0, '', 475, 255, '', '', ''),
(509, '身体护理', 0, '', 475, 255, '', '', ''),
(510, '男士香水', 0, '', 475, 255, '', '', ''),
(511, '剃须护理', 0, '', 475, 255, '', '', ''),
(512, '防脱洗护', 0, '', 475, 255, '', '', ''),
(513, '男士唇膏', 0, '', 475, 255, '', '', ''),
(514, '粉底/遮瑕', 0, '', 476, 255, '', '', ''),
(515, '腮红', 0, '', 476, 255, '', '', ''),
(516, '眼影/眼线', 0, '', 476, 255, '', '', ''),
(517, '眉笔', 0, '', 476, 255, '', '', ''),
(518, '睫毛膏', 0, '', 476, 255, '', '', ''),
(519, '唇膏唇彩', 0, '', 476, 255, '', '', ''),
(520, '彩妆组合', 0, '', 476, 255, '', '', ''),
(521, '卸妆', 0, '', 476, 255, '', '', ''),
(522, '美甲', 0, '', 476, 255, '', '', ''),
(523, '彩妆工具', 0, '', 476, 255, '', '', ''),
(524, '假发', 0, '', 476, 255, '', '', ''),
(525, '女士香水', 0, '', 477, 255, '', '', ''),
(526, '男士香水', 0, '', 477, 255, '', '', ''),
(527, '组合套装', 0, '', 477, 255, '', '', ''),
(528, '迷你香水', 0, '', 477, 255, '', '', ''),
(529, '香体走珠', 0, '', 477, 255, '', '', ''),
(593, '食品饮料', 40, '食品饮料/饮料冲调', 0, 8, '', '', ''),
(594, '进口食品', 40, '食品饮料/饮料冲调', 593, 10, '', '', ''),
(595, '地方特产', 40, '食品饮料/饮料冲调', 593, 2, '', '', ''),
(596, '休闲食品', 40, '食品饮料/饮料冲调', 593, 3, '', '', ''),
(597, '粮油调味', 40, '食品饮料/饮料冲调', 593, 4, '', '', ''),
(598, '中外名酒', 40, '食品饮料/饮料冲调', 593, 5, '', '', ''),
(599, '饮料冲调', 40, '食品饮料/饮料冲调', 593, 6, '', '', ''),
(602, '健康礼品', 40, '食品饮料/饮料冲调', 593, 9, '', '', ''),
(603, '生鲜食品', 40, '食品饮料/饮料冲调', 593, 1, '', '', ''),
(604, '饼干蛋糕', 40, '食品饮料/饮料冲调', 594, 255, '', '', ''),
(605, '糖果巧克力', 40, '食品饮料/饮料冲调', 594, 255, '', '', ''),
(606, '休闲零食', 40, '食品饮料/饮料冲调', 594, 255, '', '', ''),
(607, '冲调饮品', 40, '食品饮料/饮料冲调', 594, 255, '', '', ''),
(608, '粮油调味', 40, '食品饮料/饮料冲调', 594, 255, '', '', ''),
(609, '华北', 40, '食品饮料/饮料冲调', 595, 255, '', '', ''),
(610, '西北', 40, '食品饮料/饮料冲调', 595, 255, '', '', ''),
(611, '西南', 40, '食品饮料/饮料冲调', 595, 255, '', '', ''),
(612, '东北', 40, '食品饮料/饮料冲调', 595, 255, '', '', ''),
(613, '华南', 40, '食品饮料/饮料冲调', 595, 255, '', '', ''),
(614, '华东', 40, '食品饮料/饮料冲调', 595, 255, '', '', ''),
(615, '华中', 40, '食品饮料/饮料冲调', 595, 255, '', '', ''),
(616, '休闲零食', 40, '食品饮料/饮料冲调', 596, 255, '', '', ''),
(617, '坚果炒货', 40, '食品饮料/饮料冲调', 596, 255, '', '', ''),
(618, '肉干肉松', 40, '食品饮料/饮料冲调', 596, 255, '', '', ''),
(619, '蜜饯果脯', 40, '食品饮料/饮料冲调', 596, 255, '', '', ''),
(620, '糖果/巧克力', 40, '食品饮料/饮料冲调', 596, 255, '', '', ''),
(621, '饼干蛋糕', 40, '食品饮料/饮料冲调', 596, 255, '', '', ''),
(622, '米面杂粮', 40, '食品饮料/饮料冲调', 597, 255, '', '', ''),
(623, '食用油', 40, '食品饮料/饮料冲调', 597, 255, '', '', ''),
(624, '调味品', 40, '食品饮料/饮料冲调', 597, 255, '', '', ''),
(625, '南北干货', 40, '食品饮料/饮料冲调', 597, 255, '', '', ''),
(626, '方便食品', 40, '食品饮料/饮料冲调', 597, 255, '', '', ''),
(627, '有机食品', 40, '食品饮料/饮料冲调', 597, 255, '', '', ''),
(628, '白酒', 40, '食品饮料/饮料冲调', 598, 255, '', '', ''),
(629, '洋酒', 40, '食品饮料/饮料冲调', 598, 255, '', '', ''),
(630, '葡萄酒', 40, '食品饮料/饮料冲调', 598, 255, '', '', ''),
(631, '啤酒', 40, '食品饮料/饮料冲调', 598, 255, '', '', ''),
(632, '黄酒', 40, '食品饮料/饮料冲调', 598, 255, '', '', ''),
(633, '水', 40, '食品饮料/饮料冲调', 599, 255, '', '', ''),
(634, '饮料', 40, '食品饮料/饮料冲调', 599, 255, '', '', ''),
(635, '牛奶', 40, '食品饮料/饮料冲调', 599, 255, '', '', ''),
(636, '茶叶', 40, '食品饮料/饮料冲调', 599, 255, '', '', ''),
(637, '咖啡/奶茶', 40, '食品饮料/饮料冲调', 599, 255, '', '', ''),
(638, '冲饮谷物', 40, '食品饮料/饮料冲调', 599, 255, '', '', ''),
(652, '参茸礼品', 40, '食品饮料/饮料冲调', 602, 255, '', '', ''),
(653, '更多礼品', 40, '食品饮料/饮料冲调', 602, 255, '', '', ''),
(654, '水果', 40, '食品饮料/饮料冲调', 603, 255, '', '', ''),
(655, '蔬菜', 40, '食品饮料/饮料冲调', 603, 255, '', '', ''),
(656, '海鲜水产', 40, '食品饮料/饮料冲调', 603, 255, '', '', ''),
(657, '禽蛋', 40, '食品饮料/饮料冲调', 603, 255, '', '', ''),
(658, '鲜肉', 40, '食品饮料/饮料冲调', 603, 255, '', '', ''),
(659, '加工类肉食', 40, '食品饮料/饮料冲调', 603, 255, '', '', ''),
(660, '冻品', 40, '食品饮料/饮料冲调', 603, 255, '', '', ''),
(661, '半成品', 40, '食品饮料/饮料冲调', 603, 255, '', '', ''),
(662, '运动户外', 0, '', 0, 9, '', '', ''),
(663, '户外鞋服', 0, '', 662, 255, '', '', ''),
(664, '户外装备', 0, '', 662, 255, '', '', ''),
(665, '运动器械', 0, '', 662, 255, '', '', ''),
(666, '纤体瑜伽', 0, '', 662, 255, '', '', ''),
(667, '体育娱乐', 0, '', 662, 255, '', '', ''),
(671, '户外服装', 0, '', 663, 255, '', '', ''),
(672, '户外鞋袜', 0, '', 663, 255, '', '', ''),
(673, '户外配饰', 0, '', 663, 255, '', '', ''),
(674, '帐篷', 0, '', 664, 255, '', '', ''),
(675, '睡袋', 0, '', 664, 255, '', '', ''),
(676, '登山攀岩', 0, '', 664, 255, '', '', ''),
(677, '户外背包', 0, '', 664, 255, '', '', ''),
(678, '户外照明', 0, '', 664, 255, '', '', ''),
(679, '户外垫子', 0, '', 664, 255, '', '', ''),
(680, '户外仪表', 0, '', 664, 255, '', '', ''),
(681, '户外工具', 0, '', 664, 255, '', '', ''),
(682, '望远镜', 0, '', 664, 255, '', '', ''),
(683, '垂钓用品', 0, '', 664, 255, '', '', ''),
(684, '旅游用品', 0, '', 664, 255, '', '', ''),
(685, '便携桌椅床', 0, '', 664, 255, '', '', ''),
(686, '烧烤用品', 0, '', 664, 255, '', '', ''),
(687, '野餐炊具', 0, '', 664, 255, '', '', ''),
(688, '军迷用品', 0, '', 664, 255, '', '', ''),
(689, '游泳用具', 0, '', 664, 255, '', '', ''),
(690, '泳衣', 0, '', 664, 255, '', '', ''),
(691, '健身器械', 0, '', 665, 255, '', '', ''),
(692, '运动器材', 0, '', 665, 255, '', '', ''),
(693, '极限轮滑', 0, '', 665, 255, '', '', ''),
(694, '骑行运动', 0, '', 665, 255, '', '', ''),
(695, '运动护具', 0, '', 665, 255, '', '', ''),
(696, '武术搏击', 0, '', 665, 255, '', '', ''),
(697, '瑜伽垫', 0, '', 666, 255, '', '', ''),
(698, '瑜伽服', 0, '', 666, 255, '', '', ''),
(699, '瑜伽配件', 0, '', 666, 255, '', '', ''),
(700, '瑜伽套装', 0, '', 666, 255, '', '', ''),
(701, '舞蹈鞋服', 0, '', 666, 255, '', '', ''),
(702, '羽毛球', 0, '', 667, 255, '', '', ''),
(703, '乒乓球', 0, '', 667, 255, '', '', ''),
(704, '篮球', 0, '', 667, 255, '', '', ''),
(705, '足球', 0, '', 667, 255, '', '', ''),
(706, '网球', 0, '', 667, 255, '', '', ''),
(707, '排球', 0, '', 667, 255, '', '', ''),
(708, '高尔夫球', 0, '', 667, 255, '', '', ''),
(709, '棋牌麻将', 0, '', 667, 255, '', '', ''),
(710, '其他', 0, '', 667, 255, '', '', ''),
(730, '汽车用品', 0, '', 0, 10, '', '', ''),
(731, '电子电器', 0, '', 730, 255, '', '', ''),
(732, '系统养护', 0, '', 730, 255, '', '', ''),
(733, '改装配件', 0, '', 730, 255, '', '', ''),
(734, '汽车美容', 0, '', 730, 255, '', '', ''),
(735, '座垫脚垫', 0, '', 730, 255, '', '', ''),
(736, '内饰精品', 0, '', 730, 255, '', '', ''),
(737, '安全自驾', 0, '', 730, 255, '', '', ''),
(738, '便携GPS导航', 0, '', 731, 255, '', '', ''),
(739, '嵌入式导航', 0, '', 731, 255, '', '', ''),
(740, '安全预警仪', 0, '', 731, 255, '', '', ''),
(741, '行车记录仪', 0, '', 731, 255, '', '', ''),
(742, '跟踪防盗器', 0, '', 731, 255, '', '', ''),
(743, '倒车雷达', 0, '', 731, 255, '', '', ''),
(744, '车载电源', 0, '', 731, 255, '', '', ''),
(745, '车载蓝牙', 0, '', 731, 255, '', '', ''),
(746, '车载影音', 0, '', 731, 255, '', '', ''),
(747, '车载净化器', 0, '', 731, 255, '', '', ''),
(748, '车载冰箱', 0, '', 731, 255, '', '', ''),
(749, '车载吸尘器', 0, '', 731, 255, '', '', ''),
(750, '充气泵', 0, '', 731, 255, '', '', ''),
(751, '胎压监测', 0, '', 731, 255, '', '', ''),
(752, '车载生活电器', 0, '', 731, 255, '', '', ''),
(753, '机油', 0, '', 732, 255, '', '', ''),
(754, '添加剂', 0, '', 732, 255, '', '', ''),
(755, '防冻冷却液', 0, '', 732, 255, '', '', ''),
(756, '附属油', 0, '', 732, 255, '', '', ''),
(757, '底盘装甲', 0, '', 732, 255, '', '', ''),
(758, '空调清洗剂', 0, '', 732, 255, '', '', ''),
(759, '金属养护', 0, '', 732, 255, '', '', ''),
(760, '雨刷', 0, '', 733, 255, '', '', ''),
(761, '车灯', 0, '', 733, 255, '', '', ''),
(762, '轮胎', 0, '', 733, 255, '', '', ''),
(763, '贴膜', 0, '', 733, 255, '', '', ''),
(764, '装饰贴', 0, '', 733, 255, '', '', ''),
(765, '后视镜', 0, '', 733, 255, '', '', ''),
(766, '机油滤', 0, '', 733, 255, '', '', ''),
(767, '空气滤', 0, '', 733, 255, '', '', ''),
(768, '空调滤', 0, '', 733, 255, '', '', ''),
(769, '燃油滤', 0, '', 733, 255, '', '', ''),
(770, '火花塞', 0, '', 733, 255, '', '', ''),
(771, '喇叭', 0, '', 733, 255, '', '', ''),
(772, '刹车片', 0, '', 733, 255, '', '', ''),
(773, '刹车盘', 0, '', 733, 255, '', '', ''),
(774, '减震器', 0, '', 733, 255, '', '', ''),
(775, '车身装饰', 0, '', 733, 255, '', '', ''),
(776, '尾喉/排气管', 0, '', 733, 255, '', '', ''),
(777, '踏板', 0, '', 733, 255, '', '', ''),
(778, '蓄电池', 0, '', 733, 255, '', '', ''),
(779, '其他配件', 0, '', 733, 255, '', '', ''),
(780, '漆面美容', 0, '', 734, 255, '', '', ''),
(781, '漆面修复', 0, '', 734, 255, '', '', ''),
(782, '内饰清洁', 0, '', 734, 255, '', '', ''),
(783, '玻璃美容', 0, '', 734, 255, '', '', ''),
(784, '补漆笔', 0, '', 734, 255, '', '', ''),
(785, '轮胎轮毂清洗', 0, '', 734, 255, '', '', ''),
(786, '洗车器', 0, '', 734, 255, '', '', ''),
(787, '洗车水枪', 0, '', 734, 255, '', '', ''),
(788, '洗车配件', 0, '', 734, 255, '', '', ''),
(789, '洗车液', 0, '', 734, 255, '', '', ''),
(790, '车掸', 0, '', 734, 255, '', '', ''),
(791, '擦车巾/海绵', 0, '', 734, 255, '', '', ''),
(792, '凉垫', 0, '', 735, 255, '', '', ''),
(793, '四季垫', 0, '', 735, 255, '', '', ''),
(794, '毛垫', 0, '', 735, 255, '', '', ''),
(795, '专车专用座垫', 0, '', 735, 255, '', '', ''),
(796, '专车专用座套', 0, '', 735, 255, '', '', ''),
(797, '通用座套', 0, '', 735, 255, '', '', ''),
(798, '多功能垫', 0, '', 735, 255, '', '', ''),
(799, '专车专用脚垫', 0, '', 735, 255, '', '', ''),
(800, '通用脚垫', 0, '', 735, 255, '', '', ''),
(801, '后备箱垫', 0, '', 735, 255, '', '', ''),
(802, '车用香水', 0, '', 736, 255, '', '', ''),
(803, '车用炭包', 0, '', 736, 255, '', '', ''),
(804, '空气净化', 0, '', 736, 255, '', '', ''),
(805, '颈枕/头枕', 0, '', 736, 255, '', '', ''),
(806, '抱枕/腰靠', 0, '', 736, 255, '', '', ''),
(807, '方向盘套', 0, '', 736, 255, '', '', ''),
(808, '挂件', 0, '', 736, 255, '', '', ''),
(809, '摆件', 0, '', 736, 255, '', '', ''),
(810, '布艺软饰', 0, '', 736, 255, '', '', ''),
(811, '功能用品', 0, '', 736, 255, '', '', ''),
(812, '整理收纳', 0, '', 736, 255, '', '', ''),
(813, 'CD夹', 0, '', 736, 255, '', '', ''),
(814, '儿童安全座椅', 0, '', 737, 255, '', '', ''),
(815, '应急救援', 0, '', 737, 255, '', '', ''),
(816, '汽修工具', 0, '', 737, 255, '', '', ''),
(817, '自驾野营', 0, '', 737, 255, '', '', ''),
(818, '自驾照明', 0, '', 737, 255, '', '', ''),
(819, '保温箱', 0, '', 737, 255, '', '', ''),
(820, '置物箱', 0, '', 737, 255, '', '', ''),
(821, '车衣', 0, '', 737, 255, '', '', ''),
(822, '遮阳挡雪挡', 0, '', 737, 255, '', '', ''),
(823, '车锁地锁', 0, '', 737, 255, '', '', ''),
(824, '摩托车装备', 0, '', 737, 255, '', '', ''),
(825, '玩具乐器', 0, '', 0, 11, '', '', ''),
(826, '适用年龄', 0, '', 825, 255, '', '', ''),
(827, '遥控/电动', 0, '', 825, 255, '', '', ''),
(828, '毛绒布艺', 0, '', 825, 255, '', '', ''),
(829, '娃娃玩具', 0, '', 825, 255, '', '', ''),
(830, '模型玩具', 0, '', 825, 255, '', '', ''),
(831, '健身玩具', 0, '', 825, 255, '', '', ''),
(832, '动漫玩具', 0, '', 825, 255, '', '', ''),
(833, '益智玩具', 0, '', 825, 255, '', '', ''),
(834, '积木拼插', 0, '', 825, 255, '', '', ''),
(835, 'DIY玩具', 0, '', 825, 255, '', '', ''),
(836, '创意减压', 0, '', 825, 255, '', '', ''),
(837, '乐器相关', 0, '', 825, 255, '', '', ''),
(838, '0-6个月', 0, '', 826, 255, '', '', ''),
(839, '6-12个月', 0, '', 826, 255, '', '', ''),
(840, '1-3岁', 0, '', 826, 255, '', '', ''),
(841, '3-6岁', 0, '', 826, 255, '', '', ''),
(842, '6-14岁', 0, '', 826, 255, '', '', ''),
(843, '14岁以上', 0, '', 826, 255, '', '', ''),
(844, '遥控车', 0, '', 827, 255, '', '', ''),
(845, '遥控飞机', 0, '', 827, 255, '', '', ''),
(846, '遥控船', 0, '', 827, 255, '', '', ''),
(847, '机器人/电动', 0, '', 827, 255, '', '', ''),
(848, '轨道/助力', 0, '', 827, 255, '', '', ''),
(849, '毛绒/布艺', 0, '', 828, 255, '', '', ''),
(850, '靠垫/抱枕', 0, '', 828, 255, '', '', ''),
(851, '芭比娃娃', 0, '', 829, 255, '', '', ''),
(852, '卡通娃娃', 0, '', 829, 255, '', '', ''),
(853, '智能娃娃', 0, '', 829, 255, '', '', ''),
(854, '仿真模型', 0, '', 830, 255, '', '', ''),
(855, '拼插模型', 0, '', 830, 255, '', '', ''),
(856, '收藏爱好', 0, '', 830, 255, '', '', ''),
(857, '炫舞毯', 0, '', 831, 255, '', '', ''),
(858, '爬行垫/毯', 0, '', 831, 255, '', '', ''),
(859, '户外玩具', 0, '', 831, 255, '', '', ''),
(860, '戏水玩具', 0, '', 831, 255, '', '', ''),
(861, '电影周边', 0, '', 832, 255, '', '', ''),
(862, '卡通周边', 0, '', 832, 255, '', '', ''),
(863, '网游周边', 0, '', 832, 255, '', '', ''),
(864, '摇铃/床铃', 0, '', 833, 255, '', '', ''),
(865, '健身架', 0, '', 833, 255, '', '', ''),
(866, '早教启智', 0, '', 833, 255, '', '', ''),
(867, '拖拉玩具', 0, '', 833, 255, '', '', ''),
(868, '积木', 0, '', 834, 255, '', '', ''),
(869, '拼图', 0, '', 834, 255, '', '', ''),
(870, '磁力棒', 0, '', 834, 255, '', '', ''),
(871, '立体拼插', 0, '', 834, 255, '', '', ''),
(872, '手工彩泥', 0, '', 835, 255, '', '', ''),
(873, '绘画工具', 0, '', 835, 255, '', '', ''),
(874, '情景玩具', 0, '', 835, 255, '', '', ''),
(875, '减压玩具', 0, '', 836, 255, '', '', ''),
(876, '创意玩具', 0, '', 836, 255, '', '', ''),
(877, '钢琴', 0, '', 837, 255, '', '', ''),
(878, '电子琴', 0, '', 837, 255, '', '', ''),
(879, '手风琴', 0, '', 837, 255, '', '', ''),
(880, '吉他/贝斯', 0, '', 837, 255, '', '', ''),
(881, '民族管弦乐器', 0, '', 837, 255, '', '', ''),
(882, '西洋管弦乐', 0, '', 837, 255, '', '', ''),
(883, '口琴/口风琴/竖笛', 0, '', 837, 255, '', '', ''),
(884, '西洋打击乐器', 0, '', 837, 255, '', '', ''),
(885, '各式乐器配件', 0, '', 837, 255, '', '', ''),
(886, '电脑音乐', 0, '', 837, 255, '', '', ''),
(887, '工艺礼品乐器', 0, '', 837, 255, '', '', ''),
(888, '厨房用具', 0, '', 0, 12, '', '', ''),
(889, '烹饪锅具', 0, '', 888, 255, '', '', ''),
(890, '刀剪菜板', 0, '', 888, 255, '', '', ''),
(891, '收纳保鲜', 0, '', 888, 255, '', '', ''),
(892, '水具酒具', 0, '', 888, 255, '', '', ''),
(893, '餐具', 0, '', 888, 255, '', '', ''),
(895, '炒锅', 0, '', 889, 255, '', '', ''),
(896, '煎锅', 0, '', 889, 255, '', '', ''),
(897, '压力锅', 0, '', 889, 255, '', '', ''),
(898, '蒸锅', 0, '', 889, 255, '', '', ''),
(899, '汤锅', 0, '', 889, 255, '', '', ''),
(900, '奶锅', 0, '', 889, 255, '', '', ''),
(901, '套锅', 0, '', 889, 255, '', '', ''),
(902, '煲类', 0, '', 889, 255, '', '', ''),
(903, '水壶', 0, '', 889, 255, '', '', ''),
(904, '厨用杂件', 0, '', 889, 255, '', '', ''),
(905, '单刀', 0, '', 890, 255, '', '', ''),
(906, '剪刀', 0, '', 890, 255, '', '', ''),
(907, '套刀', 0, '', 890, 255, '', '', ''),
(908, '砧板', 0, '', 890, 255, '', '', ''),
(909, '刀具配件', 0, '', 890, 255, '', '', ''),
(910, '保鲜盒', 0, '', 891, 255, '', '', ''),
(911, '保鲜膜/袋', 0, '', 891, 255, '', '', ''),
(912, '调料器皿', 0, '', 891, 255, '', '', ''),
(913, '饭盒/提锅', 0, '', 891, 255, '', '', ''),
(914, '塑料杯', 0, '', 892, 255, '', '', ''),
(915, '运动水壶', 0, '', 892, 255, '', '', ''),
(916, '玻璃杯', 0, '', 892, 255, '', '', ''),
(917, '陶瓷杯', 0, '', 892, 255, '', '', ''),
(918, '保温杯', 0, '', 892, 255, '', '', ''),
(919, '保温壶', 0, '', 892, 255, '', '', ''),
(920, '酒杯/套装', 0, '', 892, 255, '', '', ''),
(921, '酒具配件', 0, '', 892, 255, '', '', ''),
(922, '餐具套装', 0, '', 893, 255, '', '', ''),
(923, '碗/碟/盘', 0, '', 893, 255, '', '', ''),
(924, '筷勺/刀叉', 0, '', 893, 255, '', '', ''),
(925, '一次性餐具', 0, '', 893, 255, '', '', ''),
(935, '茶具/咖啡具', 0, '', 888, 255, '', '', ''),
(936, '整套茶具', 0, '', 935, 255, '', '', ''),
(937, '茶杯', 0, '', 935, 255, '', '', ''),
(938, '茶壶', 0, '', 935, 255, '', '', ''),
(939, '茶盘茶托', 0, '', 935, 255, '', '', ''),
(940, '茶叶罐', 0, '', 935, 255, '', '', ''),
(941, '茶具配件', 0, '', 935, 255, '', '', ''),
(942, '茶宠摆件', 0, '', 935, 255, '', '', ''),
(943, '咖啡具', 0, '', 935, 255, '', '', ''),
(944, '其他', 0, '', 935, 255, '', '', ''),
(959, '母婴用品', 0, '', 0, 13, '', '', ''),
(960, '奶粉', 0, '', 959, 255, '', '', ''),
(961, '营养辅食', 0, '', 959, 255, '', '', ''),
(962, '尿裤湿巾', 0, '', 959, 255, '', '', ''),
(963, '喂养用品', 0, '', 959, 255, '', '', ''),
(964, '洗护用品', 0, '', 959, 255, '', '', ''),
(965, '童车童床', 0, '', 959, 255, '', '', ''),
(966, '服饰寝居', 0, '', 959, 255, '', '', ''),
(967, '妈妈专区', 0, '', 959, 255, '', '', ''),
(968, '品牌奶粉', 0, '', 960, 255, '', '', ''),
(969, '妈妈奶粉', 0, '', 960, 255, '', '', ''),
(970, '1段奶粉', 0, '', 960, 255, '', '', ''),
(971, '2段奶粉', 0, '', 960, 255, '', '', ''),
(972, '3段奶粉', 0, '', 960, 255, '', '', ''),
(973, '4段奶粉', 0, '', 960, 255, '', '', ''),
(974, '羊奶粉', 0, '', 960, 255, '', '', ''),
(975, '特殊配方', 0, '', 960, 255, '', '', ''),
(976, '成人奶粉', 0, '', 960, 255, '', '', ''),
(977, '婴幼营养', 0, '', 961, 255, '', '', ''),
(978, '初乳', 0, '', 961, 255, '', '', ''),
(979, '米粉/菜粉', 0, '', 961, 255, '', '', ''),
(980, '果泥/果汁', 0, '', 961, 255, '', '', ''),
(981, '肉松/饼干', 0, '', 961, 255, '', '', ''),
(982, '辅食', 0, '', 961, 255, '', '', ''),
(983, '孕期营养', 0, '', 961, 255, '', '', ''),
(984, '清火/开胃', 0, '', 961, 255, '', '', ''),
(985, '面条/粥', 0, '', 961, 255, '', '', ''),
(986, '品牌尿裤', 0, '', 962, 255, '', '', ''),
(987, '新生儿', 0, '', 962, 255, '', '', ''),
(988, 'S号', 0, '', 962, 255, '', '', ''),
(989, 'M号', 0, '', 962, 255, '', '', ''),
(990, 'L号', 0, '', 962, 255, '', '', ''),
(991, 'XL/XXL号', 0, '', 962, 255, '', '', ''),
(992, '裤型尿裤', 0, '', 962, 255, '', '', ''),
(993, '湿巾', 0, '', 962, 255, '', '', ''),
(994, '尿布/尿垫', 0, '', 962, 255, '', '', ''),
(995, '成人尿裤', 0, '', 962, 255, '', '', ''),
(996, '奶瓶', 0, '', 963, 255, '', '', ''),
(997, '奶嘴', 0, '', 963, 255, '', '', ''),
(998, '吸奶器', 0, '', 963, 255, '', '', ''),
(999, '暖奶/消毒', 0, '', 963, 255, '', '', ''),
(1000, '餐具', 0, '', 963, 255, '', '', ''),
(1001, '水具', 0, '', 963, 255, '', '', ''),
(1002, '牙胶/安抚', 0, '', 963, 255, '', '', ''),
(1003, '辅助用品', 0, '', 963, 255, '', '', ''),
(1004, '宝宝护肤', 0, '', 964, 255, '', '', ''),
(1005, '洗浴用品', 0, '', 964, 255, '', '', ''),
(1006, '洗发沐浴', 0, '', 964, 255, '', '', ''),
(1007, '清洁用品', 0, '', 964, 255, '', '', ''),
(1008, '护理用品', 0, '', 964, 255, '', '', ''),
(1009, '妈妈护肤', 0, '', 964, 255, '', '', ''),
(1010, '婴儿推车', 0, '', 965, 255, '', '', ''),
(1011, '餐椅摇椅', 0, '', 965, 255, '', '', ''),
(1012, '婴儿床', 0, '', 965, 255, '', '', ''),
(1013, '学步车', 0, '', 965, 255, '', '', ''),
(1014, '三轮车', 0, '', 965, 255, '', '', ''),
(1015, '自行车', 0, '', 965, 255, '', '', ''),
(1016, '电动车', 0, '', 965, 255, '', '', ''),
(1017, '健身车', 0, '', 965, 255, '', '', ''),
(1018, '安全座椅', 0, '', 965, 255, '', '', ''),
(1019, '婴儿外出服', 0, '', 966, 255, '', '', ''),
(1020, '婴儿内衣', 0, '', 966, 255, '', '', ''),
(1021, '婴儿礼盒', 0, '', 966, 255, '', '', ''),
(1022, '婴儿鞋帽袜', 0, '', 966, 255, '', '', ''),
(1023, '安全防护', 0, '', 966, 255, '', '', ''),
(1024, '家居床品', 0, '', 966, 255, '', '', ''),
(1025, '其他', 0, '', 966, 255, '', '', ''),
(1026, '包/背婴带', 0, '', 967, 255, '', '', ''),
(1027, '妈妈护理', 0, '', 967, 255, '', '', ''),
(1028, '产后塑身', 0, '', 967, 255, '', '', ''),
(1029, '孕妇内衣', 0, '', 967, 255, '', '', ''),
(1030, '防辐射服', 0, '', 967, 255, '', '', ''),
(1031, '孕妇装', 0, '', 967, 255, '', '', ''),
(1032, '孕妇食品', 0, '', 967, 255, '', '', ''),
(1033, '妈妈美容', 0, '', 967, 255, '', '', ''),
(1034, '手机通讯', 0, '', 256, 1, '', '', ''),
(1035, '手机', 0, '', 1034, 255, '', '', ''),
(1036, '对讲机', 0, '', 1034, 255, '', '', ''),
(1037, '本地生活', 0, '', 0, 14, '', '', ''),
(1053, '女装', 32, '服饰鞋帽/女装/T恤', 4, 255, '', '', ''),
(1054, '整车', 0, '', 730, 255, '', '', ''),
(1055, '新车', 52, '汽车', 1054, 255, '', '', ''),
(1056, '二手车', 52, '汽车', 1054, 255, '', '', ''),
(1060, '广告', 0, '', 1037, 15, '', '', ''),
(1061, '印刷', 0, '', 1037, 0, '', '', ''),
(1062, '休闲娱乐', 0, '', 1037, 0, '', '', ''),
(1063, '美容养生', 0, '', 1037, 0, '', '', ''),
(1064, '生态旅游', 0, '', 1037, 0, '', '', ''),
(1065, '酒店', 0, '', 1064, 1, '', '', ''),
(1066, '生态农庄', 0, '', 1064, 255, '', '', ''),
(1067, '旅游景区', 0, '', 1064, 255, '', '', ''),
(1068, '酒吧', 0, '', 1062, 0, '', '', ''),
(1069, 'KTV', 0, '', 1062, 0, '', '', ''),
(1070, '茶楼', 0, '', 1062, 0, '', '', ''),
(1071, '美容美发', 0, '', 1063, 0, '', '', ''),
(1072, '养生馆', 0, '', 1063, 0, '', '', ''),
(1073, '足浴按摩', 0, '', 1063, 0, '', '', ''),
(1074, '喷绘', 0, '', 1060, 0, '', '', ''),
(1075, '写真', 0, '', 1060, 0, '', '', ''),
(1076, '发光字', 0, '', 1060, 0, '', '', ''),
(1077, '牌匾', 0, '', 1060, 0, '', '', ''),
(1078, '耗材', 0, '', 1060, 0, '', '', ''),
(1079, '宣传单', 0, '', 1061, 0, '', '', ''),
(1080, '名片', 37, '名片', 1061, 0, '', '', ''),
(1081, '画册', 0, '', 1061, 0, '', '', ''),
(1082, '文书装订', 0, '', 1061, 0, '', '', ''),
(1083, '证卡', 0, '', 1061, 0, '', '', ''),
(1084, '住宅家具', 0, '', 3, 0, '', '', ''),
(1085, '床垫', 0, '', 1084, 0, '', '', ''),
(1086, '席梦思', 0, '', 1084, 0, '', '', ''),
(1087, '梳妆台', 0, '', 1084, 0, '', '', ''),
(1088, '床头柜', 0, '', 1084, 0, '', '', ''),
(1089, '沙发', 0, '', 1084, 0, '', '', ''),
(1090, '电视柜', 0, '', 1084, 0, '', '', ''),
(1091, '鞋柜', 0, '', 1084, 0, '', '', ''),
(1092, '衣帽架', 0, '', 1084, 0, '', '', ''),
(1093, '成套家具', 0, '', 1084, 0, '', '', ''),
(1094, '床类', 0, '', 1084, 0, '', '', ''),
(1095, '衣柜', 0, '', 1084, 0, '', '', ''),
(1096, '茶几', 0, '', 1084, 0, '', '', ''),
(1097, '餐桌/椅', 0, '', 1084, 0, '', '', ''),
(1098, '书桌/椅', 0, '', 1084, 0, '', '', ''),
(1099, '电脑桌/椅', 0, '', 1084, 0, '', '', ''),
(1100, '书柜', 0, '', 1084, 0, '', '', ''),
(1101, '摇椅/转椅', 0, '', 1084, 0, '', '', ''),
(1102, '家装主材', 0, '', 3, 0, '', '', ''),
(1103, '集成吊顶', 0, '', 1102, 0, '', '', ''),
(1104, '石膏板吊顶', 0, '', 1102, 0, '', '', ''),
(1105, '厨房卫浴', 0, '', 1102, 0, '', '', ''),
(1106, '油漆涂料', 0, '', 1102, 0, '', '', ''),
(1107, '瓷砖地板', 0, '', 1102, 0, '', '', ''),
(1108, '石膏板/配件', 0, '', 1102, 0, '', '', ''),
(1109, '管材/配件', 0, '', 1102, 0, '', '', ''),
(1110, '木工板/装饰线条', 0, '', 1102, 0, '', '', ''),
(1111, '门窗', 0, '', 1102, 0, '', '', ''),
(1112, '装饰材料', 0, '', 1102, 0, '', '', ''),
(1113, '宾馆', 0, '', 1064, 2, '', '', ''),
(1114, '婚庆用品', 0, '', 0, 7, '', '', ''),
(1115, '婚嫁用品', 0, '', 1114, 0, '', '', ''),
(1116, '婚庆礼品', 0, '', 1114, 0, '', '', '');

-- --------------------------------------------------------

--
-- 表的结构 `cor_goods_class_staple`
--

CREATE TABLE IF NOT EXISTS `cor_goods_class_staple` (
  `staple_id` int(10) unsigned NOT NULL AUTO_INCREMENT COMMENT '常用分类id',
  `staple_name` varchar(255) NOT NULL COMMENT '常用分类名称',
  `gc_id_1` int(10) unsigned NOT NULL COMMENT '一级分类id',
  `gc_id_2` int(10) unsigned NOT NULL COMMENT '二级商品分类',
  `gc_id_3` int(10) unsigned NOT NULL COMMENT '三级商品分类',
  `type_id` int(10) unsigned NOT NULL COMMENT '类型id',
  `member_id` int(10) unsigned NOT NULL COMMENT '会员id',
  `counter` int(10) unsigned NOT NULL DEFAULT '1' COMMENT '计数器',
  PRIMARY KEY (`staple_id`),
  KEY `store_id` (`member_id`)
) ENGINE=InnoDB  DEFAULT CHARSET=utf8 COMMENT='店铺常用分类表' AUTO_INCREMENT=51 ;

--
-- 转存表中的数据 `cor_goods_class_staple`
--

INSERT INTO `cor_goods_class_staple` (`staple_id`, `staple_name`, `gc_id_1`, `gc_id_2`, `gc_id_3`, `type_id`, `member_id`, `counter`) VALUES
(1, '本地生活 >广告 >发光字', 1037, 1060, 1076, 0, 4, 1),
(2, '本地生活 >广告 >喷绘', 1037, 1060, 1074, 0, 4, 5),
(3, '服饰鞋帽 >女装 >针织衫', 1, 4, 14, 34, 1, 2),
(4, '本地生活 >印刷 >名片', 1037, 1061, 1080, 37, 4, 10),
(5, '本地生活 >印刷 >名片', 1037, 1061, 1080, 37, 1, 4),
(6, '食品饮料 >进口食品 >休闲零食', 593, 594, 606, 50, 1, 5),
(7, '食品饮料 >地方特产 >华中', 593, 595, 615, 50, 1, 12),
(8, '食品饮料 >饮料冲调 >牛奶', 593, 599, 635, 50, 1, 1),
(9, '服饰鞋帽 >女装 >休闲裤', 1, 4, 21, 0, 1, 1),
(10, '服饰鞋帽 >女装 >打底裤', 1, 4, 22, 0, 1, 2),
(11, '服饰鞋帽 >女装 >羽绒服', 1, 4, 30, 0, 1, 1),
(12, '服饰鞋帽 >女鞋 >单鞋', 1, 8, 92, 0, 1, 1),
(13, '服饰鞋帽 >女装 >牛仔裤', 1, 4, 20, 0, 1, 1),
(14, '服饰鞋帽 >配饰 >皮带', 1, 10, 121, 0, 1, 1),
(15, '数码办公 >手机通讯 >手机', 256, 1034, 1035, 0, 1, 3),
(16, '数码办公 >电脑配件 >装机配件', 256, 391, 418, 0, 1, 2),
(17, '数码办公 >手机配件 >手机保护套', 256, 258, 270, 0, 1, 1),
(18, '数码办公 >摄影摄像 >单反相机', 256, 259, 278, 0, 1, 1),
(19, '数码办公 >办公文仪 >安防监控', 256, 395, 466, 0, 1, 1),
(20, '家用电器 >厨房电器 >电炖锅', 308, 311, 353, 0, 1, 1),
(21, '家用电器 >生活电器 >净化器', 308, 310, 326, 0, 1, 2),
(22, '家用电器 >厨房电器 >微波炉', 308, 311, 347, 0, 1, 1),
(23, '家用电器 >厨房电器 >料理/榨汁机', 308, 311, 341, 0, 1, 1),
(24, '家用电器 >大家电 >平板电视', 308, 309, 314, 0, 1, 1),
(25, '家用电器 >厨房电器 >电压力锅', 308, 311, 344, 0, 1, 1),
(26, '家用电器 >五金家装 >水槽', 308, 313, 380, 0, 1, 1),
(27, '家用电器 >个护健康 >剃须刀', 308, 312, 358, 0, 1, 1),
(28, '本地生活 >广告 >写真', 1037, 1060, 1075, 0, 4, 3),
(29, '本地生活 >印刷 >宣传单', 1037, 1061, 1079, 0, 4, 1),
(30, '食品饮料 >中外名酒 >白酒', 593, 598, 628, 50, 1, 1),
(31, '食品饮料 >生鲜食品 >禽蛋', 593, 603, 657, 50, 1, 5),
(32, '本地生活 >广告 >牌匾', 1037, 1060, 1077, 0, 4, 2),
(33, '食品饮料 >生鲜食品 >鲜肉', 593, 603, 658, 50, 1, 2),
(34, '本地生活 >印刷 >证卡', 1037, 1061, 1083, 0, 4, 1),
(35, '家用电器 >生活电器 >净水设备', 308, 310, 330, 0, 15, 28),
(36, '食品饮料 >饮料冲调 >饮料', 593, 599, 634, 50, 1, 4),
(37, '数码办公 >外设产品 >鼠标', 256, 392, 419, 0, 1, 2),
(38, '礼品箱包 >礼品 >礼品文具', 2, 154, 175, 0, 1, 1),
(39, '礼品箱包 >礼品 >瑞士军刀', 2, 154, 176, 0, 1, 1),
(40, '礼品箱包 >礼品 >创意礼品', 2, 154, 179, 0, 1, 3),
(41, '礼品箱包 >礼品 >工艺礼品', 2, 154, 178, 0, 1, 1),
(42, '服饰鞋帽 >女装 >T恤', 1, 4, 12, 32, 1, 2),
(43, '食品饮料 >饮料冲调 >茶叶', 593, 599, 636, 40, 34, 9),
(44, '食品饮料 >粮油调味 >食用油', 593, 597, 623, 40, 1, 3),
(45, '食品饮料 >中外名酒 >白酒', 593, 598, 628, 40, 40, 7),
(46, '食品饮料 >休闲食品 >坚果炒货', 593, 596, 617, 40, 41, 25),
(47, '礼品箱包 >时尚男包 >男士手包', 2, 152, 163, 0, 1, 2),
(48, '家居家装 >家纺布艺 >枕芯枕套', 3, 200, 208, 0, 70, 1),
(49, '本地生活 >美容养生 >养生馆', 1037, 1063, 1072, 0, 73, 1),
(50, '礼品箱包 >潮流女包 >手拿包', 2, 151, 157, 0, 1, 1);

-- --------------------------------------------------------

--
-- 表的结构 `cor_goods_class_tag`
--

CREATE TABLE IF NOT EXISTS `cor_goods_class_tag` (
  `gc_tag_id` int(10) unsigned NOT NULL AUTO_INCREMENT COMMENT 'TAGid',
  `gc_id_1` int(10) unsigned NOT NULL COMMENT '一级分类id',
  `gc_id_2` int(10) unsigned NOT NULL COMMENT '二级分类id',
  `gc_id_3` int(10) unsigned NOT NULL COMMENT '三级分类id',
  `gc_tag_name` varchar(255) NOT NULL COMMENT '分类TAG名称',
  `gc_tag_value` text NOT NULL COMMENT '分类TAG值',
  `gc_id` int(10) unsigned NOT NULL COMMENT '商品分类id',
  `type_id` int(10) unsigned NOT NULL COMMENT '类型id',
  PRIMARY KEY (`gc_tag_id`)
) ENGINE=InnoDB  DEFAULT CHARSET=utf8 COMMENT='商品分类TAG表' AUTO_INCREMENT=891 ;

--
-- 转存表中的数据 `cor_goods_class_tag`
--

INSERT INTO `cor_goods_class_tag` (`gc_tag_id`, `gc_id_1`, `gc_id_2`, `gc_id_3`, `gc_tag_name`, `gc_tag_value`, `gc_id`, `type_id`) VALUES
(1, 1, 4, 12, '服饰鞋帽&nbsp;&gt;&nbsp;女装&nbsp;&gt;&nbsp;T恤', '服饰鞋帽,女装,T恤', 12, 32),
(2, 1, 4, 13, '服饰鞋帽&nbsp;&gt;&nbsp;女装&nbsp;&gt;&nbsp;衬衫', '服饰鞋帽,女装,衬衫', 13, 33),
(3, 1, 4, 14, '服饰鞋帽&nbsp;&gt;&nbsp;女装&nbsp;&gt;&nbsp;针织衫', '服饰鞋帽,女装,针织衫', 14, 34),
(4, 1, 4, 15, '服饰鞋帽&nbsp;&gt;&nbsp;女装&nbsp;&gt;&nbsp;雪纺衫', '服饰鞋帽,女装,雪纺衫', 15, 35),
(5, 1, 4, 16, '服饰鞋帽&nbsp;&gt;&nbsp;女装&nbsp;&gt;&nbsp;卫衣', '服饰鞋帽,女装,卫衣', 16, 36),
(6, 1, 4, 17, '服饰鞋帽&nbsp;&gt;&nbsp;女装&nbsp;&gt;&nbsp;马甲', '服饰鞋帽,女装,马甲', 17, 0),
(7, 1, 4, 18, '服饰鞋帽&nbsp;&gt;&nbsp;女装&nbsp;&gt;&nbsp;连衣裙', '服饰鞋帽,女装,连衣裙', 18, 35),
(8, 1, 4, 19, '服饰鞋帽&nbsp;&gt;&nbsp;女装&nbsp;&gt;&nbsp;半身裙', '服饰鞋帽,女装,半身裙', 19, 34),
(9, 1, 4, 20, '服饰鞋帽&nbsp;&gt;&nbsp;女装&nbsp;&gt;&nbsp;牛仔裤', '服饰鞋帽,女装,牛仔裤', 20, 47),
(10, 1, 4, 21, '服饰鞋帽&nbsp;&gt;&nbsp;女装&nbsp;&gt;&nbsp;休闲裤', '服饰鞋帽,女装,休闲裤', 21, 0),
(11, 1, 4, 22, '服饰鞋帽&nbsp;&gt;&nbsp;女装&nbsp;&gt;&nbsp;打底裤', '服饰鞋帽,女装,打底裤', 22, 0),
(12, 1, 4, 23, '服饰鞋帽&nbsp;&gt;&nbsp;女装&nbsp;&gt;&nbsp;正装裤', '服饰鞋帽,女装,正装裤', 23, 0),
(13, 1, 4, 24, '服饰鞋帽&nbsp;&gt;&nbsp;女装&nbsp;&gt;&nbsp;西服', '服饰鞋帽,女装,西服', 24, 0),
(14, 1, 4, 25, '服饰鞋帽&nbsp;&gt;&nbsp;女装&nbsp;&gt;&nbsp;短外套', '服饰鞋帽,女装,短外套', 25, 35),
(15, 1, 4, 26, '服饰鞋帽&nbsp;&gt;&nbsp;女装&nbsp;&gt;&nbsp;风衣', '服饰鞋帽,女装,风衣', 26, 0),
(16, 1, 4, 27, '服饰鞋帽&nbsp;&gt;&nbsp;女装&nbsp;&gt;&nbsp;大衣', '服饰鞋帽,女装,大衣', 27, 0),
(17, 1, 4, 28, '服饰鞋帽&nbsp;&gt;&nbsp;女装&nbsp;&gt;&nbsp;皮衣皮草', '服饰鞋帽,女装,皮衣皮草', 28, 0),
(18, 1, 4, 29, '服饰鞋帽&nbsp;&gt;&nbsp;女装&nbsp;&gt;&nbsp;棉服', '服饰鞋帽,女装,棉服', 29, 0),
(19, 1, 4, 30, '服饰鞋帽&nbsp;&gt;&nbsp;女装&nbsp;&gt;&nbsp;羽绒服', '服饰鞋帽,女装,羽绒服', 30, 0),
(20, 1, 4, 31, '服饰鞋帽&nbsp;&gt;&nbsp;女装&nbsp;&gt;&nbsp;孕妇装', '服饰鞋帽,女装,孕妇装', 31, 0),
(21, 1, 4, 32, '服饰鞋帽&nbsp;&gt;&nbsp;女装&nbsp;&gt;&nbsp;大码装', '服饰鞋帽,女装,大码装', 32, 0),
(22, 1, 4, 33, '服饰鞋帽&nbsp;&gt;&nbsp;女装&nbsp;&gt;&nbsp;中老年装', '服饰鞋帽,女装,中老年装', 33, 0),
(23, 1, 4, 34, '服饰鞋帽&nbsp;&gt;&nbsp;女装&nbsp;&gt;&nbsp;婚纱礼服', '服饰鞋帽,女装,婚纱礼服', 34, 32),
(24, 1, 4, 1053, '服饰鞋帽&nbsp;&gt;&nbsp;女装&nbsp;&gt;&nbsp;女装', '服饰鞋帽,女装,女装', 1053, 32),
(25, 1, 5, 35, '服饰鞋帽&nbsp;&gt;&nbsp;男装&nbsp;&gt;&nbsp;衬衫', '服饰鞋帽,男装,衬衫', 35, 0),
(26, 1, 5, 36, '服饰鞋帽&nbsp;&gt;&nbsp;男装&nbsp;&gt;&nbsp;T恤', '服饰鞋帽,男装,T恤', 36, 0),
(27, 1, 5, 37, '服饰鞋帽&nbsp;&gt;&nbsp;男装&nbsp;&gt;&nbsp;POLO衫', '服饰鞋帽,男装,POLO衫', 37, 0),
(28, 1, 5, 38, '服饰鞋帽&nbsp;&gt;&nbsp;男装&nbsp;&gt;&nbsp;针织衫', '服饰鞋帽,男装,针织衫', 38, 0),
(29, 1, 5, 39, '服饰鞋帽&nbsp;&gt;&nbsp;男装&nbsp;&gt;&nbsp;羊绒衫', '服饰鞋帽,男装,羊绒衫', 39, 0),
(30, 1, 5, 40, '服饰鞋帽&nbsp;&gt;&nbsp;男装&nbsp;&gt;&nbsp;卫衣', '服饰鞋帽,男装,卫衣', 40, 0),
(31, 1, 5, 41, '服饰鞋帽&nbsp;&gt;&nbsp;男装&nbsp;&gt;&nbsp;马甲／背心', '服饰鞋帽,男装,马甲／背心', 41, 0),
(32, 1, 5, 42, '服饰鞋帽&nbsp;&gt;&nbsp;男装&nbsp;&gt;&nbsp;夹克', '服饰鞋帽,男装,夹克', 42, 0),
(33, 1, 5, 43, '服饰鞋帽&nbsp;&gt;&nbsp;男装&nbsp;&gt;&nbsp;风衣', '服饰鞋帽,男装,风衣', 43, 0),
(34, 1, 5, 44, '服饰鞋帽&nbsp;&gt;&nbsp;男装&nbsp;&gt;&nbsp;大衣', '服饰鞋帽,男装,大衣', 44, 0),
(35, 1, 5, 45, '服饰鞋帽&nbsp;&gt;&nbsp;男装&nbsp;&gt;&nbsp;皮衣', '服饰鞋帽,男装,皮衣', 45, 0),
(36, 1, 5, 46, '服饰鞋帽&nbsp;&gt;&nbsp;男装&nbsp;&gt;&nbsp;外套', '服饰鞋帽,男装,外套', 46, 0),
(37, 1, 5, 47, '服饰鞋帽&nbsp;&gt;&nbsp;男装&nbsp;&gt;&nbsp;西服', '服饰鞋帽,男装,西服', 47, 0),
(38, 1, 5, 48, '服饰鞋帽&nbsp;&gt;&nbsp;男装&nbsp;&gt;&nbsp;棉服', '服饰鞋帽,男装,棉服', 48, 0),
(39, 1, 5, 49, '服饰鞋帽&nbsp;&gt;&nbsp;男装&nbsp;&gt;&nbsp;羽绒服', '服饰鞋帽,男装,羽绒服', 49, 37),
(40, 1, 5, 50, '服饰鞋帽&nbsp;&gt;&nbsp;男装&nbsp;&gt;&nbsp;牛仔裤', '服饰鞋帽,男装,牛仔裤', 50, 0),
(41, 1, 5, 51, '服饰鞋帽&nbsp;&gt;&nbsp;男装&nbsp;&gt;&nbsp;休闲裤', '服饰鞋帽,男装,休闲裤', 51, 0),
(42, 1, 5, 52, '服饰鞋帽&nbsp;&gt;&nbsp;男装&nbsp;&gt;&nbsp;西裤', '服饰鞋帽,男装,西裤', 52, 0),
(43, 1, 5, 53, '服饰鞋帽&nbsp;&gt;&nbsp;男装&nbsp;&gt;&nbsp;西服套装', '服饰鞋帽,男装,西服套装', 53, 0),
(44, 1, 5, 54, '服饰鞋帽&nbsp;&gt;&nbsp;男装&nbsp;&gt;&nbsp;大码装', '服饰鞋帽,男装,大码装', 54, 0),
(45, 1, 5, 55, '服饰鞋帽&nbsp;&gt;&nbsp;男装&nbsp;&gt;&nbsp;中老年装', '服饰鞋帽,男装,中老年装', 55, 0),
(46, 1, 5, 56, '服饰鞋帽&nbsp;&gt;&nbsp;男装&nbsp;&gt;&nbsp;唐装', '服饰鞋帽,男装,唐装', 56, 0),
(47, 1, 5, 57, '服饰鞋帽&nbsp;&gt;&nbsp;男装&nbsp;&gt;&nbsp;工装', '服饰鞋帽,男装,工装', 57, 0),
(48, 1, 6, 58, '服饰鞋帽&nbsp;&gt;&nbsp;内衣&nbsp;&gt;&nbsp;文胸', '服饰鞋帽,内衣,文胸', 58, 38),
(49, 1, 6, 59, '服饰鞋帽&nbsp;&gt;&nbsp;内衣&nbsp;&gt;&nbsp;女式内裤', '服饰鞋帽,内衣,女式内裤', 59, 39),
(50, 1, 6, 60, '服饰鞋帽&nbsp;&gt;&nbsp;内衣&nbsp;&gt;&nbsp;男式内裤', '服饰鞋帽,内衣,男式内裤', 60, 39),
(51, 1, 6, 61, '服饰鞋帽&nbsp;&gt;&nbsp;内衣&nbsp;&gt;&nbsp;家居', '服饰鞋帽,内衣,家居', 61, 0),
(52, 1, 6, 62, '服饰鞋帽&nbsp;&gt;&nbsp;内衣&nbsp;&gt;&nbsp;睡衣', '服饰鞋帽,内衣,睡衣', 62, 0),
(53, 1, 6, 63, '服饰鞋帽&nbsp;&gt;&nbsp;内衣&nbsp;&gt;&nbsp;塑身衣', '服饰鞋帽,内衣,塑身衣', 63, 0),
(54, 1, 6, 64, '服饰鞋帽&nbsp;&gt;&nbsp;内衣&nbsp;&gt;&nbsp;睡袍／浴袍', '服饰鞋帽,内衣,睡袍／浴袍', 64, 0),
(55, 1, 6, 65, '服饰鞋帽&nbsp;&gt;&nbsp;内衣&nbsp;&gt;&nbsp;泳衣', '服饰鞋帽,内衣,泳衣', 65, 0),
(56, 1, 6, 66, '服饰鞋帽&nbsp;&gt;&nbsp;内衣&nbsp;&gt;&nbsp;背心', '服饰鞋帽,内衣,背心', 66, 0),
(57, 1, 6, 67, '服饰鞋帽&nbsp;&gt;&nbsp;内衣&nbsp;&gt;&nbsp;抹胸', '服饰鞋帽,内衣,抹胸', 67, 0),
(58, 1, 6, 68, '服饰鞋帽&nbsp;&gt;&nbsp;内衣&nbsp;&gt;&nbsp;连裤袜', '服饰鞋帽,内衣,连裤袜', 68, 0),
(59, 1, 6, 69, '服饰鞋帽&nbsp;&gt;&nbsp;内衣&nbsp;&gt;&nbsp;美腿袜', '服饰鞋帽,内衣,美腿袜', 69, 0),
(60, 1, 6, 70, '服饰鞋帽&nbsp;&gt;&nbsp;内衣&nbsp;&gt;&nbsp;男袜', '服饰鞋帽,内衣,男袜', 70, 0),
(61, 1, 6, 71, '服饰鞋帽&nbsp;&gt;&nbsp;内衣&nbsp;&gt;&nbsp;女袜', '服饰鞋帽,内衣,女袜', 71, 0),
(62, 1, 6, 72, '服饰鞋帽&nbsp;&gt;&nbsp;内衣&nbsp;&gt;&nbsp;情趣内衣', '服饰鞋帽,内衣,情趣内衣', 72, 0),
(63, 1, 6, 73, '服饰鞋帽&nbsp;&gt;&nbsp;内衣&nbsp;&gt;&nbsp;保暖内衣', '服饰鞋帽,内衣,保暖内衣', 73, 0),
(64, 1, 7, 74, '服饰鞋帽&nbsp;&gt;&nbsp;运动&nbsp;&gt;&nbsp;休闲鞋', '服饰鞋帽,运动,休闲鞋', 74, 0),
(65, 1, 7, 75, '服饰鞋帽&nbsp;&gt;&nbsp;运动&nbsp;&gt;&nbsp;帆布鞋', '服饰鞋帽,运动,帆布鞋', 75, 0),
(66, 1, 7, 76, '服饰鞋帽&nbsp;&gt;&nbsp;运动&nbsp;&gt;&nbsp;跑步鞋', '服饰鞋帽,运动,跑步鞋', 76, 0),
(67, 1, 7, 77, '服饰鞋帽&nbsp;&gt;&nbsp;运动&nbsp;&gt;&nbsp;篮球鞋', '服饰鞋帽,运动,篮球鞋', 77, 0),
(68, 1, 7, 78, '服饰鞋帽&nbsp;&gt;&nbsp;运动&nbsp;&gt;&nbsp;足球鞋', '服饰鞋帽,运动,足球鞋', 78, 0),
(69, 1, 7, 79, '服饰鞋帽&nbsp;&gt;&nbsp;运动&nbsp;&gt;&nbsp;训练鞋', '服饰鞋帽,运动,训练鞋', 79, 0),
(70, 1, 7, 80, '服饰鞋帽&nbsp;&gt;&nbsp;运动&nbsp;&gt;&nbsp;乒羽鞋', '服饰鞋帽,运动,乒羽鞋', 80, 0),
(71, 1, 7, 81, '服饰鞋帽&nbsp;&gt;&nbsp;运动&nbsp;&gt;&nbsp;拖鞋', '服饰鞋帽,运动,拖鞋', 81, 0),
(72, 1, 7, 82, '服饰鞋帽&nbsp;&gt;&nbsp;运动&nbsp;&gt;&nbsp;卫衣', '服饰鞋帽,运动,卫衣', 82, 0),
(73, 1, 7, 83, '服饰鞋帽&nbsp;&gt;&nbsp;运动&nbsp;&gt;&nbsp;夹克', '服饰鞋帽,运动,夹克', 83, 0),
(74, 1, 7, 84, '服饰鞋帽&nbsp;&gt;&nbsp;运动&nbsp;&gt;&nbsp;T恤', '服饰鞋帽,运动,T恤', 84, 0),
(75, 1, 7, 85, '服饰鞋帽&nbsp;&gt;&nbsp;运动&nbsp;&gt;&nbsp;棉服／羽绒服', '服饰鞋帽,运动,棉服／羽绒服', 85, 0),
(76, 1, 7, 86, '服饰鞋帽&nbsp;&gt;&nbsp;运动&nbsp;&gt;&nbsp;运动裤', '服饰鞋帽,运动,运动裤', 86, 0),
(77, 1, 7, 87, '服饰鞋帽&nbsp;&gt;&nbsp;运动&nbsp;&gt;&nbsp;套装', '服饰鞋帽,运动,套装', 87, 0),
(78, 1, 7, 88, '服饰鞋帽&nbsp;&gt;&nbsp;运动&nbsp;&gt;&nbsp;运动包', '服饰鞋帽,运动,运动包', 88, 0),
(79, 1, 7, 89, '服饰鞋帽&nbsp;&gt;&nbsp;运动&nbsp;&gt;&nbsp;运动配件', '服饰鞋帽,运动,运动配件', 89, 0),
(80, 1, 8, 90, '服饰鞋帽&nbsp;&gt;&nbsp;女鞋&nbsp;&gt;&nbsp;平底鞋', '服饰鞋帽,女鞋,平底鞋', 90, 0),
(81, 1, 8, 91, '服饰鞋帽&nbsp;&gt;&nbsp;女鞋&nbsp;&gt;&nbsp;高跟鞋', '服饰鞋帽,女鞋,高跟鞋', 91, 0),
(82, 1, 8, 92, '服饰鞋帽&nbsp;&gt;&nbsp;女鞋&nbsp;&gt;&nbsp;单鞋', '服饰鞋帽,女鞋,单鞋', 92, 0),
(83, 1, 8, 93, '服饰鞋帽&nbsp;&gt;&nbsp;女鞋&nbsp;&gt;&nbsp;休闲鞋', '服饰鞋帽,女鞋,休闲鞋', 93, 0),
(84, 1, 8, 94, '服饰鞋帽&nbsp;&gt;&nbsp;女鞋&nbsp;&gt;&nbsp;凉鞋', '服饰鞋帽,女鞋,凉鞋', 94, 0),
(85, 1, 8, 95, '服饰鞋帽&nbsp;&gt;&nbsp;女鞋&nbsp;&gt;&nbsp;女靴', '服饰鞋帽,女鞋,女靴', 95, 0),
(86, 1, 8, 96, '服饰鞋帽&nbsp;&gt;&nbsp;女鞋&nbsp;&gt;&nbsp;雪地靴', '服饰鞋帽,女鞋,雪地靴', 96, 0),
(87, 1, 8, 97, '服饰鞋帽&nbsp;&gt;&nbsp;女鞋&nbsp;&gt;&nbsp;拖鞋', '服饰鞋帽,女鞋,拖鞋', 97, 0),
(88, 1, 8, 98, '服饰鞋帽&nbsp;&gt;&nbsp;女鞋&nbsp;&gt;&nbsp;裸靴', '服饰鞋帽,女鞋,裸靴', 98, 0),
(89, 1, 8, 99, '服饰鞋帽&nbsp;&gt;&nbsp;女鞋&nbsp;&gt;&nbsp;筒靴', '服饰鞋帽,女鞋,筒靴', 99, 0),
(90, 1, 8, 100, '服饰鞋帽&nbsp;&gt;&nbsp;女鞋&nbsp;&gt;&nbsp;帆布鞋', '服饰鞋帽,女鞋,帆布鞋', 100, 0),
(91, 1, 8, 101, '服饰鞋帽&nbsp;&gt;&nbsp;女鞋&nbsp;&gt;&nbsp;雨鞋／雨靴', '服饰鞋帽,女鞋,雨鞋／雨靴', 101, 0),
(92, 1, 8, 102, '服饰鞋帽&nbsp;&gt;&nbsp;女鞋&nbsp;&gt;&nbsp;妈妈鞋', '服饰鞋帽,女鞋,妈妈鞋', 102, 0),
(93, 1, 8, 103, '服饰鞋帽&nbsp;&gt;&nbsp;女鞋&nbsp;&gt;&nbsp;鞋配件', '服饰鞋帽,女鞋,鞋配件', 103, 0),
(94, 1, 8, 104, '服饰鞋帽&nbsp;&gt;&nbsp;女鞋&nbsp;&gt;&nbsp;特色鞋', '服饰鞋帽,女鞋,特色鞋', 104, 0),
(95, 1, 8, 105, '服饰鞋帽&nbsp;&gt;&nbsp;女鞋&nbsp;&gt;&nbsp;鱼嘴鞋', '服饰鞋帽,女鞋,鱼嘴鞋', 105, 0),
(96, 1, 8, 106, '服饰鞋帽&nbsp;&gt;&nbsp;女鞋&nbsp;&gt;&nbsp;布鞋／绣花鞋', '服饰鞋帽,女鞋,布鞋／绣花鞋', 106, 0),
(97, 1, 9, 107, '服饰鞋帽&nbsp;&gt;&nbsp;男鞋&nbsp;&gt;&nbsp;商务休闲鞋', '服饰鞋帽,男鞋,商务休闲鞋', 107, 0),
(98, 1, 9, 108, '服饰鞋帽&nbsp;&gt;&nbsp;男鞋&nbsp;&gt;&nbsp;正装鞋', '服饰鞋帽,男鞋,正装鞋', 108, 0),
(99, 1, 9, 109, '服饰鞋帽&nbsp;&gt;&nbsp;男鞋&nbsp;&gt;&nbsp;休闲鞋', '服饰鞋帽,男鞋,休闲鞋', 109, 0),
(100, 1, 9, 110, '服饰鞋帽&nbsp;&gt;&nbsp;男鞋&nbsp;&gt;&nbsp;凉鞋／沙滩鞋', '服饰鞋帽,男鞋,凉鞋／沙滩鞋', 110, 0),
(101, 1, 9, 111, '服饰鞋帽&nbsp;&gt;&nbsp;男鞋&nbsp;&gt;&nbsp;男靴', '服饰鞋帽,男鞋,男靴', 111, 0),
(102, 1, 9, 112, '服饰鞋帽&nbsp;&gt;&nbsp;男鞋&nbsp;&gt;&nbsp;功能鞋', '服饰鞋帽,男鞋,功能鞋', 112, 0),
(103, 1, 9, 113, '服饰鞋帽&nbsp;&gt;&nbsp;男鞋&nbsp;&gt;&nbsp;拖鞋', '服饰鞋帽,男鞋,拖鞋', 113, 0),
(104, 1, 9, 114, '服饰鞋帽&nbsp;&gt;&nbsp;男鞋&nbsp;&gt;&nbsp;传统布鞋', '服饰鞋帽,男鞋,传统布鞋', 114, 0),
(105, 1, 9, 115, '服饰鞋帽&nbsp;&gt;&nbsp;男鞋&nbsp;&gt;&nbsp;鞋配件', '服饰鞋帽,男鞋,鞋配件', 115, 0),
(106, 1, 9, 116, '服饰鞋帽&nbsp;&gt;&nbsp;男鞋&nbsp;&gt;&nbsp;帆布鞋', '服饰鞋帽,男鞋,帆布鞋', 116, 0),
(107, 1, 9, 117, '服饰鞋帽&nbsp;&gt;&nbsp;男鞋&nbsp;&gt;&nbsp;豆豆鞋', '服饰鞋帽,男鞋,豆豆鞋', 117, 0),
(108, 1, 9, 118, '服饰鞋帽&nbsp;&gt;&nbsp;男鞋&nbsp;&gt;&nbsp;驾车鞋', '服饰鞋帽,男鞋,驾车鞋', 118, 0),
(109, 1, 10, 119, '服饰鞋帽&nbsp;&gt;&nbsp;配饰&nbsp;&gt;&nbsp;太阳镜', '服饰鞋帽,配饰,太阳镜', 119, 0),
(110, 1, 10, 120, '服饰鞋帽&nbsp;&gt;&nbsp;配饰&nbsp;&gt;&nbsp;框镜', '服饰鞋帽,配饰,框镜', 120, 0),
(111, 1, 10, 121, '服饰鞋帽&nbsp;&gt;&nbsp;配饰&nbsp;&gt;&nbsp;皮带', '服饰鞋帽,配饰,皮带', 121, 0),
(112, 1, 10, 122, '服饰鞋帽&nbsp;&gt;&nbsp;配饰&nbsp;&gt;&nbsp;围巾', '服饰鞋帽,配饰,围巾', 122, 34),
(113, 1, 10, 123, '服饰鞋帽&nbsp;&gt;&nbsp;配饰&nbsp;&gt;&nbsp;手套', '服饰鞋帽,配饰,手套', 123, 0),
(114, 1, 10, 124, '服饰鞋帽&nbsp;&gt;&nbsp;配饰&nbsp;&gt;&nbsp;帽子', '服饰鞋帽,配饰,帽子', 124, 48),
(115, 1, 10, 125, '服饰鞋帽&nbsp;&gt;&nbsp;配饰&nbsp;&gt;&nbsp;领带', '服饰鞋帽,配饰,领带', 125, 0),
(116, 1, 10, 126, '服饰鞋帽&nbsp;&gt;&nbsp;配饰&nbsp;&gt;&nbsp;袖扣', '服饰鞋帽,配饰,袖扣', 126, 0),
(117, 1, 10, 127, '服饰鞋帽&nbsp;&gt;&nbsp;配饰&nbsp;&gt;&nbsp;其他配件', '服饰鞋帽,配饰,其他配件', 127, 0),
(118, 1, 10, 128, '服饰鞋帽&nbsp;&gt;&nbsp;配饰&nbsp;&gt;&nbsp;丝巾', '服饰鞋帽,配饰,丝巾', 128, 0),
(119, 1, 10, 129, '服饰鞋帽&nbsp;&gt;&nbsp;配饰&nbsp;&gt;&nbsp;披肩', '服饰鞋帽,配饰,披肩', 129, 0),
(120, 1, 10, 130, '服饰鞋帽&nbsp;&gt;&nbsp;配饰&nbsp;&gt;&nbsp;腰带', '服饰鞋帽,配饰,腰带', 130, 0),
(121, 1, 10, 131, '服饰鞋帽&nbsp;&gt;&nbsp;配饰&nbsp;&gt;&nbsp;腰链／腰封', '服饰鞋帽,配饰,腰链／腰封', 131, 0),
(122, 1, 10, 132, '服饰鞋帽&nbsp;&gt;&nbsp;配饰&nbsp;&gt;&nbsp;棒球帽', '服饰鞋帽,配饰,棒球帽', 132, 0),
(123, 1, 10, 133, '服饰鞋帽&nbsp;&gt;&nbsp;配饰&nbsp;&gt;&nbsp;毛线', '服饰鞋帽,配饰,毛线', 133, 0),
(124, 1, 10, 134, '服饰鞋帽&nbsp;&gt;&nbsp;配饰&nbsp;&gt;&nbsp;遮阳帽', '服饰鞋帽,配饰,遮阳帽', 134, 0),
(125, 1, 10, 135, '服饰鞋帽&nbsp;&gt;&nbsp;配饰&nbsp;&gt;&nbsp;防紫外线手套', '服饰鞋帽,配饰,防紫外线手套', 135, 0),
(126, 1, 10, 136, '服饰鞋帽&nbsp;&gt;&nbsp;配饰&nbsp;&gt;&nbsp;草帽', '服饰鞋帽,配饰,草帽', 136, 0),
(127, 1, 11, 137, '服饰鞋帽&nbsp;&gt;&nbsp;童装&nbsp;&gt;&nbsp;套装', '服饰鞋帽,童装,套装', 137, 0),
(128, 1, 11, 138, '服饰鞋帽&nbsp;&gt;&nbsp;童装&nbsp;&gt;&nbsp;上衣', '服饰鞋帽,童装,上衣', 138, 0),
(129, 1, 11, 139, '服饰鞋帽&nbsp;&gt;&nbsp;童装&nbsp;&gt;&nbsp;裤子', '服饰鞋帽,童装,裤子', 139, 0),
(130, 1, 11, 140, '服饰鞋帽&nbsp;&gt;&nbsp;童装&nbsp;&gt;&nbsp;裙子', '服饰鞋帽,童装,裙子', 140, 0),
(131, 1, 11, 141, '服饰鞋帽&nbsp;&gt;&nbsp;童装&nbsp;&gt;&nbsp;内衣／家居服', '服饰鞋帽,童装,内衣／家居服', 141, 0),
(132, 1, 11, 142, '服饰鞋帽&nbsp;&gt;&nbsp;童装&nbsp;&gt;&nbsp;羽绒服／棉服', '服饰鞋帽,童装,羽绒服／棉服', 142, 0),
(133, 1, 11, 143, '服饰鞋帽&nbsp;&gt;&nbsp;童装&nbsp;&gt;&nbsp;亲子装', '服饰鞋帽,童装,亲子装', 143, 0),
(134, 1, 11, 144, '服饰鞋帽&nbsp;&gt;&nbsp;童装&nbsp;&gt;&nbsp;儿童配饰', '服饰鞋帽,童装,儿童配饰', 144, 0),
(135, 1, 11, 145, '服饰鞋帽&nbsp;&gt;&nbsp;童装&nbsp;&gt;&nbsp;礼服／演出服', '服饰鞋帽,童装,礼服／演出服', 145, 0),
(136, 1, 11, 146, '服饰鞋帽&nbsp;&gt;&nbsp;童装&nbsp;&gt;&nbsp;运动鞋', '服饰鞋帽,童装,运动鞋', 146, 0),
(137, 1, 11, 147, '服饰鞋帽&nbsp;&gt;&nbsp;童装&nbsp;&gt;&nbsp;单鞋', '服饰鞋帽,童装,单鞋', 147, 0),
(138, 1, 11, 148, '服饰鞋帽&nbsp;&gt;&nbsp;童装&nbsp;&gt;&nbsp;靴子', '服饰鞋帽,童装,靴子', 148, 0),
(139, 1, 11, 149, '服饰鞋帽&nbsp;&gt;&nbsp;童装&nbsp;&gt;&nbsp;凉鞋', '服饰鞋帽,童装,凉鞋', 149, 0),
(140, 1, 11, 150, '服饰鞋帽&nbsp;&gt;&nbsp;童装&nbsp;&gt;&nbsp;功能鞋', '服饰鞋帽,童装,功能鞋', 150, 0),
(192, 2, 151, 156, '礼品箱包&nbsp;&gt;&nbsp;潮流女包&nbsp;&gt;&nbsp;钱包/卡包', '礼品箱包,潮流女包,钱包/卡包', 156, 48),
(193, 2, 151, 157, '礼品箱包&nbsp;&gt;&nbsp;潮流女包&nbsp;&gt;&nbsp;手拿包', '礼品箱包,潮流女包,手拿包', 157, 48),
(194, 2, 151, 158, '礼品箱包&nbsp;&gt;&nbsp;潮流女包&nbsp;&gt;&nbsp;单肩包', '礼品箱包,潮流女包,单肩包', 158, 48),
(195, 2, 151, 159, '礼品箱包&nbsp;&gt;&nbsp;潮流女包&nbsp;&gt;&nbsp;双肩包', '礼品箱包,潮流女包,双肩包', 159, 48),
(196, 2, 151, 160, '礼品箱包&nbsp;&gt;&nbsp;潮流女包&nbsp;&gt;&nbsp;手提包', '礼品箱包,潮流女包,手提包', 160, 48),
(197, 2, 151, 161, '礼品箱包&nbsp;&gt;&nbsp;潮流女包&nbsp;&gt;&nbsp;斜挎包', '礼品箱包,潮流女包,斜挎包', 161, 48),
(198, 2, 152, 162, '礼品箱包&nbsp;&gt;&nbsp;时尚男包&nbsp;&gt;&nbsp;钱包/卡包', '礼品箱包,时尚男包,钱包/卡包', 162, 0),
(199, 2, 152, 163, '礼品箱包&nbsp;&gt;&nbsp;时尚男包&nbsp;&gt;&nbsp;男士手包', '礼品箱包,时尚男包,男士手包', 163, 0),
(200, 2, 152, 164, '礼品箱包&nbsp;&gt;&nbsp;时尚男包&nbsp;&gt;&nbsp;腰带／礼盒', '礼品箱包,时尚男包,腰带／礼盒', 164, 0),
(201, 2, 152, 165, '礼品箱包&nbsp;&gt;&nbsp;时尚男包&nbsp;&gt;&nbsp;商务公文包', '礼品箱包,时尚男包,商务公文包', 165, 0),
(202, 2, 153, 166, '礼品箱包&nbsp;&gt;&nbsp;功能箱包&nbsp;&gt;&nbsp;电脑数码包', '礼品箱包,功能箱包,电脑数码包', 166, 0),
(203, 2, 153, 167, '礼品箱包&nbsp;&gt;&nbsp;功能箱包&nbsp;&gt;&nbsp;拉杆箱', '礼品箱包,功能箱包,拉杆箱', 167, 0),
(204, 2, 153, 168, '礼品箱包&nbsp;&gt;&nbsp;功能箱包&nbsp;&gt;&nbsp;旅行包', '礼品箱包,功能箱包,旅行包', 168, 0),
(205, 2, 153, 169, '礼品箱包&nbsp;&gt;&nbsp;功能箱包&nbsp;&gt;&nbsp;旅行配件', '礼品箱包,功能箱包,旅行配件', 169, 0),
(206, 2, 153, 170, '礼品箱包&nbsp;&gt;&nbsp;功能箱包&nbsp;&gt;&nbsp;休闲运动包', '礼品箱包,功能箱包,休闲运动包', 170, 0),
(207, 2, 153, 171, '礼品箱包&nbsp;&gt;&nbsp;功能箱包&nbsp;&gt;&nbsp;登山包', '礼品箱包,功能箱包,登山包', 171, 0),
(208, 2, 153, 172, '礼品箱包&nbsp;&gt;&nbsp;功能箱包&nbsp;&gt;&nbsp;妈咪包', '礼品箱包,功能箱包,妈咪包', 172, 0),
(209, 2, 153, 173, '礼品箱包&nbsp;&gt;&nbsp;功能箱包&nbsp;&gt;&nbsp;书包', '礼品箱包,功能箱包,书包', 173, 0),
(210, 2, 154, 174, '礼品箱包&nbsp;&gt;&nbsp;礼品&nbsp;&gt;&nbsp;火机烟具', '礼品箱包,礼品,火机烟具', 174, 0),
(211, 2, 154, 175, '礼品箱包&nbsp;&gt;&nbsp;礼品&nbsp;&gt;&nbsp;礼品文具', '礼品箱包,礼品,礼品文具', 175, 0),
(212, 2, 154, 176, '礼品箱包&nbsp;&gt;&nbsp;礼品&nbsp;&gt;&nbsp;瑞士军刀', '礼品箱包,礼品,瑞士军刀', 176, 0),
(213, 2, 154, 177, '礼品箱包&nbsp;&gt;&nbsp;礼品&nbsp;&gt;&nbsp;收藏品', '礼品箱包,礼品,收藏品', 177, 0),
(214, 2, 154, 178, '礼品箱包&nbsp;&gt;&nbsp;礼品&nbsp;&gt;&nbsp;工艺礼品', '礼品箱包,礼品,工艺礼品', 178, 0),
(215, 2, 154, 179, '礼品箱包&nbsp;&gt;&nbsp;礼品&nbsp;&gt;&nbsp;创意礼品', '礼品箱包,礼品,创意礼品', 179, 0),
(216, 2, 154, 180, '礼品箱包&nbsp;&gt;&nbsp;礼品&nbsp;&gt;&nbsp;礼卡礼卷', '礼品箱包,礼品,礼卡礼卷', 180, 0),
(217, 2, 154, 181, '礼品箱包&nbsp;&gt;&nbsp;礼品&nbsp;&gt;&nbsp;鲜花速递', '礼品箱包,礼品,鲜花速递', 181, 0),
(218, 2, 154, 182, '礼品箱包&nbsp;&gt;&nbsp;礼品&nbsp;&gt;&nbsp;婚庆用品', '礼品箱包,礼品,婚庆用品', 182, 0),
(219, 2, 155, 184, '礼品箱包&nbsp;&gt;&nbsp;奢侈品&nbsp;&gt;&nbsp;奢侈品箱包', '礼品箱包,奢侈品,奢侈品箱包', 184, 0),
(220, 2, 155, 185, '礼品箱包&nbsp;&gt;&nbsp;奢侈品&nbsp;&gt;&nbsp;钱包', '礼品箱包,奢侈品,钱包', 185, 0),
(221, 2, 155, 186, '礼品箱包&nbsp;&gt;&nbsp;奢侈品&nbsp;&gt;&nbsp;服饰', '礼品箱包,奢侈品,服饰', 186, 0),
(222, 2, 155, 187, '礼品箱包&nbsp;&gt;&nbsp;奢侈品&nbsp;&gt;&nbsp;腰带', '礼品箱包,奢侈品,腰带', 187, 0),
(223, 2, 155, 188, '礼品箱包&nbsp;&gt;&nbsp;奢侈品&nbsp;&gt;&nbsp;太阳镜眼镜', '礼品箱包,奢侈品,太阳镜眼镜', 188, 0),
(224, 2, 155, 189, '礼品箱包&nbsp;&gt;&nbsp;奢侈品&nbsp;&gt;&nbsp;配件', '礼品箱包,奢侈品,配件', 189, 0),
(225, 2, 155, 190, '礼品箱包&nbsp;&gt;&nbsp;奢侈品&nbsp;&gt;&nbsp;GUCCI', '礼品箱包,奢侈品,GUCCI', 190, 0),
(226, 2, 155, 191, '礼品箱包&nbsp;&gt;&nbsp;奢侈品&nbsp;&gt;&nbsp;PRADA', '礼品箱包,奢侈品,PRADA', 191, 0),
(227, 2, 155, 192, '礼品箱包&nbsp;&gt;&nbsp;奢侈品&nbsp;&gt;&nbsp;FENDI', '礼品箱包,奢侈品,FENDI', 192, 0),
(228, 2, 155, 193, '礼品箱包&nbsp;&gt;&nbsp;奢侈品&nbsp;&gt;&nbsp;BURBERRY', '礼品箱包,奢侈品,BURBERRY', 193, 0),
(229, 2, 155, 194, '礼品箱包&nbsp;&gt;&nbsp;奢侈品&nbsp;&gt;&nbsp;MONTBLANC', '礼品箱包,奢侈品,MONTBLANC', 194, 0),
(230, 2, 155, 195, '礼品箱包&nbsp;&gt;&nbsp;奢侈品&nbsp;&gt;&nbsp;ARMANI', '礼品箱包,奢侈品,ARMANI', 195, 0),
(231, 2, 155, 196, '礼品箱包&nbsp;&gt;&nbsp;奢侈品&nbsp;&gt;&nbsp;RIMOWA', '礼品箱包,奢侈品,RIMOWA', 196, 0),
(232, 2, 155, 197, '礼品箱包&nbsp;&gt;&nbsp;奢侈品&nbsp;&gt;&nbsp;RAY-BAN', '礼品箱包,奢侈品,RAY-BAN', 197, 0),
(233, 2, 155, 198, '礼品箱包&nbsp;&gt;&nbsp;奢侈品&nbsp;&gt;&nbsp;COACH', '礼品箱包,奢侈品,COACH', 198, 0),
(234, 2, 155, 199, '礼品箱包&nbsp;&gt;&nbsp;奢侈品&nbsp;&gt;&nbsp;更多品牌', '礼品箱包,奢侈品,更多品牌', 199, 0),
(235, 256, 1034, 1035, '数码办公&nbsp;&gt;&nbsp;手机通讯&nbsp;&gt;&nbsp;手机', '数码办公,手机通讯,手机', 1035, 41),
(236, 256, 1034, 1036, '数码办公&nbsp;&gt;&nbsp;手机通讯&nbsp;&gt;&nbsp;对讲机', '数码办公,手机通讯,对讲机', 1036, 0),
(237, 256, 258, 264, '数码办公&nbsp;&gt;&nbsp;手机配件&nbsp;&gt;&nbsp;手机电池', '数码办公,手机配件,手机电池', 264, 0),
(238, 256, 258, 265, '数码办公&nbsp;&gt;&nbsp;手机配件&nbsp;&gt;&nbsp;蓝牙耳机', '数码办公,手机配件,蓝牙耳机', 265, 0),
(239, 256, 258, 266, '数码办公&nbsp;&gt;&nbsp;手机配件&nbsp;&gt;&nbsp;充电器/数据线', '数码办公,手机配件,充电器/数据线', 266, 0),
(240, 256, 258, 267, '数码办公&nbsp;&gt;&nbsp;手机配件&nbsp;&gt;&nbsp;手机耳机', '数码办公,手机配件,手机耳机', 267, 0),
(241, 256, 258, 268, '数码办公&nbsp;&gt;&nbsp;手机配件&nbsp;&gt;&nbsp;手机贴膜', '数码办公,手机配件,手机贴膜', 268, 0),
(242, 256, 258, 269, '数码办公&nbsp;&gt;&nbsp;手机配件&nbsp;&gt;&nbsp;手机存储卡', '数码办公,手机配件,手机存储卡', 269, 49),
(243, 256, 258, 270, '数码办公&nbsp;&gt;&nbsp;手机配件&nbsp;&gt;&nbsp;手机保护套', '数码办公,手机配件,手机保护套', 270, 0),
(244, 256, 258, 271, '数码办公&nbsp;&gt;&nbsp;手机配件&nbsp;&gt;&nbsp;车载配件', '数码办公,手机配件,车载配件', 271, 0),
(245, 256, 258, 272, '数码办公&nbsp;&gt;&nbsp;手机配件&nbsp;&gt;&nbsp;iPhone 配件', '数码办公,手机配件,iPhone 配件', 272, 0),
(246, 256, 258, 273, '数码办公&nbsp;&gt;&nbsp;手机配件&nbsp;&gt;&nbsp;创意配件', '数码办公,手机配件,创意配件', 273, 0),
(247, 256, 258, 274, '数码办公&nbsp;&gt;&nbsp;手机配件&nbsp;&gt;&nbsp;便携/无线音响', '数码办公,手机配件,便携/无线音响', 274, 0),
(248, 256, 258, 275, '数码办公&nbsp;&gt;&nbsp;手机配件&nbsp;&gt;&nbsp;手机饰品', '数码办公,手机配件,手机饰品', 275, 0),
(249, 256, 259, 276, '数码办公&nbsp;&gt;&nbsp;摄影摄像&nbsp;&gt;&nbsp;数码相机', '数码办公,摄影摄像,数码相机', 276, 0),
(250, 256, 259, 277, '数码办公&nbsp;&gt;&nbsp;摄影摄像&nbsp;&gt;&nbsp;单电/微单相机', '数码办公,摄影摄像,单电/微单相机', 277, 0),
(251, 256, 259, 278, '数码办公&nbsp;&gt;&nbsp;摄影摄像&nbsp;&gt;&nbsp;单反相机', '数码办公,摄影摄像,单反相机', 278, 0),
(252, 256, 259, 279, '数码办公&nbsp;&gt;&nbsp;摄影摄像&nbsp;&gt;&nbsp;摄像机', '数码办公,摄影摄像,摄像机', 279, 0),
(253, 256, 259, 280, '数码办公&nbsp;&gt;&nbsp;摄影摄像&nbsp;&gt;&nbsp;拍立得', '数码办公,摄影摄像,拍立得', 280, 0),
(254, 256, 259, 281, '数码办公&nbsp;&gt;&nbsp;摄影摄像&nbsp;&gt;&nbsp;镜头', '数码办公,摄影摄像,镜头', 281, 0),
(255, 256, 260, 282, '数码办公&nbsp;&gt;&nbsp;数码配件&nbsp;&gt;&nbsp;存储卡', '数码办公,数码配件,存储卡', 282, 0),
(256, 256, 260, 283, '数码办公&nbsp;&gt;&nbsp;数码配件&nbsp;&gt;&nbsp;读卡器', '数码办公,数码配件,读卡器', 283, 0),
(257, 256, 260, 284, '数码办公&nbsp;&gt;&nbsp;数码配件&nbsp;&gt;&nbsp;滤镜', '数码办公,数码配件,滤镜', 284, 0),
(258, 256, 260, 285, '数码办公&nbsp;&gt;&nbsp;数码配件&nbsp;&gt;&nbsp;闪光灯/手柄', '数码办公,数码配件,闪光灯/手柄', 285, 0),
(259, 256, 260, 286, '数码办公&nbsp;&gt;&nbsp;数码配件&nbsp;&gt;&nbsp;相机包', '数码办公,数码配件,相机包', 286, 0),
(260, 256, 260, 287, '数码办公&nbsp;&gt;&nbsp;数码配件&nbsp;&gt;&nbsp;三脚架/云台', '数码办公,数码配件,三脚架/云台', 287, 0),
(261, 256, 260, 288, '数码办公&nbsp;&gt;&nbsp;数码配件&nbsp;&gt;&nbsp;相机清洁', '数码办公,数码配件,相机清洁', 288, 0),
(262, 256, 260, 289, '数码办公&nbsp;&gt;&nbsp;数码配件&nbsp;&gt;&nbsp;相机贴膜', '数码办公,数码配件,相机贴膜', 289, 0),
(263, 256, 260, 290, '数码办公&nbsp;&gt;&nbsp;数码配件&nbsp;&gt;&nbsp;机身附件', '数码办公,数码配件,机身附件', 290, 0),
(264, 256, 260, 291, '数码办公&nbsp;&gt;&nbsp;数码配件&nbsp;&gt;&nbsp;镜头附件', '数码办公,数码配件,镜头附件', 291, 0),
(265, 256, 260, 292, '数码办公&nbsp;&gt;&nbsp;数码配件&nbsp;&gt;&nbsp;电池/充电器', '数码办公,数码配件,电池/充电器', 292, 0),
(266, 256, 260, 293, '数码办公&nbsp;&gt;&nbsp;数码配件&nbsp;&gt;&nbsp;移动电源', '数码办公,数码配件,移动电源', 293, 0),
(267, 256, 261, 294, '数码办公&nbsp;&gt;&nbsp;时尚影音&nbsp;&gt;&nbsp;MP3/MP4', '数码办公,时尚影音,MP3/MP4', 294, 0),
(268, 256, 261, 295, '数码办公&nbsp;&gt;&nbsp;时尚影音&nbsp;&gt;&nbsp;智能设备', '数码办公,时尚影音,智能设备', 295, 0),
(269, 256, 261, 296, '数码办公&nbsp;&gt;&nbsp;时尚影音&nbsp;&gt;&nbsp;耳机/耳麦', '数码办公,时尚影音,耳机/耳麦', 296, 0),
(270, 256, 261, 297, '数码办公&nbsp;&gt;&nbsp;时尚影音&nbsp;&gt;&nbsp;音箱', '数码办公,时尚影音,音箱', 297, 0),
(271, 256, 261, 298, '数码办公&nbsp;&gt;&nbsp;时尚影音&nbsp;&gt;&nbsp;高清播放器', '数码办公,时尚影音,高清播放器', 298, 0),
(272, 256, 261, 299, '数码办公&nbsp;&gt;&nbsp;时尚影音&nbsp;&gt;&nbsp;电子书', '数码办公,时尚影音,电子书', 299, 0),
(273, 256, 261, 300, '数码办公&nbsp;&gt;&nbsp;时尚影音&nbsp;&gt;&nbsp;电子词典', '数码办公,时尚影音,电子词典', 300, 0),
(274, 256, 261, 301, '数码办公&nbsp;&gt;&nbsp;时尚影音&nbsp;&gt;&nbsp;MP3/MP4配件', '数码办公,时尚影音,MP3/MP4配件', 301, 0),
(275, 256, 261, 302, '数码办公&nbsp;&gt;&nbsp;时尚影音&nbsp;&gt;&nbsp;录音笔', '数码办公,时尚影音,录音笔', 302, 0),
(276, 256, 261, 303, '数码办公&nbsp;&gt;&nbsp;时尚影音&nbsp;&gt;&nbsp;麦克风', '数码办公,时尚影音,麦克风', 303, 0),
(277, 256, 261, 304, '数码办公&nbsp;&gt;&nbsp;时尚影音&nbsp;&gt;&nbsp;专业音频', '数码办公,时尚影音,专业音频', 304, 0),
(278, 256, 261, 305, '数码办公&nbsp;&gt;&nbsp;时尚影音&nbsp;&gt;&nbsp;电子教育', '数码办公,时尚影音,电子教育', 305, 0),
(279, 256, 261, 306, '数码办公&nbsp;&gt;&nbsp;时尚影音&nbsp;&gt;&nbsp;数码相框', '数码办公,时尚影音,数码相框', 306, 0),
(280, 256, 261, 307, '数码办公&nbsp;&gt;&nbsp;时尚影音&nbsp;&gt;&nbsp;苹果配件', '数码办公,时尚影音,苹果配件', 307, 0),
(281, 256, 390, 398, '数码办公&nbsp;&gt;&nbsp;电脑整机&nbsp;&gt;&nbsp;笔记本', '数码办公,电脑整机,笔记本', 398, 0),
(282, 256, 390, 399, '数码办公&nbsp;&gt;&nbsp;电脑整机&nbsp;&gt;&nbsp;超极本', '数码办公,电脑整机,超极本', 399, 0),
(283, 256, 390, 400, '数码办公&nbsp;&gt;&nbsp;电脑整机&nbsp;&gt;&nbsp;游戏本', '数码办公,电脑整机,游戏本', 400, 0),
(284, 256, 390, 401, '数码办公&nbsp;&gt;&nbsp;电脑整机&nbsp;&gt;&nbsp;平板电脑', '数码办公,电脑整机,平板电脑', 401, 0),
(285, 256, 390, 402, '数码办公&nbsp;&gt;&nbsp;电脑整机&nbsp;&gt;&nbsp;平板电脑配件', '数码办公,电脑整机,平板电脑配件', 402, 0),
(286, 256, 390, 403, '数码办公&nbsp;&gt;&nbsp;电脑整机&nbsp;&gt;&nbsp;台式机', '数码办公,电脑整机,台式机', 403, 0),
(287, 256, 390, 404, '数码办公&nbsp;&gt;&nbsp;电脑整机&nbsp;&gt;&nbsp;服务器', '数码办公,电脑整机,服务器', 404, 0),
(288, 256, 390, 405, '数码办公&nbsp;&gt;&nbsp;电脑整机&nbsp;&gt;&nbsp;笔记本配件', '数码办公,电脑整机,笔记本配件', 405, 0),
(289, 256, 391, 406, '数码办公&nbsp;&gt;&nbsp;电脑配件&nbsp;&gt;&nbsp;CPU', '数码办公,电脑配件,CPU', 406, 0),
(290, 256, 391, 407, '数码办公&nbsp;&gt;&nbsp;电脑配件&nbsp;&gt;&nbsp;主板', '数码办公,电脑配件,主板', 407, 0),
(291, 256, 391, 408, '数码办公&nbsp;&gt;&nbsp;电脑配件&nbsp;&gt;&nbsp;显卡', '数码办公,电脑配件,显卡', 408, 0),
(292, 256, 391, 409, '数码办公&nbsp;&gt;&nbsp;电脑配件&nbsp;&gt;&nbsp;硬盘', '数码办公,电脑配件,硬盘', 409, 0),
(293, 256, 391, 410, '数码办公&nbsp;&gt;&nbsp;电脑配件&nbsp;&gt;&nbsp;SSD固态硬盘', '数码办公,电脑配件,SSD固态硬盘', 410, 0),
(294, 256, 391, 411, '数码办公&nbsp;&gt;&nbsp;电脑配件&nbsp;&gt;&nbsp;内存', '数码办公,电脑配件,内存', 411, 0),
(295, 256, 391, 412, '数码办公&nbsp;&gt;&nbsp;电脑配件&nbsp;&gt;&nbsp;机箱', '数码办公,电脑配件,机箱', 412, 0),
(296, 256, 391, 413, '数码办公&nbsp;&gt;&nbsp;电脑配件&nbsp;&gt;&nbsp;电源', '数码办公,电脑配件,电源', 413, 0),
(297, 256, 391, 414, '数码办公&nbsp;&gt;&nbsp;电脑配件&nbsp;&gt;&nbsp;显示器', '数码办公,电脑配件,显示器', 414, 0),
(298, 256, 391, 415, '数码办公&nbsp;&gt;&nbsp;电脑配件&nbsp;&gt;&nbsp;刻录机/光驱', '数码办公,电脑配件,刻录机/光驱', 415, 0),
(299, 256, 391, 416, '数码办公&nbsp;&gt;&nbsp;电脑配件&nbsp;&gt;&nbsp;散热器', '数码办公,电脑配件,散热器', 416, 0),
(300, 256, 391, 417, '数码办公&nbsp;&gt;&nbsp;电脑配件&nbsp;&gt;&nbsp;声卡/扩展卡', '数码办公,电脑配件,声卡/扩展卡', 417, 0),
(301, 256, 391, 418, '数码办公&nbsp;&gt;&nbsp;电脑配件&nbsp;&gt;&nbsp;装机配件', '数码办公,电脑配件,装机配件', 418, 0),
(302, 256, 392, 419, '数码办公&nbsp;&gt;&nbsp;外设产品&nbsp;&gt;&nbsp;鼠标', '数码办公,外设产品,鼠标', 419, 0),
(303, 256, 392, 420, '数码办公&nbsp;&gt;&nbsp;外设产品&nbsp;&gt;&nbsp;键盘', '数码办公,外设产品,键盘', 420, 0),
(304, 256, 392, 421, '数码办公&nbsp;&gt;&nbsp;外设产品&nbsp;&gt;&nbsp;移动硬盘', '数码办公,外设产品,移动硬盘', 421, 0),
(305, 256, 392, 422, '数码办公&nbsp;&gt;&nbsp;外设产品&nbsp;&gt;&nbsp;U盘', '数码办公,外设产品,U盘', 422, 0),
(306, 256, 392, 423, '数码办公&nbsp;&gt;&nbsp;外设产品&nbsp;&gt;&nbsp;摄像头', '数码办公,外设产品,摄像头', 423, 0),
(307, 256, 392, 424, '数码办公&nbsp;&gt;&nbsp;外设产品&nbsp;&gt;&nbsp;外置盒', '数码办公,外设产品,外置盒', 424, 0),
(308, 256, 392, 425, '数码办公&nbsp;&gt;&nbsp;外设产品&nbsp;&gt;&nbsp;游戏设备', '数码办公,外设产品,游戏设备', 425, 0),
(309, 256, 392, 426, '数码办公&nbsp;&gt;&nbsp;外设产品&nbsp;&gt;&nbsp;电视盒', '数码办公,外设产品,电视盒', 426, 0),
(310, 256, 392, 427, '数码办公&nbsp;&gt;&nbsp;外设产品&nbsp;&gt;&nbsp;手写板', '数码办公,外设产品,手写板', 427, 0),
(311, 256, 392, 428, '数码办公&nbsp;&gt;&nbsp;外设产品&nbsp;&gt;&nbsp;鼠标垫', '数码办公,外设产品,鼠标垫', 428, 0),
(312, 256, 392, 429, '数码办公&nbsp;&gt;&nbsp;外设产品&nbsp;&gt;&nbsp;插座', '数码办公,外设产品,插座', 429, 0),
(313, 256, 392, 430, '数码办公&nbsp;&gt;&nbsp;外设产品&nbsp;&gt;&nbsp;UPS电源', '数码办公,外设产品,UPS电源', 430, 0),
(314, 256, 392, 431, '数码办公&nbsp;&gt;&nbsp;外设产品&nbsp;&gt;&nbsp;线缆', '数码办公,外设产品,线缆', 431, 0),
(315, 256, 392, 432, '数码办公&nbsp;&gt;&nbsp;外设产品&nbsp;&gt;&nbsp;电脑工具', '数码办公,外设产品,电脑工具', 432, 0),
(316, 256, 392, 433, '数码办公&nbsp;&gt;&nbsp;外设产品&nbsp;&gt;&nbsp;电脑清洁', '数码办公,外设产品,电脑清洁', 433, 0),
(317, 256, 393, 434, '数码办公&nbsp;&gt;&nbsp;网络产品&nbsp;&gt;&nbsp;路由器', '数码办公,网络产品,路由器', 434, 0),
(318, 256, 393, 435, '数码办公&nbsp;&gt;&nbsp;网络产品&nbsp;&gt;&nbsp;网卡', '数码办公,网络产品,网卡', 435, 0),
(319, 256, 393, 436, '数码办公&nbsp;&gt;&nbsp;网络产品&nbsp;&gt;&nbsp;交换机', '数码办公,网络产品,交换机', 436, 0),
(320, 256, 393, 437, '数码办公&nbsp;&gt;&nbsp;网络产品&nbsp;&gt;&nbsp;网络存储', '数码办公,网络产品,网络存储', 437, 0),
(321, 256, 393, 438, '数码办公&nbsp;&gt;&nbsp;网络产品&nbsp;&gt;&nbsp;3G上网', '数码办公,网络产品,3G上网', 438, 0),
(322, 256, 393, 439, '数码办公&nbsp;&gt;&nbsp;网络产品&nbsp;&gt;&nbsp;网络盒子', '数码办公,网络产品,网络盒子', 439, 0),
(323, 256, 394, 440, '数码办公&nbsp;&gt;&nbsp;办公打印&nbsp;&gt;&nbsp;打印机', '数码办公,办公打印,打印机', 440, 0),
(324, 256, 394, 441, '数码办公&nbsp;&gt;&nbsp;办公打印&nbsp;&gt;&nbsp;一体机', '数码办公,办公打印,一体机', 441, 0),
(325, 256, 394, 442, '数码办公&nbsp;&gt;&nbsp;办公打印&nbsp;&gt;&nbsp;投影机', '数码办公,办公打印,投影机', 442, 0),
(326, 256, 394, 443, '数码办公&nbsp;&gt;&nbsp;办公打印&nbsp;&gt;&nbsp;投影配件', '数码办公,办公打印,投影配件', 443, 0),
(327, 256, 394, 444, '数码办公&nbsp;&gt;&nbsp;办公打印&nbsp;&gt;&nbsp;传真机', '数码办公,办公打印,传真机', 444, 0),
(328, 256, 394, 445, '数码办公&nbsp;&gt;&nbsp;办公打印&nbsp;&gt;&nbsp;复合机', '数码办公,办公打印,复合机', 445, 0),
(329, 256, 394, 446, '数码办公&nbsp;&gt;&nbsp;办公打印&nbsp;&gt;&nbsp;碎纸机', '数码办公,办公打印,碎纸机', 446, 0),
(330, 256, 394, 447, '数码办公&nbsp;&gt;&nbsp;办公打印&nbsp;&gt;&nbsp;扫描仪', '数码办公,办公打印,扫描仪', 447, 0),
(331, 256, 394, 448, '数码办公&nbsp;&gt;&nbsp;办公打印&nbsp;&gt;&nbsp;墨盒', '数码办公,办公打印,墨盒', 448, 0),
(332, 256, 394, 449, '数码办公&nbsp;&gt;&nbsp;办公打印&nbsp;&gt;&nbsp;硒鼓', '数码办公,办公打印,硒鼓', 449, 0),
(333, 256, 394, 450, '数码办公&nbsp;&gt;&nbsp;办公打印&nbsp;&gt;&nbsp;墨粉', '数码办公,办公打印,墨粉', 450, 0),
(334, 256, 394, 451, '数码办公&nbsp;&gt;&nbsp;办公打印&nbsp;&gt;&nbsp;色带', '数码办公,办公打印,色带', 451, 0),
(335, 256, 395, 452, '数码办公&nbsp;&gt;&nbsp;办公文仪&nbsp;&gt;&nbsp;办公文具', '数码办公,办公文仪,办公文具', 452, 0),
(336, 256, 395, 453, '数码办公&nbsp;&gt;&nbsp;办公文仪&nbsp;&gt;&nbsp;文件管理', '数码办公,办公文仪,文件管理', 453, 0),
(337, 256, 395, 454, '数码办公&nbsp;&gt;&nbsp;办公文仪&nbsp;&gt;&nbsp;笔类', '数码办公,办公文仪,笔类', 454, 0),
(338, 256, 395, 455, '数码办公&nbsp;&gt;&nbsp;办公文仪&nbsp;&gt;&nbsp;纸类', '数码办公,办公文仪,纸类', 455, 0),
(339, 256, 395, 456, '数码办公&nbsp;&gt;&nbsp;办公文仪&nbsp;&gt;&nbsp;本册/便签', '数码办公,办公文仪,本册/便签', 456, 0),
(340, 256, 395, 457, '数码办公&nbsp;&gt;&nbsp;办公文仪&nbsp;&gt;&nbsp;学生文具', '数码办公,办公文仪,学生文具', 457, 0),
(341, 256, 395, 458, '数码办公&nbsp;&gt;&nbsp;办公文仪&nbsp;&gt;&nbsp;财务用品', '数码办公,办公文仪,财务用品', 458, 0),
(342, 256, 395, 459, '数码办公&nbsp;&gt;&nbsp;办公文仪&nbsp;&gt;&nbsp;计算器', '数码办公,办公文仪,计算器', 459, 0),
(343, 256, 395, 460, '数码办公&nbsp;&gt;&nbsp;办公文仪&nbsp;&gt;&nbsp;激光笔', '数码办公,办公文仪,激光笔', 460, 0),
(344, 256, 395, 461, '数码办公&nbsp;&gt;&nbsp;办公文仪&nbsp;&gt;&nbsp;白板/封装', '数码办公,办公文仪,白板/封装', 461, 0),
(345, 256, 395, 462, '数码办公&nbsp;&gt;&nbsp;办公文仪&nbsp;&gt;&nbsp;考勤机', '数码办公,办公文仪,考勤机', 462, 0),
(346, 256, 395, 463, '数码办公&nbsp;&gt;&nbsp;办公文仪&nbsp;&gt;&nbsp;刻录碟片/附件', '数码办公,办公文仪,刻录碟片/附件', 463, 0),
(347, 256, 395, 464, '数码办公&nbsp;&gt;&nbsp;办公文仪&nbsp;&gt;&nbsp;点钞机', '数码办公,办公文仪,点钞机', 464, 0),
(348, 256, 395, 465, '数码办公&nbsp;&gt;&nbsp;办公文仪&nbsp;&gt;&nbsp;支付设备/POS机', '数码办公,办公文仪,支付设备/POS机', 465, 0),
(349, 256, 395, 466, '数码办公&nbsp;&gt;&nbsp;办公文仪&nbsp;&gt;&nbsp;安防监控', '数码办公,办公文仪,安防监控', 466, 0),
(350, 256, 395, 467, '数码办公&nbsp;&gt;&nbsp;办公文仪&nbsp;&gt;&nbsp;呼叫/会议设备', '数码办公,办公文仪,呼叫/会议设备', 467, 0),
(351, 256, 395, 468, '数码办公&nbsp;&gt;&nbsp;办公文仪&nbsp;&gt;&nbsp;保险柜', '数码办公,办公文仪,保险柜', 468, 0),
(352, 256, 395, 469, '数码办公&nbsp;&gt;&nbsp;办公文仪&nbsp;&gt;&nbsp;办公家具', '数码办公,办公文仪,办公家具', 469, 0),
(353, 308, 309, 314, '家用电器&nbsp;&gt;&nbsp;大家电&nbsp;&gt;&nbsp;平板电视', '家用电器,大家电,平板电视', 314, 0),
(354, 308, 309, 315, '家用电器&nbsp;&gt;&nbsp;大家电&nbsp;&gt;&nbsp;空调', '家用电器,大家电,空调', 315, 0),
(355, 308, 309, 316, '家用电器&nbsp;&gt;&nbsp;大家电&nbsp;&gt;&nbsp;冰箱', '家用电器,大家电,冰箱', 316, 0),
(356, 308, 309, 317, '家用电器&nbsp;&gt;&nbsp;大家电&nbsp;&gt;&nbsp;洗衣机', '家用电器,大家电,洗衣机', 317, 0),
(357, 308, 309, 318, '家用电器&nbsp;&gt;&nbsp;大家电&nbsp;&gt;&nbsp;家庭影院', '家用电器,大家电,家庭影院', 318, 0),
(358, 308, 309, 319, '家用电器&nbsp;&gt;&nbsp;大家电&nbsp;&gt;&nbsp;DVD播放机', '家用电器,大家电,DVD播放机', 319, 0),
(359, 308, 309, 320, '家用电器&nbsp;&gt;&nbsp;大家电&nbsp;&gt;&nbsp;迷你音响', '家用电器,大家电,迷你音响', 320, 0),
(360, 308, 309, 321, '家用电器&nbsp;&gt;&nbsp;大家电&nbsp;&gt;&nbsp;烟机/灶具', '家用电器,大家电,烟机/灶具', 321, 0),
(361, 308, 309, 322, '家用电器&nbsp;&gt;&nbsp;大家电&nbsp;&gt;&nbsp;热水器', '家用电器,大家电,热水器', 322, 0),
(362, 308, 309, 323, '家用电器&nbsp;&gt;&nbsp;大家电&nbsp;&gt;&nbsp;消毒柜/洗碗机', '家用电器,大家电,消毒柜/洗碗机', 323, 0),
(363, 308, 309, 324, '家用电器&nbsp;&gt;&nbsp;大家电&nbsp;&gt;&nbsp;酒柜/冰吧/冷柜', '家用电器,大家电,酒柜/冰吧/冷柜', 324, 0),
(364, 308, 309, 325, '家用电器&nbsp;&gt;&nbsp;大家电&nbsp;&gt;&nbsp;家电配件', '家用电器,大家电,家电配件', 325, 0),
(365, 308, 310, 326, '家用电器&nbsp;&gt;&nbsp;生活电器&nbsp;&gt;&nbsp;净化器', '家用电器,生活电器,净化器', 326, 0),
(366, 308, 310, 327, '家用电器&nbsp;&gt;&nbsp;生活电器&nbsp;&gt;&nbsp;电风扇', '家用电器,生活电器,电风扇', 327, 0),
(367, 308, 310, 328, '家用电器&nbsp;&gt;&nbsp;生活电器&nbsp;&gt;&nbsp;吸尘器', '家用电器,生活电器,吸尘器', 328, 0),
(368, 308, 310, 329, '家用电器&nbsp;&gt;&nbsp;生活电器&nbsp;&gt;&nbsp;加湿器', '家用电器,生活电器,加湿器', 329, 0),
(369, 308, 310, 330, '家用电器&nbsp;&gt;&nbsp;生活电器&nbsp;&gt;&nbsp;净水设备', '家用电器,生活电器,净水设备', 330, 0),
(370, 308, 310, 331, '家用电器&nbsp;&gt;&nbsp;生活电器&nbsp;&gt;&nbsp;饮水机', '家用电器,生活电器,饮水机', 331, 0),
(371, 308, 310, 332, '家用电器&nbsp;&gt;&nbsp;生活电器&nbsp;&gt;&nbsp;冷风扇', '家用电器,生活电器,冷风扇', 332, 0),
(372, 308, 310, 333, '家用电器&nbsp;&gt;&nbsp;生活电器&nbsp;&gt;&nbsp;挂烫机/熨斗', '家用电器,生活电器,挂烫机/熨斗', 333, 0),
(373, 308, 310, 334, '家用电器&nbsp;&gt;&nbsp;生活电器&nbsp;&gt;&nbsp;电话机', '家用电器,生活电器,电话机', 334, 0),
(374, 308, 310, 335, '家用电器&nbsp;&gt;&nbsp;生活电器&nbsp;&gt;&nbsp;插座', '家用电器,生活电器,插座', 335, 0),
(375, 308, 310, 336, '家用电器&nbsp;&gt;&nbsp;生活电器&nbsp;&gt;&nbsp;收录/音机', '家用电器,生活电器,收录/音机', 336, 0),
(376, 308, 310, 337, '家用电器&nbsp;&gt;&nbsp;生活电器&nbsp;&gt;&nbsp;除湿/干衣机', '家用电器,生活电器,除湿/干衣机', 337, 0),
(377, 308, 310, 338, '家用电器&nbsp;&gt;&nbsp;生活电器&nbsp;&gt;&nbsp;清洁机', '家用电器,生活电器,清洁机', 338, 0),
(378, 308, 310, 339, '家用电器&nbsp;&gt;&nbsp;生活电器&nbsp;&gt;&nbsp;取暖电器', '家用电器,生活电器,取暖电器', 339, 0),
(379, 308, 310, 340, '家用电器&nbsp;&gt;&nbsp;生活电器&nbsp;&gt;&nbsp;其它生活电器', '家用电器,生活电器,其它生活电器', 340, 0),
(380, 308, 311, 341, '家用电器&nbsp;&gt;&nbsp;厨房电器&nbsp;&gt;&nbsp;料理/榨汁机', '家用电器,厨房电器,料理/榨汁机', 341, 0),
(381, 308, 311, 342, '家用电器&nbsp;&gt;&nbsp;厨房电器&nbsp;&gt;&nbsp;豆浆机', '家用电器,厨房电器,豆浆机', 342, 0),
(382, 308, 311, 343, '家用电器&nbsp;&gt;&nbsp;厨房电器&nbsp;&gt;&nbsp;电饭煲', '家用电器,厨房电器,电饭煲', 343, 0),
(383, 308, 311, 344, '家用电器&nbsp;&gt;&nbsp;厨房电器&nbsp;&gt;&nbsp;电压力锅', '家用电器,厨房电器,电压力锅', 344, 0),
(384, 308, 311, 345, '家用电器&nbsp;&gt;&nbsp;厨房电器&nbsp;&gt;&nbsp;面包机', '家用电器,厨房电器,面包机', 345, 0),
(385, 308, 311, 346, '家用电器&nbsp;&gt;&nbsp;厨房电器&nbsp;&gt;&nbsp;咖啡机', '家用电器,厨房电器,咖啡机', 346, 0),
(386, 308, 311, 347, '家用电器&nbsp;&gt;&nbsp;厨房电器&nbsp;&gt;&nbsp;微波炉', '家用电器,厨房电器,微波炉', 347, 0),
(387, 308, 311, 348, '家用电器&nbsp;&gt;&nbsp;厨房电器&nbsp;&gt;&nbsp;电烤箱', '家用电器,厨房电器,电烤箱', 348, 0),
(388, 308, 311, 349, '家用电器&nbsp;&gt;&nbsp;厨房电器&nbsp;&gt;&nbsp;电磁炉', '家用电器,厨房电器,电磁炉', 349, 0),
(389, 308, 311, 350, '家用电器&nbsp;&gt;&nbsp;厨房电器&nbsp;&gt;&nbsp;电饼铛/烧烤盘', '家用电器,厨房电器,电饼铛/烧烤盘', 350, 0),
(390, 308, 311, 351, '家用电器&nbsp;&gt;&nbsp;厨房电器&nbsp;&gt;&nbsp;煮蛋器', '家用电器,厨房电器,煮蛋器', 351, 0),
(391, 308, 311, 352, '家用电器&nbsp;&gt;&nbsp;厨房电器&nbsp;&gt;&nbsp;酸奶机', '家用电器,厨房电器,酸奶机', 352, 0),
(392, 308, 311, 353, '家用电器&nbsp;&gt;&nbsp;厨房电器&nbsp;&gt;&nbsp;电炖锅', '家用电器,厨房电器,电炖锅', 353, 0),
(393, 308, 311, 354, '家用电器&nbsp;&gt;&nbsp;厨房电器&nbsp;&gt;&nbsp;电水壶/热水瓶', '家用电器,厨房电器,电水壶/热水瓶', 354, 0),
(394, 308, 311, 355, '家用电器&nbsp;&gt;&nbsp;厨房电器&nbsp;&gt;&nbsp;多用途锅', '家用电器,厨房电器,多用途锅', 355, 0),
(395, 308, 311, 356, '家用电器&nbsp;&gt;&nbsp;厨房电器&nbsp;&gt;&nbsp;果蔬解毒机', '家用电器,厨房电器,果蔬解毒机', 356, 0),
(396, 308, 311, 357, '家用电器&nbsp;&gt;&nbsp;厨房电器&nbsp;&gt;&nbsp;其它厨房电器', '家用电器,厨房电器,其它厨房电器', 357, 0),
(397, 308, 312, 358, '家用电器&nbsp;&gt;&nbsp;个护健康&nbsp;&gt;&nbsp;剃须刀', '家用电器,个护健康,剃须刀', 358, 0),
(398, 308, 312, 359, '家用电器&nbsp;&gt;&nbsp;个护健康&nbsp;&gt;&nbsp;剃/脱毛器', '家用电器,个护健康,剃/脱毛器', 359, 0),
(399, 308, 312, 360, '家用电器&nbsp;&gt;&nbsp;个护健康&nbsp;&gt;&nbsp;口腔护理', '家用电器,个护健康,口腔护理', 360, 0),
(400, 308, 312, 361, '家用电器&nbsp;&gt;&nbsp;个护健康&nbsp;&gt;&nbsp;电吹风', '家用电器,个护健康,电吹风', 361, 0),
(401, 308, 312, 362, '家用电器&nbsp;&gt;&nbsp;个护健康&nbsp;&gt;&nbsp;美容器', '家用电器,个护健康,美容器', 362, 0),
(402, 308, 312, 363, '家用电器&nbsp;&gt;&nbsp;个护健康&nbsp;&gt;&nbsp;美发器', '家用电器,个护健康,美发器', 363, 0),
(403, 308, 312, 364, '家用电器&nbsp;&gt;&nbsp;个护健康&nbsp;&gt;&nbsp;按摩椅', '家用电器,个护健康,按摩椅', 364, 0),
(404, 308, 312, 365, '家用电器&nbsp;&gt;&nbsp;个护健康&nbsp;&gt;&nbsp;按摩器', '家用电器,个护健康,按摩器', 365, 0),
(405, 308, 312, 366, '家用电器&nbsp;&gt;&nbsp;个护健康&nbsp;&gt;&nbsp;足浴盆', '家用电器,个护健康,足浴盆', 366, 0),
(406, 308, 312, 367, '家用电器&nbsp;&gt;&nbsp;个护健康&nbsp;&gt;&nbsp;血压计', '家用电器,个护健康,血压计', 367, 0),
(407, 308, 312, 368, '家用电器&nbsp;&gt;&nbsp;个护健康&nbsp;&gt;&nbsp;健康秤/厨房秤', '家用电器,个护健康,健康秤/厨房秤', 368, 0),
(408, 308, 312, 369, '家用电器&nbsp;&gt;&nbsp;个护健康&nbsp;&gt;&nbsp;血糖仪', '家用电器,个护健康,血糖仪', 369, 0),
(409, 308, 312, 370, '家用电器&nbsp;&gt;&nbsp;个护健康&nbsp;&gt;&nbsp;体温计', '家用电器,个护健康,体温计', 370, 0),
(410, 308, 312, 371, '家用电器&nbsp;&gt;&nbsp;个护健康&nbsp;&gt;&nbsp;计步器/脂肪检测仪', '家用电器,个护健康,计步器/脂肪检测仪', 371, 0),
(411, 308, 312, 372, '家用电器&nbsp;&gt;&nbsp;个护健康&nbsp;&gt;&nbsp;其它健康电器', '家用电器,个护健康,其它健康电器', 372, 0),
(412, 308, 313, 373, '家用电器&nbsp;&gt;&nbsp;五金家装&nbsp;&gt;&nbsp;电动工具', '家用电器,五金家装,电动工具', 373, 0),
(413, 308, 313, 374, '家用电器&nbsp;&gt;&nbsp;五金家装&nbsp;&gt;&nbsp;手动工具', '家用电器,五金家装,手动工具', 374, 0),
(414, 308, 313, 375, '家用电器&nbsp;&gt;&nbsp;五金家装&nbsp;&gt;&nbsp;仪器仪表', '家用电器,五金家装,仪器仪表', 375, 0),
(415, 308, 313, 376, '家用电器&nbsp;&gt;&nbsp;五金家装&nbsp;&gt;&nbsp;浴霸/排气扇', '家用电器,五金家装,浴霸/排气扇', 376, 0),
(416, 308, 313, 377, '家用电器&nbsp;&gt;&nbsp;五金家装&nbsp;&gt;&nbsp;灯具', '家用电器,五金家装,灯具', 377, 0),
(417, 308, 313, 378, '家用电器&nbsp;&gt;&nbsp;五金家装&nbsp;&gt;&nbsp;LED灯', '家用电器,五金家装,LED灯', 378, 0),
(418, 308, 313, 379, '家用电器&nbsp;&gt;&nbsp;五金家装&nbsp;&gt;&nbsp;洁身器', '家用电器,五金家装,洁身器', 379, 0),
(419, 308, 313, 380, '家用电器&nbsp;&gt;&nbsp;五金家装&nbsp;&gt;&nbsp;水槽', '家用电器,五金家装,水槽', 380, 0),
(420, 308, 313, 381, '家用电器&nbsp;&gt;&nbsp;五金家装&nbsp;&gt;&nbsp;龙头', '家用电器,五金家装,龙头', 381, 0),
(421, 308, 313, 382, '家用电器&nbsp;&gt;&nbsp;五金家装&nbsp;&gt;&nbsp;淋浴花洒', '家用电器,五金家装,淋浴花洒', 382, 0),
(422, 308, 313, 383, '家用电器&nbsp;&gt;&nbsp;五金家装&nbsp;&gt;&nbsp;厨卫五金', '家用电器,五金家装,厨卫五金', 383, 0),
(423, 308, 313, 384, '家用电器&nbsp;&gt;&nbsp;五金家装&nbsp;&gt;&nbsp;家具五金', '家用电器,五金家装,家具五金', 384, 0),
(424, 308, 313, 385, '家用电器&nbsp;&gt;&nbsp;五金家装&nbsp;&gt;&nbsp;门铃', '家用电器,五金家装,门铃', 385, 0),
(425, 308, 313, 386, '家用电器&nbsp;&gt;&nbsp;五金家装&nbsp;&gt;&nbsp;电气开关', '家用电器,五金家装,电气开关', 386, 0),
(426, 308, 313, 387, '家用电器&nbsp;&gt;&nbsp;五金家装&nbsp;&gt;&nbsp;插座', '家用电器,五金家装,插座', 387, 0),
(427, 308, 313, 388, '家用电器&nbsp;&gt;&nbsp;五金家装&nbsp;&gt;&nbsp;电工电料', '家用电器,五金家装,电工电料', 388, 0),
(428, 308, 313, 389, '家用电器&nbsp;&gt;&nbsp;五金家装&nbsp;&gt;&nbsp;监控安防', '家用电器,五金家装,监控安防', 389, 0),
(429, 470, 471, 478, '个护化妆&nbsp;&gt;&nbsp;面部护理&nbsp;&gt;&nbsp;洁面乳', '个护化妆,面部护理,洁面乳', 478, 0),
(430, 470, 471, 479, '个护化妆&nbsp;&gt;&nbsp;面部护理&nbsp;&gt;&nbsp;爽肤水', '个护化妆,面部护理,爽肤水', 479, 0),
(431, 470, 471, 480, '个护化妆&nbsp;&gt;&nbsp;面部护理&nbsp;&gt;&nbsp;精华露', '个护化妆,面部护理,精华露', 480, 0),
(432, 470, 471, 481, '个护化妆&nbsp;&gt;&nbsp;面部护理&nbsp;&gt;&nbsp;乳液面霜', '个护化妆,面部护理,乳液面霜', 481, 0),
(433, 470, 471, 482, '个护化妆&nbsp;&gt;&nbsp;面部护理&nbsp;&gt;&nbsp;面膜面贴', '个护化妆,面部护理,面膜面贴', 482, 0);
INSERT INTO `cor_goods_class_tag` (`gc_tag_id`, `gc_id_1`, `gc_id_2`, `gc_id_3`, `gc_tag_name`, `gc_tag_value`, `gc_id`, `type_id`) VALUES
(434, 470, 471, 483, '个护化妆&nbsp;&gt;&nbsp;面部护理&nbsp;&gt;&nbsp;眼部护理', '个护化妆,面部护理,眼部护理', 483, 0),
(435, 470, 471, 484, '个护化妆&nbsp;&gt;&nbsp;面部护理&nbsp;&gt;&nbsp;颈部护理', '个护化妆,面部护理,颈部护理', 484, 0),
(436, 470, 471, 485, '个护化妆&nbsp;&gt;&nbsp;面部护理&nbsp;&gt;&nbsp;T区护理', '个护化妆,面部护理,T区护理', 485, 0),
(437, 470, 471, 486, '个护化妆&nbsp;&gt;&nbsp;面部护理&nbsp;&gt;&nbsp;护肤套装', '个护化妆,面部护理,护肤套装', 486, 0),
(438, 470, 471, 487, '个护化妆&nbsp;&gt;&nbsp;面部护理&nbsp;&gt;&nbsp;防晒隔离', '个护化妆,面部护理,防晒隔离', 487, 0),
(439, 470, 472, 488, '个护化妆&nbsp;&gt;&nbsp;身体护理&nbsp;&gt;&nbsp;洗发护发', '个护化妆,身体护理,洗发护发', 488, 0),
(440, 470, 472, 489, '个护化妆&nbsp;&gt;&nbsp;身体护理&nbsp;&gt;&nbsp;染发/造型', '个护化妆,身体护理,染发/造型', 489, 0),
(441, 470, 472, 490, '个护化妆&nbsp;&gt;&nbsp;身体护理&nbsp;&gt;&nbsp;沐浴', '个护化妆,身体护理,沐浴', 490, 0),
(442, 470, 472, 491, '个护化妆&nbsp;&gt;&nbsp;身体护理&nbsp;&gt;&nbsp;磨砂/浴盐', '个护化妆,身体护理,磨砂/浴盐', 491, 0),
(443, 470, 472, 492, '个护化妆&nbsp;&gt;&nbsp;身体护理&nbsp;&gt;&nbsp;身体乳', '个护化妆,身体护理,身体乳', 492, 0),
(444, 470, 472, 493, '个护化妆&nbsp;&gt;&nbsp;身体护理&nbsp;&gt;&nbsp;手工/香皂', '个护化妆,身体护理,手工/香皂', 493, 0),
(445, 470, 472, 494, '个护化妆&nbsp;&gt;&nbsp;身体护理&nbsp;&gt;&nbsp;香薰精油', '个护化妆,身体护理,香薰精油', 494, 0),
(446, 470, 472, 495, '个护化妆&nbsp;&gt;&nbsp;身体护理&nbsp;&gt;&nbsp;纤体瘦身', '个护化妆,身体护理,纤体瘦身', 495, 0),
(447, 470, 472, 496, '个护化妆&nbsp;&gt;&nbsp;身体护理&nbsp;&gt;&nbsp;脱毛膏', '个护化妆,身体护理,脱毛膏', 496, 0),
(448, 470, 472, 497, '个护化妆&nbsp;&gt;&nbsp;身体护理&nbsp;&gt;&nbsp;手足护理', '个护化妆,身体护理,手足护理', 497, 0),
(449, 470, 472, 498, '个护化妆&nbsp;&gt;&nbsp;身体护理&nbsp;&gt;&nbsp;洗护套装', '个护化妆,身体护理,洗护套装', 498, 0),
(450, 470, 473, 499, '个护化妆&nbsp;&gt;&nbsp;口腔护理&nbsp;&gt;&nbsp;牙膏/牙粉', '个护化妆,口腔护理,牙膏/牙粉', 499, 0),
(451, 470, 473, 500, '个护化妆&nbsp;&gt;&nbsp;口腔护理&nbsp;&gt;&nbsp;牙刷/牙线', '个护化妆,口腔护理,牙刷/牙线', 500, 0),
(452, 470, 473, 501, '个护化妆&nbsp;&gt;&nbsp;口腔护理&nbsp;&gt;&nbsp;漱口水', '个护化妆,口腔护理,漱口水', 501, 0),
(453, 470, 474, 502, '个护化妆&nbsp;&gt;&nbsp;女性护理&nbsp;&gt;&nbsp;卫生巾', '个护化妆,女性护理,卫生巾', 502, 0),
(454, 470, 474, 503, '个护化妆&nbsp;&gt;&nbsp;女性护理&nbsp;&gt;&nbsp;卫生护垫', '个护化妆,女性护理,卫生护垫', 503, 0),
(455, 470, 474, 504, '个护化妆&nbsp;&gt;&nbsp;女性护理&nbsp;&gt;&nbsp;洗液', '个护化妆,女性护理,洗液', 504, 0),
(456, 470, 474, 505, '个护化妆&nbsp;&gt;&nbsp;女性护理&nbsp;&gt;&nbsp;美容食品', '个护化妆,女性护理,美容食品', 505, 0),
(457, 470, 474, 506, '个护化妆&nbsp;&gt;&nbsp;女性护理&nbsp;&gt;&nbsp;其他', '个护化妆,女性护理,其他', 506, 0),
(458, 470, 475, 507, '个护化妆&nbsp;&gt;&nbsp;男士护理&nbsp;&gt;&nbsp;脸部护理', '个护化妆,男士护理,脸部护理', 507, 0),
(459, 470, 475, 508, '个护化妆&nbsp;&gt;&nbsp;男士护理&nbsp;&gt;&nbsp;眼部护理', '个护化妆,男士护理,眼部护理', 508, 0),
(460, 470, 475, 509, '个护化妆&nbsp;&gt;&nbsp;男士护理&nbsp;&gt;&nbsp;身体护理', '个护化妆,男士护理,身体护理', 509, 0),
(461, 470, 475, 510, '个护化妆&nbsp;&gt;&nbsp;男士护理&nbsp;&gt;&nbsp;男士香水', '个护化妆,男士护理,男士香水', 510, 0),
(462, 470, 475, 511, '个护化妆&nbsp;&gt;&nbsp;男士护理&nbsp;&gt;&nbsp;剃须护理', '个护化妆,男士护理,剃须护理', 511, 0),
(463, 470, 475, 512, '个护化妆&nbsp;&gt;&nbsp;男士护理&nbsp;&gt;&nbsp;防脱洗护', '个护化妆,男士护理,防脱洗护', 512, 0),
(464, 470, 475, 513, '个护化妆&nbsp;&gt;&nbsp;男士护理&nbsp;&gt;&nbsp;男士唇膏', '个护化妆,男士护理,男士唇膏', 513, 0),
(465, 470, 476, 514, '个护化妆&nbsp;&gt;&nbsp;魅力彩妆&nbsp;&gt;&nbsp;粉底/遮瑕', '个护化妆,魅力彩妆,粉底/遮瑕', 514, 0),
(466, 470, 476, 515, '个护化妆&nbsp;&gt;&nbsp;魅力彩妆&nbsp;&gt;&nbsp;腮红', '个护化妆,魅力彩妆,腮红', 515, 0),
(467, 470, 476, 516, '个护化妆&nbsp;&gt;&nbsp;魅力彩妆&nbsp;&gt;&nbsp;眼影/眼线', '个护化妆,魅力彩妆,眼影/眼线', 516, 0),
(468, 470, 476, 517, '个护化妆&nbsp;&gt;&nbsp;魅力彩妆&nbsp;&gt;&nbsp;眉笔', '个护化妆,魅力彩妆,眉笔', 517, 0),
(469, 470, 476, 518, '个护化妆&nbsp;&gt;&nbsp;魅力彩妆&nbsp;&gt;&nbsp;睫毛膏', '个护化妆,魅力彩妆,睫毛膏', 518, 0),
(470, 470, 476, 519, '个护化妆&nbsp;&gt;&nbsp;魅力彩妆&nbsp;&gt;&nbsp;唇膏唇彩', '个护化妆,魅力彩妆,唇膏唇彩', 519, 0),
(471, 470, 476, 520, '个护化妆&nbsp;&gt;&nbsp;魅力彩妆&nbsp;&gt;&nbsp;彩妆组合', '个护化妆,魅力彩妆,彩妆组合', 520, 0),
(472, 470, 476, 521, '个护化妆&nbsp;&gt;&nbsp;魅力彩妆&nbsp;&gt;&nbsp;卸妆', '个护化妆,魅力彩妆,卸妆', 521, 0),
(473, 470, 476, 522, '个护化妆&nbsp;&gt;&nbsp;魅力彩妆&nbsp;&gt;&nbsp;美甲', '个护化妆,魅力彩妆,美甲', 522, 0),
(474, 470, 476, 523, '个护化妆&nbsp;&gt;&nbsp;魅力彩妆&nbsp;&gt;&nbsp;彩妆工具', '个护化妆,魅力彩妆,彩妆工具', 523, 0),
(475, 470, 476, 524, '个护化妆&nbsp;&gt;&nbsp;魅力彩妆&nbsp;&gt;&nbsp;假发', '个护化妆,魅力彩妆,假发', 524, 0),
(476, 470, 477, 525, '个护化妆&nbsp;&gt;&nbsp;香水SPA&nbsp;&gt;&nbsp;女士香水', '个护化妆,香水SPA,女士香水', 525, 0),
(477, 470, 477, 526, '个护化妆&nbsp;&gt;&nbsp;香水SPA&nbsp;&gt;&nbsp;男士香水', '个护化妆,香水SPA,男士香水', 526, 0),
(478, 470, 477, 527, '个护化妆&nbsp;&gt;&nbsp;香水SPA&nbsp;&gt;&nbsp;组合套装', '个护化妆,香水SPA,组合套装', 527, 0),
(479, 470, 477, 528, '个护化妆&nbsp;&gt;&nbsp;香水SPA&nbsp;&gt;&nbsp;迷你香水', '个护化妆,香水SPA,迷你香水', 528, 0),
(480, 470, 477, 529, '个护化妆&nbsp;&gt;&nbsp;香水SPA&nbsp;&gt;&nbsp;香体走珠', '个护化妆,香水SPA,香体走珠', 529, 0),
(481, 662, 663, 671, '运动健康&nbsp;&gt;&nbsp;户外鞋服&nbsp;&gt;&nbsp;户外服装', '运动健康,户外鞋服,户外服装', 671, 0),
(482, 662, 663, 672, '运动健康&nbsp;&gt;&nbsp;户外鞋服&nbsp;&gt;&nbsp;户外鞋袜', '运动健康,户外鞋服,户外鞋袜', 672, 0),
(483, 662, 663, 673, '运动健康&nbsp;&gt;&nbsp;户外鞋服&nbsp;&gt;&nbsp;户外配饰', '运动健康,户外鞋服,户外配饰', 673, 0),
(484, 662, 664, 674, '运动健康&nbsp;&gt;&nbsp;户外装备&nbsp;&gt;&nbsp;帐篷', '运动健康,户外装备,帐篷', 674, 0),
(485, 662, 664, 675, '运动健康&nbsp;&gt;&nbsp;户外装备&nbsp;&gt;&nbsp;睡袋', '运动健康,户外装备,睡袋', 675, 0),
(486, 662, 664, 676, '运动健康&nbsp;&gt;&nbsp;户外装备&nbsp;&gt;&nbsp;登山攀岩', '运动健康,户外装备,登山攀岩', 676, 0),
(487, 662, 664, 677, '运动健康&nbsp;&gt;&nbsp;户外装备&nbsp;&gt;&nbsp;户外背包', '运动健康,户外装备,户外背包', 677, 0),
(488, 662, 664, 678, '运动健康&nbsp;&gt;&nbsp;户外装备&nbsp;&gt;&nbsp;户外照明', '运动健康,户外装备,户外照明', 678, 0),
(489, 662, 664, 679, '运动健康&nbsp;&gt;&nbsp;户外装备&nbsp;&gt;&nbsp;户外垫子', '运动健康,户外装备,户外垫子', 679, 0),
(490, 662, 664, 680, '运动健康&nbsp;&gt;&nbsp;户外装备&nbsp;&gt;&nbsp;户外仪表', '运动健康,户外装备,户外仪表', 680, 0),
(491, 662, 664, 681, '运动健康&nbsp;&gt;&nbsp;户外装备&nbsp;&gt;&nbsp;户外工具', '运动健康,户外装备,户外工具', 681, 0),
(492, 662, 664, 682, '运动健康&nbsp;&gt;&nbsp;户外装备&nbsp;&gt;&nbsp;望远镜', '运动健康,户外装备,望远镜', 682, 0),
(493, 662, 664, 683, '运动健康&nbsp;&gt;&nbsp;户外装备&nbsp;&gt;&nbsp;垂钓用品', '运动健康,户外装备,垂钓用品', 683, 0),
(494, 662, 664, 684, '运动健康&nbsp;&gt;&nbsp;户外装备&nbsp;&gt;&nbsp;旅游用品', '运动健康,户外装备,旅游用品', 684, 0),
(495, 662, 664, 685, '运动健康&nbsp;&gt;&nbsp;户外装备&nbsp;&gt;&nbsp;便携桌椅床', '运动健康,户外装备,便携桌椅床', 685, 0),
(496, 662, 664, 686, '运动健康&nbsp;&gt;&nbsp;户外装备&nbsp;&gt;&nbsp;烧烤用品', '运动健康,户外装备,烧烤用品', 686, 0),
(497, 662, 664, 687, '运动健康&nbsp;&gt;&nbsp;户外装备&nbsp;&gt;&nbsp;野餐炊具', '运动健康,户外装备,野餐炊具', 687, 0),
(498, 662, 664, 688, '运动健康&nbsp;&gt;&nbsp;户外装备&nbsp;&gt;&nbsp;军迷用品', '运动健康,户外装备,军迷用品', 688, 0),
(499, 662, 664, 689, '运动健康&nbsp;&gt;&nbsp;户外装备&nbsp;&gt;&nbsp;游泳用具', '运动健康,户外装备,游泳用具', 689, 0),
(500, 662, 664, 690, '运动健康&nbsp;&gt;&nbsp;户外装备&nbsp;&gt;&nbsp;泳衣', '运动健康,户外装备,泳衣', 690, 0),
(501, 662, 665, 691, '运动健康&nbsp;&gt;&nbsp;运动器械&nbsp;&gt;&nbsp;健身器械', '运动健康,运动器械,健身器械', 691, 40),
(502, 662, 665, 692, '运动健康&nbsp;&gt;&nbsp;运动器械&nbsp;&gt;&nbsp;运动器材', '运动健康,运动器械,运动器材', 692, 43),
(503, 662, 665, 693, '运动健康&nbsp;&gt;&nbsp;运动器械&nbsp;&gt;&nbsp;极限轮滑', '运动健康,运动器械,极限轮滑', 693, 0),
(504, 662, 665, 694, '运动健康&nbsp;&gt;&nbsp;运动器械&nbsp;&gt;&nbsp;骑行运动', '运动健康,运动器械,骑行运动', 694, 0),
(505, 662, 665, 695, '运动健康&nbsp;&gt;&nbsp;运动器械&nbsp;&gt;&nbsp;运动护具', '运动健康,运动器械,运动护具', 695, 0),
(506, 662, 665, 696, '运动健康&nbsp;&gt;&nbsp;运动器械&nbsp;&gt;&nbsp;武术搏击', '运动健康,运动器械,武术搏击', 696, 0),
(507, 662, 666, 697, '运动健康&nbsp;&gt;&nbsp;纤体瑜伽&nbsp;&gt;&nbsp;瑜伽垫', '运动健康,纤体瑜伽,瑜伽垫', 697, 0),
(508, 662, 666, 698, '运动健康&nbsp;&gt;&nbsp;纤体瑜伽&nbsp;&gt;&nbsp;瑜伽服', '运动健康,纤体瑜伽,瑜伽服', 698, 0),
(509, 662, 666, 699, '运动健康&nbsp;&gt;&nbsp;纤体瑜伽&nbsp;&gt;&nbsp;瑜伽配件', '运动健康,纤体瑜伽,瑜伽配件', 699, 0),
(510, 662, 666, 700, '运动健康&nbsp;&gt;&nbsp;纤体瑜伽&nbsp;&gt;&nbsp;瑜伽套装', '运动健康,纤体瑜伽,瑜伽套装', 700, 0),
(511, 662, 666, 701, '运动健康&nbsp;&gt;&nbsp;纤体瑜伽&nbsp;&gt;&nbsp;舞蹈鞋服', '运动健康,纤体瑜伽,舞蹈鞋服', 701, 0),
(512, 662, 667, 702, '运动健康&nbsp;&gt;&nbsp;体育娱乐&nbsp;&gt;&nbsp;羽毛球', '运动健康,体育娱乐,羽毛球', 702, 0),
(513, 662, 667, 703, '运动健康&nbsp;&gt;&nbsp;体育娱乐&nbsp;&gt;&nbsp;乒乓球', '运动健康,体育娱乐,乒乓球', 703, 0),
(514, 662, 667, 704, '运动健康&nbsp;&gt;&nbsp;体育娱乐&nbsp;&gt;&nbsp;篮球', '运动健康,体育娱乐,篮球', 704, 45),
(515, 662, 667, 705, '运动健康&nbsp;&gt;&nbsp;体育娱乐&nbsp;&gt;&nbsp;足球', '运动健康,体育娱乐,足球', 705, 0),
(516, 662, 667, 706, '运动健康&nbsp;&gt;&nbsp;体育娱乐&nbsp;&gt;&nbsp;网球', '运动健康,体育娱乐,网球', 706, 0),
(517, 662, 667, 707, '运动健康&nbsp;&gt;&nbsp;体育娱乐&nbsp;&gt;&nbsp;排球', '运动健康,体育娱乐,排球', 707, 0),
(518, 662, 667, 708, '运动健康&nbsp;&gt;&nbsp;体育娱乐&nbsp;&gt;&nbsp;高尔夫球', '运动健康,体育娱乐,高尔夫球', 708, 0),
(519, 662, 667, 709, '运动健康&nbsp;&gt;&nbsp;体育娱乐&nbsp;&gt;&nbsp;棋牌麻将', '运动健康,体育娱乐,棋牌麻将', 709, 0),
(520, 662, 667, 710, '运动健康&nbsp;&gt;&nbsp;体育娱乐&nbsp;&gt;&nbsp;其他', '运动健康,体育娱乐,其他', 710, 0),
(540, 593, 594, 604, '食品饮料&nbsp;&gt;&nbsp;进口食品&nbsp;&gt;&nbsp;饼干蛋糕', '食品饮料,进口食品,饼干蛋糕', 604, 0),
(541, 593, 594, 605, '食品饮料&nbsp;&gt;&nbsp;进口食品&nbsp;&gt;&nbsp;糖果巧克力', '食品饮料,进口食品,糖果巧克力', 605, 0),
(542, 593, 594, 606, '食品饮料&nbsp;&gt;&nbsp;进口食品&nbsp;&gt;&nbsp;休闲零食', '食品饮料,进口食品,休闲零食', 606, 0),
(543, 593, 594, 607, '食品饮料&nbsp;&gt;&nbsp;进口食品&nbsp;&gt;&nbsp;冲调饮品', '食品饮料,进口食品,冲调饮品', 607, 0),
(544, 593, 594, 608, '食品饮料&nbsp;&gt;&nbsp;进口食品&nbsp;&gt;&nbsp;粮油调味', '食品饮料,进口食品,粮油调味', 608, 0),
(545, 593, 595, 609, '食品饮料&nbsp;&gt;&nbsp;地方特产&nbsp;&gt;&nbsp;华北', '食品饮料,地方特产,华北', 609, 0),
(546, 593, 595, 610, '食品饮料&nbsp;&gt;&nbsp;地方特产&nbsp;&gt;&nbsp;西北', '食品饮料,地方特产,西北', 610, 0),
(547, 593, 595, 611, '食品饮料&nbsp;&gt;&nbsp;地方特产&nbsp;&gt;&nbsp;西南', '食品饮料,地方特产,西南', 611, 0),
(548, 593, 595, 612, '食品饮料&nbsp;&gt;&nbsp;地方特产&nbsp;&gt;&nbsp;东北', '食品饮料,地方特产,东北', 612, 0),
(549, 593, 595, 613, '食品饮料&nbsp;&gt;&nbsp;地方特产&nbsp;&gt;&nbsp;华南', '食品饮料,地方特产,华南', 613, 0),
(550, 593, 595, 614, '食品饮料&nbsp;&gt;&nbsp;地方特产&nbsp;&gt;&nbsp;华东', '食品饮料,地方特产,华东', 614, 0),
(551, 593, 595, 615, '食品饮料&nbsp;&gt;&nbsp;地方特产&nbsp;&gt;&nbsp;华中', '食品饮料,地方特产,华中', 615, 0),
(552, 593, 596, 616, '食品饮料&nbsp;&gt;&nbsp;休闲食品&nbsp;&gt;&nbsp;休闲零食', '食品饮料,休闲食品,休闲零食', 616, 0),
(553, 593, 596, 617, '食品饮料&nbsp;&gt;&nbsp;休闲食品&nbsp;&gt;&nbsp;坚果炒货', '食品饮料,休闲食品,坚果炒货', 617, 0),
(554, 593, 596, 618, '食品饮料&nbsp;&gt;&nbsp;休闲食品&nbsp;&gt;&nbsp;肉干肉松', '食品饮料,休闲食品,肉干肉松', 618, 0),
(555, 593, 596, 619, '食品饮料&nbsp;&gt;&nbsp;休闲食品&nbsp;&gt;&nbsp;蜜饯果脯', '食品饮料,休闲食品,蜜饯果脯', 619, 0),
(556, 593, 596, 620, '食品饮料&nbsp;&gt;&nbsp;休闲食品&nbsp;&gt;&nbsp;糖果/巧克力', '食品饮料,休闲食品,糖果/巧克力', 620, 0),
(557, 593, 596, 621, '食品饮料&nbsp;&gt;&nbsp;休闲食品&nbsp;&gt;&nbsp;饼干蛋糕', '食品饮料,休闲食品,饼干蛋糕', 621, 0),
(558, 593, 597, 622, '食品饮料&nbsp;&gt;&nbsp;粮油调味&nbsp;&gt;&nbsp;米面杂粮', '食品饮料,粮油调味,米面杂粮', 622, 0),
(559, 593, 597, 623, '食品饮料&nbsp;&gt;&nbsp;粮油调味&nbsp;&gt;&nbsp;食用油', '食品饮料,粮油调味,食用油', 623, 0),
(560, 593, 597, 624, '食品饮料&nbsp;&gt;&nbsp;粮油调味&nbsp;&gt;&nbsp;调味品', '食品饮料,粮油调味,调味品', 624, 0),
(561, 593, 597, 625, '食品饮料&nbsp;&gt;&nbsp;粮油调味&nbsp;&gt;&nbsp;南北干货', '食品饮料,粮油调味,南北干货', 625, 0),
(562, 593, 597, 626, '食品饮料&nbsp;&gt;&nbsp;粮油调味&nbsp;&gt;&nbsp;方便食品', '食品饮料,粮油调味,方便食品', 626, 0),
(563, 593, 597, 627, '食品饮料&nbsp;&gt;&nbsp;粮油调味&nbsp;&gt;&nbsp;有机食品', '食品饮料,粮油调味,有机食品', 627, 0),
(564, 593, 598, 628, '食品饮料&nbsp;&gt;&nbsp;中外名酒&nbsp;&gt;&nbsp;白酒', '食品饮料,中外名酒,白酒', 628, 0),
(565, 593, 598, 629, '食品饮料&nbsp;&gt;&nbsp;中外名酒&nbsp;&gt;&nbsp;洋酒', '食品饮料,中外名酒,洋酒', 629, 0),
(566, 593, 598, 630, '食品饮料&nbsp;&gt;&nbsp;中外名酒&nbsp;&gt;&nbsp;葡萄酒', '食品饮料,中外名酒,葡萄酒', 630, 0),
(567, 593, 598, 631, '食品饮料&nbsp;&gt;&nbsp;中外名酒&nbsp;&gt;&nbsp;啤酒', '食品饮料,中外名酒,啤酒', 631, 0),
(568, 593, 598, 632, '食品饮料&nbsp;&gt;&nbsp;中外名酒&nbsp;&gt;&nbsp;黄酒', '食品饮料,中外名酒,黄酒', 632, 0),
(569, 593, 599, 633, '食品饮料&nbsp;&gt;&nbsp;饮料冲调&nbsp;&gt;&nbsp;水', '食品饮料,饮料冲调,水', 633, 0),
(570, 593, 599, 634, '食品饮料&nbsp;&gt;&nbsp;饮料冲调&nbsp;&gt;&nbsp;饮料', '食品饮料,饮料冲调,饮料', 634, 0),
(571, 593, 599, 635, '食品饮料&nbsp;&gt;&nbsp;饮料冲调&nbsp;&gt;&nbsp;牛奶', '食品饮料,饮料冲调,牛奶', 635, 0),
(572, 593, 599, 636, '食品饮料&nbsp;&gt;&nbsp;饮料冲调&nbsp;&gt;&nbsp;茶叶', '食品饮料,饮料冲调,茶叶', 636, 0),
(573, 593, 599, 637, '食品饮料&nbsp;&gt;&nbsp;饮料冲调&nbsp;&gt;&nbsp;咖啡/奶茶', '食品饮料,饮料冲调,咖啡/奶茶', 637, 0),
(574, 593, 599, 638, '食品饮料&nbsp;&gt;&nbsp;饮料冲调&nbsp;&gt;&nbsp;冲饮谷物', '食品饮料,饮料冲调,冲饮谷物', 638, 0),
(588, 593, 602, 652, '食品饮料&nbsp;&gt;&nbsp;健康礼品&nbsp;&gt;&nbsp;参茸礼品', '食品饮料,健康礼品,参茸礼品', 652, 0),
(589, 593, 602, 653, '食品饮料&nbsp;&gt;&nbsp;健康礼品&nbsp;&gt;&nbsp;更多礼品', '食品饮料,健康礼品,更多礼品', 653, 0),
(590, 593, 603, 654, '食品饮料&nbsp;&gt;&nbsp;生鲜食品&nbsp;&gt;&nbsp;水果', '食品饮料,生鲜食品,水果', 654, 46),
(591, 593, 603, 655, '食品饮料&nbsp;&gt;&nbsp;生鲜食品&nbsp;&gt;&nbsp;蔬菜', '食品饮料,生鲜食品,蔬菜', 655, 0),
(592, 593, 603, 656, '食品饮料&nbsp;&gt;&nbsp;生鲜食品&nbsp;&gt;&nbsp;海鲜水产', '食品饮料,生鲜食品,海鲜水产', 656, 0),
(593, 593, 603, 657, '食品饮料&nbsp;&gt;&nbsp;生鲜食品&nbsp;&gt;&nbsp;禽蛋', '食品饮料,生鲜食品,禽蛋', 657, 0),
(594, 593, 603, 658, '食品饮料&nbsp;&gt;&nbsp;生鲜食品&nbsp;&gt;&nbsp;鲜肉', '食品饮料,生鲜食品,鲜肉', 658, 0),
(595, 593, 603, 659, '食品饮料&nbsp;&gt;&nbsp;生鲜食品&nbsp;&gt;&nbsp;加工类肉食', '食品饮料,生鲜食品,加工类肉食', 659, 0),
(596, 593, 603, 660, '食品饮料&nbsp;&gt;&nbsp;生鲜食品&nbsp;&gt;&nbsp;冻品', '食品饮料,生鲜食品,冻品', 660, 0),
(597, 593, 603, 661, '食品饮料&nbsp;&gt;&nbsp;生鲜食品&nbsp;&gt;&nbsp;半成品', '食品饮料,生鲜食品,半成品', 661, 0),
(598, 3, 200, 206, '家居家装&nbsp;&gt;&nbsp;家纺布艺&nbsp;&gt;&nbsp;床品件套', '家居家装,家纺,床品件套', 206, 0),
(599, 3, 200, 207, '家居家装&nbsp;&gt;&nbsp;家纺布艺&nbsp;&gt;&nbsp;被子', '家居家装,家纺,被子', 207, 0),
(600, 3, 200, 208, '家居家装&nbsp;&gt;&nbsp;家纺布艺&nbsp;&gt;&nbsp;枕芯枕套', '家居家装,家纺,枕芯枕套', 208, 0),
(601, 3, 200, 209, '家居家装&nbsp;&gt;&nbsp;家纺布艺&nbsp;&gt;&nbsp;床单被罩', '家居家装,家纺,床单被罩', 209, 0),
(602, 3, 200, 210, '家居家装&nbsp;&gt;&nbsp;家纺布艺&nbsp;&gt;&nbsp;毛巾被/毯', '家居家装,家纺,毛巾被/毯', 210, 0),
(603, 3, 200, 211, '家居家装&nbsp;&gt;&nbsp;家纺布艺&nbsp;&gt;&nbsp;床垫/床褥', '家居家装,家纺,床垫/床褥', 211, 0),
(604, 3, 200, 212, '家居家装&nbsp;&gt;&nbsp;家纺布艺&nbsp;&gt;&nbsp;蚊帐/凉席', '家居家装,家纺,蚊帐/凉席', 212, 0),
(605, 3, 200, 213, '家居家装&nbsp;&gt;&nbsp;家纺布艺&nbsp;&gt;&nbsp;抱枕坐垫', '家居家装,家纺,抱枕坐垫', 213, 0),
(606, 3, 200, 214, '家居家装&nbsp;&gt;&nbsp;家纺布艺&nbsp;&gt;&nbsp;毛巾家纺', '家居家装,家纺,毛巾家纺', 214, 0),
(607, 3, 200, 215, '家居家装&nbsp;&gt;&nbsp;家纺布艺&nbsp;&gt;&nbsp;电热毯', '家居家装,家纺,电热毯', 215, 0),
(608, 3, 200, 216, '家居家装&nbsp;&gt;&nbsp;家纺布艺&nbsp;&gt;&nbsp;窗帘/窗纱', '家居家装,家纺,窗帘/窗纱', 216, 0),
(609, 3, 200, 217, '家居家装&nbsp;&gt;&nbsp;家纺布艺&nbsp;&gt;&nbsp;酒店用品', '家居家装,家纺,酒店用品', 217, 0),
(610, 3, 201, 218, '家居家装&nbsp;&gt;&nbsp;灯饰照明&nbsp;&gt;&nbsp;台灯', '家居家装,灯具,台灯', 218, 0),
(611, 3, 201, 219, '家居家装&nbsp;&gt;&nbsp;灯饰照明&nbsp;&gt;&nbsp;节能灯', '家居家装,灯具,节能灯', 219, 0),
(612, 3, 201, 220, '家居家装&nbsp;&gt;&nbsp;灯饰照明&nbsp;&gt;&nbsp;装饰灯', '家居家装,灯具,装饰灯', 220, 0),
(613, 3, 201, 221, '家居家装&nbsp;&gt;&nbsp;灯饰照明&nbsp;&gt;&nbsp;落地灯', '家居家装,灯具,落地灯', 221, 0),
(614, 3, 201, 222, '家居家装&nbsp;&gt;&nbsp;灯饰照明&nbsp;&gt;&nbsp;应急灯/手电', '家居家装,灯具,应急灯/手电', 222, 0),
(615, 3, 201, 223, '家居家装&nbsp;&gt;&nbsp;灯饰照明&nbsp;&gt;&nbsp;LED灯', '家居家装,灯具,LED灯', 223, 0),
(616, 3, 201, 224, '家居家装&nbsp;&gt;&nbsp;灯饰照明&nbsp;&gt;&nbsp;吸顶灯', '家居家装,灯具,吸顶灯', 224, 0),
(617, 3, 201, 225, '家居家装&nbsp;&gt;&nbsp;灯饰照明&nbsp;&gt;&nbsp;五金电器', '家居家装,灯具,五金电器', 225, 0),
(618, 3, 201, 226, '家居家装&nbsp;&gt;&nbsp;灯饰照明&nbsp;&gt;&nbsp;吊灯', '家居家装,灯具,吊灯', 226, 0),
(619, 3, 201, 227, '家居家装&nbsp;&gt;&nbsp;灯饰照明&nbsp;&gt;&nbsp;氛围照明', '家居家装,灯具,氛围照明', 227, 0),
(620, 3, 202, 228, '家居家装&nbsp;&gt;&nbsp;生活日用&nbsp;&gt;&nbsp;收纳用品', '家居家装,生活日用,收纳用品', 228, 0),
(621, 3, 202, 229, '家居家装&nbsp;&gt;&nbsp;生活日用&nbsp;&gt;&nbsp;雨伞雨具', '家居家装,生活日用,雨伞雨具', 229, 0),
(622, 3, 202, 230, '家居家装&nbsp;&gt;&nbsp;生活日用&nbsp;&gt;&nbsp;浴室用品', '家居家装,生活日用,浴室用品', 230, 0),
(623, 3, 202, 231, '家居家装&nbsp;&gt;&nbsp;生活日用&nbsp;&gt;&nbsp;缝纫用品', '家居家装,生活日用,缝纫用品', 231, 0),
(624, 3, 202, 232, '家居家装&nbsp;&gt;&nbsp;生活日用&nbsp;&gt;&nbsp;洗晒用品', '家居家装,生活日用,洗晒用品', 232, 0),
(625, 3, 202, 233, '家居家装&nbsp;&gt;&nbsp;生活日用&nbsp;&gt;&nbsp;净化除味', '家居家装,生活日用,净化除味', 233, 0),
(626, 3, 203, 234, '家居家装&nbsp;&gt;&nbsp;家装软饰&nbsp;&gt;&nbsp;桌布/罩件', '家居家装,家装软饰,桌布/罩件', 234, 0),
(627, 3, 203, 235, '家居家装&nbsp;&gt;&nbsp;家装软饰&nbsp;&gt;&nbsp;地毯地垫', '家居家装,家装软饰,地毯地垫', 235, 0),
(628, 3, 203, 236, '家居家装&nbsp;&gt;&nbsp;家装软饰&nbsp;&gt;&nbsp;沙发垫套', '家居家装,家装软饰,沙发垫套', 236, 0),
(629, 3, 203, 237, '家居家装&nbsp;&gt;&nbsp;家装软饰&nbsp;&gt;&nbsp;相框/相片墙', '家居家装,家装软饰,相框/相片墙', 237, 0),
(630, 3, 203, 238, '家居家装&nbsp;&gt;&nbsp;家装软饰&nbsp;&gt;&nbsp;墙画墙贴', '家居家装,家装软饰,墙画墙贴', 238, 0),
(631, 3, 203, 239, '家居家装&nbsp;&gt;&nbsp;家装软饰&nbsp;&gt;&nbsp;节庆饰品', '家居家装,家装软饰,节庆饰品', 239, 0),
(632, 3, 203, 240, '家居家装&nbsp;&gt;&nbsp;家装软饰&nbsp;&gt;&nbsp;手工/十字绣', '家居家装,家装软饰,手工/十字绣', 240, 0),
(633, 3, 203, 241, '家居家装&nbsp;&gt;&nbsp;家装软饰&nbsp;&gt;&nbsp;工艺摆件', '家居家装,家装软饰,工艺摆件', 241, 0),
(634, 3, 203, 242, '家居家装&nbsp;&gt;&nbsp;家装软饰&nbsp;&gt;&nbsp;其他', '家居家装,家装软饰,其他', 242, 0),
(635, 3, 204, 243, '家居家装&nbsp;&gt;&nbsp;清洁日用&nbsp;&gt;&nbsp;纸品湿巾', '家居家装,清洁日用,纸品湿巾', 243, 0),
(636, 3, 204, 244, '家居家装&nbsp;&gt;&nbsp;清洁日用&nbsp;&gt;&nbsp;衣物清洁', '家居家装,清洁日用,衣物清洁', 244, 0),
(637, 3, 204, 245, '家居家装&nbsp;&gt;&nbsp;清洁日用&nbsp;&gt;&nbsp;清洁工具', '家居家装,清洁日用,清洁工具', 245, 0),
(638, 3, 204, 246, '家居家装&nbsp;&gt;&nbsp;清洁日用&nbsp;&gt;&nbsp;驱虫用品', '家居家装,清洁日用,驱虫用品', 246, 0),
(639, 3, 204, 247, '家居家装&nbsp;&gt;&nbsp;清洁日用&nbsp;&gt;&nbsp;居室清洁', '家居家装,清洁日用,居室清洁', 247, 0),
(640, 3, 204, 248, '家居家装&nbsp;&gt;&nbsp;清洁日用&nbsp;&gt;&nbsp;皮具护理', '家居家装,清洁日用,皮具护理', 248, 0),
(641, 3, 205, 249, '家居家装&nbsp;&gt;&nbsp;宠物生活&nbsp;&gt;&nbsp;宠物主粮', '家居家装,宠物生活,宠物主粮', 249, 0),
(642, 3, 205, 250, '家居家装&nbsp;&gt;&nbsp;宠物生活&nbsp;&gt;&nbsp;宠物零食', '家居家装,宠物生活,宠物零食', 250, 0),
(643, 3, 205, 251, '家居家装&nbsp;&gt;&nbsp;宠物生活&nbsp;&gt;&nbsp;营养品', '家居家装,宠物生活,营养品', 251, 0),
(644, 3, 205, 252, '家居家装&nbsp;&gt;&nbsp;宠物生活&nbsp;&gt;&nbsp;家居日用', '家居家装,宠物生活,家居日用', 252, 0),
(645, 3, 205, 253, '家居家装&nbsp;&gt;&nbsp;宠物生活&nbsp;&gt;&nbsp;玩具服饰', '家居家装,宠物生活,玩具服饰', 253, 0),
(646, 3, 205, 254, '家居家装&nbsp;&gt;&nbsp;宠物生活&nbsp;&gt;&nbsp;出行装备', '家居家装,宠物生活,出行装备', 254, 0),
(647, 3, 205, 255, '家居家装&nbsp;&gt;&nbsp;宠物生活&nbsp;&gt;&nbsp;医护美容', '家居家装,宠物生活,医护美容', 255, 0),
(648, 730, 731, 738, '汽车用品&nbsp;&gt;&nbsp;电子电器&nbsp;&gt;&nbsp;便携GPS导航', '汽车用品,电子电器,便携GPS导航', 738, 0),
(649, 730, 731, 739, '汽车用品&nbsp;&gt;&nbsp;电子电器&nbsp;&gt;&nbsp;嵌入式导航', '汽车用品,电子电器,嵌入式导航', 739, 0),
(650, 730, 731, 740, '汽车用品&nbsp;&gt;&nbsp;电子电器&nbsp;&gt;&nbsp;安全预警仪', '汽车用品,电子电器,安全预警仪', 740, 0),
(651, 730, 731, 741, '汽车用品&nbsp;&gt;&nbsp;电子电器&nbsp;&gt;&nbsp;行车记录仪', '汽车用品,电子电器,行车记录仪', 741, 0),
(652, 730, 731, 742, '汽车用品&nbsp;&gt;&nbsp;电子电器&nbsp;&gt;&nbsp;跟踪防盗器', '汽车用品,电子电器,跟踪防盗器', 742, 0),
(653, 730, 731, 743, '汽车用品&nbsp;&gt;&nbsp;电子电器&nbsp;&gt;&nbsp;倒车雷达', '汽车用品,电子电器,倒车雷达', 743, 0),
(654, 730, 731, 744, '汽车用品&nbsp;&gt;&nbsp;电子电器&nbsp;&gt;&nbsp;车载电源', '汽车用品,电子电器,车载电源', 744, 0),
(655, 730, 731, 745, '汽车用品&nbsp;&gt;&nbsp;电子电器&nbsp;&gt;&nbsp;车载蓝牙', '汽车用品,电子电器,车载蓝牙', 745, 0),
(656, 730, 731, 746, '汽车用品&nbsp;&gt;&nbsp;电子电器&nbsp;&gt;&nbsp;车载影音', '汽车用品,电子电器,车载影音', 746, 0),
(657, 730, 731, 747, '汽车用品&nbsp;&gt;&nbsp;电子电器&nbsp;&gt;&nbsp;车载净化器', '汽车用品,电子电器,车载净化器', 747, 0),
(658, 730, 731, 748, '汽车用品&nbsp;&gt;&nbsp;电子电器&nbsp;&gt;&nbsp;车载冰箱', '汽车用品,电子电器,车载冰箱', 748, 0),
(659, 730, 731, 749, '汽车用品&nbsp;&gt;&nbsp;电子电器&nbsp;&gt;&nbsp;车载吸尘器', '汽车用品,电子电器,车载吸尘器', 749, 0),
(660, 730, 731, 750, '汽车用品&nbsp;&gt;&nbsp;电子电器&nbsp;&gt;&nbsp;充气泵', '汽车用品,电子电器,充气泵', 750, 0),
(661, 730, 731, 751, '汽车用品&nbsp;&gt;&nbsp;电子电器&nbsp;&gt;&nbsp;胎压监测', '汽车用品,电子电器,胎压监测', 751, 0),
(662, 730, 731, 752, '汽车用品&nbsp;&gt;&nbsp;电子电器&nbsp;&gt;&nbsp;车载生活电器', '汽车用品,电子电器,车载生活电器', 752, 0),
(663, 730, 732, 753, '汽车用品&nbsp;&gt;&nbsp;系统养护&nbsp;&gt;&nbsp;机油', '汽车用品,系统养护,机油', 753, 0),
(664, 730, 732, 754, '汽车用品&nbsp;&gt;&nbsp;系统养护&nbsp;&gt;&nbsp;添加剂', '汽车用品,系统养护,添加剂', 754, 0),
(665, 730, 732, 755, '汽车用品&nbsp;&gt;&nbsp;系统养护&nbsp;&gt;&nbsp;防冻冷却液', '汽车用品,系统养护,防冻冷却液', 755, 0),
(666, 730, 732, 756, '汽车用品&nbsp;&gt;&nbsp;系统养护&nbsp;&gt;&nbsp;附属油', '汽车用品,系统养护,附属油', 756, 0),
(667, 730, 732, 757, '汽车用品&nbsp;&gt;&nbsp;系统养护&nbsp;&gt;&nbsp;底盘装甲', '汽车用品,系统养护,底盘装甲', 757, 0),
(668, 730, 732, 758, '汽车用品&nbsp;&gt;&nbsp;系统养护&nbsp;&gt;&nbsp;空调清洗剂', '汽车用品,系统养护,空调清洗剂', 758, 0),
(669, 730, 732, 759, '汽车用品&nbsp;&gt;&nbsp;系统养护&nbsp;&gt;&nbsp;金属养护', '汽车用品,系统养护,金属养护', 759, 0),
(670, 730, 733, 760, '汽车用品&nbsp;&gt;&nbsp;改装配件&nbsp;&gt;&nbsp;雨刷', '汽车用品,改装配件,雨刷', 760, 0),
(671, 730, 733, 761, '汽车用品&nbsp;&gt;&nbsp;改装配件&nbsp;&gt;&nbsp;车灯', '汽车用品,改装配件,车灯', 761, 0),
(672, 730, 733, 762, '汽车用品&nbsp;&gt;&nbsp;改装配件&nbsp;&gt;&nbsp;轮胎', '汽车用品,改装配件,轮胎', 762, 0),
(673, 730, 733, 763, '汽车用品&nbsp;&gt;&nbsp;改装配件&nbsp;&gt;&nbsp;贴膜', '汽车用品,改装配件,贴膜', 763, 0),
(674, 730, 733, 764, '汽车用品&nbsp;&gt;&nbsp;改装配件&nbsp;&gt;&nbsp;装饰贴', '汽车用品,改装配件,装饰贴', 764, 0),
(675, 730, 733, 765, '汽车用品&nbsp;&gt;&nbsp;改装配件&nbsp;&gt;&nbsp;后视镜', '汽车用品,改装配件,后视镜', 765, 0),
(676, 730, 733, 766, '汽车用品&nbsp;&gt;&nbsp;改装配件&nbsp;&gt;&nbsp;机油滤', '汽车用品,改装配件,机油滤', 766, 0),
(677, 730, 733, 767, '汽车用品&nbsp;&gt;&nbsp;改装配件&nbsp;&gt;&nbsp;空气滤', '汽车用品,改装配件,空气滤', 767, 0),
(678, 730, 733, 768, '汽车用品&nbsp;&gt;&nbsp;改装配件&nbsp;&gt;&nbsp;空调滤', '汽车用品,改装配件,空调滤', 768, 0),
(679, 730, 733, 769, '汽车用品&nbsp;&gt;&nbsp;改装配件&nbsp;&gt;&nbsp;燃油滤', '汽车用品,改装配件,燃油滤', 769, 0),
(680, 730, 733, 770, '汽车用品&nbsp;&gt;&nbsp;改装配件&nbsp;&gt;&nbsp;火花塞', '汽车用品,改装配件,火花塞', 770, 0),
(681, 730, 733, 771, '汽车用品&nbsp;&gt;&nbsp;改装配件&nbsp;&gt;&nbsp;喇叭', '汽车用品,改装配件,喇叭', 771, 0),
(682, 730, 733, 772, '汽车用品&nbsp;&gt;&nbsp;改装配件&nbsp;&gt;&nbsp;刹车片', '汽车用品,改装配件,刹车片', 772, 0),
(683, 730, 733, 773, '汽车用品&nbsp;&gt;&nbsp;改装配件&nbsp;&gt;&nbsp;刹车盘', '汽车用品,改装配件,刹车盘', 773, 0),
(684, 730, 733, 774, '汽车用品&nbsp;&gt;&nbsp;改装配件&nbsp;&gt;&nbsp;减震器', '汽车用品,改装配件,减震器', 774, 0),
(685, 730, 733, 775, '汽车用品&nbsp;&gt;&nbsp;改装配件&nbsp;&gt;&nbsp;车身装饰', '汽车用品,改装配件,车身装饰', 775, 0),
(686, 730, 733, 776, '汽车用品&nbsp;&gt;&nbsp;改装配件&nbsp;&gt;&nbsp;尾喉/排气管', '汽车用品,改装配件,尾喉/排气管', 776, 0),
(687, 730, 733, 777, '汽车用品&nbsp;&gt;&nbsp;改装配件&nbsp;&gt;&nbsp;踏板', '汽车用品,改装配件,踏板', 777, 0),
(688, 730, 733, 778, '汽车用品&nbsp;&gt;&nbsp;改装配件&nbsp;&gt;&nbsp;蓄电池', '汽车用品,改装配件,蓄电池', 778, 0),
(689, 730, 733, 779, '汽车用品&nbsp;&gt;&nbsp;改装配件&nbsp;&gt;&nbsp;其他配件', '汽车用品,改装配件,其他配件', 779, 0),
(690, 730, 734, 780, '汽车用品&nbsp;&gt;&nbsp;汽车美容&nbsp;&gt;&nbsp;漆面美容', '汽车用品,汽车美容,漆面美容', 780, 0),
(691, 730, 734, 781, '汽车用品&nbsp;&gt;&nbsp;汽车美容&nbsp;&gt;&nbsp;漆面修复', '汽车用品,汽车美容,漆面修复', 781, 0),
(692, 730, 734, 782, '汽车用品&nbsp;&gt;&nbsp;汽车美容&nbsp;&gt;&nbsp;内饰清洁', '汽车用品,汽车美容,内饰清洁', 782, 0),
(693, 730, 734, 783, '汽车用品&nbsp;&gt;&nbsp;汽车美容&nbsp;&gt;&nbsp;玻璃美容', '汽车用品,汽车美容,玻璃美容', 783, 0),
(694, 730, 734, 784, '汽车用品&nbsp;&gt;&nbsp;汽车美容&nbsp;&gt;&nbsp;补漆笔', '汽车用品,汽车美容,补漆笔', 784, 0),
(695, 730, 734, 785, '汽车用品&nbsp;&gt;&nbsp;汽车美容&nbsp;&gt;&nbsp;轮胎轮毂清洗', '汽车用品,汽车美容,轮胎轮毂清洗', 785, 0),
(696, 730, 734, 786, '汽车用品&nbsp;&gt;&nbsp;汽车美容&nbsp;&gt;&nbsp;洗车器', '汽车用品,汽车美容,洗车器', 786, 0),
(697, 730, 734, 787, '汽车用品&nbsp;&gt;&nbsp;汽车美容&nbsp;&gt;&nbsp;洗车水枪', '汽车用品,汽车美容,洗车水枪', 787, 0),
(698, 730, 734, 788, '汽车用品&nbsp;&gt;&nbsp;汽车美容&nbsp;&gt;&nbsp;洗车配件', '汽车用品,汽车美容,洗车配件', 788, 0),
(699, 730, 734, 789, '汽车用品&nbsp;&gt;&nbsp;汽车美容&nbsp;&gt;&nbsp;洗车液', '汽车用品,汽车美容,洗车液', 789, 0),
(700, 730, 734, 790, '汽车用品&nbsp;&gt;&nbsp;汽车美容&nbsp;&gt;&nbsp;车掸', '汽车用品,汽车美容,车掸', 790, 0),
(701, 730, 734, 791, '汽车用品&nbsp;&gt;&nbsp;汽车美容&nbsp;&gt;&nbsp;擦车巾/海绵', '汽车用品,汽车美容,擦车巾/海绵', 791, 0),
(702, 730, 735, 792, '汽车用品&nbsp;&gt;&nbsp;座垫脚垫&nbsp;&gt;&nbsp;凉垫', '汽车用品,座垫脚垫,凉垫', 792, 0),
(703, 730, 735, 793, '汽车用品&nbsp;&gt;&nbsp;座垫脚垫&nbsp;&gt;&nbsp;四季垫', '汽车用品,座垫脚垫,四季垫', 793, 0),
(704, 730, 735, 794, '汽车用品&nbsp;&gt;&nbsp;座垫脚垫&nbsp;&gt;&nbsp;毛垫', '汽车用品,座垫脚垫,毛垫', 794, 0),
(705, 730, 735, 795, '汽车用品&nbsp;&gt;&nbsp;座垫脚垫&nbsp;&gt;&nbsp;专车专用座垫', '汽车用品,座垫脚垫,专车专用座垫', 795, 0),
(706, 730, 735, 796, '汽车用品&nbsp;&gt;&nbsp;座垫脚垫&nbsp;&gt;&nbsp;专车专用座套', '汽车用品,座垫脚垫,专车专用座套', 796, 0),
(707, 730, 735, 797, '汽车用品&nbsp;&gt;&nbsp;座垫脚垫&nbsp;&gt;&nbsp;通用座套', '汽车用品,座垫脚垫,通用座套', 797, 0),
(708, 730, 735, 798, '汽车用品&nbsp;&gt;&nbsp;座垫脚垫&nbsp;&gt;&nbsp;多功能垫', '汽车用品,座垫脚垫,多功能垫', 798, 0),
(709, 730, 735, 799, '汽车用品&nbsp;&gt;&nbsp;座垫脚垫&nbsp;&gt;&nbsp;专车专用脚垫', '汽车用品,座垫脚垫,专车专用脚垫', 799, 0),
(710, 730, 735, 800, '汽车用品&nbsp;&gt;&nbsp;座垫脚垫&nbsp;&gt;&nbsp;通用脚垫', '汽车用品,座垫脚垫,通用脚垫', 800, 0),
(711, 730, 735, 801, '汽车用品&nbsp;&gt;&nbsp;座垫脚垫&nbsp;&gt;&nbsp;后备箱垫', '汽车用品,座垫脚垫,后备箱垫', 801, 0),
(712, 730, 736, 802, '汽车用品&nbsp;&gt;&nbsp;内饰精品&nbsp;&gt;&nbsp;车用香水', '汽车用品,内饰精品,车用香水', 802, 0),
(713, 730, 736, 803, '汽车用品&nbsp;&gt;&nbsp;内饰精品&nbsp;&gt;&nbsp;车用炭包', '汽车用品,内饰精品,车用炭包', 803, 0),
(714, 730, 736, 804, '汽车用品&nbsp;&gt;&nbsp;内饰精品&nbsp;&gt;&nbsp;空气净化', '汽车用品,内饰精品,空气净化', 804, 0),
(715, 730, 736, 805, '汽车用品&nbsp;&gt;&nbsp;内饰精品&nbsp;&gt;&nbsp;颈枕/头枕', '汽车用品,内饰精品,颈枕/头枕', 805, 0),
(716, 730, 736, 806, '汽车用品&nbsp;&gt;&nbsp;内饰精品&nbsp;&gt;&nbsp;抱枕/腰靠', '汽车用品,内饰精品,抱枕/腰靠', 806, 0),
(717, 730, 736, 807, '汽车用品&nbsp;&gt;&nbsp;内饰精品&nbsp;&gt;&nbsp;方向盘套', '汽车用品,内饰精品,方向盘套', 807, 0),
(718, 730, 736, 808, '汽车用品&nbsp;&gt;&nbsp;内饰精品&nbsp;&gt;&nbsp;挂件', '汽车用品,内饰精品,挂件', 808, 0),
(719, 730, 736, 809, '汽车用品&nbsp;&gt;&nbsp;内饰精品&nbsp;&gt;&nbsp;摆件', '汽车用品,内饰精品,摆件', 809, 0),
(720, 730, 736, 810, '汽车用品&nbsp;&gt;&nbsp;内饰精品&nbsp;&gt;&nbsp;布艺软饰', '汽车用品,内饰精品,布艺软饰', 810, 0),
(721, 730, 736, 811, '汽车用品&nbsp;&gt;&nbsp;内饰精品&nbsp;&gt;&nbsp;功能用品', '汽车用品,内饰精品,功能用品', 811, 0),
(722, 730, 736, 812, '汽车用品&nbsp;&gt;&nbsp;内饰精品&nbsp;&gt;&nbsp;整理收纳', '汽车用品,内饰精品,整理收纳', 812, 0),
(723, 730, 736, 813, '汽车用品&nbsp;&gt;&nbsp;内饰精品&nbsp;&gt;&nbsp;CD夹', '汽车用品,内饰精品,CD夹', 813, 0),
(724, 730, 737, 814, '汽车用品&nbsp;&gt;&nbsp;安全自驾&nbsp;&gt;&nbsp;儿童安全座椅', '汽车用品,安全自驾,儿童安全座椅', 814, 0),
(725, 730, 737, 815, '汽车用品&nbsp;&gt;&nbsp;安全自驾&nbsp;&gt;&nbsp;应急救援', '汽车用品,安全自驾,应急救援', 815, 0),
(726, 730, 737, 816, '汽车用品&nbsp;&gt;&nbsp;安全自驾&nbsp;&gt;&nbsp;汽修工具', '汽车用品,安全自驾,汽修工具', 816, 0),
(727, 730, 737, 817, '汽车用品&nbsp;&gt;&nbsp;安全自驾&nbsp;&gt;&nbsp;自驾野营', '汽车用品,安全自驾,自驾野营', 817, 0),
(728, 730, 737, 818, '汽车用品&nbsp;&gt;&nbsp;安全自驾&nbsp;&gt;&nbsp;自驾照明', '汽车用品,安全自驾,自驾照明', 818, 0),
(729, 730, 737, 819, '汽车用品&nbsp;&gt;&nbsp;安全自驾&nbsp;&gt;&nbsp;保温箱', '汽车用品,安全自驾,保温箱', 819, 0),
(730, 730, 737, 820, '汽车用品&nbsp;&gt;&nbsp;安全自驾&nbsp;&gt;&nbsp;置物箱', '汽车用品,安全自驾,置物箱', 820, 0),
(731, 730, 737, 821, '汽车用品&nbsp;&gt;&nbsp;安全自驾&nbsp;&gt;&nbsp;车衣', '汽车用品,安全自驾,车衣', 821, 0),
(732, 730, 737, 822, '汽车用品&nbsp;&gt;&nbsp;安全自驾&nbsp;&gt;&nbsp;遮阳挡雪挡', '汽车用品,安全自驾,遮阳挡雪挡', 822, 0),
(733, 730, 737, 823, '汽车用品&nbsp;&gt;&nbsp;安全自驾&nbsp;&gt;&nbsp;车锁地锁', '汽车用品,安全自驾,车锁地锁', 823, 0),
(734, 730, 737, 824, '汽车用品&nbsp;&gt;&nbsp;安全自驾&nbsp;&gt;&nbsp;摩托车装备', '汽车用品,安全自驾,摩托车装备', 824, 0),
(735, 825, 826, 838, '玩具乐器&nbsp;&gt;&nbsp;适用年龄&nbsp;&gt;&nbsp;0-6个月', '玩具乐器,适用年龄,0-6个月', 838, 0),
(736, 825, 826, 839, '玩具乐器&nbsp;&gt;&nbsp;适用年龄&nbsp;&gt;&nbsp;6-12个月', '玩具乐器,适用年龄,6-12个月', 839, 0),
(737, 825, 826, 840, '玩具乐器&nbsp;&gt;&nbsp;适用年龄&nbsp;&gt;&nbsp;1-3岁', '玩具乐器,适用年龄,1-3岁', 840, 0),
(738, 825, 826, 841, '玩具乐器&nbsp;&gt;&nbsp;适用年龄&nbsp;&gt;&nbsp;3-6岁', '玩具乐器,适用年龄,3-6岁', 841, 0),
(739, 825, 826, 842, '玩具乐器&nbsp;&gt;&nbsp;适用年龄&nbsp;&gt;&nbsp;6-14岁', '玩具乐器,适用年龄,6-14岁', 842, 0),
(740, 825, 826, 843, '玩具乐器&nbsp;&gt;&nbsp;适用年龄&nbsp;&gt;&nbsp;14岁以上', '玩具乐器,适用年龄,14岁以上', 843, 0),
(741, 825, 827, 844, '玩具乐器&nbsp;&gt;&nbsp;遥控/电动&nbsp;&gt;&nbsp;遥控车', '玩具乐器,遥控/电动,遥控车', 844, 0),
(742, 825, 827, 845, '玩具乐器&nbsp;&gt;&nbsp;遥控/电动&nbsp;&gt;&nbsp;遥控飞机', '玩具乐器,遥控/电动,遥控飞机', 845, 0),
(743, 825, 827, 846, '玩具乐器&nbsp;&gt;&nbsp;遥控/电动&nbsp;&gt;&nbsp;遥控船', '玩具乐器,遥控/电动,遥控船', 846, 0),
(744, 825, 827, 847, '玩具乐器&nbsp;&gt;&nbsp;遥控/电动&nbsp;&gt;&nbsp;机器人/电动', '玩具乐器,遥控/电动,机器人/电动', 847, 0),
(745, 825, 827, 848, '玩具乐器&nbsp;&gt;&nbsp;遥控/电动&nbsp;&gt;&nbsp;轨道/助力', '玩具乐器,遥控/电动,轨道/助力', 848, 0),
(746, 825, 828, 849, '玩具乐器&nbsp;&gt;&nbsp;毛绒布艺&nbsp;&gt;&nbsp;毛绒/布艺', '玩具乐器,毛绒布艺,毛绒/布艺', 849, 0),
(747, 825, 828, 850, '玩具乐器&nbsp;&gt;&nbsp;毛绒布艺&nbsp;&gt;&nbsp;靠垫/抱枕', '玩具乐器,毛绒布艺,靠垫/抱枕', 850, 0),
(748, 825, 829, 851, '玩具乐器&nbsp;&gt;&nbsp;娃娃玩具&nbsp;&gt;&nbsp;芭比娃娃', '玩具乐器,娃娃玩具,芭比娃娃', 851, 0),
(749, 825, 829, 852, '玩具乐器&nbsp;&gt;&nbsp;娃娃玩具&nbsp;&gt;&nbsp;卡通娃娃', '玩具乐器,娃娃玩具,卡通娃娃', 852, 0),
(750, 825, 829, 853, '玩具乐器&nbsp;&gt;&nbsp;娃娃玩具&nbsp;&gt;&nbsp;智能娃娃', '玩具乐器,娃娃玩具,智能娃娃', 853, 0),
(751, 825, 830, 854, '玩具乐器&nbsp;&gt;&nbsp;模型玩具&nbsp;&gt;&nbsp;仿真模型', '玩具乐器,模型玩具,仿真模型', 854, 0),
(752, 825, 830, 855, '玩具乐器&nbsp;&gt;&nbsp;模型玩具&nbsp;&gt;&nbsp;拼插模型', '玩具乐器,模型玩具,拼插模型', 855, 0),
(753, 825, 830, 856, '玩具乐器&nbsp;&gt;&nbsp;模型玩具&nbsp;&gt;&nbsp;收藏爱好', '玩具乐器,模型玩具,收藏爱好', 856, 0),
(754, 825, 831, 857, '玩具乐器&nbsp;&gt;&nbsp;健身玩具&nbsp;&gt;&nbsp;炫舞毯', '玩具乐器,健身玩具,炫舞毯', 857, 0),
(755, 825, 831, 858, '玩具乐器&nbsp;&gt;&nbsp;健身玩具&nbsp;&gt;&nbsp;爬行垫/毯', '玩具乐器,健身玩具,爬行垫/毯', 858, 0),
(756, 825, 831, 859, '玩具乐器&nbsp;&gt;&nbsp;健身玩具&nbsp;&gt;&nbsp;户外玩具', '玩具乐器,健身玩具,户外玩具', 859, 0),
(757, 825, 831, 860, '玩具乐器&nbsp;&gt;&nbsp;健身玩具&nbsp;&gt;&nbsp;戏水玩具', '玩具乐器,健身玩具,戏水玩具', 860, 0),
(758, 825, 832, 861, '玩具乐器&nbsp;&gt;&nbsp;动漫玩具&nbsp;&gt;&nbsp;电影周边', '玩具乐器,动漫玩具,电影周边', 861, 0),
(759, 825, 832, 862, '玩具乐器&nbsp;&gt;&nbsp;动漫玩具&nbsp;&gt;&nbsp;卡通周边', '玩具乐器,动漫玩具,卡通周边', 862, 0),
(760, 825, 832, 863, '玩具乐器&nbsp;&gt;&nbsp;动漫玩具&nbsp;&gt;&nbsp;网游周边', '玩具乐器,动漫玩具,网游周边', 863, 0),
(761, 825, 833, 864, '玩具乐器&nbsp;&gt;&nbsp;益智玩具&nbsp;&gt;&nbsp;摇铃/床铃', '玩具乐器,益智玩具,摇铃/床铃', 864, 0),
(762, 825, 833, 865, '玩具乐器&nbsp;&gt;&nbsp;益智玩具&nbsp;&gt;&nbsp;健身架', '玩具乐器,益智玩具,健身架', 865, 0),
(763, 825, 833, 866, '玩具乐器&nbsp;&gt;&nbsp;益智玩具&nbsp;&gt;&nbsp;早教启智', '玩具乐器,益智玩具,早教启智', 866, 0),
(764, 825, 833, 867, '玩具乐器&nbsp;&gt;&nbsp;益智玩具&nbsp;&gt;&nbsp;拖拉玩具', '玩具乐器,益智玩具,拖拉玩具', 867, 0),
(765, 825, 834, 868, '玩具乐器&nbsp;&gt;&nbsp;积木拼插&nbsp;&gt;&nbsp;积木', '玩具乐器,积木拼插,积木', 868, 0),
(766, 825, 834, 869, '玩具乐器&nbsp;&gt;&nbsp;积木拼插&nbsp;&gt;&nbsp;拼图', '玩具乐器,积木拼插,拼图', 869, 0),
(767, 825, 834, 870, '玩具乐器&nbsp;&gt;&nbsp;积木拼插&nbsp;&gt;&nbsp;磁力棒', '玩具乐器,积木拼插,磁力棒', 870, 0),
(768, 825, 834, 871, '玩具乐器&nbsp;&gt;&nbsp;积木拼插&nbsp;&gt;&nbsp;立体拼插', '玩具乐器,积木拼插,立体拼插', 871, 0),
(769, 825, 835, 872, '玩具乐器&nbsp;&gt;&nbsp;DIY玩具&nbsp;&gt;&nbsp;手工彩泥', '玩具乐器,DIY玩具,手工彩泥', 872, 0),
(770, 825, 835, 873, '玩具乐器&nbsp;&gt;&nbsp;DIY玩具&nbsp;&gt;&nbsp;绘画工具', '玩具乐器,DIY玩具,绘画工具', 873, 0),
(771, 825, 835, 874, '玩具乐器&nbsp;&gt;&nbsp;DIY玩具&nbsp;&gt;&nbsp;情景玩具', '玩具乐器,DIY玩具,情景玩具', 874, 0),
(772, 825, 836, 875, '玩具乐器&nbsp;&gt;&nbsp;创意减压&nbsp;&gt;&nbsp;减压玩具', '玩具乐器,创意减压,减压玩具', 875, 0),
(773, 825, 836, 876, '玩具乐器&nbsp;&gt;&nbsp;创意减压&nbsp;&gt;&nbsp;创意玩具', '玩具乐器,创意减压,创意玩具', 876, 0),
(774, 825, 837, 877, '玩具乐器&nbsp;&gt;&nbsp;乐器相关&nbsp;&gt;&nbsp;钢琴', '玩具乐器,乐器相关,钢琴', 877, 0),
(775, 825, 837, 878, '玩具乐器&nbsp;&gt;&nbsp;乐器相关&nbsp;&gt;&nbsp;电子琴', '玩具乐器,乐器相关,电子琴', 878, 0),
(776, 825, 837, 879, '玩具乐器&nbsp;&gt;&nbsp;乐器相关&nbsp;&gt;&nbsp;手风琴', '玩具乐器,乐器相关,手风琴', 879, 0),
(777, 825, 837, 880, '玩具乐器&nbsp;&gt;&nbsp;乐器相关&nbsp;&gt;&nbsp;吉他/贝斯', '玩具乐器,乐器相关,吉他/贝斯', 880, 0),
(778, 825, 837, 881, '玩具乐器&nbsp;&gt;&nbsp;乐器相关&nbsp;&gt;&nbsp;民族管弦乐器', '玩具乐器,乐器相关,民族管弦乐器', 881, 0),
(779, 825, 837, 882, '玩具乐器&nbsp;&gt;&nbsp;乐器相关&nbsp;&gt;&nbsp;西洋管弦乐', '玩具乐器,乐器相关,西洋管弦乐', 882, 0),
(780, 825, 837, 883, '玩具乐器&nbsp;&gt;&nbsp;乐器相关&nbsp;&gt;&nbsp;口琴/口风琴/竖笛', '玩具乐器,乐器相关,口琴/口风琴/竖笛', 883, 0),
(781, 825, 837, 884, '玩具乐器&nbsp;&gt;&nbsp;乐器相关&nbsp;&gt;&nbsp;西洋打击乐器', '玩具乐器,乐器相关,西洋打击乐器', 884, 0),
(782, 825, 837, 885, '玩具乐器&nbsp;&gt;&nbsp;乐器相关&nbsp;&gt;&nbsp;各式乐器配件', '玩具乐器,乐器相关,各式乐器配件', 885, 0),
(783, 825, 837, 886, '玩具乐器&nbsp;&gt;&nbsp;乐器相关&nbsp;&gt;&nbsp;电脑音乐', '玩具乐器,乐器相关,电脑音乐', 886, 0),
(784, 825, 837, 887, '玩具乐器&nbsp;&gt;&nbsp;乐器相关&nbsp;&gt;&nbsp;工艺礼品乐器', '玩具乐器,乐器相关,工艺礼品乐器', 887, 0),
(785, 888, 889, 895, '厨房用具&nbsp;&gt;&nbsp;烹饪锅具&nbsp;&gt;&nbsp;炒锅', '厨具,烹饪锅具,炒锅', 895, 0),
(786, 888, 889, 896, '厨房用具&nbsp;&gt;&nbsp;烹饪锅具&nbsp;&gt;&nbsp;煎锅', '厨具,烹饪锅具,煎锅', 896, 0),
(787, 888, 889, 897, '厨房用具&nbsp;&gt;&nbsp;烹饪锅具&nbsp;&gt;&nbsp;压力锅', '厨具,烹饪锅具,压力锅', 897, 0),
(788, 888, 889, 898, '厨房用具&nbsp;&gt;&nbsp;烹饪锅具&nbsp;&gt;&nbsp;蒸锅', '厨具,烹饪锅具,蒸锅', 898, 0),
(789, 888, 889, 899, '厨房用具&nbsp;&gt;&nbsp;烹饪锅具&nbsp;&gt;&nbsp;汤锅', '厨具,烹饪锅具,汤锅', 899, 0),
(790, 888, 889, 900, '厨房用具&nbsp;&gt;&nbsp;烹饪锅具&nbsp;&gt;&nbsp;奶锅', '厨具,烹饪锅具,奶锅', 900, 0),
(791, 888, 889, 901, '厨房用具&nbsp;&gt;&nbsp;烹饪锅具&nbsp;&gt;&nbsp;套锅', '厨具,烹饪锅具,套锅', 901, 0),
(792, 888, 889, 902, '厨房用具&nbsp;&gt;&nbsp;烹饪锅具&nbsp;&gt;&nbsp;煲类', '厨具,烹饪锅具,煲类', 902, 0),
(793, 888, 889, 903, '厨房用具&nbsp;&gt;&nbsp;烹饪锅具&nbsp;&gt;&nbsp;水壶', '厨具,烹饪锅具,水壶', 903, 0),
(794, 888, 889, 904, '厨房用具&nbsp;&gt;&nbsp;烹饪锅具&nbsp;&gt;&nbsp;厨用杂件', '厨具,烹饪锅具,厨用杂件', 904, 0),
(795, 888, 890, 905, '厨房用具&nbsp;&gt;&nbsp;刀剪菜板&nbsp;&gt;&nbsp;单刀', '厨具,刀剪菜板,单刀', 905, 0),
(796, 888, 890, 906, '厨房用具&nbsp;&gt;&nbsp;刀剪菜板&nbsp;&gt;&nbsp;剪刀', '厨具,刀剪菜板,剪刀', 906, 0),
(797, 888, 890, 907, '厨房用具&nbsp;&gt;&nbsp;刀剪菜板&nbsp;&gt;&nbsp;套刀', '厨具,刀剪菜板,套刀', 907, 0),
(798, 888, 890, 908, '厨房用具&nbsp;&gt;&nbsp;刀剪菜板&nbsp;&gt;&nbsp;砧板', '厨具,刀剪菜板,砧板', 908, 0),
(799, 888, 890, 909, '厨房用具&nbsp;&gt;&nbsp;刀剪菜板&nbsp;&gt;&nbsp;刀具配件', '厨具,刀剪菜板,刀具配件', 909, 0),
(800, 888, 891, 910, '厨房用具&nbsp;&gt;&nbsp;收纳保鲜&nbsp;&gt;&nbsp;保鲜盒', '厨具,收纳保鲜,保鲜盒', 910, 0),
(801, 888, 891, 911, '厨房用具&nbsp;&gt;&nbsp;收纳保鲜&nbsp;&gt;&nbsp;保鲜膜/袋', '厨具,收纳保鲜,保鲜膜/袋', 911, 0),
(802, 888, 891, 912, '厨房用具&nbsp;&gt;&nbsp;收纳保鲜&nbsp;&gt;&nbsp;调料器皿', '厨具,收纳保鲜,调料器皿', 912, 0),
(803, 888, 891, 913, '厨房用具&nbsp;&gt;&nbsp;收纳保鲜&nbsp;&gt;&nbsp;饭盒/提锅', '厨具,收纳保鲜,饭盒/提锅', 913, 0),
(804, 888, 892, 914, '厨房用具&nbsp;&gt;&nbsp;水具酒具&nbsp;&gt;&nbsp;塑料杯', '厨具,水具酒具,塑料杯', 914, 0),
(805, 888, 892, 915, '厨房用具&nbsp;&gt;&nbsp;水具酒具&nbsp;&gt;&nbsp;运动水壶', '厨具,水具酒具,运动水壶', 915, 0),
(806, 888, 892, 916, '厨房用具&nbsp;&gt;&nbsp;水具酒具&nbsp;&gt;&nbsp;玻璃杯', '厨具,水具酒具,玻璃杯', 916, 0),
(807, 888, 892, 917, '厨房用具&nbsp;&gt;&nbsp;水具酒具&nbsp;&gt;&nbsp;陶瓷杯', '厨具,水具酒具,陶瓷杯', 917, 0),
(808, 888, 892, 918, '厨房用具&nbsp;&gt;&nbsp;水具酒具&nbsp;&gt;&nbsp;保温杯', '厨具,水具酒具,保温杯', 918, 0),
(809, 888, 892, 919, '厨房用具&nbsp;&gt;&nbsp;水具酒具&nbsp;&gt;&nbsp;保温壶', '厨具,水具酒具,保温壶', 919, 0),
(810, 888, 892, 920, '厨房用具&nbsp;&gt;&nbsp;水具酒具&nbsp;&gt;&nbsp;酒杯/套装', '厨具,水具酒具,酒杯/套装', 920, 0),
(811, 888, 892, 921, '厨房用具&nbsp;&gt;&nbsp;水具酒具&nbsp;&gt;&nbsp;酒具配件', '厨具,水具酒具,酒具配件', 921, 0),
(812, 888, 893, 922, '厨房用具&nbsp;&gt;&nbsp;餐具&nbsp;&gt;&nbsp;餐具套装', '厨具,餐具,餐具套装', 922, 0),
(813, 888, 893, 923, '厨房用具&nbsp;&gt;&nbsp;餐具&nbsp;&gt;&nbsp;碗/碟/盘', '厨具,餐具,碗/碟/盘', 923, 0),
(814, 888, 893, 924, '厨房用具&nbsp;&gt;&nbsp;餐具&nbsp;&gt;&nbsp;筷勺/刀叉', '厨具,餐具,筷勺/刀叉', 924, 0),
(815, 888, 893, 925, '厨房用具&nbsp;&gt;&nbsp;餐具&nbsp;&gt;&nbsp;一次性餐具', '厨具,餐具,一次性餐具', 925, 0),
(816, 888, 935, 936, '厨房用具&nbsp;&gt;&nbsp;茶具/咖啡具&nbsp;&gt;&nbsp;整套茶具', '厨具,茶具/咖啡具,整套茶具', 936, 0),
(817, 888, 935, 937, '厨房用具&nbsp;&gt;&nbsp;茶具/咖啡具&nbsp;&gt;&nbsp;茶杯', '厨具,茶具/咖啡具,茶杯', 937, 0),
(818, 888, 935, 938, '厨房用具&nbsp;&gt;&nbsp;茶具/咖啡具&nbsp;&gt;&nbsp;茶壶', '厨具,茶具/咖啡具,茶壶', 938, 0),
(819, 888, 935, 939, '厨房用具&nbsp;&gt;&nbsp;茶具/咖啡具&nbsp;&gt;&nbsp;茶盘茶托', '厨具,茶具/咖啡具,茶盘茶托', 939, 0),
(820, 888, 935, 940, '厨房用具&nbsp;&gt;&nbsp;茶具/咖啡具&nbsp;&gt;&nbsp;茶叶罐', '厨具,茶具/咖啡具,茶叶罐', 940, 0),
(821, 888, 935, 941, '厨房用具&nbsp;&gt;&nbsp;茶具/咖啡具&nbsp;&gt;&nbsp;茶具配件', '厨具,茶具/咖啡具,茶具配件', 941, 0),
(822, 888, 935, 942, '厨房用具&nbsp;&gt;&nbsp;茶具/咖啡具&nbsp;&gt;&nbsp;茶宠摆件', '厨具,茶具/咖啡具,茶宠摆件', 942, 0),
(823, 888, 935, 943, '厨房用具&nbsp;&gt;&nbsp;茶具/咖啡具&nbsp;&gt;&nbsp;咖啡具', '厨具,茶具/咖啡具,咖啡具', 943, 0),
(824, 888, 935, 944, '厨房用具&nbsp;&gt;&nbsp;茶具/咖啡具&nbsp;&gt;&nbsp;其他', '厨具,茶具/咖啡具,其他', 944, 0),
(825, 959, 960, 968, '母婴用品&nbsp;&gt;&nbsp;奶粉&nbsp;&gt;&nbsp;品牌奶粉', '母婴用品,奶粉,品牌奶粉', 968, 0),
(826, 959, 960, 969, '母婴用品&nbsp;&gt;&nbsp;奶粉&nbsp;&gt;&nbsp;妈妈奶粉', '母婴用品,奶粉,妈妈奶粉', 969, 0);
INSERT INTO `cor_goods_class_tag` (`gc_tag_id`, `gc_id_1`, `gc_id_2`, `gc_id_3`, `gc_tag_name`, `gc_tag_value`, `gc_id`, `type_id`) VALUES
(827, 959, 960, 970, '母婴用品&nbsp;&gt;&nbsp;奶粉&nbsp;&gt;&nbsp;1段奶粉', '母婴用品,奶粉,1段奶粉', 970, 0),
(828, 959, 960, 971, '母婴用品&nbsp;&gt;&nbsp;奶粉&nbsp;&gt;&nbsp;2段奶粉', '母婴用品,奶粉,2段奶粉', 971, 0),
(829, 959, 960, 972, '母婴用品&nbsp;&gt;&nbsp;奶粉&nbsp;&gt;&nbsp;3段奶粉', '母婴用品,奶粉,3段奶粉', 972, 0),
(830, 959, 960, 973, '母婴用品&nbsp;&gt;&nbsp;奶粉&nbsp;&gt;&nbsp;4段奶粉', '母婴用品,奶粉,4段奶粉', 973, 0),
(831, 959, 960, 974, '母婴用品&nbsp;&gt;&nbsp;奶粉&nbsp;&gt;&nbsp;羊奶粉', '母婴用品,奶粉,羊奶粉', 974, 0),
(832, 959, 960, 975, '母婴用品&nbsp;&gt;&nbsp;奶粉&nbsp;&gt;&nbsp;特殊配方', '母婴用品,奶粉,特殊配方', 975, 0),
(833, 959, 960, 976, '母婴用品&nbsp;&gt;&nbsp;奶粉&nbsp;&gt;&nbsp;成人奶粉', '母婴用品,奶粉,成人奶粉', 976, 0),
(834, 959, 961, 977, '母婴用品&nbsp;&gt;&nbsp;营养辅食&nbsp;&gt;&nbsp;婴幼营养', '母婴用品,营养辅食,婴幼营养', 977, 0),
(835, 959, 961, 978, '母婴用品&nbsp;&gt;&nbsp;营养辅食&nbsp;&gt;&nbsp;初乳', '母婴用品,营养辅食,初乳', 978, 0),
(836, 959, 961, 979, '母婴用品&nbsp;&gt;&nbsp;营养辅食&nbsp;&gt;&nbsp;米粉/菜粉', '母婴用品,营养辅食,米粉/菜粉', 979, 0),
(837, 959, 961, 980, '母婴用品&nbsp;&gt;&nbsp;营养辅食&nbsp;&gt;&nbsp;果泥/果汁', '母婴用品,营养辅食,果泥/果汁', 980, 0),
(838, 959, 961, 981, '母婴用品&nbsp;&gt;&nbsp;营养辅食&nbsp;&gt;&nbsp;肉松/饼干', '母婴用品,营养辅食,肉松/饼干', 981, 0),
(839, 959, 961, 982, '母婴用品&nbsp;&gt;&nbsp;营养辅食&nbsp;&gt;&nbsp;辅食', '母婴用品,营养辅食,辅食', 982, 0),
(840, 959, 961, 983, '母婴用品&nbsp;&gt;&nbsp;营养辅食&nbsp;&gt;&nbsp;孕期营养', '母婴用品,营养辅食,孕期营养', 983, 0),
(841, 959, 961, 984, '母婴用品&nbsp;&gt;&nbsp;营养辅食&nbsp;&gt;&nbsp;清火/开胃', '母婴用品,营养辅食,清火/开胃', 984, 0),
(842, 959, 961, 985, '母婴用品&nbsp;&gt;&nbsp;营养辅食&nbsp;&gt;&nbsp;面条/粥', '母婴用品,营养辅食,面条/粥', 985, 0),
(843, 959, 962, 986, '母婴用品&nbsp;&gt;&nbsp;尿裤湿巾&nbsp;&gt;&nbsp;品牌尿裤', '母婴用品,尿裤湿巾,品牌尿裤', 986, 0),
(844, 959, 962, 987, '母婴用品&nbsp;&gt;&nbsp;尿裤湿巾&nbsp;&gt;&nbsp;新生儿', '母婴用品,尿裤湿巾,新生儿', 987, 0),
(845, 959, 962, 988, '母婴用品&nbsp;&gt;&nbsp;尿裤湿巾&nbsp;&gt;&nbsp;S号', '母婴用品,尿裤湿巾,S号', 988, 0),
(846, 959, 962, 989, '母婴用品&nbsp;&gt;&nbsp;尿裤湿巾&nbsp;&gt;&nbsp;M号', '母婴用品,尿裤湿巾,M号', 989, 0),
(847, 959, 962, 990, '母婴用品&nbsp;&gt;&nbsp;尿裤湿巾&nbsp;&gt;&nbsp;L号', '母婴用品,尿裤湿巾,L号', 990, 0),
(848, 959, 962, 991, '母婴用品&nbsp;&gt;&nbsp;尿裤湿巾&nbsp;&gt;&nbsp;XL/XXL号', '母婴用品,尿裤湿巾,XL/XXL号', 991, 0),
(849, 959, 962, 992, '母婴用品&nbsp;&gt;&nbsp;尿裤湿巾&nbsp;&gt;&nbsp;裤型尿裤', '母婴用品,尿裤湿巾,裤型尿裤', 992, 0),
(850, 959, 962, 993, '母婴用品&nbsp;&gt;&nbsp;尿裤湿巾&nbsp;&gt;&nbsp;湿巾', '母婴用品,尿裤湿巾,湿巾', 993, 0),
(851, 959, 962, 994, '母婴用品&nbsp;&gt;&nbsp;尿裤湿巾&nbsp;&gt;&nbsp;尿布/尿垫', '母婴用品,尿裤湿巾,尿布/尿垫', 994, 0),
(852, 959, 962, 995, '母婴用品&nbsp;&gt;&nbsp;尿裤湿巾&nbsp;&gt;&nbsp;成人尿裤', '母婴用品,尿裤湿巾,成人尿裤', 995, 0),
(853, 959, 963, 996, '母婴用品&nbsp;&gt;&nbsp;喂养用品&nbsp;&gt;&nbsp;奶瓶', '母婴用品,喂养用品,奶瓶', 996, 0),
(854, 959, 963, 997, '母婴用品&nbsp;&gt;&nbsp;喂养用品&nbsp;&gt;&nbsp;奶嘴', '母婴用品,喂养用品,奶嘴', 997, 0),
(855, 959, 963, 998, '母婴用品&nbsp;&gt;&nbsp;喂养用品&nbsp;&gt;&nbsp;吸奶器', '母婴用品,喂养用品,吸奶器', 998, 0),
(856, 959, 963, 999, '母婴用品&nbsp;&gt;&nbsp;喂养用品&nbsp;&gt;&nbsp;暖奶/消毒', '母婴用品,喂养用品,暖奶/消毒', 999, 0),
(857, 959, 963, 1000, '母婴用品&nbsp;&gt;&nbsp;喂养用品&nbsp;&gt;&nbsp;餐具', '母婴用品,喂养用品,餐具', 1000, 0),
(858, 959, 963, 1001, '母婴用品&nbsp;&gt;&nbsp;喂养用品&nbsp;&gt;&nbsp;水具', '母婴用品,喂养用品,水具', 1001, 0),
(859, 959, 963, 1002, '母婴用品&nbsp;&gt;&nbsp;喂养用品&nbsp;&gt;&nbsp;牙胶/安抚', '母婴用品,喂养用品,牙胶/安抚', 1002, 0),
(860, 959, 963, 1003, '母婴用品&nbsp;&gt;&nbsp;喂养用品&nbsp;&gt;&nbsp;辅助用品', '母婴用品,喂养用品,辅助用品', 1003, 0),
(861, 959, 964, 1004, '母婴用品&nbsp;&gt;&nbsp;洗护用品&nbsp;&gt;&nbsp;宝宝护肤', '母婴用品,洗护用品,宝宝护肤', 1004, 0),
(862, 959, 964, 1005, '母婴用品&nbsp;&gt;&nbsp;洗护用品&nbsp;&gt;&nbsp;洗浴用品', '母婴用品,洗护用品,洗浴用品', 1005, 0),
(863, 959, 964, 1006, '母婴用品&nbsp;&gt;&nbsp;洗护用品&nbsp;&gt;&nbsp;洗发沐浴', '母婴用品,洗护用品,洗发沐浴', 1006, 0),
(864, 959, 964, 1007, '母婴用品&nbsp;&gt;&nbsp;洗护用品&nbsp;&gt;&nbsp;清洁用品', '母婴用品,洗护用品,清洁用品', 1007, 0),
(865, 959, 964, 1008, '母婴用品&nbsp;&gt;&nbsp;洗护用品&nbsp;&gt;&nbsp;护理用品', '母婴用品,洗护用品,护理用品', 1008, 0),
(866, 959, 964, 1009, '母婴用品&nbsp;&gt;&nbsp;洗护用品&nbsp;&gt;&nbsp;妈妈护肤', '母婴用品,洗护用品,妈妈护肤', 1009, 0),
(867, 959, 965, 1010, '母婴用品&nbsp;&gt;&nbsp;童车童床&nbsp;&gt;&nbsp;婴儿推车', '母婴用品,童车童床,婴儿推车', 1010, 0),
(868, 959, 965, 1011, '母婴用品&nbsp;&gt;&nbsp;童车童床&nbsp;&gt;&nbsp;餐椅摇椅', '母婴用品,童车童床,餐椅摇椅', 1011, 0),
(869, 959, 965, 1012, '母婴用品&nbsp;&gt;&nbsp;童车童床&nbsp;&gt;&nbsp;婴儿床', '母婴用品,童车童床,婴儿床', 1012, 0),
(870, 959, 965, 1013, '母婴用品&nbsp;&gt;&nbsp;童车童床&nbsp;&gt;&nbsp;学步车', '母婴用品,童车童床,学步车', 1013, 0),
(871, 959, 965, 1014, '母婴用品&nbsp;&gt;&nbsp;童车童床&nbsp;&gt;&nbsp;三轮车', '母婴用品,童车童床,三轮车', 1014, 0),
(872, 959, 965, 1015, '母婴用品&nbsp;&gt;&nbsp;童车童床&nbsp;&gt;&nbsp;自行车', '母婴用品,童车童床,自行车', 1015, 0),
(873, 959, 965, 1016, '母婴用品&nbsp;&gt;&nbsp;童车童床&nbsp;&gt;&nbsp;电动车', '母婴用品,童车童床,电动车', 1016, 0),
(874, 959, 965, 1017, '母婴用品&nbsp;&gt;&nbsp;童车童床&nbsp;&gt;&nbsp;健身车', '母婴用品,童车童床,健身车', 1017, 0),
(875, 959, 965, 1018, '母婴用品&nbsp;&gt;&nbsp;童车童床&nbsp;&gt;&nbsp;安全座椅', '母婴用品,童车童床,安全座椅', 1018, 0),
(876, 959, 966, 1019, '母婴用品&nbsp;&gt;&nbsp;服饰寝居&nbsp;&gt;&nbsp;婴儿外出服', '母婴用品,服饰寝居,婴儿外出服', 1019, 0),
(877, 959, 966, 1020, '母婴用品&nbsp;&gt;&nbsp;服饰寝居&nbsp;&gt;&nbsp;婴儿内衣', '母婴用品,服饰寝居,婴儿内衣', 1020, 0),
(878, 959, 966, 1021, '母婴用品&nbsp;&gt;&nbsp;服饰寝居&nbsp;&gt;&nbsp;婴儿礼盒', '母婴用品,服饰寝居,婴儿礼盒', 1021, 0),
(879, 959, 966, 1022, '母婴用品&nbsp;&gt;&nbsp;服饰寝居&nbsp;&gt;&nbsp;婴儿鞋帽袜', '母婴用品,服饰寝居,婴儿鞋帽袜', 1022, 0),
(880, 959, 966, 1023, '母婴用品&nbsp;&gt;&nbsp;服饰寝居&nbsp;&gt;&nbsp;安全防护', '母婴用品,服饰寝居,安全防护', 1023, 0),
(881, 959, 966, 1024, '母婴用品&nbsp;&gt;&nbsp;服饰寝居&nbsp;&gt;&nbsp;家居床品', '母婴用品,服饰寝居,家居床品', 1024, 0),
(882, 959, 966, 1025, '母婴用品&nbsp;&gt;&nbsp;服饰寝居&nbsp;&gt;&nbsp;其他', '母婴用品,服饰寝居,其他', 1025, 0),
(883, 959, 967, 1026, '母婴用品&nbsp;&gt;&nbsp;妈妈专区&nbsp;&gt;&nbsp;包/背婴带', '母婴用品,妈妈专区,包/背婴带', 1026, 0),
(884, 959, 967, 1027, '母婴用品&nbsp;&gt;&nbsp;妈妈专区&nbsp;&gt;&nbsp;妈妈护理', '母婴用品,妈妈专区,妈妈护理', 1027, 0),
(885, 959, 967, 1028, '母婴用品&nbsp;&gt;&nbsp;妈妈专区&nbsp;&gt;&nbsp;产后塑身', '母婴用品,妈妈专区,产后塑身', 1028, 0),
(886, 959, 967, 1029, '母婴用品&nbsp;&gt;&nbsp;妈妈专区&nbsp;&gt;&nbsp;孕妇内衣', '母婴用品,妈妈专区,孕妇内衣', 1029, 0),
(887, 959, 967, 1030, '母婴用品&nbsp;&gt;&nbsp;妈妈专区&nbsp;&gt;&nbsp;防辐射服', '母婴用品,妈妈专区,防辐射服', 1030, 0),
(888, 959, 967, 1031, '母婴用品&nbsp;&gt;&nbsp;妈妈专区&nbsp;&gt;&nbsp;孕妇装', '母婴用品,妈妈专区,孕妇装', 1031, 0),
(889, 959, 967, 1032, '母婴用品&nbsp;&gt;&nbsp;妈妈专区&nbsp;&gt;&nbsp;孕妇食品', '母婴用品,妈妈专区,孕妇食品', 1032, 0),
(890, 959, 967, 1033, '母婴用品&nbsp;&gt;&nbsp;妈妈专区&nbsp;&gt;&nbsp;妈妈美容', '母婴用品,妈妈专区,妈妈美容', 1033, 0);

-- --------------------------------------------------------

--
-- 表的结构 `cor_goods_common`
--

CREATE TABLE IF NOT EXISTS `cor_goods_common` (
  `goods_commonid` int(10) unsigned NOT NULL AUTO_INCREMENT COMMENT '商品公共表id',
  `goods_name` varchar(50) NOT NULL COMMENT '商品名称',
  `goods_jingle` varchar(50) NOT NULL COMMENT '商品广告词',
  `gc_id` int(10) unsigned NOT NULL COMMENT '商品分类',
  `gc_name` varchar(200) NOT NULL COMMENT '商品分类',
  `store_id` int(10) unsigned NOT NULL COMMENT '店铺id',
  `store_name` varchar(50) NOT NULL COMMENT '店铺名称',
  `spec_name` varchar(255) NOT NULL COMMENT '规格名称',
  `spec_value` text NOT NULL COMMENT '规格值',
  `brand_id` int(10) unsigned NOT NULL COMMENT '品牌id',
  `brand_name` varchar(100) NOT NULL COMMENT '品牌名称',
  `type_id` int(10) unsigned NOT NULL DEFAULT '0' COMMENT '类型id',
  `goods_image` varchar(100) NOT NULL COMMENT '商品主图',
  `goods_attr` text NOT NULL COMMENT '商品属性',
  `goods_body` text NOT NULL COMMENT '商品内容',
  `goods_state` tinyint(3) unsigned NOT NULL COMMENT '商品状态 0下架，1正常，10违规（禁售）',
  `goods_stateremark` varchar(255) DEFAULT NULL COMMENT '违规原因',
  `goods_verify` tinyint(3) unsigned NOT NULL COMMENT '商品审核 1通过，0未通过，10审核中',
  `goods_verifyremark` varchar(255) DEFAULT NULL COMMENT '审核失败原因',
  `goods_lock` tinyint(3) unsigned NOT NULL DEFAULT '0' COMMENT '商品锁定 0未锁，1已锁',
  `goods_addtime` int(10) unsigned NOT NULL COMMENT '商品添加时间',
  `goods_selltime` int(10) unsigned NOT NULL COMMENT '上架时间',
  `goods_specname` text NOT NULL COMMENT '规格名称序列化（下标为规格id）',
  `goods_price` decimal(10,2) NOT NULL COMMENT '商品价格',
  `goods_marketprice` decimal(10,2) NOT NULL COMMENT '市场价',
  `goods_costprice` decimal(10,2) NOT NULL COMMENT '成本价',
  `goods_discount` float unsigned NOT NULL COMMENT '折扣',
  `goods_serial` varchar(50) NOT NULL COMMENT '商家编号',
  `transport_id` mediumint(8) unsigned NOT NULL DEFAULT '0' COMMENT '运费模板',
  `transport_title` varchar(60) NOT NULL DEFAULT '' COMMENT '运费模板名称',
  `goods_commend` tinyint(3) unsigned NOT NULL DEFAULT '0' COMMENT '商品推荐 1是，0否，默认为0',
  `goods_freight` decimal(10,2) unsigned NOT NULL DEFAULT '0.00' COMMENT '运费 0为免运费',
  `goods_vat` tinyint(3) unsigned NOT NULL DEFAULT '0' COMMENT '是否开具增值税发票 1是，0否',
  `areaid_1` int(10) unsigned NOT NULL COMMENT '一级地区id',
  `areaid_2` int(10) unsigned NOT NULL COMMENT '二级地区id',
  `goods_stcids` varchar(255) NOT NULL DEFAULT '' COMMENT '店铺分类id 首尾用,隔开',
  `plateid_top` int(10) unsigned DEFAULT NULL COMMENT '顶部关联板式',
  `plateid_bottom` int(10) unsigned DEFAULT NULL COMMENT '底部关联板式',
  `is_gift` tinyint(1) unsigned NOT NULL DEFAULT '0',
  `gift_points` mediumint(8) unsigned NOT NULL DEFAULT '0',
  PRIMARY KEY (`goods_commonid`)
) ENGINE=InnoDB  DEFAULT CHARSET=utf8 COMMENT='商品公共内容表' AUTO_INCREMENT=100208 ;

--
-- 转存表中的数据 `cor_goods_common`
--

INSERT INTO `cor_goods_common` (`goods_commonid`, `goods_name`, `goods_jingle`, `gc_id`, `gc_name`, `store_id`, `store_name`, `spec_name`, `spec_value`, `brand_id`, `brand_name`, `type_id`, `goods_image`, `goods_attr`, `goods_body`, `goods_state`, `goods_stateremark`, `goods_verify`, `goods_verifyremark`, `goods_lock`, `goods_addtime`, `goods_selltime`, `goods_specname`, `goods_price`, `goods_marketprice`, `goods_costprice`, `goods_discount`, `goods_serial`, `transport_id`, `transport_title`, `goods_commend`, `goods_freight`, `goods_vat`, `areaid_1`, `areaid_2`, `goods_stcids`, `plateid_top`, `plateid_bottom`, `is_gift`, `gift_points`) VALUES
(100126, '喷绘布/广告牌/喷画/灯箱布/户外喷绘布/舞台背景招牌布', '高精    特惠    防水   防晒', 1074, '本地生活 &gt;广告 &gt;喷绘', 2, '大琪广告印务', 'N;', 'N;', 0, '', 0, '2_04716035155654501.jpg', 'N;', '<p>\r\n	<strong><span style="font-size:24px;font-family:SimHei;">&nbsp; <span style="color:#E53333;">&nbsp; 高清户外喷绘，</span></span><span style="font-size:24px;font-family:SimHei;color:#E53333;">8</span><span style="font-size:24px;font-family:SimHei;color:#E53333;">元每平方</span><span style="font-size:24px;font-family:SimHei;color:#E53333;">，</span><span style="font-size:24px;font-family:SimHei;color:#E53333;">起步价是</span><span style="font-size:24px;font-family:SimHei;color:#E53333;">20</span><span style="font-size:24px;font-family:SimHei;color:#E53333;">元</span><span style="font-size:24px;font-family:SimHei;color:#E53333;">，</span><span style="font-size:24px;font-family:SimHei;color:#E53333;">不足</span><span style="font-size:24px;font-family:SimHei;color:#E53333;">20</span><span style="font-size:24px;font-family:SimHei;color:#E53333;">按</span><span style="font-size:24px;font-family:SimHei;color:#E53333;">20</span><span style="font-size:24px;font-family:SimHei;color:#E53333;">元结算</span><span style="font-size:24px;font-family:SimHei;color:#E53333;">，</span><span style="font-size:24px;font-family:SimHei;color:#E53333;">价格包含画面的简单排版，</span><span style="font-size:24px;font-family:SimHei;color:#E53333;">不拼接、不打扣眼、不埋绳、不安装。</span></strong><span></span> \r\n</p>\r\n<p>\r\n	<strong><span style="font-size:24px;font-family:SimHei;color:#E53333;"><br />\r\n</span></strong> \r\n</p>\r\n<p>\r\n	<strong><span style="font-size:24px;font-family:SimHei;color:#E53333;">&nbsp; &nbsp;<span style="color:#337FE5;"> 画面表面平整，喷绘色泽鲜艳。防淋防晒，价格实惠，是目前市场上最常见的广告宣传材料。</span></span></strong> \r\n</p>\r\n<p style="text-align:center;">\r\n	<strong><span style="font-size:24px;font-family:SimHei;">&nbsp; &nbsp;</span></strong> \r\n</p>\r\n<p style="text-align:center;">\r\n	<br />\r\n</p>\r\n<p>\r\n	<span style="line-height:1.5;"><strong><span style="font-size:24px;font-family:SimHei;"><span style="color:#E53333;">&nbsp; &nbsp; <span style="background-color:#FFE500;">广泛用于：门头广告、舞台婚庆背景、商场幕布、灯箱、墙体、高炮等户外广告宣传。</span></span></span></strong></span> \r\n</p>\r\n<p style="text-align:center;">\r\n	<img src="http://www.infol.com.cn/data/upload/shop/store/goods/2/2_04716047714682549_1280.jpg" alt="image" /> \r\n</p>\r\n<p>\r\n	<br />\r\n</p>\r\n<p>\r\n	<br />\r\n</p>\r\n<p>\r\n	<br />\r\n</p>\r\n<p>\r\n	<br />\r\n</p>\r\n<p>\r\n	<br />\r\n</p>\r\n<p style="text-align:center;">\r\n	<img src="http://www.infol.com.cn/data/upload/shop/store/goods/2/2_04716037104065922_1280.jpg" alt="image" /> \r\n</p>\r\n<p>\r\n	<br />\r\n</p>\r\n<p>\r\n	<br />\r\n</p>\r\n<p>\r\n	<br />\r\n</p>\r\n<p>\r\n	<br />\r\n</p>\r\n<p style="text-align:center;">\r\n	<img src="http://www.infol.com.cn/data/upload/shop/store/goods/2/2_04716041369178759_1280.jpg" alt="image" /> \r\n</p>\r\n<p>\r\n	<br />\r\n</p>\r\n<p>\r\n	<br />\r\n</p>\r\n<p>\r\n	<br />\r\n</p>\r\n<p>\r\n	<br />\r\n</p>\r\n<p style="text-align:center;">\r\n	<img src="http://www.infol.com.cn/data/upload/shop/store/goods/2/2_04716041378813093_1280.jpg" alt="image" /> \r\n</p>\r\n<p>\r\n	<br />\r\n</p>\r\n<p>\r\n	<br />\r\n</p>\r\n<p>\r\n	<br />\r\n</p>\r\n<p>\r\n	<br />\r\n</p>\r\n<div style="text-align:center;">\r\n	<img src="http://www.infol.com.cn/data/upload/shop/store/goods/2/2_04716041358060909_1280.jpg" alt="image" /> \r\n</div>', 1, NULL, 1, NULL, 0, 1418255788, 0, '', '8.00', '15.00', '0.00', 53, '', 0, '', 1, '10.00', 0, 17, 268, ',1,', 0, 0, 0, 0),
(100127, '高清户内外写真/防水防晒写真画面/防水海报/制度牌', '进口写真机输出高清画面    个人写真海报    制度牌制作', 1075, '本地生活 &gt;广告 &gt;写真', 2, '大琪广告印务', 'N;', 'N;', 0, '', 0, '2_04716712219861860.jpg', 'N;', '<p style="margin-left:0cm;">\r\n	<span style="font-size:24px;font-family:SimHei;">&nbsp; &nbsp; <span style="color:#003399;line-height:2;">本产品为进口写真机输出的高精度画面，色彩鲜艳</span></span><span style="font-size:24px;font-family:SimHei;color:#003399;line-height:2;">,</span><span style="font-size:24px;font-family:SimHei;color:#003399;line-height:2;">画面饱合度好</span><span style="font-size:24px;font-family:SimHei;color:#003399;line-height:2;">,</span><span style="font-size:24px;font-family:SimHei;color:#003399;line-height:2;">分户内和户外二种。</span><span style="font-family:SimHei;font-size:24px;line-height:2;">&nbsp;</span><span style="line-height:2;font-family:SimHei;font-size:24px;">&nbsp; &nbsp;&nbsp;</span><span style="line-height:2;font-family:SimHei;font-size:24px;"></span> \r\n</p>\r\n<p style="text-align:center;margin-left:0cm;">\r\n	<img src="http://www.infol.com.cn/data/upload/shop/store/goods/2/2_04716712117649973_1280.jpg" alt="image" /> \r\n</p>\r\n<p style="text-align:center;">\r\n	<span style="color:#E53333;font-family:SimHei;font-size:24px;line-height:2;">&nbsp; &nbsp;&nbsp;</span> \r\n</p>\r\n<p style="text-align:center;">\r\n	<img src="http://www.infol.com.cn/data/upload/shop/store/goods/2/2_04716706943436546_1280.jpg" alt="image" /><img src="http://www.infol.com.cn/data/upload/shop/store/goods/2/2_04716706715355151_1280.jpg" alt="image" /><img src="http://www.infol.com.cn/data/upload/shop/store/goods/2/2_04716706930175050_1280.jpg" alt="image" /><img src="http://www.infol.com.cn/data/upload/shop/store/goods/2/2_04716706659208069_1280.jpg" alt="image" /> \r\n</p>\r\n<p style="text-align:center;">\r\n	<br />\r\n</p>\r\n<div style="text-align:center;">\r\n	<img src="http://www.infol.com.cn/data/upload/shop/store/goods/2/2_04716712211331473_1280.jpg" alt="image" /> \r\n</div>\r\n<p style="margin-left:0cm;">\r\n	<span style="font-size:24px;font-family:SimHei;line-height:2;"><span style="color:#E53333;">&nbsp; &nbsp; 本宝贝价格为户内写真的价格，不足20元，按20元算价，户外写真覆膜</span></span><span style="font-size:24px;font-family:SimHei;line-height:2;color:#E53333;">25</span><span style="font-size:24px;font-family:SimHei;line-height:2;color:#E53333;">元</span><span style="font-size:24px;font-family:SimHei;line-height:2;color:#E53333;">/</span><span style="font-size:24px;font-family:SimHei;line-height:2;color:#E53333;">平方。</span> \r\n</p>\r\n<p>\r\n	<br />\r\n</p>\r\n<p style="margin-left:0cm;">\r\n	<span style="font-size:24px;font-family:SimHei;line-height:2;">&nbsp; &nbsp;</span><span style="font-family:SimHei;font-size:24px;line-height:2;">&nbsp; 本报价仅含简单的排版设计。如需高要求的设计制作，视复杂程度收取设计费。</span> \r\n</p>', 1, NULL, 1, NULL, 0, 1418262876, 0, '', '18.00', '35.00', '0.00', 51, '', 0, '', 1, '0.00', 0, 0, 0, ',1,', 0, 0, 0, 0),
(100128, '韩式x展架/铝合金x展架/广告架/展架海报架/铝合金易拉宝/海报制作', '', 1075, '本地生活 &gt;广告 &gt;写真', 2, '大琪广告印务', 'N;', 'N;', 0, '', 0, '2_04716885573792328.jpg', 'N;', '<p style="margin-left:0cm;text-indent:24.0pt;">\r\n	<span style="font-size:24px;font-family:SimHei;line-height:2;">&nbsp;<span style="color:#003399;"> 韩式</span></span><span style="font-size:24px;font-family:SimHei;line-height:2;color:#003399;">X</span><span style="font-size:24px;font-family:SimHei;line-height:2;color:#003399;">展架、铝合金易拉宝、豪华加重易拉宝。</span> \r\n</p>\r\n<p style="margin-left:0cm;text-indent:24.0pt;">\r\n	<span style="font-size:24px;font-family:SimHei;line-height:2;">&nbsp; <span style="color:#E53333;">X展架的尺寸为：</span></span><span style="font-size:24px;font-family:SimHei;line-height:2;color:#E53333;">60*160cm</span> \r\n</p>\r\n<p style="margin-left:0cm;text-indent:24.0pt;">\r\n	<span style="font-size:24px;font-family:SimHei;line-height:2;color:#E53333;">&nbsp; 易拉宝的尺寸为：</span><span style="font-size:24px;font-family:SimHei;line-height:2;color:#E53333;">80*200cm</span><img src="http://www.infol.com.cn/data/upload/shop/store/goods/2/2_04716926570140486_1280.jpg" alt="image" /><img src="http://www.infol.com.cn/data/upload/shop/store/goods/2/2_04716908758081377_1280.jpg" alt="image" /><img src="http://www.infol.com.cn/data/upload/shop/store/goods/2/2_04716909013494766_1280.jpg" alt="image" /><img src="http://www.infol.com.cn/data/upload/shop/store/goods/2/2_04716926666875471_1280.jpg" alt="image" /><img src="http://www.infol.com.cn/data/upload/shop/store/goods/2/2_04716926742971340_1280.jpg" alt="image" /><img src="http://www.infol.com.cn/data/upload/shop/store/goods/2/2_04716926833302404_1280.jpg" alt="image" /><img src="http://www.infol.com.cn/data/upload/shop/store/goods/2/2_04716926897941848_1280.jpg" alt="image" />\r\n</p>\r\n<p style="text-align:center;">\r\n	<br />\r\n</p>\r\n<p style="text-align:center;">\r\n	<img src="http://www.infol.com.cn/data/upload/shop/store/goods/2/2_04716927741180748_1280.jpg" alt="image" /><img src="http://www.infol.com.cn/data/upload/shop/store/goods/2/2_04716927800847623_1280.jpg" alt="image" /><img src="http://www.infol.com.cn/data/upload/shop/store/goods/2/2_04716927876544819_1280.jpg" alt="image" /><img src="http://www.infol.com.cn/data/upload/shop/store/goods/2/2_04716927968221446_1280.jpg" alt="image" /><img src="http://www.infol.com.cn/data/upload/shop/store/goods/2/2_04716927961404136_1280.jpg" alt="image" /><span style="line-height:1.5;"></span> \r\n</p>\r\n<p>\r\n	<span style="line-height:1.5;"><span style="font-size:24px;font-family:SimHei;line-height:2;">&nbsp; &nbsp; 采用进口武藤机输出画面，画面为高档</span><span style="font-size:24px;font-family:SimHei;line-height:2;">PP</span><span style="font-size:24px;font-family:SimHei;line-height:2;">合成纸，画面清晰，线条流畅，买家也可以要求制作成高档</span><span style="font-size:24px;font-family:SimHei;line-height:2;">PVC</span><span style="font-size:24px;font-family:SimHei;line-height:2;">画面，价格会有所不同呦。<span style="color:#E53333;">48元</span>是X展架+画面的价格，易拉宝+画面是<span style="color:#E53333;">140元</span>，我们的易拉宝可是加重的呦，<span style="color:#E53333;">重量达到了5.2斤。</span></span><br />\r\n</span> \r\n</p>', 1, NULL, 1, NULL, 0, 1418348512, 0, '', '45.00', '65.00', '0.00', 69, '', 0, '', 1, '0.00', 0, 0, 0, ',0,', 0, 0, 0, 0),
(100129, '彩印宣传单  A3A4A5宣传单印刷  彩色  彩页  DM单印刷', '色彩鲜艳  宣传必备', 1079, '本地生活 &gt;印刷 &gt;宣传单', 2, '大琪广告印务', 'N;', 'N;', 0, '', 0, '2_04716941255280453.jpg', 'N;', '<p style="text-align:center;">\r\n	<img src="http://www.infol.com.cn/data/upload/shop/store/goods/2/2_04717799971592624_1280.jpg" alt="image" /><img src="http://www.infol.com.cn/data/upload/shop/store/goods/2/2_04717800034594236_1280.jpg" alt="image" /><img src="http://www.infol.com.cn/data/upload/shop/store/goods/2/2_04717800063509599_1280.jpg" alt="image" /><img src="http://www.infol.com.cn/data/upload/shop/store/goods/2/2_04717800048730937_1280.jpg" alt="image" /><img src="http://www.infol.com.cn/data/upload/shop/store/goods/2/2_04717800019052527_1280.jpg" alt="image" /><span style="line-height:1.5;"></span> \r\n</p>\r\n<p>\r\n	<span style="line-height:1.5;"><span style="color:#E53333;font-family:SimHei;font-size:24px;line-height:36px;">&nbsp; &nbsp; 亲，此价格为10000张A4，128g双面的价格，可根据您的需要联系客服拍下后改价。</span><br />\r\n</span> \r\n</p>', 1, NULL, 1, NULL, 0, 1418350489, 0, '', '800.00', '1200.00', '0.00', 66, '', 0, '', 1, '20.00', 0, 0, 0, ',0,', 0, 0, 0, 0),
(100130, '昭君故里酒 美之梦酒 优质白酒 500ml 浓香型 42度', '酒体绵醇、淡雅、清香，厂价直销', 628, '食品饮料 &gt;中外名酒 &gt;白酒', 1, '官方店铺', 'N;', 'N;', 0, '', 50, '1_04717754913651790.jpg', 'N;', '<img src="http://www.infol.com.cn/data/upload/shop/store/goods/1/1_04716992848812201_1280.jpg" alt="image" /><img src="http://www.infol.com.cn/data/upload/shop/store/goods/1/1_04716992867674984_1280.jpg" alt="image" /><img src="http://www.infol.com.cn/data/upload/shop/store/goods/1/1_04716992929511640_1280.jpg" alt="image" /><img src="http://www.infol.com.cn/data/upload/shop/store/goods/1/1_04716992909015243_1280.jpg" alt="image" /><img src="http://www.infol.com.cn/data/upload/shop/store/goods/1/1_04716992949917077_1280.jpg" alt="image" /><img src="http://www.infol.com.cn/data/upload/shop/store/goods/1/1_04716992888279306_1280.jpg" alt="image" />', 1, NULL, 1, NULL, 0, 1418355412, 0, '', '118.00', '158.00', '0.00', 74, '', 0, '', 1, '10.00', 0, 17, 268, ',0,', 0, 0, 0, 0),
(100131, '有机绿壳乌鸡蛋 山地放养 散装30枚70元', '高山泉水喂养 农家乌鸡蛋产量有限  需提前一天预订 限通城同城供货 上门取货', 657, '食品饮料 &gt;生鲜食品 &gt;禽蛋', 1, '官方店铺', 'N;', 'N;', 0, '', 50, '1_04717713037274162.jpg', 'N;', '<img src="http://www.infol.com.cn/data/upload/shop/store/goods/1/1_04717533292439310_1280.jpg" alt="image" /><img src="http://www.infol.com.cn/data/upload/shop/store/goods/1/1_04717533257811660_1280.jpg" alt="image" /><img src="http://www.infol.com.cn/data/upload/shop/store/goods/1/1_04717533308514707_1280.jpg" alt="image" /><img src="http://www.infol.com.cn/data/upload/shop/store/goods/1/1_04717533427149225_1280.jpg" alt="image" /><img src="http://www.infol.com.cn/data/upload/shop/store/goods/1/1_04717533360232278_1280.jpg" alt="image" /><img src="http://www.infol.com.cn/data/upload/shop/store/goods/1/1_04717533483927102_1280.jpg" alt="image" /><img src="http://www.infol.com.cn/data/upload/shop/store/goods/1/1_04717533519880431_1280.jpg" alt="image" /><img src="http://www.infol.com.cn/data/upload/shop/store/goods/1/1_04717533695339006_1280.jpg" alt="image" /><img src="http://www.infol.com.cn/data/upload/shop/store/goods/1/1_04717533499277521_1280.jpg" alt="image" /><img src="http://www.infol.com.cn/data/upload/shop/store/goods/1/1_04717533638186375_1280.jpg" alt="image" /><img src="http://www.infol.com.cn/data/upload/shop/store/goods/1/1_04717533623021614_1280.jpg" alt="image" /><img src="http://www.infol.com.cn/data/upload/shop/store/goods/1/1_04717533710024236_1280.jpg" alt="image" /><img src="http://www.infol.com.cn/data/upload/shop/store/goods/1/1_04717533654354455_1280.jpg" alt="image" /><img src="http://www.infol.com.cn/data/upload/shop/store/goods/1/1_04717533725166204_1280.jpg" alt="image" />', 1, NULL, 1, NULL, 0, 1418409491, 0, '', '70.00', '75.00', '0.00', 93, '', 0, '', 1, '0.00', 0, 17, 268, ',0,', 0, 0, 0, 0),
(100132, '彩色名片设计/彩色名片制作/彩色双面名片', '300g铜板纸彩色双面印刷  隔天交货', 1080, '本地生活 &gt;印刷 &gt;名片', 2, '大琪广告印务', 'a:1:{i:18;s:6:"印数";}', 'a:1:{i:18;a:1:{i:435;s:5:"10盒";}}', 0, '', 37, '2_04717594599518715.jpg', 'a:1:{i:221;a:2:{s:4:"name";s:6:"材质";i:3181;s:10:"300g铜板";}}', '<p>\r\n	<img src="http://www.infol.com.cn/data/upload/shop/store/goods/2/2_04717639838407826_1280.jpg" alt="image" /><img src="http://www.infol.com.cn/data/upload/shop/store/goods/2/2_04717639967139240_1280.jpg" alt="image" /><img src="http://www.infol.com.cn/data/upload/shop/store/goods/2/2_04717639957713910_1280.jpg" alt="image" /><img src="http://www.infol.com.cn/data/upload/shop/store/goods/2/2_04717639948130685_1280.jpg" alt="image" /><img src="http://www.infol.com.cn/data/upload/shop/store/goods/2/2_04717639938693380_1280.jpg" alt="image" /> \r\n</p>\r\n<p>\r\n	<br />\r\n</p>\r\n<p>\r\n	<br />\r\n</p>\r\n<p style="margin-left:0cm;text-indent:24pt;">\r\n	<span style="font-size:24px;font-family:SimHei;">&nbsp;<span style="color:#E53333;">亲，根据您的需要，请联系客服后拍下改价啊~`</span></span> \r\n</p>\r\n<div>\r\n	<br />\r\n</div>\r\n<span style="font-size:24px;"></span>', 1, NULL, 1, NULL, 0, 1418415595, 0, '', '80.00', '100.00', '0.00', 80, '', 0, '', 1, '10.00', 0, 17, 0, ',2,', 0, 0, 0, 0),
(100133, 'PVC名片/高档商务名片/卡片/会员卡/卡证', '高档PVC名片1000张仅需200元', 1080, '本地生活 &gt;印刷 &gt;名片', 2, '大琪广告印务', 'a:1:{i:18;s:6:"印数";}', 'a:1:{i:18;a:1:{i:435;s:5:"10盒";}}', 0, '', 37, '2_04717687082348757.jpg', 'a:1:{i:221;a:2:{s:4:"name";s:6:"材质";i:3182;s:3:"PVC";}}', '<p>\r\n	<img src="http://www.infol.com.cn/data/upload/shop/store/goods/2/2_04717687356335155_1280.jpg" alt="image" /><img src="http://www.infol.com.cn/data/upload/shop/store/goods/2/2_04717687455196665_1280.jpg" alt="image" /><img src="http://www.infol.com.cn/data/upload/shop/store/goods/2/2_04717687396816602_1280.jpg" alt="image" /><img src="http://www.infol.com.cn/data/upload/shop/store/goods/2/2_04717687430859445_1280.jpg" alt="image" /><img src="http://www.infol.com.cn/data/upload/shop/store/goods/2/2_04717687417555957_1280.jpg" alt="image" /> \r\n</p>\r\n<p>\r\n	<br />\r\n</p>\r\n<p style="margin-left:0cm;text-indent:24pt;">\r\n	<span style="font-size:24px;font-family:SimHei;">&nbsp;&nbsp;<span style="color:#E53333;">亲，需要什么样的，拍下后请联系客服改价啊~`</span></span> \r\n</p>\r\n<div>\r\n	<br />\r\n</div>\r\n<span style="font-size:24px;"></span>', 1, NULL, 1, NULL, 0, 1418424840, 0, '', '200.00', '500.00', '0.00', 40, '', 0, '', 1, '15.00', 0, 17, 0, ',2,', 0, 0, 0, 0),
(100134, '绿壳乌鸡蛋 高山养殖 生态放养 礼品装48枚 118元/提', '有机茶园科学放养 产量有限 需提前一天预订 限通城县同城有货 上门取货', 657, '食品饮料 &gt;生鲜食品 &gt;禽蛋', 1, '官方店铺', 'N;', 'N;', 0, '', 50, '1_04717742220761218.jpg', 'N;', '<img src="http://www.infol.com.cn/data/upload/shop/store/goods/1/1_04717742689304197_1280.jpg" alt="image" /><img src="http://www.infol.com.cn/data/upload/shop/store/goods/1/1_04717742673959494_1280.jpg" alt="image" /><img src="http://www.infol.com.cn/data/upload/shop/store/goods/1/1_04717742658563353_1280.jpg" alt="image" /><img src="http://www.infol.com.cn/data/upload/shop/store/goods/1/1_04717742892220705_1280.jpg" alt="image" /><img src="http://www.infol.com.cn/data/upload/shop/store/goods/1/1_04717743161770593_1280.jpg" alt="image" /><img src="http://www.infol.com.cn/data/upload/shop/store/goods/1/1_04717742923909843_1280.jpg" alt="image" /><img src="http://www.infol.com.cn/data/upload/shop/store/goods/1/1_04717743044156570_1280.jpg" alt="image" /><img src="http://www.infol.com.cn/data/upload/shop/store/goods/1/1_04717742908589057_1280.jpg" alt="image" /><img src="http://www.infol.com.cn/data/upload/shop/store/goods/1/1_04717742876214185_1280.jpg" alt="image" /><img src="http://www.infol.com.cn/data/upload/shop/store/goods/1/1_04717743028294094_1280.jpg" alt="image" /><img src="http://www.infol.com.cn/data/upload/shop/store/goods/1/1_04717743086584822_1280.jpg" alt="image" /><img src="http://www.infol.com.cn/data/upload/shop/store/goods/1/1_04717743118139812_1280.jpg" alt="image" /><img src="http://www.infol.com.cn/data/upload/shop/store/goods/1/1_04717743102579873_1280.jpg" alt="image" /><img src="http://www.infol.com.cn/data/upload/shop/store/goods/1/1_04717743197693754_1280.jpg" alt="image" />', 1, NULL, 1, NULL, 0, 1418430459, 0, '', '118.00', '130.00', '0.00', 90, '', 0, '', 1, '0.00', 0, 17, 268, ',0,', 0, 0, 0, 0),
(100135, '写真裱KT板牌/制度牌/会议牌/吊旗/文化墙牌/展会展板', '经济  实惠  美观  耐用', 1077, '本地生活 &gt;广告 &gt;牌匾', 2, '大琪广告印务', 'N;', 'N;', 0, '', 0, '2_04717747680427102.jpg', 'N;', '<p style="text-align:center;">\r\n	<br />\r\n</p>\r\n<p style="text-align:center;">\r\n	<br />\r\n</p>\r\n<p style="text-align:center;">\r\n	<br />\r\n</p>\r\n<p style="text-align:center;">\r\n	<img src="http://www.infol.com.cn/data/upload/shop/store/goods/2/2_04717742007643633_1280.jpg" alt="image" /><img src="http://www.infol.com.cn/data/upload/shop/store/goods/2/2_04717741982069313_1280.jpg" alt="image" /><img src="http://www.infol.com.cn/data/upload/shop/store/goods/2/2_04717741884984462_1280.jpg" alt="image" /><img src="http://www.infol.com.cn/data/upload/shop/store/goods/2/2_04717741968163958_1280.jpg" alt="image" /><img src="http://www.infol.com.cn/data/upload/shop/store/goods/2/2_04717741994711552_1280.jpg" alt="image" /><span style="line-height:1.5;"></span> \r\n</p>\r\n<p>\r\n	<span style="line-height:1.5;"><br />\r\n</span> \r\n</p>\r\n<p>\r\n	<span style="line-height:1.5;"> <span style="font-size:24px;font-family:SimHei;">&nbsp; 采用进口武藤机输出画面，画面为高档</span><span style="font-size:24px;font-family:SimHei;">PP</span><span style="font-size:24px;font-family:SimHei;">合成背胶纸，画面清晰，线条流畅。画面裱在</span><span style="font-size:24px;font-family:SimHei;">KT</span><span style="font-size:24px;font-family:SimHei;">板上，我们的</span><span style="font-size:24px;font-family:SimHei;">KT</span><span style="font-size:24px;font-family:SimHei;">板可是<span style="color:#E53333;">不起泡优质</span>的呦。根据客户的需要还可以裱</span><span style="font-size:24px;font-family:SimHei;">PVC</span><span style="font-size:24px;font-family:SimHei;">板和铝塑板，详询客服。</span><span></span> </span> \r\n</p>\r\n<p style="margin-left:0cm;text-indent:24.0pt;">\r\n	<span style="font-size:24px;font-family:SimHei;">&nbsp; <span style="background-color:#FFE500;color:#E53333;">0.5m*0.7m制度牌</span></span><span style="font-size:24px;font-family:SimHei;background-color:#FFE500;color:#E53333;">40</span><span style="font-size:24px;font-family:SimHei;background-color:#FFE500;color:#E53333;">元</span><span style="font-size:24px;font-family:SimHei;background-color:#FFE500;color:#E53333;">/</span><span style="font-size:24px;font-family:SimHei;background-color:#FFE500;color:#E53333;">块。</span><span style="font-size:24px;font-family:SimHei;background-color:#FFE500;color:#E53333;">2</span><span style="font-size:24px;font-family:SimHei;background-color:#FFE500;color:#E53333;">块</span><span style="font-size:24px;font-family:SimHei;background-color:#FFE500;color:#E53333;">70</span><span style="font-size:24px;font-family:SimHei;background-color:#FFE500;color:#E53333;">元。</span><span></span> \r\n</p>\r\n<p style="margin-left:0cm;text-indent:24.0pt;">\r\n	<span style="font-size:24px;font-family:SimHei;">&nbsp; <span style="background-color:#FFE500;color:#E53333;">0.6m*0.8m制度牌</span></span><span style="font-size:24px;font-family:SimHei;background-color:#FFE500;color:#E53333;">50</span><span style="font-size:24px;font-family:SimHei;background-color:#FFE500;color:#E53333;">元</span><span style="font-size:24px;font-family:SimHei;background-color:#FFE500;color:#E53333;">/</span><span style="font-size:24px;font-family:SimHei;background-color:#FFE500;color:#E53333;">块。</span><span style="font-size:24px;font-family:SimHei;background-color:#FFE500;color:#E53333;">2</span><span style="font-size:24px;font-family:SimHei;background-color:#FFE500;color:#E53333;">块</span><span style="font-size:24px;font-family:SimHei;background-color:#FFE500;color:#E53333;">90</span><span style="font-size:24px;font-family:SimHei;background-color:#FFE500;color:#E53333;">元。</span><span></span> \r\n</p>\r\n<p style="margin-left:0cm;text-indent:24.0pt;">\r\n	<span style="font-size:24px;font-family:SimHei;">&nbsp; <span style="font-family:SimHei;font-size:24px;line-height:36px;">此价格为不安装的价格；</span>需要别的规格价格详询客服。</span><span></span> \r\n</p>\r\n<p style="margin-left:0cm;text-indent:24.0pt;">\r\n	<span style="font-size:24px;font-family:SimHei;">&nbsp; <span style="color:#E53333;">亲，拍下后请联系客服改价啊~`</span></span> \r\n</p>\r\n<span style="font-size:24px;"></span><br />', 1, NULL, 1, NULL, 0, 1418430779, 0, '', '40.00', '60.00', '0.00', 66, '', 0, '', 1, '10.00', 0, 17, 0, ',0,', 0, 0, 0, 0),
(100136, '生态有机土猪肉 高山泉水喂养 瘦红肥白  肥瘦搭配 味道鲜美 140元/10斤', '10斤起售 当天下单预订 第二天上午10时前交货 限通城县同城供货 上门自取', 658, '食品饮料 &gt;生鲜食品 &gt;鲜肉', 1, '官方店铺', 'N;', 'N;', 0, '', 50, '1_04717785723829778.jpg', 'N;', '<img src="http://www.infol.com.cn/data/upload/shop/store/goods/1/1_04717786075649824_1280.jpg" alt="image" /><img src="http://www.infol.com.cn/data/upload/shop/store/goods/1/1_04717786093557227_1280.jpg" alt="image" /><img src="http://www.infol.com.cn/data/upload/shop/store/goods/1/1_04717786327109593_1280.jpg" alt="image" /><img src="http://www.infol.com.cn/data/upload/shop/store/goods/1/1_04717786129617707_1280.jpg" alt="image" /><img src="http://www.infol.com.cn/data/upload/shop/store/goods/1/1_04717786112504162_1280.jpg" alt="image" /><img src="http://www.infol.com.cn/data/upload/shop/store/goods/1/1_04717786173574409_1280.jpg" alt="image" /><img src="http://www.infol.com.cn/data/upload/shop/store/goods/1/1_04717786342482556_1280.jpg" alt="image" /><img src="http://www.infol.com.cn/data/upload/shop/store/goods/1/1_04717786361986733_1280.jpg" alt="image" /><img src="http://www.infol.com.cn/data/upload/shop/store/goods/1/1_04717786453150032_1280.jpg" alt="image" /><img src="http://www.infol.com.cn/data/upload/shop/store/goods/1/1_04717786476624176_1280.jpg" alt="image" /><img src="http://www.infol.com.cn/data/upload/shop/store/goods/1/1_04717786434763745_1280.jpg" alt="image" /><img src="http://www.infol.com.cn/data/upload/shop/store/goods/1/1_04717786521043953_1280.jpg" alt="image" /><img src="http://www.infol.com.cn/data/upload/shop/store/goods/1/1_04717786503460659_1280.jpg" alt="image" />', 1, NULL, 1, NULL, 0, 1418434720, 0, '', '140.00', '150.00', '0.00', 93, '', 0, '', 1, '0.00', 0, 17, 268, ',0,', 0, 0, 0, 0),
(100137, '农家土鸡蛋 虫草物喂养 纯谷物喂养 营养价值高 散装30枚54元', '有机茶园套养 产量有限 提前一天预订 限通城县同城有货 实体门店取货', 657, '食品饮料 &gt;生鲜食品 &gt;禽蛋', 1, '官方店铺', 'N;', 'N;', 0, '', 50, '1_04718403423957289.jpg', 'N;', '<img src="http://www.infol.com.cn/data/upload/shop/store/goods/1/1_04718403972608699_1280.jpg" alt="image" /><img src="http://www.infol.com.cn/data/upload/shop/store/goods/1/1_04718403838898788_1280.jpg" alt="image" /><img src="http://www.infol.com.cn/data/upload/shop/store/goods/1/1_04718404082574971_1280.jpg" alt="image" /><img src="http://www.infol.com.cn/data/upload/shop/store/goods/1/1_04718403910319493_1280.jpg" alt="image" /><img src="http://www.infol.com.cn/data/upload/shop/store/goods/1/1_04718404128153693_1280.jpg" alt="image" /><img src="http://www.infol.com.cn/data/upload/shop/store/goods/1/1_04718403957285140_1280.jpg" alt="image" /><img src="http://www.infol.com.cn/data/upload/shop/store/goods/1/1_04718404158776621_1280.jpg" alt="image" /><img src="http://www.infol.com.cn/data/upload/shop/store/goods/1/1_04718404045836272_1280.jpg" alt="image" /><img src="http://www.infol.com.cn/data/upload/shop/store/goods/1/1_04718404144055763_1280.jpg" alt="image" /><img src="http://www.infol.com.cn/data/upload/shop/store/goods/1/1_04718404197953272_1280.jpg" alt="image" /><img src="http://www.infol.com.cn/data/upload/shop/store/goods/1/1_04718404182525911_1280.jpg" alt="image" /><img src="http://www.infol.com.cn/data/upload/shop/store/goods/1/1_04718404174258824_1280.jpg" alt="image" />', 1, NULL, 1, NULL, 0, 1418496567, 0, '', '54.00', '60.00', '0.00', 90, '', 0, '', 1, '0.00', 0, 17, 268, ',0,', 0, 0, 0, 0),
(100138, '有机土鸡蛋 虫草物喂养 纯谷物喂养 营养价值高 礼品装48枚96元', '山地放养 生态养殖 产量有限 需提前一天预订 仅限通城县同城有货 上门自取', 657, '食品饮料 &gt;生鲜食品 &gt;禽蛋', 1, '官方店铺', 'N;', 'N;', 0, '', 50, '1_04718409568576789.jpg', 'N;', '<img src="http://www.infol.com.cn/data/upload/shop/store/goods/1/1_04718409888252982_1280.jpg" alt="image" /><img src="http://www.infol.com.cn/data/upload/shop/store/goods/1/1_04718409963096689_1280.jpg" alt="image" /><img src="http://www.infol.com.cn/data/upload/shop/store/goods/1/1_04718409910651078_1280.jpg" alt="image" /><img src="http://www.infol.com.cn/data/upload/shop/store/goods/1/1_04718409936237858_1280.jpg" alt="image" /><img src="http://www.infol.com.cn/data/upload/shop/store/goods/1/1_04718410066435428_1280.jpg" alt="image" /><img src="http://www.infol.com.cn/data/upload/shop/store/goods/1/1_04718410010299518_1280.jpg" alt="image" /><img src="http://www.infol.com.cn/data/upload/shop/store/goods/1/1_04718410172696626_1280.jpg" alt="image" /><img src="http://www.infol.com.cn/data/upload/shop/store/goods/1/1_04718410207785648_1280.jpg" alt="image" /><img src="http://www.infol.com.cn/data/upload/shop/store/goods/1/1_04718410099762345_1280.jpg" alt="image" /><img src="http://www.infol.com.cn/data/upload/shop/store/goods/1/1_04718410125915818_1280.jpg" alt="image" /><img src="http://www.infol.com.cn/data/upload/shop/store/goods/1/1_04718410193750773_1280.jpg" alt="image" /><img src="http://www.infol.com.cn/data/upload/shop/store/goods/1/1_04718410222365334_1280.jpg" alt="image" />', 1, NULL, 1, NULL, 0, 1418497149, 0, '', '96.00', '106.00', '0.00', 90, '', 0, '', 1, '0.00', 0, 17, 268, ',0,', 0, 0, 0, 0),
(100139, '条幅 横幅 竖幅 激光条幅  开业庆典竖幅', '质量好  防水防晒  70cm高', 1075, '本地生活 &gt;广告 &gt;写真', 2, '大琪广告印务', 'N;', 'N;', 0, '', 0, '2_04718453411337053.jpg', 'N;', '<p>\r\n	<img src="http://www.infol.com.cn/data/upload/shop/store/goods/2/2_04718551462231465_1280.jpg" alt="image" /><img src="http://www.infol.com.cn/data/upload/shop/store/goods/2/2_04718551542613694_1280.jpg" alt="image" /><img src="http://www.infol.com.cn/data/upload/shop/store/goods/2/2_04718551574573402_1280.jpg" alt="image" /><img src="http://www.infol.com.cn/data/upload/shop/store/goods/2/2_04718551552954294_1280.jpg" alt="image" /><img src="http://www.infol.com.cn/data/upload/shop/store/goods/2/2_04718551563606191_1280.jpg" alt="image" />\r\n</p>\r\n<p>\r\n	&nbsp; &nbsp; &nbsp; &nbsp; &nbsp;<span style="color:#E53333;font-size:24px;font-family:SimHei;"> 布的颜色有红、黄、蓝、绿色供选择，布标起印是30元，不足30元按30元结算。</span>\r\n</p>', 1, NULL, 1, NULL, 0, 1418511194, 0, '', '3.00', '5.00', '0.00', 60, '', 0, '', 1, '10.00', 0, 17, 0, ',1,', 0, 0, 0, 0),
(100140, '高精度腐蚀金属卡/金卡/银卡/金属卡/贵宾卡/金属名片', '', 1083, '本地生活 &gt;印刷 &gt;证卡', 2, '大琪广告印务', 'N;', 'N;', 0, '', 0, '2_04719526935878416.jpg', 'N;', '<p>\r\n	<br />\r\n</p>\r\n<p style="text-align:center;">\r\n	<br />\r\n</p>\r\n<div style="text-align:center;">\r\n	<img src="http://www.infol.com.cn/data/upload/shop/store/goods/2/2_04719526116393780_1280.jpg" alt="image" /><img src="http://www.infol.com.cn/data/upload/shop/store/goods/2/2_04719526189329777_1280.jpg" alt="image" /><img src="http://www.infol.com.cn/data/upload/shop/store/goods/2/2_04719526163749679_1280.jpg" alt="image" /><img src="http://www.infol.com.cn/data/upload/shop/store/goods/2/2_04719526176160438_1280.jpg" alt="image" /><span style="line-height:1.5;"></span> \r\n</div>\r\n<div style="text-align:center;">\r\n	<img src="http://www.infol.com.cn/data/upload/shop/store/goods/2/2_04719526201996907_1280.jpg" alt="image" />\r\n</div>', 1, NULL, 1, NULL, 0, 1418608992, 0, '', '3.00', '8.00', '0.00', 37, '', 0, '', 1, '10.00', 0, 17, 268, ',2,', 0, 0, 0, 0),
(100141, '黑边金铂面标语牌、指示牌、科室牌、空白 11x28金箔面', '根据内容定制', 1077, '本地生活 &gt;广告 &gt;牌匾', 2, '大琪广告印务', 'N;', 'N;', 0, '', 0, '2_04725630524981355.png', 'N;', '<div style="text-align:center;">\r\n	<img src="http://www.infol.com.cn/data/upload/shop/store/goods/2/2_04725626431458122_1280.jpg" alt="image" /><img src="http://www.infol.com.cn/data/upload/shop/store/goods/2/2_04725626400973774_1280.jpg" alt="image" /><img src="http://www.infol.com.cn/data/upload/shop/store/goods/2/2_04725626444066899_1280.jpg" alt="image" /><img src="http://www.infol.com.cn/data/upload/shop/store/goods/2/2_04725626418754045_1280.jpg" alt="image" /><span style="line-height:1.5;"></span> \r\n</div>', 1, NULL, 1, NULL, 0, 1419218732, 0, '', '10.00', '15.00', '0.00', 66, '', 0, '', 1, '0.00', 0, 17, 268, ',0,', 0, 0, 0, 0),
(100142, '康汇园芒果汁饮料 果肉多 净含量1.5L 66元/件/6瓶', '精选天然芒果直接榨汁 膳食纤维 健康时尚 生榨更新鲜', 634, '食品饮料 &gt;饮料冲调 &gt;饮料', 1, '官方店铺', 'a:1:{i:24;s:6:"数量";}', 'a:1:{i:24;a:2:{i:437;s:4:"2瓶";i:440;s:4:"1件";}}', 0, '', 40, '1_04729037901755028.jpg', 'N;', '<img src="http://www.infol.com.cn/data/upload/shop/store/goods/1/1_04729040706558124_1280.jpg" alt="image" /><img src="http://www.infol.com.cn/data/upload/shop/store/goods/1/1_04729040832640926_1280.jpg" alt="image" /><img src="http://www.infol.com.cn/data/upload/shop/store/goods/1/1_04729040966213648_1280.jpg" alt="image" /><img src="http://www.infol.com.cn/data/upload/shop/store/goods/1/1_04729041099608514_1280.jpg" alt="image" /><img src="http://www.infol.com.cn/data/upload/shop/store/goods/1/1_04729041232953163_1280.jpg" alt="image" /><img src="http://www.infol.com.cn/data/upload/shop/store/goods/1/1_04729041363307199_1280.jpg" alt="image" /><img src="http://www.infol.com.cn/data/upload/shop/store/goods/1/1_04729041495608439_1280.jpg" alt="image" /><img src="http://www.infol.com.cn/data/upload/shop/store/goods/1/1_04729041616005141_1280.jpg" alt="image" />', 1, NULL, 1, NULL, 0, 1419233827, 0, '', '20.00', '72.00', '0.00', 27, '', 0, '', 1, '0.00', 0, 0, 0, ',0,', 0, 0, 0, 0),
(100143, 'Canature/奔泰 节水型 反渗透分质净水机BNT-RO102  动态智能提示，主动掌控', '暂只支持通城同城供货，提供上门安装服务。', 330, '家用电器 &gt;生活电器 &gt;净水设备', 4, '吉米健康水世界', 'N;', 'N;', 0, '', 0, '4_04725859421403860.jpg', 'N;', '<img src="http://www.infol.com.cn/data/upload/shop/store/goods/4/4_04725861084259496_1280.jpg" alt="image" /><img src="http://www.infol.com.cn/data/upload/shop/store/goods/4/4_04725861757097997_1280.jpg" alt="image" /><img src="http://www.infol.com.cn/data/upload/shop/store/goods/4/4_04725862179015783_1280.jpg" alt="image" /><img src="http://www.infol.com.cn/data/upload/shop/store/goods/4/4_04725862335101407_1280.jpg" alt="image" /><img src="http://www.infol.com.cn/data/upload/shop/store/goods/4/4_04725862526413750_1280.jpg" alt="image" /><img src="http://www.infol.com.cn/data/upload/shop/store/goods/4/4_04725862715734223_1280.jpg" alt="image" /><img src="http://www.infol.com.cn/data/upload/shop/store/goods/4/4_04725862877946653_1280.jpg" alt="image" /><img src="http://www.infol.com.cn/data/upload/shop/store/goods/4/4_04725863056609074_1280.jpg" alt="image" /><img src="http://www.infol.com.cn/data/upload/shop/store/goods/4/4_04725863194262483_1280.jpg" alt="image" /><img src="http://www.infol.com.cn/data/upload/shop/store/goods/4/4_04725863334841996_1280.jpg" alt="image" /><img src="http://www.infol.com.cn/data/upload/shop/store/goods/4/4_04725863532912782_1280.jpg" alt="image" /><img src="http://www.infol.com.cn/data/upload/shop/store/goods/4/4_04725863718012937_1280.jpg" alt="image" /><img src="http://www.infol.com.cn/data/upload/shop/store/goods/4/4_04725863913021124_1280.jpg" alt="image" /><img src="http://www.infol.com.cn/data/upload/shop/store/goods/4/4_04725864096430429_1280.jpg" alt="image" /><img src="http://www.infol.com.cn/data/upload/shop/store/goods/4/4_04725864254059892_1280.jpg" alt="image" /><img src="http://www.infol.com.cn/data/upload/shop/store/goods/4/4_04725864414046233_1280.jpg" alt="image" />', 1, NULL, 1, NULL, 0, 1419240027, 0, '', '2889.00', '3380.00', '0.00', 85, '', 0, '', 1, '0.00', 0, 0, 0, ',0,', 0, 0, 0, 0),
(100144, '奔泰RO反渗透 纯水机BNT-RO107 75加仑厨下直饮机', '暂只支持通城同城供货，提供上门安装服务。', 330, '家用电器 &gt;生活电器 &gt;净水设备', 4, '吉米健康水世界', 'N;', 'N;', 0, '', 0, '4_04725867612571094.jpg', 'N;', '<img src="http://www.infol.com.cn/data/upload/shop/store/goods/4/4_04725868277460516_1280.jpg" alt="image" /><img src="http://www.infol.com.cn/data/upload/shop/store/goods/4/4_04725871591069305_1280.jpg" alt="image" /><img src="http://www.infol.com.cn/data/upload/shop/store/goods/4/4_04725876405424937_1280.jpg" alt="image" /><img src="http://www.infol.com.cn/data/upload/shop/store/goods/4/4_04725880713801469_1280.jpg" alt="image" /><img src="http://www.infol.com.cn/data/upload/shop/store/goods/4/4_04725883271987467_1280.jpg" alt="image" /><img src="http://www.infol.com.cn/data/upload/shop/store/goods/4/4_04725888248234654_1280.jpg" alt="image" /><img src="http://www.infol.com.cn/data/upload/shop/store/goods/4/4_04725891260123038_1280.jpg" alt="image" /><img src="http://www.infol.com.cn/data/upload/shop/store/goods/4/4_04725891823588047_1280.jpg" alt="image" /><img src="http://www.infol.com.cn/data/upload/shop/store/goods/4/4_04725892171650951_1280.jpg" alt="image" /><img src="http://www.infol.com.cn/data/upload/shop/store/goods/4/4_04725892335941884_1280.jpg" alt="image" /><img src="http://www.infol.com.cn/data/upload/shop/store/goods/4/4_04725892528823550_1280.jpg" alt="image" /><img src="http://www.infol.com.cn/data/upload/shop/store/goods/4/4_04725892731399638_1280.jpg" alt="image" /><img src="http://www.infol.com.cn/data/upload/shop/store/goods/4/4_04725892931297221_1280.jpg" alt="image" /><img src="http://www.infol.com.cn/data/upload/shop/store/goods/4/4_04725899238208734_1280.jpg" alt="image" /><img src="http://www.infol.com.cn/data/upload/shop/store/goods/4/4_04725899418904116_1280.jpg" alt="image" />', 1, NULL, 1, NULL, 0, 1419246152, 0, '', '2180.00', '2580.00', '0.00', 84, '', 0, '', 1, '0.00', 0, 17, 268, ',0,', 0, 0, 0, 0),
(100145, '开能奔泰子母星家用净水器 清爽型 KF-T-1E全自动直饮机', '暂只支持通城同城供货，提供上门安装服务。', 330, '家用电器 &gt;生活电器 &gt;净水设备', 4, '吉米健康水世界', 'N;', 'N;', 0, '', 0, '4_04725902858825749.jpg', 'N;', '<img src="http://www.infol.com.cn/data/upload/shop/store/goods/4/4_04725904806745395_1280.jpg" alt="image" /><img src="http://www.infol.com.cn/data/upload/shop/store/goods/4/4_04725904983647032_1280.jpg" alt="image" /><img src="http://www.infol.com.cn/data/upload/shop/store/goods/4/4_04725905142899683_1280.jpg" alt="image" /><img src="http://www.infol.com.cn/data/upload/shop/store/goods/4/4_04725905330625790_1280.jpg" alt="image" /><img src="http://www.infol.com.cn/data/upload/shop/store/goods/4/4_04725905505049304_1280.jpg" alt="image" /><img src="http://www.infol.com.cn/data/upload/shop/store/goods/4/4_04725905664882864_1280.jpg" alt="image" /><img src="http://www.infol.com.cn/data/upload/shop/store/goods/4/4_04725905823526262_1280.jpg" alt="image" /><img src="http://www.infol.com.cn/data/upload/shop/store/goods/4/4_04725905981124075_1280.jpg" alt="image" /><img src="http://www.infol.com.cn/data/upload/shop/store/goods/4/4_04725906133174346_1280.jpg" alt="image" /><img src="http://www.infol.com.cn/data/upload/shop/store/goods/4/4_04725906307191138_1280.jpg" alt="image" /><img src="http://www.infol.com.cn/data/upload/shop/store/goods/4/4_04725906485056937_1280.jpg" alt="image" /><img src="http://www.infol.com.cn/data/upload/shop/store/goods/4/4_04725906676186534_1280.jpg" alt="image" /><img src="http://www.infol.com.cn/data/upload/shop/store/goods/4/4_04725906898801517_1280.jpg" alt="image" /><img src="http://www.infol.com.cn/data/upload/shop/store/goods/4/4_04725907058505257_1280.jpg" alt="image" /><img src="http://www.infol.com.cn/data/upload/shop/store/goods/4/4_04725907219629541_1280.jpg" alt="image" />', 1, NULL, 1, NULL, 0, 1419246901, 0, '', '3680.00', '4280.00', '0.00', 85, '', 0, '', 1, '0.00', 0, 17, 268, ',0,', 0, 0, 0, 0),
(100146, 'Canature开能奔泰中央净水器BNT-KC06-Z02T全屋净水除重金属余氯', '暂只支持通城同城供货，提供上门安装服务。', 330, '家用电器 &gt;生活电器 &gt;净水设备', 4, '吉米健康水世界', 'N;', 'N;', 0, '', 0, '4_04725910891992703.jpg', 'N;', '<img src="http://www.infol.com.cn/data/upload/shop/store/goods/4/4_04725911198077613_1280.jpg" alt="image" /><img src="http://www.infol.com.cn/data/upload/shop/store/goods/4/4_04725911348952544_1280.jpg" alt="image" /><img src="http://www.infol.com.cn/data/upload/shop/store/goods/4/4_04725911508407299_1280.jpg" alt="image" /><img src="http://www.infol.com.cn/data/upload/shop/store/goods/4/4_04725911652114702_1280.jpg" alt="image" /><img src="http://www.infol.com.cn/data/upload/shop/store/goods/4/4_04725911825791153_1280.jpg" alt="image" /><img src="http://www.infol.com.cn/data/upload/shop/store/goods/4/4_04725912138090595_1280.jpg" alt="image" /><img src="http://www.infol.com.cn/data/upload/shop/store/goods/4/4_04725912288768265_1280.jpg" alt="image" /><img src="http://www.infol.com.cn/data/upload/shop/store/goods/4/4_04725912473595833_1280.jpg" alt="image" /><img src="http://www.infol.com.cn/data/upload/shop/store/goods/4/4_04725912652025336_1280.jpg" alt="image" /><img src="http://www.infol.com.cn/data/upload/shop/store/goods/4/4_04725912866241309_1280.jpg" alt="image" /><img src="http://www.infol.com.cn/data/upload/shop/store/goods/4/4_04725913094032383_1280.jpg" alt="image" /><img src="http://www.infol.com.cn/data/upload/shop/store/goods/4/4_04725913286127860_1280.jpg" alt="image" /><img src="http://www.infol.com.cn/data/upload/shop/store/goods/4/4_04725913454893833_1280.jpg" alt="image" /><img src="http://www.infol.com.cn/data/upload/shop/store/goods/4/4_04725913629720161_1280.jpg" alt="image" />', 1, NULL, 1, NULL, 0, 1419247613, 0, '', '5980.00', '7475.00', '0.00', 80, '', 0, '', 1, '0.00', 0, 0, 0, ',0,', 0, 0, 0, 0),
(100147, '汉尔普 透明机系列HPK-G6D-2LT 高端 商用净水机\\商用速热 开水机', '即热来袭，告别开水重复加热时代！', 330, '家用电器 &gt;生活电器 &gt;净水设备', 4, '吉米健康水世界', 'N;', 'N;', 0, '', 0, '4_04725923700167776.jpg', 'N;', '<img src="http://www.infol.com.cn/data/upload/shop/store/goods/4/4_04726757524200974_1280.jpg" alt="image" /><img src="http://www.infol.com.cn/data/upload/shop/store/goods/4/4_04726757679519729_1280.jpg" alt="image" /><img src="http://www.infol.com.cn/data/upload/shop/store/goods/4/4_04726757836310390_1280.jpg" alt="image" /><img src="http://www.infol.com.cn/data/upload/shop/store/goods/4/4_04726757970065290_1280.jpg" alt="image" /><img src="http://www.infol.com.cn/data/upload/shop/store/goods/4/4_04726758115356603_1280.jpg" alt="image" /><img src="http://www.infol.com.cn/data/upload/shop/store/goods/4/4_04726758352269612_1280.jpg" alt="image" /><img src="http://www.infol.com.cn/data/upload/shop/store/goods/4/4_04726758508012472_1280.jpg" alt="image" /><img src="http://www.infol.com.cn/data/upload/shop/store/goods/4/4_04726758661792880_1280.jpg" alt="image" /><img src="http://www.infol.com.cn/data/upload/shop/store/goods/4/4_04726758820808399_1280.jpg" alt="image" /><img src="http://www.infol.com.cn/data/upload/shop/store/goods/4/4_04726759166098971_1280.jpg" alt="image" /><img src="http://www.infol.com.cn/data/upload/shop/store/goods/4/4_04726759332303890_1280.jpg" alt="image" /><img src="http://www.infol.com.cn/data/upload/shop/store/goods/4/4_04726759511564625_1280.jpg" alt="image" /><img src="http://www.infol.com.cn/data/upload/shop/store/goods/4/4_04726759675494686_1280.jpg" alt="image" /><img src="http://www.infol.com.cn/data/upload/shop/store/goods/4/4_04726759830961136_1280.jpg" alt="image" /><img src="http://www.infol.com.cn/data/upload/shop/store/goods/4/4_04726760011639384_1280.jpg" alt="image" /><img src="http://www.infol.com.cn/data/upload/shop/store/goods/4/4_04726760214395145_1280.jpg" alt="image" /><img src="http://www.infol.com.cn/data/upload/shop/store/goods/4/4_04726760381315599_1280.jpg" alt="image" /><img src="http://www.infol.com.cn/data/upload/shop/store/goods/4/4_04726760561728704_1280.jpg" alt="image" /><img src="http://www.infol.com.cn/data/upload/shop/store/goods/4/4_04726760754125313_1280.jpg" alt="image" /><img src="http://www.infol.com.cn/data/upload/shop/store/goods/4/4_04726760899660242_1280.jpg" alt="image" />', 1, NULL, 1, NULL, 0, 1419254160, 0, '', '8800.00', '11000.00', '0.00', 80, '', 0, '', 1, '0.00', 0, 0, 0, ',0,', 0, 0, 0, 0),
(100148, 'canature开能奔泰中央前置过滤器 BNT-Q01除泥沙铁锈家用水第一关', '暂只支持通城同城供货，提供上门安装服务。', 330, '家用电器 &gt;生活电器 &gt;净水设备', 4, '吉米健康水世界', 'N;', 'N;', 0, '', 0, '4_04725986704419231.jpg', 'N;', '<img src="http://www.infol.com.cn/data/upload/shop/store/goods/4/4_04725990466873958_1280.gif" alt="image" /><img src="http://www.infol.com.cn/data/upload/shop/store/goods/4/4_04725990756192555_1280.gif" alt="image" /><img src="http://www.infol.com.cn/data/upload/shop/store/goods/4/4_04725991431954853_1280.gif" alt="image" /><img src="http://www.infol.com.cn/data/upload/shop/store/goods/4/4_04725991562938482_1280.gif" alt="image" /><img src="http://www.infol.com.cn/data/upload/shop/store/goods/4/4_04725991984952767_1280.gif" alt="image" /><img src="http://www.infol.com.cn/data/upload/shop/store/goods/4/4_04725992134469701_1280.gif" alt="image" /><img src="http://www.infol.com.cn/data/upload/shop/store/goods/4/4_04725992284973567_1280.gif" alt="image" /><img src="http://www.infol.com.cn/data/upload/shop/store/goods/4/4_04725992605195316_1280.gif" alt="image" /><img src="http://www.infol.com.cn/data/upload/shop/store/goods/4/4_04725993513534354_1280.gif" alt="image" /><img src="http://www.infol.com.cn/data/upload/shop/store/goods/4/4_04725993686326134_1280.gif" alt="image" /><img src="http://www.infol.com.cn/data/upload/shop/store/goods/4/4_04725993872232197_1280.gif" alt="image" /><img src="http://www.infol.com.cn/data/upload/shop/store/goods/4/4_04725994542157745_1280.gif" alt="image" /><img src="http://www.infol.com.cn/data/upload/shop/store/goods/4/4_04725994742821722_1280.gif" alt="image" /><img src="http://www.infol.com.cn/data/upload/shop/store/goods/4/4_04725994900573141_1280.gif" alt="image" /><img src="http://www.infol.com.cn/data/upload/shop/store/goods/4/4_04725995029267865_1280.gif" alt="image" />', 1, NULL, 1, NULL, 0, 1419255762, 0, '', '680.00', '850.00', '0.00', 80, '', 0, '', 1, '0.00', 0, 0, 0, ',0,', 0, 0, 0, 0);
INSERT INTO `cor_goods_common` (`goods_commonid`, `goods_name`, `goods_jingle`, `gc_id`, `gc_name`, `store_id`, `store_name`, `spec_name`, `spec_value`, `brand_id`, `brand_name`, `type_id`, `goods_image`, `goods_attr`, `goods_body`, `goods_state`, `goods_stateremark`, `goods_verify`, `goods_verifyremark`, `goods_lock`, `goods_addtime`, `goods_selltime`, `goods_specname`, `goods_price`, `goods_marketprice`, `goods_costprice`, `goods_discount`, `goods_serial`, `transport_id`, `transport_title`, `goods_commend`, `goods_freight`, `goods_vat`, `areaid_1`, `areaid_2`, `goods_stcids`, `plateid_top`, `plateid_bottom`, `is_gift`, `gift_points`) VALUES
(100149, 'Canature开能奔泰中央前置过滤器BNT-Q03H 家用过滤第一关稳压型', '暂只支持通城同城供货，提供上门安装服务。', 330, '家用电器 &gt;生活电器 &gt;净水设备', 4, '吉米健康水世界', 'N;', 'N;', 0, '', 0, '4_04725998138637540.jpg', 'N;', '<img src="http://www.infol.com.cn/data/upload/shop/store/goods/4/4_04725999081266786_1280.gif" alt="image" /><img src="http://www.infol.com.cn/data/upload/shop/store/goods/4/4_04725999329959741_1280.gif" alt="image" /><img src="http://www.infol.com.cn/data/upload/shop/store/goods/4/4_04725999700458269_1280.gif" alt="image" /><img src="http://www.infol.com.cn/data/upload/shop/store/goods/4/4_04725999894426389_1280.gif" alt="image" /><img src="http://www.infol.com.cn/data/upload/shop/store/goods/4/4_04726000046396873_1280.gif" alt="image" /><img src="http://www.infol.com.cn/data/upload/shop/store/goods/4/4_04726001251712722_1280.gif" alt="image" /><img src="http://www.infol.com.cn/data/upload/shop/store/goods/4/4_04726001450227113_1280.gif" alt="image" /><img src="http://www.infol.com.cn/data/upload/shop/store/goods/4/4_04726001635127242_1280.gif" alt="image" /><img src="http://www.infol.com.cn/data/upload/shop/store/goods/4/4_04726001819633094_1280.gif" alt="image" /><img src="http://www.infol.com.cn/data/upload/shop/store/goods/4/4_04726001999053100_1280.gif" alt="image" /><img src="http://www.infol.com.cn/data/upload/shop/store/goods/4/4_04726002198583531_1280.gif" alt="image" /><img src="http://www.infol.com.cn/data/upload/shop/store/goods/4/4_04726002400667292_1280.gif" alt="image" /><img src="http://www.infol.com.cn/data/upload/shop/store/goods/4/4_04726002578886106_1280.gif" alt="image" /><img src="http://www.infol.com.cn/data/upload/shop/store/goods/4/4_04726002731194049_1280.gif" alt="image" />', 1, NULL, 1, NULL, 0, 1419256374, 0, '', '1280.00', '1600.00', '0.00', 80, '', 0, '', 1, '0.00', 0, 0, 0, ',0,', 0, 0, 0, 0),
(100150, '开能净水器 奔泰中央净水机 BNT-KC08-Z02T 全屋纳米级 洁净品质', '暂只支持通城同城供货，提供上门安装服务。', 330, '家用电器 &gt;生活电器 &gt;净水设备', 4, '吉米健康水世界', 'N;', 'N;', 0, '', 0, '4_04726004013767654.jpg', 'N;', '<img src="http://www.infol.com.cn/data/upload/shop/store/goods/4/4_04726005118569990_1280.jpg" alt="image" /><img src="http://www.infol.com.cn/data/upload/shop/store/goods/4/4_04726005314857557_1280.gif" alt="image" /><img src="http://www.infol.com.cn/data/upload/shop/store/goods/4/4_04726005735376359_1280.gif" alt="image" /><img src="http://www.infol.com.cn/data/upload/shop/store/goods/4/4_04726005928149065_1280.gif" alt="image" /><img src="http://www.infol.com.cn/data/upload/shop/store/goods/4/4_04726006125831606_1280.gif" alt="image" /><img src="http://www.infol.com.cn/data/upload/shop/store/goods/4/4_04726006297524334_1280.gif" alt="image" /><img src="http://www.infol.com.cn/data/upload/shop/store/goods/4/4_04726006513345704_1280.gif" alt="image" /><img src="http://www.infol.com.cn/data/upload/shop/store/goods/4/4_04726006696068087_1280.gif" alt="image" /><img src="http://www.infol.com.cn/data/upload/shop/store/goods/4/4_04726007347507624_1280.gif" alt="image" /><img src="http://www.infol.com.cn/data/upload/shop/store/goods/4/4_04726007527059949_1280.gif" alt="image" /><img src="http://www.infol.com.cn/data/upload/shop/store/goods/4/4_04726007731793493_1280.gif" alt="image" /><img src="http://www.infol.com.cn/data/upload/shop/store/goods/4/4_04726007977703399_1280.gif" alt="image" /><img src="http://www.infol.com.cn/data/upload/shop/store/goods/4/4_04726008194921100_1280.gif" alt="image" /><img src="http://www.infol.com.cn/data/upload/shop/store/goods/4/4_04726008388672678_1280.gif" alt="image" /><img src="http://www.infol.com.cn/data/upload/shop/store/goods/4/4_04726008571715472_1280.gif" alt="image" /><img src="http://www.infol.com.cn/data/upload/shop/store/goods/4/4_04726008769736307_1280.gif" alt="image" />', 1, NULL, 1, NULL, 0, 1419257045, 0, '', '9980.00', '12475.00', '0.00', 80, '', 0, '', 1, '0.00', 0, 0, 0, ',0,', 0, 0, 0, 0),
(100151, '汉尔普 佳源系列HPK-T33A 经济特惠台式 家用\\商用 速热开水机', '即热来袭，告别开水重复加热时代！', 330, '家用电器 &gt;生活电器 &gt;净水设备', 4, '吉米健康水世界', 'N;', 'N;', 0, '', 0, '4_04726761099782053.jpg', 'N;', '<img src="http://www.infol.com.cn/data/upload/shop/store/goods/4/4_04726761383115855_1280.jpg" alt="image" /><img src="http://www.infol.com.cn/data/upload/shop/store/goods/4/4_04726761539421222_1280.jpg" alt="image" /><img src="http://www.infol.com.cn/data/upload/shop/store/goods/4/4_04726761676003349_1280.jpg" alt="image" /><img src="http://www.infol.com.cn/data/upload/shop/store/goods/4/4_04726761820200227_1280.jpg" alt="image" /><img src="http://www.infol.com.cn/data/upload/shop/store/goods/4/4_04726762000042652_1280.jpg" alt="image" /><img src="http://www.infol.com.cn/data/upload/shop/store/goods/4/4_04726762153411629_1280.jpg" alt="image" /><img src="http://www.infol.com.cn/data/upload/shop/store/goods/4/4_04726762359059951_1280.jpg" alt="image" /><img src="http://www.infol.com.cn/data/upload/shop/store/goods/4/4_04726762529038560_1280.jpg" alt="image" /><img src="http://www.infol.com.cn/data/upload/shop/store/goods/4/4_04726762689197416_1280.jpg" alt="image" /><img src="http://www.infol.com.cn/data/upload/shop/store/goods/4/4_04726762830696950_1280.jpg" alt="image" /><img src="http://www.infol.com.cn/data/upload/shop/store/goods/4/4_04726762974069681_1280.jpg" alt="image" /><img src="http://www.infol.com.cn/data/upload/shop/store/goods/4/4_04726763110944354_1280.jpg" alt="image" /><img src="http://www.infol.com.cn/data/upload/shop/store/goods/4/4_04726763265710034_1280.jpg" alt="image" /><img src="http://www.infol.com.cn/data/upload/shop/store/goods/4/4_04726763419675662_1280.jpg" alt="image" /><img src="http://www.infol.com.cn/data/upload/shop/store/goods/4/4_04726763619713276_1280.jpg" alt="image" /><img src="http://www.infol.com.cn/data/upload/shop/store/goods/4/4_04726763824613990_1280.jpg" alt="image" /><img src="http://www.infol.com.cn/data/upload/shop/store/goods/4/4_04726763990873031_1280.jpg" alt="image" /><img src="http://www.infol.com.cn/data/upload/shop/store/goods/4/4_04726764213585249_1280.jpg" alt="image" /><img src="http://www.infol.com.cn/data/upload/shop/store/goods/4/4_04726764432245157_1280.jpg" alt="image" /><img src="http://www.infol.com.cn/data/upload/shop/store/goods/4/4_04726764594759637_1280.jpg" alt="image" />', 1, NULL, 1, NULL, 0, 1419332977, 0, '', '1800.00', '2250.00', '0.00', 80, '', 0, '', 1, '0.00', 0, 0, 0, ',0,', 0, 0, 0, 0),
(100152, '汉尔普 炫雅立式系列HPK-L43   高端大气 商用净水机\\商用速热开水机', '彰显典雅尊贵 智能出水 操作便捷 净水 速热 环保 节能 ！ 不一样的智能饮水机 不一样的品味！', 330, '家用电器 &gt;生活电器 &gt;净水设备', 4, '吉米健康水世界', 'a:1:{i:21;s:6:"型号";}', 'a:1:{i:21;a:1:{i:442;s:15:"冷热带支架";}}', 0, '', 39, '4_04726764769854776.jpg', 'a:2:{i:226;a:2:{s:4:"name";s:6:"单热";i:0;s:6:"不限";}i:227;a:2:{s:4:"name";s:6:"双热";i:0;s:6:"不限";}}', '<img src="http://www.infol.com.cn/data/upload/shop/store/goods/4/4_04726765341347169_1280.jpg" alt="image" /><img src="http://www.infol.com.cn/data/upload/shop/store/goods/4/4_04726765668145799_1280.jpg" alt="image" /><img src="http://www.infol.com.cn/data/upload/shop/store/goods/4/4_04726765925625807_1280.jpg" alt="image" /><img src="http://www.infol.com.cn/data/upload/shop/store/goods/4/4_04726766195035314_1280.jpg" alt="image" /><img src="http://www.infol.com.cn/data/upload/shop/store/goods/4/4_04726766350641450_1280.jpg" alt="image" /><img src="http://www.infol.com.cn/data/upload/shop/store/goods/4/4_04726766848747412_1280.jpg" alt="image" /><img src="http://www.infol.com.cn/data/upload/shop/store/goods/4/4_04726767186207135_1280.jpg" alt="image" /><img src="http://www.infol.com.cn/data/upload/shop/store/goods/4/4_04726767473028191_1280.jpg" alt="image" /><img src="http://www.infol.com.cn/data/upload/shop/store/goods/4/4_04726767803389479_1280.jpg" alt="image" /><img src="http://www.infol.com.cn/data/upload/shop/store/goods/4/4_04726768002627552_1280.jpg" alt="image" /><img src="http://www.infol.com.cn/data/upload/shop/store/goods/4/4_04726768209563599_1280.jpg" alt="image" /><img src="http://www.infol.com.cn/data/upload/shop/store/goods/4/4_04726768393617793_1280.jpg" alt="image" /><img src="http://www.infol.com.cn/data/upload/shop/store/goods/4/4_04726768622710668_1280.jpg" alt="image" /><img src="http://www.infol.com.cn/data/upload/shop/store/goods/4/4_04726768812993018_1280.jpg" alt="image" /><img src="http://www.infol.com.cn/data/upload/shop/store/goods/4/4_04726769031334010_1280.jpg" alt="image" /><img src="http://www.infol.com.cn/data/upload/shop/store/goods/4/4_04726769448095391_1280.jpg" alt="image" /><img src="http://www.infol.com.cn/data/upload/shop/store/goods/4/4_04726769890941145_1280.jpg" alt="image" /><img src="http://www.infol.com.cn/data/upload/shop/store/goods/4/4_04726770140540787_1280.jpg" alt="image" /><img src="http://www.infol.com.cn/data/upload/shop/store/goods/4/4_04726770335370243_1280.jpg" alt="image" /><img src="http://www.infol.com.cn/data/upload/shop/store/goods/4/4_04726770540499854_1280.jpg" alt="image" /><img src="http://www.infol.com.cn/data/upload/shop/store/goods/4/4_04726770740647725_1280.jpg" alt="image" /><img src="http://www.infol.com.cn/data/upload/shop/store/goods/4/4_04726771009305989_1280.jpg" alt="image" />', 1, NULL, 1, NULL, 0, 1419334206, 0, '', '10680.00', '12150.00', '0.00', 87, '', 0, '', 1, '0.00', 0, 17, 268, ',0,', 0, 0, 0, 0),
(100153, '汉尔普  炫雅台式饮水机 时尚精巧 精雕细琢 智睿融合 尊贵炫耀', '健康，100度恒温开水，非千滚水，特有水量自动预设功能 体积小巧 节省空间', 330, '家用电器 &gt;生活电器 &gt;净水设备', 4, '吉米健康水世界', 'a:1:{i:21;s:6:"型号";}', 'a:1:{i:21;a:1:{i:442;s:18:"单热型台式机";}}', 0, '', 39, '4_04726771211523314.jpg', 'a:2:{i:226;a:2:{s:4:"name";s:6:"单热";i:0;s:6:"不限";}i:227;a:2:{s:4:"name";s:6:"双热";i:0;s:6:"不限";}}', '<img src="http://www.infol.com.cn/data/upload/shop/store/goods/4/4_04726771694151315_1280.jpg" alt="image" /><img src="http://www.infol.com.cn/data/upload/shop/store/goods/4/4_04726771863961764_1280.jpg" alt="image" /><img src="http://www.infol.com.cn/data/upload/shop/store/goods/4/4_04726772072649980_1280.jpg" alt="image" /><img src="http://www.infol.com.cn/data/upload/shop/store/goods/4/4_04726772283776075_1280.jpg" alt="image" /><img src="http://www.infol.com.cn/data/upload/shop/store/goods/4/4_04726772444239849_1280.jpg" alt="image" /><img src="http://www.infol.com.cn/data/upload/shop/store/goods/4/4_04726772595049925_1280.jpg" alt="image" /><img src="http://www.infol.com.cn/data/upload/shop/store/goods/4/4_04726772775599225_1280.jpg" alt="image" /><img src="http://www.infol.com.cn/data/upload/shop/store/goods/4/4_04726772933676153_1280.jpg" alt="image" /><img src="http://www.infol.com.cn/data/upload/shop/store/goods/4/4_04726773088496126_1280.jpg" alt="image" /><img src="http://www.infol.com.cn/data/upload/shop/store/goods/4/4_04726773249661971_1280.jpg" alt="image" /><img src="http://www.infol.com.cn/data/upload/shop/store/goods/4/4_04726773411671570_1280.jpg" alt="image" /><img src="http://www.infol.com.cn/data/upload/shop/store/goods/4/4_04726773575301431_1280.jpg" alt="image" /><img src="http://www.infol.com.cn/data/upload/shop/store/goods/4/4_04726773742007057_1280.jpg" alt="image" /><img src="http://www.infol.com.cn/data/upload/shop/store/goods/4/4_04726773916945138_1280.jpg" alt="image" /><img src="http://www.infol.com.cn/data/upload/shop/store/goods/4/4_04726774110427250_1280.jpg" alt="image" /><img src="http://www.infol.com.cn/data/upload/shop/store/goods/4/4_04726774345231282_1280.jpg" alt="image" /><img src="http://www.infol.com.cn/data/upload/shop/store/goods/4/4_04726774573448192_1280.jpg" alt="image" /><img src="http://www.infol.com.cn/data/upload/shop/store/goods/4/4_04726774736099916_1280.jpg" alt="image" /><img src="http://www.infol.com.cn/data/upload/shop/store/goods/4/4_04726774891007033_1280.jpg" alt="image" />', 1, NULL, 1, NULL, 0, 1419334363, 0, '', '6800.00', '8250.00', '0.00', 82, '', 0, '', 1, '0.00', 0, 0, 0, ',0,', 0, 0, 0, 0),
(100154, '汉尔普 炫涌系列HPK-Y12 即开式石英直饮商务一体机  出水量超大  3秒沸腾', '线条流畅  简约时尚  殚“芯”竭“滤”  除菌无忧  完美设计  商务首选', 330, '家用电器 &gt;生活电器 &gt;净水设备', 4, '吉米健康水世界', 'N;', 'N;', 0, '', 0, '4_04726775059284332.jpg', 'N;', '<img src="http://www.infol.com.cn/data/upload/shop/store/goods/4/4_04726775218147086_1280.jpg" alt="image" /><img src="http://www.infol.com.cn/data/upload/shop/store/goods/4/4_04726775616027356_1280.jpg" alt="image" /><img src="http://www.infol.com.cn/data/upload/shop/store/goods/4/4_04726776018045705_1280.jpg" alt="image" /><img src="http://www.infol.com.cn/data/upload/shop/store/goods/4/4_04726776158114842_1280.jpg" alt="image" /><img src="http://www.infol.com.cn/data/upload/shop/store/goods/4/4_04726776303206391_1280.jpg" alt="image" /><img src="http://www.infol.com.cn/data/upload/shop/store/goods/4/4_04726776670048924_1280.jpg" alt="image" /><img src="http://www.infol.com.cn/data/upload/shop/store/goods/4/4_04726776910419398_1280.jpg" alt="image" /><img src="http://www.infol.com.cn/data/upload/shop/store/goods/4/4_04726777157275561_1280.jpg" alt="image" /><img src="http://www.infol.com.cn/data/upload/shop/store/goods/4/4_04726777411684146_1280.jpg" alt="image" /><img src="http://www.infol.com.cn/data/upload/shop/store/goods/4/4_04726777631494837_1280.jpg" alt="image" /><img src="http://www.infol.com.cn/data/upload/shop/store/goods/4/4_04726777987292737_1280.jpg" alt="image" /><img src="http://www.infol.com.cn/data/upload/shop/store/goods/4/4_04726778206034202_1280.jpg" alt="image" /><img src="http://www.infol.com.cn/data/upload/shop/store/goods/4/4_04726778380672409_1280.jpg" alt="image" /><img src="http://www.infol.com.cn/data/upload/shop/store/goods/4/4_04726778566784941_1280.jpg" alt="image" /><img src="http://www.infol.com.cn/data/upload/shop/store/goods/4/4_04726778736652793_1280.jpg" alt="image" /><img src="http://www.infol.com.cn/data/upload/shop/store/goods/4/4_04726778999519072_1280.jpg" alt="image" /><img src="http://www.infol.com.cn/data/upload/shop/store/goods/4/4_04726779169320995_1280.jpg" alt="image" /><img src="http://www.infol.com.cn/data/upload/shop/store/goods/4/4_04726779334447791_1280.jpg" alt="image" /><img src="http://www.infol.com.cn/data/upload/shop/store/goods/4/4_04726779498921567_1280.jpg" alt="image" /><img src="http://www.infol.com.cn/data/upload/shop/store/goods/4/4_04726779653148100_1280.jpg" alt="image" />', 1, NULL, 1, NULL, 0, 1419334591, 0, '', '23800.00', '29750.00', '0.00', 80, '', 0, '', 1, '0.00', 0, 0, 0, ',0,', 0, 0, 0, 0),
(100155, '康汇园经典苹果醋 高档果醋饮料 酒店专供 净含量650L', '康汇园苹果醋经典版 12瓶/件 买10件送1件', 634, '食品饮料 &gt;饮料冲调 &gt;饮料', 1, '官方店铺', 'N;', 'N;', 0, '', 50, '1_04728428330651916.jpg', 'N;', '<img src="http://www.infol.com.cn/data/upload/shop/store/goods/1/1_04728428825683050_1280.jpg" alt="image" /><img src="http://www.infol.com.cn/data/upload/shop/store/goods/1/1_04728428764201958_1280.jpg" alt="image" /><img src="http://www.infol.com.cn/data/upload/shop/store/goods/1/1_04728428699141597_1280.jpg" alt="image" /><img src="http://www.infol.com.cn/data/upload/shop/store/goods/1/1_04728428867464503_1280.jpg" alt="image" /><img src="http://www.infol.com.cn/data/upload/shop/store/goods/1/1_04728428784582446_1280.jpg" alt="image" /><img src="http://www.infol.com.cn/data/upload/shop/store/goods/1/1_04728428805187818_1280.jpg" alt="image" /><img src="http://www.infol.com.cn/data/upload/shop/store/goods/1/1_04728428848356959_1280.jpg" alt="image" /><img src="http://www.infol.com.cn/data/upload/shop/store/goods/1/1_04728428907555267_1280.jpg" alt="image" /><img src="http://www.infol.com.cn/data/upload/shop/store/goods/1/1_04728428957044829_1280.jpg" alt="image" /><img src="http://www.infol.com.cn/data/upload/shop/store/goods/1/1_04728428887401282_1280.jpg" alt="image" /><img src="http://www.infol.com.cn/data/upload/shop/store/goods/1/1_04728428982577103_1280.jpg" alt="image" /><img src="http://www.infol.com.cn/data/upload/shop/store/goods/1/1_04728429068319281_1280.jpg" alt="image" /><img src="http://www.infol.com.cn/data/upload/shop/store/goods/1/1_04728429048737775_1280.jpg" alt="image" /><img src="http://www.infol.com.cn/data/upload/shop/store/goods/1/1_04728429027987923_1280.jpg" alt="image" /><img src="http://www.infol.com.cn/data/upload/shop/store/goods/1/1_04728429008829429_1280.jpg" alt="image" />', 1, NULL, 1, NULL, 1, 1419499202, 0, '', '180.00', '360.00', '0.00', 50, '', 0, '', 1, '10.00', 0, 17, 268, ',0,', 0, 0, 0, 0),
(100156, '康汇园苹果汁醋饮料  净含量500L   果汁酿造  原汁原味', '康汇园苹果汁醋饮料 15瓶/件 买10件送1件', 634, '食品饮料 &gt;饮料冲调 &gt;饮料', 1, '官方店铺', 'a:1:{i:24;s:6:"数量";}', 'a:1:{i:24;a:2:{i:439;s:4:"5瓶";i:440;s:4:"1件";}}', 0, '', 40, '1_04729051678861049.jpg', 'N;', '<div style="text-align:center;">\r\n	<span style="line-height:1.5;"></span><img src="http://www.infol.com.cn/data/upload/shop/store/goods/1/1_04729052595466485_1280.jpg" alt="image" /><img src="http://www.infol.com.cn/data/upload/shop/store/goods/1/1_04729052745441222_1280.jpg" alt="image" /><img src="http://www.infol.com.cn/data/upload/shop/store/goods/1/1_04729052873545205_1280.jpg" alt="image" /><img src="http://www.infol.com.cn/data/upload/shop/store/goods/1/1_04729053024823783_1280.jpg" alt="image" /><img src="http://www.infol.com.cn/data/upload/shop/store/goods/1/1_04729053166865903_1280.jpg" alt="image" /><img src="http://www.infol.com.cn/data/upload/shop/store/goods/1/1_04729053317902520_1280.jpg" alt="image" /><img src="http://www.infol.com.cn/data/upload/shop/store/goods/1/1_04729053475713342_1280.jpg" alt="image" /><img src="http://www.infol.com.cn/data/upload/shop/store/goods/1/1_04729053649398070_1280.jpg" alt="image" /><img src="http://www.infol.com.cn/data/upload/shop/store/goods/1/1_04729053773941602_1280.jpg" alt="image" /><img src="http://www.infol.com.cn/data/upload/shop/store/goods/1/1_04729053897450001_1280.jpg" alt="image" /><img src="http://www.infol.com.cn/data/upload/shop/store/goods/1/1_04729054049304073_1280.jpg" alt="image" /><img src="http://www.infol.com.cn/data/upload/shop/store/goods/1/1_04729054216423153_1280.jpg" alt="image" /><img src="http://www.infol.com.cn/data/upload/shop/store/goods/1/1_04729054379910154_1280.jpg" alt="image" /><img src="http://www.infol.com.cn/data/upload/shop/store/goods/1/1_04729054534826460_1280.jpg" alt="image" /><img src="http://www.infol.com.cn/data/upload/shop/store/goods/1/1_04729054677084358_1280.jpg" alt="image" />\r\n</div>', 1, NULL, 1, NULL, 0, 1419561887, 0, '', '55.00', '225.00', '0.00', 24, '', 0, '', 1, '0.00', 0, 0, 0, ',0,', 0, 0, 0, 0),
(100157, '康汇园 芦荟风味乳饮料 净含量500ml', '康汇园 芦荟风味乳饮料 15瓶/件 买10件送1件', 634, '食品饮料 &gt;饮料冲调 &gt;饮料', 1, '官方店铺', 'a:1:{i:24;s:6:"数量";}', 'a:1:{i:24;a:2:{i:439;s:4:"5瓶";i:440;s:4:"1件";}}', 0, '', 40, '1_04730110959754239.jpg', 'N;', '<div style="text-align:center;">\r\n	<span style="line-height:1.5;"></span><img src="http://www.infol.com.cn/data/upload/shop/store/goods/1/1_04730111256842496_1280.jpg" alt="image" /><img src="http://www.infol.com.cn/data/upload/shop/store/goods/1/1_04730111393862615_1280.jpg" alt="image" /><img src="http://www.infol.com.cn/data/upload/shop/store/goods/1/1_04730111560512914_1280.jpg" alt="image" /><img src="http://www.infol.com.cn/data/upload/shop/store/goods/1/1_04730111702873446_1280.jpg" alt="image" /><img src="http://www.infol.com.cn/data/upload/shop/store/goods/1/1_04730112042708471_1280.jpg" alt="image" /><img src="http://www.infol.com.cn/data/upload/shop/store/goods/1/1_04730112187705226_1280.jpg" alt="image" /><img src="http://www.infol.com.cn/data/upload/shop/store/goods/1/1_04730112337028958_1280.jpg" alt="image" />\r\n</div>', 1, NULL, 1, NULL, 0, 1419667643, 0, '', '55.00', '225.00', '0.00', 24, '', 0, '', 1, '0.00', 0, 0, 0, ',0,', 0, 0, 0, 0),
(100158, '地道土猪肉 原生态农家土猪肉 味道鲜甜 满嘴留香 30斤起售', '来自农家老乡熟食喂养，产量有限，货源仅供通城同城，上门取货', 658, '食品饮料 &gt;生鲜食品 &gt;鲜肉', 1, '官方店铺', 'N;', 'N;', 0, '', 40, '1_04742053355689344.jpg', 'N;', '<img src="http://www.infol.com.cn/data/upload/shop/store/goods/1/1_04742053808755497_1280.jpg" alt="image" /><img src="http://www.infol.com.cn/data/upload/shop/store/goods/1/1_04742053925313646_1280.jpg" alt="image" /><img src="http://www.infol.com.cn/data/upload/shop/store/goods/1/1_04742054401276399_1280.jpg" alt="image" /><img src="http://www.infol.com.cn/data/upload/shop/store/goods/1/1_04742053999899649_1280.jpg" alt="image" /><img src="http://www.infol.com.cn/data/upload/shop/store/goods/1/1_04742054091341249_1280.jpg" alt="image" /><img src="http://www.infol.com.cn/data/upload/shop/store/goods/1/1_04742053888766794_1280.jpg" alt="image" /><img src="http://www.infol.com.cn/data/upload/shop/store/goods/1/1_04742054017480566_1280.jpg" alt="image" /><img src="http://www.infol.com.cn/data/upload/shop/store/goods/1/1_04742054174440501_1280.jpg" alt="image" /><img src="http://www.infol.com.cn/data/upload/shop/store/goods/1/1_04742054192611487_1280.jpg" alt="image" /><img src="http://www.infol.com.cn/data/upload/shop/store/goods/1/1_04742054214425500_1280.jpg" alt="image" /><img src="http://www.infol.com.cn/data/upload/shop/store/goods/1/1_04742054272088342_1280.jpg" alt="image" /><img src="http://www.infol.com.cn/data/upload/shop/store/goods/1/1_04742054475162321_1280.jpg" alt="image" /><img src="http://www.infol.com.cn/data/upload/shop/store/goods/1/1_04742054494463191_1280.jpg" alt="image" /><img src="http://www.infol.com.cn/data/upload/shop/store/goods/1/1_04742054317962227_1280.jpg" alt="image" /><img src="http://www.infol.com.cn/data/upload/shop/store/goods/1/1_04742054418571649_1280.jpg" alt="image" />', 0, NULL, 1, NULL, 0, 1420861691, 0, '', '390.00', '450.00', '0.00', 86, '', 0, '', 1, '0.00', 0, 17, 268, ',0,', 0, 0, 0, 0),
(100160, '传世青花--青花瓷笔+青花鼠标+U盘', '', 419, '数码办公 &gt;外设产品 &gt;鼠标', 1, '官方店铺', 'N;', 'N;', 0, '', 0, '1_04743692904458264.jpg', 'N;', '<div style="text-align:center;">\r\n	<img src="http://www.infol.com.cn/data/upload/shop/store/goods/1/1_04745449012777382_1280.jpg" alt="image" /><img src="http://www.infol.com.cn/data/upload/shop/store/goods/1/1_04745449155088742_1280.jpg" alt="image" /><img src="http://www.infol.com.cn/data/upload/shop/store/goods/1/1_04745449286951165_1280.jpg" alt="image" /><img src="http://www.infol.com.cn/data/upload/shop/store/goods/1/1_04745449427600386_1280.jpg" alt="image" /><img src="http://www.infol.com.cn/data/upload/shop/store/goods/1/1_04745449569775839_1280.jpg" alt="image" /><img src="http://www.infol.com.cn/data/upload/shop/store/goods/1/1_04745449703512379_1280.jpg" alt="image" /><img src="http://www.infol.com.cn/data/upload/shop/store/goods/1/1_04745449824239223_1280.jpg" alt="image" /><span style="line-height:1.5;"></span><span style="line-height:1.5;"></span>\r\n</div>', 1, NULL, 1, NULL, 0, 1421025354, 0, '', '0.00', '180.00', '0.00', 0, '', 0, '', 1, '0.00', 0, 0, 0, ',0,', 0, 0, 1, 1800),
(100161, '家居商务礼品笔筒', '本品是一精美笔筒，附带有多种功能，如大屏幕显示时间，日历，星期，温度等，有音乐闹钟和贪睡模式供选择。', 175, '礼品箱包 &gt;礼品 &gt;礼品文具', 1, '官方店铺', 'N;', 'N;', 0, '', 0, '1_04744533571253527.jpg', 'N;', '<img src="http://www.infol.com.cn/data/upload/shop/store/goods/1/1_04744533718997792_1280.jpg" alt="image" /><img src="http://www.infol.com.cn/data/upload/shop/store/goods/1/1_04744533861728277_1280.jpg" alt="image" /><img src="http://www.infol.com.cn/data/upload/shop/store/goods/1/1_04744533997435516_1280.jpg" alt="image" /><img src="http://www.infol.com.cn/data/upload/shop/store/goods/1/1_04744534136805162_1280.jpg" alt="image" />', 1, NULL, 1, NULL, 0, 1421109614, 0, '', '0.00', '80.00', '0.00', 0, '', 0, '', 1, '0.00', 0, 0, 0, ',0,', 0, 0, 1, 500),
(100162, '多功能军刀卡', '取货地点只能是上门取货，取货地点：B2B2C电商平台商城地面体验店（通泰市场七栋18号）', 176, '礼品箱包 &gt;礼品 &gt;瑞士军刀', 1, '官方店铺', 'N;', 'N;', 0, '', 0, '1_04744570209907221.jpg', 'N;', '<img src="http://www.infol.com.cn/data/upload/shop/store/goods/1/1_04744570723385207_1280.jpg" alt="image" /><img src="http://www.infol.com.cn/data/upload/shop/store/goods/1/1_04744570874023908_1280.jpg" alt="image" /><img src="http://www.infol.com.cn/data/upload/shop/store/goods/1/1_04744571040316454_1280.jpg" alt="image" /><img src="http://www.infol.com.cn/data/upload/shop/store/goods/1/1_04744571243002400_1280.jpg" alt="image" /><img src="http://www.infol.com.cn/data/upload/shop/store/goods/1/1_04744571419183921_1280.jpg" alt="image" /><img src="http://www.infol.com.cn/data/upload/shop/store/goods/1/1_04744571610884109_1280.jpg" alt="image" /><img src="http://www.infol.com.cn/data/upload/shop/store/goods/1/1_04744571802589201_1280.jpg" alt="image" /><img src="http://www.infol.com.cn/data/upload/shop/store/goods/1/1_04744577048636599_1280.jpg" alt="image" />', 1, NULL, 1, NULL, 0, 1421113344, 0, '', '0.00', '10.00', '0.00', 0, '', 0, '', 1, '0.00', 0, 0, 0, ',0,', 0, 0, 1, 80),
(100163, '指甲刀套装   指甲钳   修眉剪  掏耳挖  眉毛夹   修甲修眉', '', 179, '礼品箱包 &gt;礼品 &gt;创意礼品', 1, '官方店铺', 'N;', 'N;', 0, '', 0, '1_04744623179911343.jpg', 'N;', '<img src="http://www.infol.com.cn/data/upload/shop/store/goods/1/1_04744623571216617_1280.jpg" alt="image" /><img src="http://www.infol.com.cn/data/upload/shop/store/goods/1/1_04744623748360078_1280.jpg" alt="image" /><img src="http://www.infol.com.cn/data/upload/shop/store/goods/1/1_04744623907933384_1280.jpg" alt="image" /><img src="http://www.infol.com.cn/data/upload/shop/store/goods/1/1_04744624049834823_1280.jpg" alt="image" /><img src="http://www.infol.com.cn/data/upload/shop/store/goods/1/1_04744624242998913_1280.jpg" alt="image" /><img src="http://www.infol.com.cn/data/upload/shop/store/goods/1/1_04744624778045139_1280.jpg" alt="image" />', 1, NULL, 1, NULL, 0, 1421118704, 0, '', '0.00', '20.00', '0.00', 0, '', 0, '', 1, '0.00', 0, 0, 0, ',0,', 0, 0, 1, 180),
(100164, '塑料水果盘 时尚创意碗形水果菜篮 沥水蔬菜盘 彩色洗菜篮', '', 178, '礼品箱包 &gt;礼品 &gt;工艺礼品', 1, '官方店铺', 'N;', 'N;', 0, '', 0, '1_04744637575441316.jpg', 'N;', '<img src="http://www.infol.com.cn/data/upload/shop/store/goods/1/1_04744638009650103_1280.jpg" alt="image" /><img src="http://www.infol.com.cn/data/upload/shop/store/goods/1/1_04744638173858198_1280.jpg" alt="image" /><img src="http://www.infol.com.cn/data/upload/shop/store/goods/1/1_04744638320946686_1280.jpg" alt="image" /><img src="http://www.infol.com.cn/data/upload/shop/store/goods/1/1_04744638466858187_1280.jpg" alt="image" /><img src="http://www.infol.com.cn/data/upload/shop/store/goods/1/1_04744638624667740_1280.jpg" alt="image" /><img src="http://www.infol.com.cn/data/upload/shop/store/goods/1/1_04744638759993100_1280.jpg" alt="image" /><img src="http://www.infol.com.cn/data/upload/shop/store/goods/1/1_04744638880156765_1280.jpg" alt="image" />', 1, NULL, 1, NULL, 0, 1421119960, 0, '', '0.00', '8.00', '0.00', 0, '', 0, '', 1, '0.00', 0, 0, 0, ',0,', 0, 0, 1, 50),
(100165, '多用指甲钳   指甲钳  指甲锉  开瓶器  钥匙圈  经济实用指甲刀', '', 179, '礼品箱包 &gt;礼品 &gt;创意礼品', 1, '官方店铺', 'N;', 'N;', 0, '', 0, '1_04744739193525265.jpg', 'N;', '<img src="http://www.infol.com.cn/data/upload/shop/store/goods/1/1_04744726447094339_1280.jpg" alt="image" /><img src="http://www.infol.com.cn/data/upload/shop/store/goods/1/1_04744727646078998_1280.jpg" alt="image" /><img src="http://www.infol.com.cn/data/upload/shop/store/goods/1/1_04744727829047344_1280.jpg" alt="image" />', 1, NULL, 1, NULL, 0, 1421131846, 0, '', '0.00', '10.00', '0.00', 0, '', 0, '', 1, '0.00', 0, 0, 0, ',0,', 0, 0, 1, 60),
(100166, 'window/原道 W8C 联通-3G 32GB 8英寸intel芯四核win8平板电脑', '', 179, '礼品箱包 &gt;礼品 &gt;创意礼品', 1, '官方店铺', 'N;', 'N;', 0, '', 0, '1_04744850039105365.jpg', 'N;', '<img src="http://www.infol.com.cn/data/upload/shop/store/goods/1/1_04744850361502493_1280.jpg" alt="image" /><img src="http://www.infol.com.cn/data/upload/shop/store/goods/1/1_04744850990473057_1280.jpg" alt="image" /><img src="http://www.infol.com.cn/data/upload/shop/store/goods/1/1_04744851435079259_1280.jpg" alt="image" /><img src="http://www.infol.com.cn/data/upload/shop/store/goods/1/1_04744851749613254_1280.jpg" alt="image" /><img src="http://www.infol.com.cn/data/upload/shop/store/goods/1/1_04744852216263490_1280.jpg" alt="image" /><img src="http://www.infol.com.cn/data/upload/shop/store/goods/1/1_04744852864012186_1280.jpg" alt="image" /><img src="http://www.infol.com.cn/data/upload/shop/store/goods/1/1_04744853261079050_1280.jpg" alt="image" /><img src="http://www.infol.com.cn/data/upload/shop/store/goods/1/1_04744853561604170_1280.jpg" alt="image" /><img src="http://www.infol.com.cn/data/upload/shop/store/goods/1/1_04744854367880892_1280.jpg" alt="image" /><img src="http://www.infol.com.cn/data/upload/shop/store/goods/1/1_04744855169931696_1280.jpg" alt="image" /><img src="http://www.infol.com.cn/data/upload/shop/store/goods/1/1_04744855423510984_1280.jpg" alt="image" /><img src="http://www.infol.com.cn/data/upload/shop/store/goods/1/1_04744855763747031_1280.jpg" alt="image" /><img src="http://www.infol.com.cn/data/upload/shop/store/goods/1/1_04744856711042119_1280.jpg" alt="image" /><img src="http://www.infol.com.cn/data/upload/shop/store/goods/1/1_04744857445284043_1280.jpg" alt="image" /><img src="http://www.infol.com.cn/data/upload/shop/store/goods/1/1_04744857591709113_1280.jpg" alt="image" /><img src="http://www.infol.com.cn/data/upload/shop/store/goods/1/1_04744857768352111_1280.jpg" alt="image" /><img src="http://www.infol.com.cn/data/upload/shop/store/goods/1/1_04744858201025264_1280.jpg" alt="image" /><img src="http://www.infol.com.cn/data/upload/shop/store/goods/1/1_04744859005694692_1280.jpg" alt="image" /><img src="http://www.infol.com.cn/data/upload/shop/store/goods/1/1_04744859312936757_1280.jpg" alt="image" />', 1, NULL, 1, NULL, 0, 1421142148, 0, '', '0.00', '1499.00', '0.00', 0, '', 0, '', 1, '0.00', 0, 0, 0, ',0,', 0, 0, 1, 18000),
(100167, '百丈潭茶叶  6# 优质绿茶  50g/包   通城特产   10包起售', '千年茶韵   百丈潭情', 636, '食品饮料 &gt;饮料冲调 &gt;茶叶', 5, '通城百丈潭茶业旗舰店', 'N;', 'N;', 0, '', 40, '5_04753299127051713.jpg', 'N;', '<img src="http://www.infol.com.cn/data/upload/shop/store/goods/5/5_04753323162945220_1280.jpg" alt="image" /><img src="http://www.infol.com.cn/data/upload/shop/store/goods/5/5_04753323547887801_1280.jpg" alt="image" /><img src="http://www.infol.com.cn/data/upload/shop/store/goods/5/5_04753323716898209_1280.jpg" alt="image" /><img src="http://www.infol.com.cn/data/upload/shop/store/goods/5/5_04753323867158690_1280.jpg" alt="image" /><img src="http://www.infol.com.cn/data/upload/shop/store/goods/5/5_04753324033645099_1280.jpg" alt="image" /><img src="http://www.infol.com.cn/data/upload/shop/store/goods/5/5_04753324226679533_1280.jpg" alt="image" /><img src="http://www.infol.com.cn/data/upload/shop/store/goods/5/5_04753324528479393_1280.jpg" alt="image" /><img src="http://www.infol.com.cn/data/upload/shop/store/goods/5/5_04753324823924350_1280.jpg" alt="image" /><img src="http://www.infol.com.cn/data/upload/shop/store/goods/5/5_04753325223917941_1280.jpg" alt="image" /><img src="http://www.infol.com.cn/data/upload/shop/store/goods/5/5_04753325589476711_1280.jpg" alt="image" /><img src="http://www.infol.com.cn/data/upload/shop/store/goods/5/5_04753326771565586_1280.jpg" alt="image" />', 1, NULL, 1, NULL, 0, 1421996188, 0, '', '9.00', '10.00', '0.00', 90, '', 2, '圆通快递', 1, '5.00', 0, 17, 268, ',0,', 0, 0, 0, 0),
(100168, '百丈潭茶叶 绿茶 通城特产 8件起售   125g', '千年茶韵 百丈潭情', 636, '食品饮料 &gt;饮料冲调 &gt;茶叶', 5, '通城百丈潭茶业旗舰店', 'N;', 'N;', 0, '', 40, '5_04753326999101409.jpg', 'N;', '<img src="http://www.infol.com.cn/data/upload/shop/store/goods/5/5_04753328758971858_1280.jpg" alt="image" /><img src="http://www.infol.com.cn/data/upload/shop/store/goods/5/5_04753329112882862_1280.jpg" alt="image" /><img src="http://www.infol.com.cn/data/upload/shop/store/goods/5/5_04753329640669628_1280.jpg" alt="image" /><img src="http://www.infol.com.cn/data/upload/shop/store/goods/5/5_04753330302899418_1280.jpg" alt="image" /><img src="http://www.infol.com.cn/data/upload/shop/store/goods/5/5_04753330603974369_1280.jpg" alt="image" /><img src="http://www.infol.com.cn/data/upload/shop/store/goods/5/5_04753330941181514_1280.jpg" alt="image" /><img src="http://www.infol.com.cn/data/upload/shop/store/goods/5/5_04753331668400179_1280.jpg" alt="image" /><img src="http://www.infol.com.cn/data/upload/shop/store/goods/5/5_04753331848507129_1280.jpg" alt="image" /><img src="http://www.infol.com.cn/data/upload/shop/store/goods/5/5_04753332145059524_1280.jpg" alt="image" /><img src="http://www.infol.com.cn/data/upload/shop/store/goods/5/5_04753332475583300_1280.jpg" alt="image" /><img src="http://www.infol.com.cn/data/upload/shop/store/goods/5/5_04753332863000298_1280.jpg" alt="image" /><img src="http://www.infol.com.cn/data/upload/shop/store/goods/5/5_04753333181260450_1280.jpg" alt="image" /><img src="http://www.infol.com.cn/data/upload/shop/store/goods/5/5_04753333490352586_1280.jpg" alt="image" />', 1, NULL, 1, NULL, 0, 1422005035, 0, '', '16.20', '18.00', '0.00', 89, '', 3, '圆通快递的副本', 1, '5.00', 0, 17, 268, ',0,', 0, 0, 0, 0),
(100169, '百丈潭茶叶  高山绿茶 通城特产  2件起售   250g', '千年茶韵 百丈潭情', 636, '食品饮料 &gt;饮料冲调 &gt;茶叶', 5, '通城百丈潭茶业旗舰店', 'N;', 'N;', 0, '', 40, '5_04753343582064469.jpg', 'N;', '<img src="http://www.infol.com.cn/data/upload/shop/store/goods/5/5_04753345010720730_1280.jpg" alt="image" /><img src="http://www.infol.com.cn/data/upload/shop/store/goods/5/5_04753345209725266_1280.jpg" alt="image" /><img src="http://www.infol.com.cn/data/upload/shop/store/goods/5/5_04753345645585535_1280.jpg" alt="image" /><img src="http://www.infol.com.cn/data/upload/shop/store/goods/5/5_04753345899113021_1280.jpg" alt="image" /><img src="http://www.infol.com.cn/data/upload/shop/store/goods/5/5_04753346232790749_1280.jpg" alt="image" /><img src="http://www.infol.com.cn/data/upload/shop/store/goods/5/5_04753346428310007_1280.jpg" alt="image" /><img src="http://www.infol.com.cn/data/upload/shop/store/goods/5/5_04753346614344010_1280.jpg" alt="image" /><img src="http://www.infol.com.cn/data/upload/shop/store/goods/5/5_04753346943616981_1280.jpg" alt="image" /><img src="http://www.infol.com.cn/data/upload/shop/store/goods/5/5_04753347440104179_1280.jpg" alt="image" /><img src="http://www.infol.com.cn/data/upload/shop/store/goods/5/5_04753347644718458_1280.jpg" alt="image" /><img src="http://www.infol.com.cn/data/upload/shop/store/goods/5/5_04753347827853504_1280.jpg" alt="image" />', 1, NULL, 1, NULL, 0, 1422005313, 0, '', '23.40', '26.00', '0.00', 89, '', 4, '圆通快递的副本的副本', 1, '5.00', 0, 17, 268, ',0,', 0, 0, 0, 0),
(100170, '百丈潭茶叶礼盒  百丈潭有机茶 通城特产 上品绿茶  250g', '千年茶韵 百丈潭情', 636, '食品饮料 &gt;饮料冲调 &gt;茶叶', 5, '通城百丈潭茶业旗舰店', 'N;', 'N;', 0, '', 40, '5_04753355206009665.jpg', 'N;', '<img src="http://www.infol.com.cn/data/upload/shop/store/goods/5/5_04753355901663518_1280.jpg" alt="image" /><img src="http://www.infol.com.cn/data/upload/shop/store/goods/5/5_04753356095787723_1280.jpg" alt="image" /><img src="http://www.infol.com.cn/data/upload/shop/store/goods/5/5_04753356331118979_1280.jpg" alt="image" /><img src="http://www.infol.com.cn/data/upload/shop/store/goods/5/5_04753356510066757_1280.jpg" alt="image" /><img src="http://www.infol.com.cn/data/upload/shop/store/goods/5/5_04753356656433316_1280.jpg" alt="image" /><img src="http://www.infol.com.cn/data/upload/shop/store/goods/5/5_04753356896870705_1280.jpg" alt="image" /><img src="http://www.infol.com.cn/data/upload/shop/store/goods/5/5_04753357093130677_1280.jpg" alt="image" /><img src="http://www.infol.com.cn/data/upload/shop/store/goods/5/5_04753357285852935_1280.jpg" alt="image" /><img src="http://www.infol.com.cn/data/upload/shop/store/goods/5/5_04753357517005755_1280.jpg" alt="image" /><img src="http://www.infol.com.cn/data/upload/shop/store/goods/5/5_04753357679240904_1280.jpg" alt="image" /><img src="http://www.infol.com.cn/data/upload/shop/store/goods/5/5_04753357898622202_1280.jpg" alt="image" /><img src="http://www.infol.com.cn/data/upload/shop/store/goods/5/5_04753358055189395_1280.jpg" alt="image" /><img src="http://www.infol.com.cn/data/upload/shop/store/goods/5/5_04753358214166508_1280.jpg" alt="image" /><img src="http://www.infol.com.cn/data/upload/shop/store/goods/5/5_04753358357462597_1280.jpg" alt="image" />', 1, NULL, 1, NULL, 0, 1422005715, 0, '', '180.00', '200.00', '0.00', 90, '', 4, '圆通快递的副本的副本', 1, '5.00', 0, 17, 268, ',0,', 0, 0, 0, 0),
(100171, '百丈潭茶叶礼盒  百丈潭碧机茶  通城特产 至尊贡芽  180g', '千年茶韵 百丈潭情', 636, '食品饮料 &gt;饮料冲调 &gt;茶叶', 5, '通城百丈潭茶业旗舰店', 'N;', 'N;', 0, '', 40, '5_04753335192659517.jpg', 'N;', '<img src="http://www.infol.com.cn/data/upload/shop/store/goods/5/5_04753336400399872_1280.jpg" alt="image" /><img src="http://www.infol.com.cn/data/upload/shop/store/goods/5/5_04753337295956256_1280.jpg" alt="image" /><img src="http://www.infol.com.cn/data/upload/shop/store/goods/5/5_04753337587508692_1280.jpg" alt="image" /><img src="http://www.infol.com.cn/data/upload/shop/store/goods/5/5_04753340495052786_1280.jpg" alt="image" /><img src="http://www.infol.com.cn/data/upload/shop/store/goods/5/5_04753340997552706_1280.jpg" alt="image" /><img src="http://www.infol.com.cn/data/upload/shop/store/goods/5/5_04753341172913602_1280.jpg" alt="image" /><img src="http://www.infol.com.cn/data/upload/shop/store/goods/5/5_04753341325513493_1280.jpg" alt="image" /><img src="http://www.infol.com.cn/data/upload/shop/store/goods/5/5_04753341484289254_1280.jpg" alt="image" /><img src="http://www.infol.com.cn/data/upload/shop/store/goods/5/5_04753341663095176_1280.jpg" alt="image" /><img src="http://www.infol.com.cn/data/upload/shop/store/goods/5/5_04753341844133915_1280.jpg" alt="image" /><img src="http://www.infol.com.cn/data/upload/shop/store/goods/5/5_04753342066827713_1280.jpg" alt="image" /><img src="http://www.infol.com.cn/data/upload/shop/store/goods/5/5_04753342298503094_1280.jpg" alt="image" /><img src="http://www.infol.com.cn/data/upload/shop/store/goods/5/5_04753343115193187_1280.jpg" alt="image" /><img src="http://www.infol.com.cn/data/upload/shop/store/goods/5/5_04753343367248319_1280.jpg" alt="image" />', 1, NULL, 1, NULL, 0, 1422006050, 0, '', '360.00', '400.00', '0.00', 90, '', 5, '圆通快递的副本的副本的副本', 1, '5.00', 0, 17, 268, ',0,', 0, 0, 0, 0),
(100172, '百丈潭茶叶礼盒  百丈潭潭峰茶5#  通城特产 优质绿茶 200g', '千年茶韵 百丈潭情', 636, '食品饮料 &gt;饮料冲调 &gt;茶叶', 5, '通城百丈潭茶业旗舰店', 'N;', 'N;', 0, '', 40, '5_04753348092587823.jpg', 'N;', '<img src="http://www.infol.com.cn/data/upload/shop/store/goods/5/5_04753348936587135_1280.jpg" alt="image" /><img src="http://www.infol.com.cn/data/upload/shop/store/goods/5/5_04753349212362952_1280.jpg" alt="image" /><img src="http://www.infol.com.cn/data/upload/shop/store/goods/5/5_04753349386047546_1280.jpg" alt="image" /><img src="http://www.infol.com.cn/data/upload/shop/store/goods/5/5_04753349572993652_1280.jpg" alt="image" /><img src="http://www.infol.com.cn/data/upload/shop/store/goods/5/5_04753349734171413_1280.jpg" alt="image" /><img src="http://www.infol.com.cn/data/upload/shop/store/goods/5/5_04753349932922501_1280.jpg" alt="image" /><img src="http://www.infol.com.cn/data/upload/shop/store/goods/5/5_04753350110693656_1280.jpg" alt="image" /><img src="http://www.infol.com.cn/data/upload/shop/store/goods/5/5_04753350310210948_1280.jpg" alt="image" /><img src="http://www.infol.com.cn/data/upload/shop/store/goods/5/5_04753350531879953_1280.jpg" alt="image" /><img src="http://www.infol.com.cn/data/upload/shop/store/goods/5/5_04753350715438682_1280.jpg" alt="image" /><img src="http://www.infol.com.cn/data/upload/shop/store/goods/5/5_04753350886838198_1280.jpg" alt="image" /><img src="http://www.infol.com.cn/data/upload/shop/store/goods/5/5_04753351146367609_1280.jpg" alt="image" /><img src="http://www.infol.com.cn/data/upload/shop/store/goods/5/5_04753351342101882_1280.jpg" alt="image" />', 1, NULL, 1, NULL, 0, 1422006398, 0, '', '94.50', '105.00', '0.00', 90, '', 6, '圆通快递的副本的副本的副本的副本', 1, '5.00', 0, 17, 268, ',0,', 0, 0, 0, 0),
(100173, '百丈潭茶叶礼盒 百丈潭云雾茶 通城特产 上品绿茶 256g', '千年茶韵 百丈潭情', 636, '食品饮料 &gt;饮料冲调 &gt;茶叶', 5, '通城百丈潭茶业旗舰店', 'N;', 'N;', 0, '', 40, '5_04753358539184817.jpg', 'N;', '<img src="http://www.infol.com.cn/data/upload/shop/store/goods/5/5_04753359585697133_1280.jpg" alt="image" /><img src="http://www.infol.com.cn/data/upload/shop/store/goods/5/5_04753359760348040_1280.jpg" alt="image" /><img src="http://www.infol.com.cn/data/upload/shop/store/goods/5/5_04753359917891395_1280.jpg" alt="image" /><img src="http://www.infol.com.cn/data/upload/shop/store/goods/5/5_04753360084708289_1280.jpg" alt="image" /><img src="http://www.infol.com.cn/data/upload/shop/store/goods/5/5_04753360226810230_1280.jpg" alt="image" /><img src="http://www.infol.com.cn/data/upload/shop/store/goods/5/5_04753360375685498_1280.jpg" alt="image" /><img src="http://www.infol.com.cn/data/upload/shop/store/goods/5/5_04753360597095376_1280.jpg" alt="image" /><img src="http://www.infol.com.cn/data/upload/shop/store/goods/5/5_04753360758152877_1280.jpg" alt="image" /><img src="http://www.infol.com.cn/data/upload/shop/store/goods/5/5_04753361018211916_1280.jpg" alt="image" /><img src="http://www.infol.com.cn/data/upload/shop/store/goods/5/5_04753361330308678_1280.jpg" alt="image" /><img src="http://www.infol.com.cn/data/upload/shop/store/goods/5/5_04753361543419273_1280.jpg" alt="image" /><img src="http://www.infol.com.cn/data/upload/shop/store/goods/5/5_04753361704984764_1280.jpg" alt="image" /><img src="http://www.infol.com.cn/data/upload/shop/store/goods/5/5_04753361852582168_1280.jpg" alt="image" /><img src="http://www.infol.com.cn/data/upload/shop/store/goods/5/5_04753362005493682_1280.jpg" alt="image" />', 1, NULL, 1, NULL, 0, 1422006628, 0, '', '315.00', '350.00', '0.00', 90, '', 7, '圆通快递的副本的副本的副本的副本的副本', 1, '5.00', 0, 17, 268, ',0,', 0, 0, 0, 0),
(100174, '百丈潭茶叶礼盒 百丈潭潭峰茶3# 通城特产 上品绿茶 252g', '千年茶韵 百丈潭情', 636, '食品饮料 &gt;饮料冲调 &gt;茶叶', 5, '通城百丈潭茶业旗舰店', 'N;', 'N;', 0, '', 40, '5_04753351520795463.jpg', 'N;', '<img src="http://www.infol.com.cn/data/upload/shop/store/goods/5/5_04753352605903909_1280.jpg" alt="image" /><img src="http://www.infol.com.cn/data/upload/shop/store/goods/5/5_04753352770640974_1280.jpg" alt="image" /><img src="http://www.infol.com.cn/data/upload/shop/store/goods/5/5_04753352928406505_1280.jpg" alt="image" /><img src="http://www.infol.com.cn/data/upload/shop/store/goods/5/5_04753353112478682_1280.jpg" alt="image" /><img src="http://www.infol.com.cn/data/upload/shop/store/goods/5/5_04753353263812313_1280.jpg" alt="image" /><img src="http://www.infol.com.cn/data/upload/shop/store/goods/5/5_04753353449604093_1280.jpg" alt="image" /><img src="http://www.infol.com.cn/data/upload/shop/store/goods/5/5_04753353654174998_1280.jpg" alt="image" /><img src="http://www.infol.com.cn/data/upload/shop/store/goods/5/5_04753353821488217_1280.jpg" alt="image" /><img src="http://www.infol.com.cn/data/upload/shop/store/goods/5/5_04753354041515269_1280.jpg" alt="image" /><img src="http://www.infol.com.cn/data/upload/shop/store/goods/5/5_04753354205341323_1280.jpg" alt="image" /><img src="http://www.infol.com.cn/data/upload/shop/store/goods/5/5_04753354387782157_1280.jpg" alt="image" /><img src="http://www.infol.com.cn/data/upload/shop/store/goods/5/5_04753354546207170_1280.jpg" alt="image" /><img src="http://www.infol.com.cn/data/upload/shop/store/goods/5/5_04753354759132600_1280.jpg" alt="image" /><img src="http://www.infol.com.cn/data/upload/shop/store/goods/5/5_04753354935537291_1280.jpg" alt="image" />', 1, NULL, 1, NULL, 0, 1422006760, 0, '', '252.00', '280.00', '0.00', 90, '', 7, '圆通快递的副本的副本的副本的副本的副本', 1, '5.00', 0, 0, 0, ',0,', 0, 0, 0, 0),
(100175, '山信稻米油  非转基因  食用米糠油  16000ppm谷维素  马伊琍代言  5l 装', '山信正稻大品牌稻米油，富含谷维素，谷维素是稻米油独有的营养成分， 改善亚健康关爱胃', 623, '食品饮料 &gt;粮油调味 &gt;食用油', 1, '官方店铺', 'N;', 'N;', 0, '', 40, '1_04754074268964456.jpg', 'N;', '<img src="http://www.infol.com.cn/data/upload/shop/store/goods/1/1_04754074750246421_1280.jpg" alt="image" /><img src="http://www.infol.com.cn/data/upload/shop/store/goods/1/1_04754074921620528_1280.jpg" alt="image" /><img src="http://www.infol.com.cn/data/upload/shop/store/goods/1/1_04754075100715560_1280.jpg" alt="image" /><img src="http://www.infol.com.cn/data/upload/shop/store/goods/1/1_04754075289980875_1280.jpg" alt="image" /><img src="http://www.infol.com.cn/data/upload/shop/store/goods/1/1_04754075464956949_1280.jpg" alt="image" /><img src="http://www.infol.com.cn/data/upload/shop/store/goods/1/1_04754075635035655_1280.jpg" alt="image" /><img src="http://www.infol.com.cn/data/upload/shop/store/goods/1/1_04754075852663537_1280.jpg" alt="image" /><img src="http://www.infol.com.cn/data/upload/shop/store/goods/1/1_04754076086159087_1280.jpg" alt="image" /><img src="http://www.infol.com.cn/data/upload/shop/store/goods/1/1_04754076406330752_1280.jpg" alt="image" /><img src="http://www.infol.com.cn/data/upload/shop/store/goods/1/1_04754076636118184_1280.jpg" alt="image" /><img src="http://www.infol.com.cn/data/upload/shop/store/goods/1/1_04754077589391253_1280.jpg" alt="image" /><img src="http://www.infol.com.cn/data/upload/shop/store/goods/1/1_04754077741185784_1280.jpg" alt="image" /><img src="http://www.infol.com.cn/data/upload/shop/store/goods/1/1_04754077923858437_1280.jpg" alt="image" /><img src="http://www.infol.com.cn/data/upload/shop/store/goods/1/1_04754078110513603_1280.jpg" alt="image" /><img src="http://www.infol.com.cn/data/upload/shop/store/goods/1/1_04754078272985913_1280.jpg" alt="image" />', 1, NULL, 1, NULL, 0, 1422067023, 0, '', '98.00', '99.00', '0.00', 98, '', 1, '申通快递', 1, '5.00', 0, 17, 268, ',0,', 0, 0, 0, 0);
INSERT INTO `cor_goods_common` (`goods_commonid`, `goods_name`, `goods_jingle`, `gc_id`, `gc_name`, `store_id`, `store_name`, `spec_name`, `spec_value`, `brand_id`, `brand_name`, `type_id`, `goods_image`, `goods_attr`, `goods_body`, `goods_state`, `goods_stateremark`, `goods_verify`, `goods_verifyremark`, `goods_lock`, `goods_addtime`, `goods_selltime`, `goods_specname`, `goods_price`, `goods_marketprice`, `goods_costprice`, `goods_discount`, `goods_serial`, `transport_id`, `transport_title`, `goods_commend`, `goods_freight`, `goods_vat`, `areaid_1`, `areaid_2`, `goods_stcids`, `plateid_top`, `plateid_bottom`, `is_gift`, `gift_points`) VALUES
(100176, '山信稻米油 非转基因 食用米糠油 7500ppm谷维素 马伊琍代言 5l 装', '山信正稻大品牌稻米油，富含谷维素，谷维素是稻米油独有的营养成分， 改善亚健康关爱胃', 623, '食品饮料 &gt;粮油调味 &gt;食用油', 1, '官方店铺', 'N;', 'N;', 0, '', 40, '1_04754113111485383.jpg', 'N;', '<div style="text-align:center;">\r\n	<br />\r\n<div>\r\n<img src="http://www.infol.com.cn/data/upload/shop/store/goods/1/1_04754114931064471_1280.jpg" alt="image" /><img src="http://www.infol.com.cn/data/upload/shop/store/goods/1/1_04754115095156625_1280.jpg" alt="image" /><img src="http://www.infol.com.cn/data/upload/shop/store/goods/1/1_04754115267586811_1280.jpg" alt="image" /><img src="http://www.infol.com.cn/data/upload/shop/store/goods/1/1_04754115430272187_1280.jpg" alt="image" /><img src="http://www.infol.com.cn/data/upload/shop/store/goods/1/1_04754115604651544_1280.jpg" alt="image" /><img src="http://www.infol.com.cn/data/upload/shop/store/goods/1/1_04754115771894902_1280.jpg" alt="image" /><img src="http://www.infol.com.cn/data/upload/shop/store/goods/1/1_04754116085630238_1280.jpg" alt="image" /><img src="http://www.infol.com.cn/data/upload/shop/store/goods/1/1_04754116254042345_1280.jpg" alt="image" /><img src="http://www.infol.com.cn/data/upload/shop/store/goods/1/1_04754116417787677_1280.jpg" alt="image" /><img src="http://www.infol.com.cn/data/upload/shop/store/goods/1/1_04754116567024619_1280.jpg" alt="image" /><img src="http://www.infol.com.cn/data/upload/shop/store/goods/1/1_04754116733505519_1280.jpg" alt="image" /><img src="http://www.infol.com.cn/data/upload/shop/store/goods/1/1_04754116895491535_1280.jpg" alt="image" /><img src="http://www.infol.com.cn/data/upload/shop/store/goods/1/1_04754117073398859_1280.jpg" alt="image" /><img src="http://www.infol.com.cn/data/upload/shop/store/goods/1/1_04754117247350179_1280.jpg" alt="image" /><img src="http://www.infol.com.cn/data/upload/shop/store/goods/1/1_04754117397200410_1280.jpg" alt="image" /></div></div>', 1, NULL, 1, NULL, 0, 1422067865, 0, '', '68.00', '70.00', '0.00', 97, '', 1, '申通快递', 1, '5.00', 0, 17, 268, ',0,', 0, 0, 0, 0),
(100177, '山信稻米油 非转基因 食用米糠油 7500ppm谷维素 马伊琍代言 1.8l 装', '山信正稻大品牌稻米油，富含谷维素，谷维素是稻米油独有的营养成分， 改善亚健康关爱胃', 623, '食品饮料 &gt;粮油调味 &gt;食用油', 1, '官方店铺', 'N;', 'N;', 0, '', 40, '1_04754123035459069.jpg', 'N;', '<div style="text-align:center;">\r\n	<img src="http://www.infol.com.cn/data/upload/shop/store/goods/1/1_04754125661323127_1280.jpg" style="line-height:1.5;" alt="image" /><img src="http://www.infol.com.cn/data/upload/shop/store/goods/1/1_04754125899215386_1280.jpg" style="line-height:1.5;" alt="image" /><img src="http://www.infol.com.cn/data/upload/shop/store/goods/1/1_04754126117219946_1280.jpg" style="line-height:1.5;" alt="image" /><img src="http://www.infol.com.cn/data/upload/shop/store/goods/1/1_04754126592527312_1280.jpg" style="line-height:1.5;" alt="image" /><img src="http://www.infol.com.cn/data/upload/shop/store/goods/1/1_04754129663827845_1280.jpg" style="line-height:1.5;" alt="image" /><img src="http://www.infol.com.cn/data/upload/shop/store/goods/1/1_04754129856823213_1280.jpg" style="line-height:1.5;" alt="image" /><img src="http://www.infol.com.cn/data/upload/shop/store/goods/1/1_04754130096553009_1280.jpg" style="line-height:1.5;" alt="image" /><img src="http://www.infol.com.cn/data/upload/shop/store/goods/1/1_04754130263507862_1280.jpg" style="line-height:1.5;" alt="image" /><img src="http://www.infol.com.cn/data/upload/shop/store/goods/1/1_04754130432724749_1280.jpg" style="line-height:1.5;" alt="image" /><img src="http://www.infol.com.cn/data/upload/shop/store/goods/1/1_04754130593317602_1280.jpg" style="line-height:1.5;" alt="image" /><img src="http://www.infol.com.cn/data/upload/shop/store/goods/1/1_04754130751619123_1280.jpg" style="line-height:1.5;" alt="image" /><img src="http://www.infol.com.cn/data/upload/shop/store/goods/1/1_04754130903920855_1280.jpg" style="line-height:1.5;" alt="image" /><img src="http://www.infol.com.cn/data/upload/shop/store/goods/1/1_04754131076732546_1280.jpg" style="line-height:1.5;" alt="image" /><img src="http://www.infol.com.cn/data/upload/shop/store/goods/1/1_04754131238879550_1280.jpg" style="line-height:1.5;" alt="image" /><img src="http://www.infol.com.cn/data/upload/shop/store/goods/1/1_04754131387905143_1280.jpg" style="line-height:1.5;" alt="image" /><span style="line-height:1.5;"><span><span style="line-height:1.5;"><span> <span><span><span><span> <span><span><span><span><span><span><span><span>\r\n</span></span></span></span></span></span></span></span></span></span></span></span></span></span></span></span></div>', 1, NULL, 1, NULL, 0, 1422069347, 0, '', '29.00', '30.00', '0.00', 96, '', 1, '申通快递', 1, '5.00', 0, 17, 268, ',0,', 0, 0, 0, 0),
(100178, '三麦酒  42度  三麦鸿运酒   馥郁香型白酒   白酒特价酒水', '三生有幸 三麦酒', 628, '食品饮料 &gt;中外名酒 &gt;白酒', 6, '稻花香三麦酒', 'N;', 'N;', 0, '', 40, '6_04757743808310335.jpg', 'N;', '<div style="text-align:center;">\r\n	<span style="line-height:1.5;"><span><img src="http://www.infol.com.cn/data/upload/shop/store/goods/6/6_04757753442190258_1280.jpg" alt="image" style="line-height:1.5;" /><img src="http://www.infol.com.cn/data/upload/shop/store/goods/6/6_04757755646446103_1280.jpg" alt="image" style="line-height:1.5;" /><img src="http://www.infol.com.cn/data/upload/shop/store/goods/6/6_04758361714674085_1280.jpg" alt="image" style="line-height:1.5;" /><img src="http://www.infol.com.cn/data/upload/shop/store/goods/6/6_04758362030012291_1280.jpg" alt="image" style="line-height:1.5;" /><img src="http://www.infol.com.cn/data/upload/shop/store/goods/6/6_04758362208357934_1280.jpg" alt="image" style="line-height:1.5;" /><img src="http://www.infol.com.cn/data/upload/shop/store/goods/6/6_04758362383759351_1280.jpg" alt="image" style="line-height:1.5;" /><img src="http://www.infol.com.cn/data/upload/shop/store/goods/6/6_04758362568837643_1280.jpg" alt="image" style="line-height:1.5;" /><img src="http://www.infol.com.cn/data/upload/shop/store/goods/6/6_04758363736152930_1280.jpg" alt="image" style="line-height:1.5;" /><img src="http://www.infol.com.cn/data/upload/shop/store/goods/6/6_04758363898840983_1280.jpg" alt="image" style="line-height:1.5;" /><img src="http://www.infol.com.cn/data/upload/shop/store/goods/6/6_04758364083408020_1280.jpg" alt="image" style="line-height:1.5;" /><img src="http://www.infol.com.cn/data/upload/shop/store/goods/6/6_04758364261726972_1280.jpg" alt="image" style="line-height:1.5;" /><img src="http://www.infol.com.cn/data/upload/shop/store/goods/6/6_04758364484893301_1280.jpg" alt="image" style="line-height:1.5;" /><img src="http://www.infol.com.cn/data/upload/shop/store/goods/6/6_04758364638252468_1280.jpg" alt="image" style="line-height:1.5;" /> <span><span> </span></span></span></span>\r\n</div>', 1, NULL, 1, NULL, 0, 1422494486, 0, '', '35.00', '40.00', '0.00', 87, '', 9, '1', 1, '5.00', 0, 17, 268, ',0,', 0, 0, 0, 0),
(100179, '三麦酒 42度 三麦天赐福酒   馥郁香型白酒  500ml', '三生有幸 三麦酒', 628, '食品饮料 &gt;中外名酒 &gt;白酒', 6, '稻花香三麦酒', 'N;', 'N;', 0, '', 40, '6_04758385513936033.jpg', 'N;', '<div style="text-align:center;">\r\n	<br />\r\n	<div>\r\n		<img src="http://www.infol.com.cn/data/upload/shop/store/goods/6/6_04758386488482011_1280.jpg" alt="image" /><img src="http://www.infol.com.cn/data/upload/shop/store/goods/6/6_04758386647916133_1280.jpg" alt="image" /><img src="http://www.infol.com.cn/data/upload/shop/store/goods/6/6_04758386819110594_1280.jpg" alt="image" /><img src="http://www.infol.com.cn/data/upload/shop/store/goods/6/6_04758386987020218_1280.jpg" alt="image" /><img src="http://www.infol.com.cn/data/upload/shop/store/goods/6/6_04758387169413998_1280.jpg" alt="image" /><img src="http://www.infol.com.cn/data/upload/shop/store/goods/6/6_04758387355609989_1280.jpg" alt="image" /><img src="http://www.infol.com.cn/data/upload/shop/store/goods/6/6_04758387525506255_1280.jpg" alt="image" /><img src="http://www.infol.com.cn/data/upload/shop/store/goods/6/6_04758387832024159_1280.jpg" alt="image" /><img src="http://www.infol.com.cn/data/upload/shop/store/goods/6/6_04758388018779723_1280.jpg" alt="image" /><img src="http://www.infol.com.cn/data/upload/shop/store/goods/6/6_04758388179988140_1280.jpg" alt="image" /><img src="http://www.infol.com.cn/data/upload/shop/store/goods/6/6_04758388369447121_1280.jpg" alt="image" /><img src="http://www.infol.com.cn/data/upload/shop/store/goods/6/6_04758388528617301_1280.jpg" alt="image" /><img src="http://www.infol.com.cn/data/upload/shop/store/goods/6/6_04758388665393691_1280.jpg" alt="image" /> \r\n		<div>\r\n			<div>\r\n			</div>\r\n		</div>\r\n	</div>\r\n</div>', 1, NULL, 1, NULL, 0, 1422495094, 0, '', '45.00', '48.00', '0.00', 93, '', 9, '1', 1, '5.00', 0, 17, 268, ',0,', 0, 0, 0, 0),
(100180, '三麦酒 42度 三麦天赐蓝 馥郁香型白酒 500ml', '三生有幸 三麦酒', 628, '食品饮料 &gt;中外名酒 &gt;白酒', 6, '稻花香三麦酒', 'N;', 'N;', 0, '', 40, '6_04758392232773649.jpg', 'N;', '<div style="text-align:center;">\r\n	<br />\r\n	<div>\r\n		<img src="http://www.infol.com.cn/data/upload/shop/store/goods/6/6_04758395553781833_1280.jpg" alt="image" /><img src="http://www.infol.com.cn/data/upload/shop/store/goods/6/6_04758395705541552_1280.jpg" alt="image" /><img src="http://www.infol.com.cn/data/upload/shop/store/goods/6/6_04758395857736772_1280.jpg" alt="image" /><img src="http://www.infol.com.cn/data/upload/shop/store/goods/6/6_04758396005758633_1280.jpg" alt="image" /><img src="http://www.infol.com.cn/data/upload/shop/store/goods/6/6_04758396171514761_1280.jpg" alt="image" /><img src="http://www.infol.com.cn/data/upload/shop/store/goods/6/6_04758396379560647_1280.jpg" alt="image" /><img src="http://www.infol.com.cn/data/upload/shop/store/goods/6/6_04758396547918663_1280.jpg" alt="image" /><img src="http://www.infol.com.cn/data/upload/shop/store/goods/6/6_04758396783372286_1280.jpg" alt="image" /><img src="http://www.infol.com.cn/data/upload/shop/store/goods/6/6_04758396945709256_1280.jpg" alt="image" /><img src="http://www.infol.com.cn/data/upload/shop/store/goods/6/6_04758397106200459_1280.jpg" alt="image" /><img src="http://www.infol.com.cn/data/upload/shop/store/goods/6/6_04758397296913258_1280.jpg" alt="image" /><img src="http://www.infol.com.cn/data/upload/shop/store/goods/6/6_04758397451595850_1280.jpg" alt="image" /> \r\n		<div>\r\n			<div>\r\n			</div>\r\n		</div>\r\n	</div>\r\n</div>', 1, NULL, 1, NULL, 0, 1422496052, 0, '', '148.00', '168.00', '0.00', 88, '', 9, '1', 1, '5.00', 0, 17, 268, ',0,', 0, 0, 0, 0),
(100181, '三麦酒 42度 三麦天赐喜  馥郁香型白酒 500ml', '三生有幸 三麦酒', 628, '食品饮料 &gt;中外名酒 &gt;白酒', 6, '稻花香三麦酒', 'N;', 'N;', 0, '', 40, '6_04758403729888459.jpg', 'N;', '<div style="text-align:center;">\r\n	<img src="http://www.infol.com.cn/data/upload/shop/store/goods/6/6_04758404328727604_1280.jpg" style="line-height:1.5;" alt="image" /><img src="http://www.infol.com.cn/data/upload/shop/store/goods/6/6_04758404671793687_1280.jpg" style="line-height:1.5;" alt="image" /><img src="http://www.infol.com.cn/data/upload/shop/store/goods/6/6_04758404816293249_1280.jpg" style="line-height:1.5;" alt="image" /><img src="http://www.infol.com.cn/data/upload/shop/store/goods/6/6_04758404974733800_1280.jpg" style="line-height:1.5;" alt="image" /><img src="http://www.infol.com.cn/data/upload/shop/store/goods/6/6_04758405129149677_1280.jpg" style="line-height:1.5;" alt="image" /><img src="http://www.infol.com.cn/data/upload/shop/store/goods/6/6_04758405309026566_1280.jpg" style="line-height:1.5;" alt="image" /><img src="http://www.infol.com.cn/data/upload/shop/store/goods/6/6_04758405477572639_1280.jpg" style="line-height:1.5;" alt="image" /><img src="http://www.infol.com.cn/data/upload/shop/store/goods/6/6_04758405631504089_1280.jpg" style="line-height:1.5;" alt="image" /><img src="http://www.infol.com.cn/data/upload/shop/store/goods/6/6_04758405806593419_1280.jpg" style="line-height:1.5;" alt="image" /><img src="http://www.infol.com.cn/data/upload/shop/store/goods/6/6_04758406021626366_1280.jpg" style="line-height:1.5;" alt="image" /><img src="http://www.infol.com.cn/data/upload/shop/store/goods/6/6_04758406181095217_1280.jpg" style="line-height:1.5;" alt="image" /><img src="http://www.infol.com.cn/data/upload/shop/store/goods/6/6_04758406340341425_1280.jpg" style="line-height:1.5;" alt="image" /><span style="line-height:1.5;"><span><span style="line-height:1.5;"><span> <span><span><span><span> </span></span></span></span></span></span></span></span>\r\n</div>', 1, NULL, 1, NULL, 0, 1422496835, 0, '', '80.00', '88.00', '0.00', 90, '', 9, '1', 1, '5.00', 0, 17, 268, ',0,', 0, 0, 0, 0),
(100182, '三麦酒 42度 三麦天赐韵 馥郁香型白酒 500ml', '三生有幸 三麦酒', 628, '食品饮料 &gt;中外名酒 &gt;白酒', 6, '稻花香三麦酒', 'N;', 'N;', 0, '', 40, '6_04758409768924187.jpg', 'N;', '<img src="http://www.infol.com.cn/data/upload/shop/store/goods/6/6_04758411059126882_1280.jpg" alt="image" /><img src="http://www.infol.com.cn/data/upload/shop/store/goods/6/6_04758411229072782_1280.jpg" alt="image" /><img src="http://www.infol.com.cn/data/upload/shop/store/goods/6/6_04758411459023264_1280.jpg" alt="image" /><img src="http://www.infol.com.cn/data/upload/shop/store/goods/6/6_04758411640348336_1280.jpg" alt="image" /><img src="http://www.infol.com.cn/data/upload/shop/store/goods/6/6_04758411786719870_1280.jpg" alt="image" /><img src="http://www.infol.com.cn/data/upload/shop/store/goods/6/6_04758411954901155_1280.jpg" alt="image" /><img src="http://www.infol.com.cn/data/upload/shop/store/goods/6/6_04758412126380405_1280.jpg" alt="image" /><img src="http://www.infol.com.cn/data/upload/shop/store/goods/6/6_04758412299212628_1280.jpg" alt="image" /><img src="http://www.infol.com.cn/data/upload/shop/store/goods/6/6_04758412483154824_1280.jpg" alt="image" /><img src="http://www.infol.com.cn/data/upload/shop/store/goods/6/6_04758412647545574_1280.jpg" alt="image" /><img src="http://www.infol.com.cn/data/upload/shop/store/goods/6/6_04758412815547592_1280.jpg" alt="image" /><img src="http://www.infol.com.cn/data/upload/shop/store/goods/6/6_04758412990032366_1280.jpg" alt="image" /><img src="http://www.infol.com.cn/data/upload/shop/store/goods/6/6_04758413150143300_1280.jpg" alt="image" />', 1, NULL, 1, NULL, 0, 1422497499, 0, '', '108.00', '128.00', '0.00', 84, '', 9, '1', 1, '5.00', 0, 17, 268, ',0,', 0, 0, 0, 0),
(100183, '新货 新疆薄壳坚果特产 原味生核桃阿克苏温宿 185纸皮核桃 500g', '县城内免费送货上门，乡镇购满5斤送货上门', 617, '食品饮料 &gt;休闲食品 &gt;坚果炒货', 7, '小陆干果', 'N;', 'N;', 0, '', 40, '7_04762076211032731.jpg', 'N;', '<div style="text-align:center;">\r\n	<span style="line-height:1.5;"><span><img src="http://www.infol.com.cn/data/upload/shop/store/goods/7/7_04762076968758902_1280.jpg" alt="image" style="line-height:1.5;" /><img src="http://www.infol.com.cn/data/upload/shop/store/goods/7/7_04762077171062081_1280.jpg" alt="image" style="line-height:1.5;" /><img src="http://www.infol.com.cn/data/upload/shop/store/goods/7/7_04762077335876637_1280.jpg" alt="image" style="line-height:1.5;" /><img src="http://www.infol.com.cn/data/upload/shop/store/goods/7/7_04762077490876305_1280.jpg" alt="image" style="line-height:1.5;" /><img src="http://www.infol.com.cn/data/upload/shop/store/goods/7/7_04762077690528660_1280.jpg" alt="image" style="line-height:1.5;" /><img src="http://www.infol.com.cn/data/upload/shop/store/goods/7/7_04762077891731211_1280.jpg" alt="image" style="line-height:1.5;" /><img src="http://www.infol.com.cn/data/upload/shop/store/goods/7/7_04762078040139071_1280.jpg" alt="image" style="line-height:1.5;" />\r\n</span></span></div>', 1, NULL, 1, NULL, 0, 1422864710, 0, '', '29.90', '35.00', '0.00', 85, '', 11, '500g', 1, '5.00', 0, 17, 268, ',0,', 0, 0, 0, 0),
(100184, '新货 新疆特产 新疆核桃 500g', '县城内免费送货上门，乡镇购满5斤送货上门', 617, '食品饮料 &gt;休闲食品 &gt;坚果炒货', 7, '小陆干果', 'N;', 'N;', 0, '', 40, '7_04762089977572360.jpg', 'N;', '<div style="text-align:center;">\r\n	<span style="line-height:1.5;"><span><img src="http://www.infol.com.cn/data/upload/shop/store/goods/7/7_04762092267818472_1280.jpg" alt="image" style="line-height:1.5;" /><img src="http://www.infol.com.cn/data/upload/shop/store/goods/7/7_04762092441216883_1280.jpg" alt="image" style="line-height:1.5;" /><img src="http://www.infol.com.cn/data/upload/shop/store/goods/7/7_04762092605904073_1280.jpg" alt="image" style="line-height:1.5;" /><img src="http://www.infol.com.cn/data/upload/shop/store/goods/7/7_04762092873741361_1280.jpg" alt="image" style="line-height:1.5;" /><img src="http://www.infol.com.cn/data/upload/shop/store/goods/7/7_04762093040099839_1280.jpg" alt="image" style="line-height:1.5;" /><img src="http://www.infol.com.cn/data/upload/shop/store/goods/7/7_04762093325844779_1280.jpg" alt="image" style="line-height:1.5;" /><img src="http://www.infol.com.cn/data/upload/shop/store/goods/7/7_04762093512038630_1280.jpg" alt="image" style="line-height:1.5;" />\r\n</span></span></div>', 1, NULL, 1, NULL, 0, 1422865594, 0, '', '18.99', '25.00', '0.00', 75, '', 11, '500g', 1, '5.00', 0, 17, 268, ',0,', 0, 0, 0, 0),
(100185, '新货 云南野生小麻查核桃  500g', '县城内免费送货上门，乡镇购满5斤送货上门', 617, '食品饮料 &gt;休闲食品 &gt;坚果炒货', 7, '小陆干果', 'N;', 'N;', 0, '', 40, '7_04762098186807676.jpg', 'N;', '<div style="text-align:center;">\r\n	<br />\r\n<div>\r\n<img src="http://www.infol.com.cn/data/upload/shop/store/goods/7/7_04762100944132166_1280.jpg" alt="image" /><img src="http://www.infol.com.cn/data/upload/shop/store/goods/7/7_04762101112449856_1280.jpg" alt="image" /><img src="http://www.infol.com.cn/data/upload/shop/store/goods/7/7_04762101268199285_1280.jpg" alt="image" /><img src="http://www.infol.com.cn/data/upload/shop/store/goods/7/7_04762101430934652_1280.jpg" alt="image" /><img src="http://www.infol.com.cn/data/upload/shop/store/goods/7/7_04762101731578594_1280.jpg" alt="image" /><img src="http://www.infol.com.cn/data/upload/shop/store/goods/7/7_04762101908001344_1280.jpg" alt="image" /><img src="http://www.infol.com.cn/data/upload/shop/store/goods/7/7_04762102077315059_1280.jpg" alt="image" /><img src="http://www.infol.com.cn/data/upload/shop/store/goods/7/7_04762102228795584_1280.jpg" alt="image" /><img src="http://www.infol.com.cn/data/upload/shop/store/goods/7/7_04762102366574233_1280.jpg" alt="image" /></div></div>', 1, NULL, 1, NULL, 0, 1422866352, 0, '', '23.80', '30.00', '0.00', 79, '', 11, '500g', 1, '5.00', 0, 17, 268, ',0,', 0, 0, 0, 0),
(100186, '新货 松之皇 手剥巴西松子 精选特级  500g袋装', '县城内免费送货上门，乡镇购满5斤送货上门', 617, '食品饮料 &gt;休闲食品 &gt;坚果炒货', 7, '小陆干果', 'N;', 'N;', 0, '', 40, '7_04762717111974071.jpg', 'N;', '<div style="text-align:center;">\r\n	<span style="line-height:1.5;"><span><img src="http://www.infol.com.cn/data/upload/shop/store/goods/7/7_04762718492452763_1280.jpg" alt="image" style="line-height:1.5;" /><img src="http://www.infol.com.cn/data/upload/shop/store/goods/7/7_04762718658626232_1280.jpg" alt="image" style="line-height:1.5;" /><img src="http://www.infol.com.cn/data/upload/shop/store/goods/7/7_04762718806861651_1280.jpg" alt="image" style="line-height:1.5;" /><img src="http://www.infol.com.cn/data/upload/shop/store/goods/7/7_04762719193231754_1280.jpg" alt="image" style="line-height:1.5;" /><img src="http://www.infol.com.cn/data/upload/shop/store/goods/7/7_04762719388761820_1280.jpg" alt="image" style="line-height:1.5;" /><img src="http://www.infol.com.cn/data/upload/shop/store/goods/7/7_04762719669529485_1280.jpg" alt="image" style="line-height:1.5;" /><img src="http://www.infol.com.cn/data/upload/shop/store/goods/7/7_04762720001176785_1280.jpg" alt="image" style="line-height:1.5;" /><img src="http://www.infol.com.cn/data/upload/shop/store/goods/7/7_04762720223849042_1280.jpg" alt="image" style="line-height:1.5;" /><img src="http://www.infol.com.cn/data/upload/shop/store/goods/7/7_04762720368607968_1280.jpg" alt="image" style="line-height:1.5;" /><img src="http://www.infol.com.cn/data/upload/shop/store/goods/7/7_04762720510156193_1280.jpg" alt="image" style="line-height:1.5;" />\r\n</span></span></div>', 1, NULL, 1, NULL, 0, 1422928292, 0, '', '150.00', '170.00', '0.00', 88, '', 11, '500g', 1, '5.00', 0, 17, 268, ',0,', 0, 0, 0, 0),
(100187, '新货  坚果  松子  精装东北开口松子  2.5kg  袋装', '县城内免费送货上门，乡镇购满5斤送货上门', 617, '食品饮料 &gt;休闲食品 &gt;坚果炒货', 7, '小陆干果', 'N;', 'N;', 0, '', 40, '7_04762901484783281.jpg', 'N;', '<div style="text-align:center;">\r\n	<br />\r\n</div>\r\n<div style="text-align:center;">\r\n	<img src="http://www.infol.com.cn/data/upload/shop/store/goods/7/7_04762903209606667_1280.jpg" alt="image" style="line-height:1.5;" /><img src="http://www.infol.com.cn/data/upload/shop/store/goods/7/7_04762904737795506_1280.jpg" alt="image" style="line-height:1.5;" /><img src="http://www.infol.com.cn/data/upload/shop/store/goods/7/7_04762905098276627_1280.jpg" alt="image" style="line-height:1.5;" /><img src="http://www.infol.com.cn/data/upload/shop/store/goods/7/7_04762905783525186_1280.jpg" alt="image" style="line-height:1.5;" /><img src="http://www.infol.com.cn/data/upload/shop/store/goods/7/7_04762906495437520_1280.jpg" alt="image" style="line-height:1.5;" /><img src="http://www.infol.com.cn/data/upload/shop/store/goods/7/7_04762906849500065_1280.jpg" alt="image" style="line-height:1.5;" /><img src="http://www.infol.com.cn/data/upload/shop/store/goods/7/7_04762907104882218_1280.jpg" alt="image" style="line-height:1.5;" /><img src="http://www.infol.com.cn/data/upload/shop/store/goods/7/7_04762907574269372_1280.jpg" alt="image" style="line-height:1.5;" /><img src="http://www.infol.com.cn/data/upload/shop/store/goods/7/7_04762908458755835_1280.jpg" alt="image" style="line-height:1.5;" /><img src="http://www.infol.com.cn/data/upload/shop/store/goods/7/7_04762908993883949_1280.jpg" alt="image" style="line-height:1.5;" />\r\n</div>', 1, NULL, 1, NULL, 0, 1422947045, 0, '', '225.00', '255.00', '0.00', 88, '', 12, '2500', 1, '0.00', 0, 0, 0, ',0,', 0, 0, 0, 0),
(100188, '新货 坚果 松子 东北开口松子 500g', '县城内免费送货上门，乡镇购满5斤送货上门', 617, '食品饮料 &gt;休闲食品 &gt;坚果炒货', 7, '小陆干果', 'N;', 'N;', 0, '', 40, '7_04762963544782948.jpg', 'N;', '<div style="text-align:center;">\r\n	<br />\r\n</div>\r\n<div style="text-align:center;">\r\n	<img src="http://www.infol.com.cn/data/upload/shop/store/goods/7/7_04762964791576419_1280.jpg" alt="image" style="line-height:1.5;" /><img src="http://www.infol.com.cn/data/upload/shop/store/goods/7/7_04762964943872370_1280.jpg" alt="image" style="line-height:1.5;" /><img src="http://www.infol.com.cn/data/upload/shop/store/goods/7/7_04762965184094643_1280.jpg" alt="image" style="line-height:1.5;" /><img src="http://www.infol.com.cn/data/upload/shop/store/goods/7/7_04762965348319321_1280.jpg" alt="image" style="line-height:1.5;" /><img src="http://www.infol.com.cn/data/upload/shop/store/goods/7/7_04762965489865051_1280.jpg" alt="image" style="line-height:1.5;" /><img src="http://www.infol.com.cn/data/upload/shop/store/goods/7/7_04762965636693903_1280.jpg" alt="image" style="line-height:1.5;" /><img src="http://www.infol.com.cn/data/upload/shop/store/goods/7/7_04762965807080978_1280.jpg" alt="image" style="line-height:1.5;" />\r\n</div>', 1, NULL, 1, NULL, 0, 1422952655, 0, '', '38.80', '50.00', '0.00', 77, '', 11, '500g', 1, '5.00', 0, 17, 268, ',0,', 0, 0, 0, 0),
(100189, '碧根果 长寿果美国山核桃坚果零食奶油味  500g', '县城内免费送货上门，乡镇购满5斤送货上门', 617, '食品饮料 &gt;休闲食品 &gt;坚果炒货', 7, '小陆干果', 'N;', 'N;', 0, '', 40, '7_04763618050273058.jpg', 'N;', '<div style="text-align:center;">\r\n	<br />\r\n</div>\r\n<div style="text-align:center;">\r\n	<img src="http://www.infol.com.cn/data/upload/shop/store/goods/7/7_04763620354293554_1280.jpg" style="line-height:1.5;" alt="image" /><img src="http://www.infol.com.cn/data/upload/shop/store/goods/7/7_04763620971351611_1280.jpg" style="line-height:1.5;" alt="image" /><img src="http://www.infol.com.cn/data/upload/shop/store/goods/7/7_04763621564788881_1280.jpg" style="line-height:1.5;" alt="image" /><img src="http://www.infol.com.cn/data/upload/shop/store/goods/7/7_04763622793998383_1280.jpg" style="line-height:1.5;" alt="image" /><img src="http://www.infol.com.cn/data/upload/shop/store/goods/7/7_04763623385372764_1280.jpg" style="line-height:1.5;" alt="image" /><img src="http://www.infol.com.cn/data/upload/shop/store/goods/7/7_04763623549103553_1280.jpg" style="line-height:1.5;" alt="image" /><img src="http://www.infol.com.cn/data/upload/shop/store/goods/7/7_04763623736453623_1280.jpg" style="line-height:1.5;" alt="image" /><img src="http://www.infol.com.cn/data/upload/shop/store/goods/7/7_04763624119587569_1280.jpg" style="line-height:1.5;" alt="image" /><img src="http://www.infol.com.cn/data/upload/shop/store/goods/7/7_04763625102435995_1280.jpg" style="line-height:1.5;" alt="image" /><img src="http://www.infol.com.cn/data/upload/shop/store/goods/7/7_04763625574676806_1280.jpg" style="line-height:1.5;" alt="image" /><span style="line-height:1.5;"></span>\r\n</div>', 1, NULL, 1, NULL, 0, 1423018664, 0, '', '33.50', '40.00', '0.00', 83, '', 11, '500g', 1, '5.00', 0, 17, 268, ',0,', 0, 0, 0, 0),
(100190, '夏威夷果  澳洲坚果  零食干果  送开口器 奶油味 500g', '县城内免费送货上门，乡镇购满5斤送货上门', 617, '食品饮料 &gt;休闲食品 &gt;坚果炒货', 7, '小陆干果', 'N;', 'N;', 0, '', 40, '7_04763797018156347.jpg', 'N;', '<div style="text-align:center;">\r\n	<img src="http://www.infol.com.cn/data/upload/shop/store/goods/7/7_04763797691478807_1280.jpg" style="line-height:1.5;" alt="image" /><img src="http://www.infol.com.cn/data/upload/shop/store/goods/7/7_04763798159331061_1280.jpg" style="line-height:1.5;" alt="image" /><img src="http://www.infol.com.cn/data/upload/shop/store/goods/7/7_04763798319338272_1280.jpg" style="line-height:1.5;" alt="image" /><img src="http://www.infol.com.cn/data/upload/shop/store/goods/7/7_04763798462162646_1280.jpg" style="line-height:1.5;" alt="image" /><img src="http://www.infol.com.cn/data/upload/shop/store/goods/7/7_04763798658843474_1280.jpg" style="line-height:1.5;" alt="image" /><img src="http://www.infol.com.cn/data/upload/shop/store/goods/7/7_04763798808219632_1280.jpg" style="line-height:1.5;" alt="image" /><img src="http://www.infol.com.cn/data/upload/shop/store/goods/7/7_04763798947073695_1280.jpg" style="line-height:1.5;" alt="image" /><span style="line-height:1.5;"></span> \r\n</div>', 1, NULL, 1, NULL, 0, 1423035983, 0, '', '33.50', '40.00', '0.00', 83, '', 0, '500g', 1, '0.00', 0, 17, 268, ',0,', 0, 0, 0, 0),
(100191, '宁夏枸杞子  新货  特级苟杞  正品中宁枸杞王  250g', '县城内免费送货上门，乡镇购满5斤送货上门', 617, '食品饮料 &gt;休闲食品 &gt;坚果炒货', 7, '小陆干果', 'N;', 'N;', 0, '', 40, '7_04763873434107311.jpg', 'N;', '<div style="text-align:center;">\r\n	<img src="http://www.infol.com.cn/data/upload/shop/store/goods/7/7_04763874843946302_1280.jpg" style="line-height:1.5;" alt="image" /><img src="http://www.infol.com.cn/data/upload/shop/store/goods/7/7_04763875174905647_1280.jpg" style="line-height:1.5;" alt="image" /><img src="http://www.infol.com.cn/data/upload/shop/store/goods/7/7_04763877295059465_1280.jpg" style="line-height:1.5;" alt="image" /><img src="http://www.infol.com.cn/data/upload/shop/store/goods/7/7_04763875901085135_1280.jpg" style="line-height:1.5;" alt="image" /><img src="http://www.infol.com.cn/data/upload/shop/store/goods/7/7_04763876079592776_1280.jpg" style="line-height:1.5;" alt="image" /><img src="http://www.infol.com.cn/data/upload/shop/store/goods/7/7_04763876571690506_1280.jpg" style="line-height:1.5;" alt="image" /><img src="http://www.infol.com.cn/data/upload/shop/store/goods/7/7_04763876923747163_1280.jpg" style="line-height:1.5;" alt="image" /><img src="http://www.infol.com.cn/data/upload/shop/store/goods/7/7_04763877144356091_1280.jpg" style="line-height:1.5;" alt="image" /><img src="http://www.infol.com.cn/data/upload/shop/store/goods/7/7_04763877457645575_1280.jpg" style="line-height:1.5;" alt="image" /><img src="http://www.infol.com.cn/data/upload/shop/store/goods/7/7_04763877618924878_1280.jpg" style="line-height:1.5;" alt="image" /><span style="line-height:1.5;"></span> \r\n</div>', 1, NULL, 1, NULL, 0, 1423043911, 0, '', '24.88', '30.00', '0.00', 82, '', 13, '250g', 1, '5.00', 0, 17, 268, ',0,', 0, 0, 0, 0),
(100192, '小陆干果  新货  新疆特产  新疆无花果干  孕妇健康零食  500g', '县城内免费送货上门，乡镇购满5斤送货上门', 617, '食品饮料 &gt;休闲食品 &gt;坚果炒货', 7, '小陆干果', 'N;', 'N;', 0, '', 40, '7_04764639517072376.jpg', 'N;', '<div style="text-align:center;">\r\n	<img src="http://www.infol.com.cn/data/upload/shop/store/goods/7/7_04764640004093825_1280.jpg" style="line-height:1.5;" alt="image" /><img src="http://www.infol.com.cn/data/upload/shop/store/goods/7/7_04764640185128440_1280.jpg" style="line-height:1.5;" alt="image" /><img src="http://www.infol.com.cn/data/upload/shop/store/goods/7/7_04764640361787004_1280.jpg" style="line-height:1.5;" alt="image" /><img src="http://www.infol.com.cn/data/upload/shop/store/goods/7/7_04764640503854747_1280.jpg" style="line-height:1.5;" alt="image" /><img src="http://www.infol.com.cn/data/upload/shop/store/goods/7/7_04764640726996058_1280.jpg" style="line-height:1.5;" alt="image" /><img src="http://www.infol.com.cn/data/upload/shop/store/goods/7/7_04764641351435378_1280.jpg" style="line-height:1.5;" alt="image" /><img src="http://www.infol.com.cn/data/upload/shop/store/goods/7/7_04764641609193919_1280.jpg" style="line-height:1.5;" alt="image" /><img src="http://www.infol.com.cn/data/upload/shop/store/goods/7/7_04764642000099431_1280.jpg" style="line-height:1.5;" alt="image" /><img src="http://www.infol.com.cn/data/upload/shop/store/goods/7/7_04764642210129047_1280.jpg" style="line-height:1.5;" alt="image" /><span style="line-height:1.5;"></span>\r\n</div>', 1, NULL, 1, NULL, 0, 1423120415, 0, '', '21.99', '28.00', '0.00', 78, '', 11, '500g', 1, '5.00', 0, 17, 0, ',0,', 0, 0, 0, 0),
(100194, '小陆干果   新货坚果   手剥临安山核桃  奶油味   500g', '县城内免费送货上门，乡镇购满5斤送货上门', 617, '食品饮料 &gt;休闲食品 &gt;坚果炒货', 7, '小陆干果', 'N;', 'N;', 0, '', 40, '7_04764810404288061.jpg', 'N;', '<div style="text-align:center;">\r\n	<img src="http://www.infol.com.cn/data/upload/shop/store/goods/7/7_04764812214344374_1280.jpg" style="line-height:1.5;" alt="image" /><img src="http://www.infol.com.cn/data/upload/shop/store/goods/7/7_04764812487782839_1280.jpg" style="line-height:1.5;" alt="image" /><img src="http://www.infol.com.cn/data/upload/shop/store/goods/7/7_04764812954980881_1280.jpg" style="line-height:1.5;" alt="image" /><img src="http://www.infol.com.cn/data/upload/shop/store/goods/7/7_04764813326920286_1280.jpg" style="line-height:1.5;" alt="image" /><img src="http://www.infol.com.cn/data/upload/shop/store/goods/7/7_04764813533148626_1280.jpg" style="line-height:1.5;" alt="image" /><img src="http://www.infol.com.cn/data/upload/shop/store/goods/7/7_04764813820221639_1280.jpg" style="line-height:1.5;" alt="image" /><img src="http://www.infol.com.cn/data/upload/shop/store/goods/7/7_04764814144347374_1280.jpg" style="line-height:1.5;" alt="image" /><span style="line-height:1.5;"></span>\r\n</div>', 1, NULL, 1, NULL, 0, 1423137552, 0, '', '65.99', '70.00', '0.00', 94, '', 12, '2500', 1, '0.00', 0, 17, 268, ',0,', 0, 0, 0, 0),
(100196, '小陆干果  巴旦木 坚果零食特产新疆薄壳杏仁手剥扁桃仁 500g  佳美', '县城内免费送货上门，乡镇购满5斤送货上门', 617, '食品饮料 &gt;休闲食品 &gt;坚果炒货', 7, '小陆干果', 'N;', 'N;', 0, '', 40, '7_04765310723591147.jpg', 'N;', '<img src="http://www.infol.com.cn/data/upload/shop/store/goods/7/7_04765311850561771_1280.jpg" alt="image" /><img src="http://www.infol.com.cn/data/upload/shop/store/goods/7/7_04765312122360693_1280.jpg" alt="image" /><img src="http://www.infol.com.cn/data/upload/shop/store/goods/7/7_04765312411555319_1280.jpg" alt="image" /><img src="http://www.infol.com.cn/data/upload/shop/store/goods/7/7_04765312630726484_1280.jpg" alt="image" /><img src="http://www.infol.com.cn/data/upload/shop/store/goods/7/7_04765312829783259_1280.jpg" alt="image" /><img src="http://www.infol.com.cn/data/upload/shop/store/goods/7/7_04765313222191132_1280.jpg" alt="image" /><img src="http://www.infol.com.cn/data/upload/shop/store/goods/7/7_04765313449029607_1280.jpg" alt="image" />', 1, NULL, 1, NULL, 0, 1423187524, 0, '', '29.80', '35.00', '0.00', 85, '佳美', 0, '', 1, '0.00', 0, 0, 0, ',0,', 0, 0, 0, 0),
(100197, '巴旦木 坚果零食 新疆薄壳杏仁手剥扁桃仁 500g  小珍珠', '县城内免费送货上门，乡镇购满5斤送货上门', 617, '食品饮料 &gt;休闲食品 &gt;坚果炒货', 7, '小陆干果', 'N;', 'N;', 0, '', 40, '7_04765310723591147.jpg', 'N;', '<div style="text-align:center;">\r\n	<img src="http://www.infol.com.cn/data/upload/shop/store/goods/7/7_04765311850561771_1280.jpg" style="line-height:1.5;" alt="image" /><img src="http://www.infol.com.cn/data/upload/shop/store/goods/7/7_04765312122360693_1280.jpg" style="line-height:1.5;" alt="image" /><img src="http://www.infol.com.cn/data/upload/shop/store/goods/7/7_04765312411555319_1280.jpg" style="line-height:1.5;" alt="image" /><img src="http://www.infol.com.cn/data/upload/shop/store/goods/7/7_04765312630726484_1280.jpg" style="line-height:1.5;" alt="image" /><img src="http://www.infol.com.cn/data/upload/shop/store/goods/7/7_04765312829783259_1280.jpg" style="line-height:1.5;" alt="image" /><img src="http://www.infol.com.cn/data/upload/shop/store/goods/7/7_04765313222191132_1280.jpg" style="line-height:1.5;" alt="image" /><img src="http://www.infol.com.cn/data/upload/shop/store/goods/7/7_04765313449029607_1280.jpg" style="line-height:1.5;" alt="image" /> \r\n</div>', 1, NULL, 1, NULL, 0, 1423187648, 0, '', '25.80', '28.00', '0.00', 92, '小珍珠', 11, '500g', 1, '5.00', 0, 0, 0, ',0,', 0, 0, 0, 0),
(100198, '小陆干果  小银杏 新疆特产 手剥小杏仁杏核 开口坚果 休闲零食 500g', '县城内免费送货上门，乡镇购满5斤送货上门', 617, '食品饮料 &gt;休闲食品 &gt;坚果炒货', 7, '小陆干果', 'N;', 'N;', 0, '', 40, '7_04765364264366005.jpg', 'N;', '<div style="text-align:center;">\r\n	<img src="http://www.infol.com.cn/data/upload/shop/store/goods/7/7_04765365753770625_1280.jpg" style="line-height:1.5;" alt="image" /><img src="http://www.infol.com.cn/data/upload/shop/store/goods/7/7_04765365984967728_1280.jpg" style="line-height:1.5;" alt="image" /><img src="http://www.infol.com.cn/data/upload/shop/store/goods/7/7_04765366633549021_1280.jpg" style="line-height:1.5;" alt="image" /><img src="http://www.infol.com.cn/data/upload/shop/store/goods/7/7_04765367092335548_1280.jpg" style="line-height:1.5;" alt="image" /><img src="http://www.infol.com.cn/data/upload/shop/store/goods/7/7_04765367603341939_1280.jpg" style="line-height:1.5;" alt="image" /><img src="http://www.infol.com.cn/data/upload/shop/store/goods/7/7_04765367931662028_1280.jpg" style="line-height:1.5;" alt="image" /><img src="http://www.infol.com.cn/data/upload/shop/store/goods/7/7_04765368206806300_1280.jpg" style="line-height:1.5;" alt="image" /><img src="http://www.infol.com.cn/data/upload/shop/store/goods/7/7_04765368455597527_1280.jpg" style="line-height:1.5;" alt="image" /><span style="line-height:1.5;"></span>\r\n</div>', 1, NULL, 1, NULL, 0, 1423192973, 0, '', '16.99', '20.00', '0.00', 84, '', 11, '500g', 1, '5.00', 0, 17, 268, ',0,', 0, 0, 0, 0),
(100199, '小陆干果特级香菇金钱菇   香菇干货  房县香菇 肉厚味鲜 250g', '县城内免费送货上门，乡镇购满5斤送货上门', 617, '食品饮料 &gt;休闲食品 &gt;坚果炒货', 7, '小陆干果', 'N;', 'N;', 0, '', 40, '7_04765670395316113.jpg', 'N;', '<div style="text-align:center;">\r\n	<img src="http://www.infol.com.cn/data/upload/shop/store/goods/7/7_04765671854011568_1280.jpg" style="line-height:1.5;" alt="image" /><img src="http://www.infol.com.cn/data/upload/shop/store/goods/7/7_04765672058248596_1280.jpg" style="line-height:1.5;" alt="image" /><img src="http://www.infol.com.cn/data/upload/shop/store/goods/7/7_04765672234115590_1280.jpg" style="line-height:1.5;" alt="image" /><img src="http://www.infol.com.cn/data/upload/shop/store/goods/7/7_04765672397577709_1280.jpg" style="line-height:1.5;" alt="image" /><img src="http://www.infol.com.cn/data/upload/shop/store/goods/7/7_04765672620140083_1280.jpg" style="line-height:1.5;" alt="image" /><img src="http://www.infol.com.cn/data/upload/shop/store/goods/7/7_04765672823425708_1280.jpg" style="line-height:1.5;" alt="image" /><img src="http://www.infol.com.cn/data/upload/shop/store/goods/7/7_04765673052385751_1280.jpg" style="line-height:1.5;" alt="image" /><img src="http://www.infol.com.cn/data/upload/shop/store/goods/7/7_04765673346220889_1280.jpg" style="line-height:1.5;" alt="image" /><img src="http://www.infol.com.cn/data/upload/shop/store/goods/7/7_04765673793979510_1280.jpg" style="line-height:1.5;" alt="image" /><span style="line-height:1.5;"></span>\r\n</div>', 1, NULL, 1, NULL, 0, 1423223516, 0, '', '27.80', '33.00', '0.00', 84, '', 13, '250g', 1, '5.00', 0, 17, 268, ',0,', 0, 0, 0, 0),
(100200, '巨型大枣！  小陆干果  新疆特产 新疆和田大红枣  500g', '县城内免费送货上门，乡镇购满5斤送货上门', 617, '食品饮料 &gt;休闲食品 &gt;坚果炒货', 7, '小陆干果', 'N;', 'N;', 0, '', 40, '7_04766332981154795.jpg', 'N;', '<div style="text-align:center;">\r\n	<img src="http://www.infol.com.cn/data/upload/shop/store/goods/7/7_04766337498262125_1280.jpg" style="line-height:1.5;" alt="image" /><img src="http://www.infol.com.cn/data/upload/shop/store/goods/7/7_04766337731429115_1280.jpg" style="line-height:1.5;" alt="image" /><img src="http://www.infol.com.cn/data/upload/shop/store/goods/7/7_04766338052755007_1280.jpg" style="line-height:1.5;" alt="image" /><img src="http://www.infol.com.cn/data/upload/shop/store/goods/7/7_04766338316791823_1280.jpg" style="line-height:1.5;" alt="image" /><img src="http://www.infol.com.cn/data/upload/shop/store/goods/7/7_04766338534117569_1280.jpg" style="line-height:1.5;" alt="image" /><img src="http://www.infol.com.cn/data/upload/shop/store/goods/7/7_04766338744179878_1280.jpg" style="line-height:1.5;" alt="image" /><img src="http://www.infol.com.cn/data/upload/shop/store/goods/7/7_04766339008732289_1280.jpg" style="line-height:1.5;" alt="image" /><img src="http://www.infol.com.cn/data/upload/shop/store/goods/7/7_04766339319297441_1280.jpg" style="line-height:1.5;" alt="image" /><img src="http://www.infol.com.cn/data/upload/shop/store/goods/7/7_04766339541290816_1280.jpg" style="line-height:1.5;" alt="image" /><img src="http://www.infol.com.cn/data/upload/shop/store/goods/7/7_04766339856613871_1280.jpg" style="line-height:1.5;" alt="image" /><img src="http://www.infol.com.cn/data/upload/shop/store/goods/7/7_04766340054129084_1280.jpg" style="line-height:1.5;" alt="image" /><img src="http://www.infol.com.cn/data/upload/shop/store/goods/7/7_04766340513386432_1280.jpg" style="line-height:1.5;" alt="image" /><img src="http://www.infol.com.cn/data/upload/shop/store/goods/7/7_04766340711791204_1280.jpg" style="line-height:1.5;" alt="image" /><img src="http://www.infol.com.cn/data/upload/shop/store/goods/7/7_04766341224005831_1280.jpg" style="line-height:1.5;" alt="image" /><img src="http://www.infol.com.cn/data/upload/shop/store/goods/7/7_04766341630369913_1280.jpg" style="line-height:1.5;" alt="image" /><span style="line-height:1.5;"></span> \r\n</div>', 1, NULL, 1, NULL, 0, 1423290342, 0, '', '25.80', '30.00', '0.00', 86, '', 11, '500g', 1, '5.00', 0, 0, 0, ',0,', 0, 0, 0, 0),
(100201, '小陆干果  新疆特产若羌灰枣特级   自然吊干精选小枣  500g', '县城内免费送货上门，乡镇购满5斤送货上门', 617, '食品饮料 &gt;休闲食品 &gt;坚果炒货', 7, '小陆干果', 'N;', 'N;', 0, '', 40, '7_04767049984711580.jpg', 'N;', '<div style="text-align:center;">\r\n	<img src="http://www.infol.com.cn/data/upload/shop/store/goods/7/7_04767050677625088_1280.jpg" style="line-height:1.5;" alt="image" /><img src="http://www.infol.com.cn/data/upload/shop/store/goods/7/7_04767050840434676_1280.jpg" style="line-height:1.5;" alt="image" /><img src="http://www.infol.com.cn/data/upload/shop/store/goods/7/7_04767051184974722_1280.jpg" style="line-height:1.5;" alt="image" /><img src="http://www.infol.com.cn/data/upload/shop/store/goods/7/7_04767051492382696_1280.jpg" style="line-height:1.5;" alt="image" /><img src="http://www.infol.com.cn/data/upload/shop/store/goods/7/7_04767051767070084_1280.jpg" style="line-height:1.5;" alt="image" /><img src="http://www.infol.com.cn/data/upload/shop/store/goods/7/7_04767052050255983_1280.jpg" style="line-height:1.5;" alt="image" /><img src="http://www.infol.com.cn/data/upload/shop/store/goods/7/7_04767052522153165_1280.jpg" style="line-height:1.5;" alt="image" /><img src="http://www.infol.com.cn/data/upload/shop/store/goods/7/7_04767052765488210_1280.jpg" style="line-height:1.5;" alt="image" /><img src="http://www.infol.com.cn/data/upload/shop/store/goods/7/7_04767053190852338_1280.jpg" style="line-height:1.5;" alt="image" /><img src="http://www.infol.com.cn/data/upload/shop/store/goods/7/7_04767053338895081_1280.jpg" style="line-height:1.5;" alt="image" /><span style="line-height:1.5;"></span> \r\n</div>', 1, NULL, 1, NULL, 0, 1423361888, 0, '', '30.80', '32.00', '0.00', 96, '', 11, '500g', 1, '5.00', 0, 17, 268, ',0,', 0, 0, 0, 0),
(100202, '小陆干果 新疆特产若羌灰枣一级 自然吊干精选小枣 500g', '县城内免费送货上门，乡镇购满5斤送货上门', 617, '食品饮料 &gt;休闲食品 &gt;坚果炒货', 7, '小陆干果', 'N;', 'N;', 0, '', 40, '7_04767053975470332.jpg', 'N;', '<div style="text-align:left;">\r\n	<div style="text-align:center;">\r\n		<img src="http://www.infol.com.cn/data/upload/shop/store/goods/7/7_04767055659435605_1280.jpg" alt="image" style="line-height:1.5;" /><img src="http://www.infol.com.cn/data/upload/shop/store/goods/7/7_04767050840434676_1280.jpg" alt="image" style="line-height:1.5;" /><img src="http://www.infol.com.cn/data/upload/shop/store/goods/7/7_04767051184974722_1280.jpg" alt="image" style="line-height:1.5;" /><img src="http://www.infol.com.cn/data/upload/shop/store/goods/7/7_04767051492382696_1280.jpg" alt="image" style="line-height:1.5;" /><img src="http://www.infol.com.cn/data/upload/shop/store/goods/7/7_04767051767070084_1280.jpg" alt="image" style="line-height:1.5;" /><img src="http://www.infol.com.cn/data/upload/shop/store/goods/7/7_04767052050255983_1280.jpg" alt="image" style="line-height:1.5;" /><img src="http://www.infol.com.cn/data/upload/shop/store/goods/7/7_04767052522153165_1280.jpg" alt="image" style="line-height:1.5;" /><img src="http://www.infol.com.cn/data/upload/shop/store/goods/7/7_04767052765488210_1280.jpg" alt="image" style="line-height:1.5;" /><img src="http://www.infol.com.cn/data/upload/shop/store/goods/7/7_04767053190852338_1280.jpg" alt="image" style="line-height:1.5;" /><img src="http://www.infol.com.cn/data/upload/shop/store/goods/7/7_04767053338895081_1280.jpg" alt="image" style="line-height:1.5;" /> \r\n	</div>\r\n</div>', 1, NULL, 1, NULL, 0, 1423362078, 0, '', '26.80', '28.00', '0.00', 95, '', 11, '500g', 1, '5.00', 0, 17, 268, ',0,', 0, 0, 0, 0),
(100203, '小陆干果 新疆特产若羌灰枣二级 自然吊干精选小枣 500g', '县城内免费送货上门，乡镇购满5斤送货上门', 617, '食品饮料 &gt;休闲食品 &gt;坚果炒货', 7, '小陆干果', 'N;', 'N;', 0, '', 40, '7_04767055844562922.jpg', 'N;', '<div style="text-align:center;">\r\n	<img src="http://www.infol.com.cn/data/upload/shop/store/goods/7/7_04767056749797950_1280.jpg" style="line-height:1.5;" alt="image" /><img src="http://www.infol.com.cn/data/upload/shop/store/goods/7/7_04767050840434676_1280.jpg" style="line-height:1.5;" alt="image" /><img src="http://www.infol.com.cn/data/upload/shop/store/goods/7/7_04767051184974722_1280.jpg" style="line-height:1.5;" alt="image" /><img src="http://www.infol.com.cn/data/upload/shop/store/goods/7/7_04767051492382696_1280.jpg" style="line-height:1.5;" alt="image" /><img src="http://www.infol.com.cn/data/upload/shop/store/goods/7/7_04767051767070084_1280.jpg" style="line-height:1.5;" alt="image" /><img src="http://www.infol.com.cn/data/upload/shop/store/goods/7/7_04767052050255983_1280.jpg" style="line-height:1.5;" alt="image" /><img src="http://www.infol.com.cn/data/upload/shop/store/goods/7/7_04767052522153165_1280.jpg" style="line-height:1.5;" alt="image" /><img src="http://www.infol.com.cn/data/upload/shop/store/goods/7/7_04767052765488210_1280.jpg" style="line-height:1.5;" alt="image" /><img src="http://www.infol.com.cn/data/upload/shop/store/goods/7/7_04767053190852338_1280.jpg" style="line-height:1.5;" alt="image" /><img src="http://www.infol.com.cn/data/upload/shop/store/goods/7/7_04767053338895081_1280.jpg" style="line-height:1.5;" alt="image" /><span style="line-height:1.5;"></span> \r\n</div>', 1, NULL, 1, NULL, 0, 1423362160, 0, '', '23.80', '25.00', '0.00', 95, '', 11, '500g', 1, '5.00', 0, 17, 268, ',0,', 0, 0, 0, 0),
(100204, '小陆干果 新疆特产若羌灰枣三级 自然吊干精选小枣 500g', '县城内免费送货上门，乡镇购满5斤送货上门', 617, '食品饮料 &gt;休闲食品 &gt;坚果炒货', 7, '小陆干果', 'N;', 'N;', 0, '', 40, '7_04767056934315317.jpg', 'N;', '<div style="text-align:center;">\r\n	<img src="http://www.infol.com.cn/data/upload/shop/store/goods/7/7_04767057540116679_1280.jpg" style="line-height:1.5;" alt="image" /><img src="http://www.infol.com.cn/data/upload/shop/store/goods/7/7_04767050840434676_1280.jpg" style="line-height:1.5;" alt="image" /><img src="http://www.infol.com.cn/data/upload/shop/store/goods/7/7_04767051184974722_1280.jpg" style="line-height:1.5;" alt="image" /><img src="http://www.infol.com.cn/data/upload/shop/store/goods/7/7_04767051492382696_1280.jpg" style="line-height:1.5;" alt="image" /><img src="http://www.infol.com.cn/data/upload/shop/store/goods/7/7_04767051767070084_1280.jpg" style="line-height:1.5;" alt="image" /><img src="http://www.infol.com.cn/data/upload/shop/store/goods/7/7_04767052050255983_1280.jpg" style="line-height:1.5;" alt="image" /><img src="http://www.infol.com.cn/data/upload/shop/store/goods/7/7_04767052522153165_1280.jpg" style="line-height:1.5;" alt="image" /><img src="http://www.infol.com.cn/data/upload/shop/store/goods/7/7_04767052765488210_1280.jpg" style="line-height:1.5;" alt="image" /><img src="http://www.infol.com.cn/data/upload/shop/store/goods/7/7_04767053190852338_1280.jpg" style="line-height:1.5;" alt="image" /><img src="http://www.infol.com.cn/data/upload/shop/store/goods/7/7_04767053338895081_1280.jpg" style="line-height:1.5;" alt="image" /><span style="line-height:1.5;"></span> \r\n</div>', 1, NULL, 1, NULL, 0, 1423362215, 0, '', '18.80', '20.00', '0.00', 94, '', 11, '500g', 1, '5.00', 0, 17, 268, ',0,', 0, 0, 0, 0);
INSERT INTO `cor_goods_common` (`goods_commonid`, `goods_name`, `goods_jingle`, `gc_id`, `gc_name`, `store_id`, `store_name`, `spec_name`, `spec_value`, `brand_id`, `brand_name`, `type_id`, `goods_image`, `goods_attr`, `goods_body`, `goods_state`, `goods_stateremark`, `goods_verify`, `goods_verifyremark`, `goods_lock`, `goods_addtime`, `goods_selltime`, `goods_specname`, `goods_price`, `goods_marketprice`, `goods_costprice`, `goods_discount`, `goods_serial`, `transport_id`, `transport_title`, `goods_commend`, `goods_freight`, `goods_vat`, `areaid_1`, `areaid_2`, `goods_stcids`, `plateid_top`, `plateid_bottom`, `is_gift`, `gift_points`) VALUES
(100205, '小陆干果  美国开心果 坚果炒货休闲零食特产 原色无漂白  500g', '县城内免费送货上门，乡镇购满5斤送货上门', 617, '食品饮料 &gt;休闲食品 &gt;坚果炒货', 7, '小陆干果', 'N;', 'N;', 0, '', 40, '7_04768793081202974.jpg', 'N;', '<div style="text-align:center;">\r\n	<img src="http://www.infol.com.cn/data/upload/shop/store/goods/7/7_04768793569627416_1280.jpg" style="line-height:1.5;" alt="image" /><img src="http://www.infol.com.cn/data/upload/shop/store/goods/7/7_04768793798212486_1280.jpg" style="line-height:1.5;" alt="image" /><img src="http://www.infol.com.cn/data/upload/shop/store/goods/7/7_04768795029909244_1280.jpg" style="line-height:1.5;" alt="image" /><img src="http://www.infol.com.cn/data/upload/shop/store/goods/7/7_04768795270310202_1280.jpg" style="line-height:1.5;" alt="image" /><img src="http://www.infol.com.cn/data/upload/shop/store/goods/7/7_04768795458720625_1280.jpg" style="line-height:1.5;" alt="image" /><img src="http://www.infol.com.cn/data/upload/shop/store/goods/7/7_04768798045985951_1280.jpg" style="line-height:1.5;" alt="image" /><img src="http://www.infol.com.cn/data/upload/shop/store/goods/7/7_04768798225122942_1280.jpg" style="line-height:1.5;" alt="image" /><img src="http://www.infol.com.cn/data/upload/shop/store/goods/7/7_04768798439059718_1280.jpg" style="line-height:1.5;" alt="image" /><span style="line-height:1.5;"></span>\r\n</div>', 1, NULL, 1, NULL, 0, 1423535921, 0, '', '48.00', '55.00', '0.00', 87, '', 11, '500g', 1, '5.00', 0, 17, 268, ',0,', 0, 0, 0, 0),
(100206, '小陆干果  伊朗特级开心果  坚果炒货休闲零食特产  500g', '县城内免费送货上门，乡镇购满5斤送货上门', 617, '食品饮料 &gt;休闲食品 &gt;坚果炒货', 7, '小陆干果', 'N;', 'N;', 0, '', 40, '7_04782621217659905.png', 'N;', '<div style="text-align:center;">\r\n	<img src="http://www.infol.com.cn/data/upload/shop/store/goods/7/7_04782624643326553_1280.jpg" style="line-height:1.5;" alt="image" /><img src="http://www.infol.com.cn/data/upload/shop/store/goods/7/7_04782624854672850_1280.png" style="line-height:1.5;" alt="image" /><img src="http://www.infol.com.cn/data/upload/shop/store/goods/7/7_04782625052756324_1280.jpg" style="line-height:1.5;" alt="image" /><img src="http://www.infol.com.cn/data/upload/shop/store/goods/7/7_04782625449097837_1280.png" style="line-height:1.5;" alt="image" /><img src="http://www.infol.com.cn/data/upload/shop/store/goods/7/7_04782625830184896_1280.png" style="line-height:1.5;" alt="image" /><img src="http://www.infol.com.cn/data/upload/shop/store/goods/7/7_04782626114655547_1280.png" style="line-height:1.5;" alt="image" /><span style="line-height:1.5;"></span>\r\n</div>', 1, NULL, 1, NULL, 0, 1424919413, 0, '', '48.00', '55.00', '0.00', 87, '', 11, '500g', 1, '5.00', 0, 0, 0, ',0,', 0, 0, 0, 0);

-- --------------------------------------------------------

--
-- 表的结构 `cor_goods_images`
--

CREATE TABLE IF NOT EXISTS `cor_goods_images` (
  `goods_image_id` int(10) unsigned NOT NULL AUTO_INCREMENT COMMENT '商品图片id',
  `goods_commonid` int(10) unsigned NOT NULL COMMENT '商品公共内容id',
  `store_id` int(10) unsigned NOT NULL COMMENT '店铺id',
  `color_id` int(10) unsigned NOT NULL COMMENT '颜色规格值id',
  `goods_image` varchar(1000) NOT NULL COMMENT '商品图片',
  `goods_image_sort` tinyint(3) unsigned NOT NULL COMMENT '排序',
  `is_default` tinyint(3) unsigned NOT NULL DEFAULT '0' COMMENT '默认主题，1是，0否',
  PRIMARY KEY (`goods_image_id`)
) ENGINE=InnoDB  DEFAULT CHARSET=utf8 COMMENT='商品图片' AUTO_INCREMENT=919 ;

--
-- 转存表中的数据 `cor_goods_images`
--

INSERT INTO `cor_goods_images` (`goods_image_id`, `goods_commonid`, `store_id`, `color_id`, `goods_image`, `goods_image_sort`, `is_default`) VALUES
(11, 1, 2, 218, '2_04415409366497470.jpg', 0, 1),
(12, 1, 2, 217, '2_04415409493015985.jpg', 0, 1),
(13, 1, 2, 216, '2_04415409635635215.jpg', 0, 1),
(14, 1, 2, 215, '2_04415409825356607.jpg', 0, 1),
(15, 1, 2, 214, '2_04415410065557070.jpg', 0, 1),
(654, 100126, 2, 0, '2_04716035155654501.jpg', 0, 0),
(655, 100126, 2, 0, '2_04716047714682549.jpg', 0, 0),
(656, 100126, 2, 0, '2_04716037104065922.jpg', 0, 0),
(661, 100127, 2, 0, '2_04716062823472721.jpg', 0, 0),
(662, 100127, 2, 0, '2_04716712199605452.jpg', 0, 1),
(663, 100127, 2, 0, '2_04716712219861860.jpg', 0, 0),
(664, 100128, 2, 0, '2_04716885573792328.jpg', 0, 1),
(665, 100128, 2, 0, '2_04716884665199493.jpg', 0, 0),
(670, 100129, 2, 0, '2_04716941255280453.jpg', 0, 1),
(671, 100129, 2, 0, '2_04716952123991054.jpg', 0, 0),
(672, 100129, 2, 0, '2_04716952425847599.jpg', 0, 0),
(675, 100132, 2, 0, '2_04717594599518715.jpg', 0, 1),
(676, 100132, 2, 0, '2_04717596396092270.jpg', 0, 0),
(677, 100132, 2, 0, '2_04717596455420241.jpg', 0, 0),
(678, 100133, 2, 0, '2_04717687082348757.jpg', 0, 1),
(679, 100133, 2, 0, '2_04717690206421862.jpg', 0, 0),
(680, 100133, 2, 0, '2_04717690179895244.jpg', 0, 0),
(681, 100133, 2, 0, '2_04717690241410212.jpg', 0, 0),
(682, 100131, 1, 0, '1_04717532854881608.jpg', 0, 0),
(683, 100131, 1, 0, '1_04717713037274162.jpg', 0, 0),
(684, 100131, 1, 0, '1_04717712539271406.jpg', 0, 1),
(685, 100134, 1, 0, '1_04717742220761218.jpg', 0, 1),
(686, 100134, 1, 0, '1_04717744780052110.jpg', 0, 0),
(687, 100134, 1, 0, '1_04717744872210702.jpg', 0, 0),
(688, 100134, 1, 0, '1_04717744962863520.jpg', 0, 0),
(692, 100135, 2, 0, '2_04717747665122619.jpg', 0, 0),
(693, 100135, 2, 0, '2_04717747680427102.jpg', 0, 0),
(694, 100135, 2, 0, '2_04717747609801103.jpg', 0, 0),
(695, 100135, 2, 0, '2_04717753121684596.jpg', 0, 1),
(696, 100130, 1, 0, '1_04717754051864205.jpg', 0, 1),
(697, 100130, 1, 0, '1_04717754141113084.jpg', 0, 0),
(698, 100130, 1, 0, '1_04717754238774695.jpg', 0, 0),
(699, 100130, 1, 0, '1_04717754354388076.jpg', 0, 0),
(700, 100136, 1, 0, '1_04717785723829778.jpg', 0, 1),
(701, 100136, 1, 0, '1_04717787386051006.jpg', 0, 0),
(702, 100136, 1, 0, '1_04717787547520766.jpg', 0, 0),
(703, 100136, 1, 0, '1_04717787739146925.jpg', 0, 0),
(704, 100136, 1, 0, '1_04717787944646762.jpg', 0, 0),
(705, 100137, 1, 0, '1_04718403423957289.jpg', 0, 1),
(706, 100137, 1, 0, '1_04718405806518664.jpg', 0, 0),
(707, 100137, 1, 0, '1_04718405920300529.jpg', 0, 0),
(708, 100138, 1, 0, '1_04718409568576789.jpg', 0, 1),
(709, 100138, 1, 0, '1_04718411606299527.jpg', 0, 0),
(710, 100138, 1, 0, '1_04718411703892305.jpg', 0, 0),
(711, 100139, 2, 0, '2_04718453411337053.jpg', 0, 1),
(712, 100139, 2, 0, '2_04718552102779609.jpg', 0, 0),
(713, 100139, 2, 0, '2_04718551563606191.jpg', 0, 0),
(714, 100139, 2, 0, '2_04718551584853009.jpg', 0, 0),
(715, 100140, 2, 0, '2_04719526935878416.jpg', 0, 1),
(720, 100141, 2, 0, '2_04725625289480897.jpg', 0, 1),
(721, 100141, 2, 0, '2_04725630524981355.png', 0, 0),
(722, 100141, 2, 0, '2_04725630501211226.png', 0, 0),
(723, 100141, 2, 0, '2_04725630414983086.png', 0, 0),
(729, 100143, 4, 0, '4_04725859421403860.jpg', 0, 0),
(730, 100143, 4, 0, '4_04725859659515960.jpg', 0, 0),
(731, 100143, 4, 0, '4_04725859875569693.jpg', 0, 0),
(732, 100144, 4, 0, '4_04725867612571094.jpg', 0, 1),
(733, 100145, 4, 0, '4_04725902858825749.jpg', 0, 1),
(734, 100145, 4, 0, '4_04725904166551235.jpg', 0, 0),
(735, 100145, 4, 0, '4_04725904327900430.jpg', 0, 0),
(736, 100146, 4, 0, '4_04725910891992703.jpg', 0, 1),
(737, 100146, 4, 0, '4_04725911008665214.jpg', 0, 0),
(738, 100147, 4, 0, '4_04725923700167776.jpg', 0, 1),
(739, 100147, 4, 0, '4_04725956463057577.jpg', 0, 0),
(740, 100147, 4, 0, '4_04725931770886235.jpg', 0, 0),
(741, 100148, 4, 0, '4_04725986704419231.jpg', 0, 1),
(742, 100148, 4, 0, '4_04725987530173189.jpg', 0, 0),
(743, 100148, 4, 0, '4_04725988354200634.jpg', 0, 0),
(744, 100149, 4, 0, '4_04725998138637540.jpg', 0, 1),
(745, 100149, 4, 0, '4_04725998911828349.jpg', 0, 0),
(746, 100150, 4, 0, '4_04726004013767654.jpg', 0, 1),
(747, 100150, 4, 0, '4_04726004384472023.jpg', 0, 0),
(748, 100151, 4, 0, '4_04726761099782053.jpg', 0, 1),
(749, 100151, 4, 0, '4_04726761225502210.jpg', 0, 0),
(750, 100152, 4, 0, '4_04726764769854776.jpg', 0, 1),
(751, 100152, 4, 0, '4_04726764904657947.jpg', 0, 0),
(752, 100152, 4, 0, '4_04726765113816720.jpg', 0, 0),
(753, 100153, 4, 0, '4_04726771211523314.jpg', 0, 1),
(754, 100153, 4, 0, '4_04726771343334809.jpg', 0, 0),
(755, 100154, 4, 0, '4_04726775059284332.jpg', 0, 1),
(756, 100155, 1, 0, '1_04728428330651916.jpg', 0, 1),
(757, 100155, 1, 0, '1_04728432220391544.jpg', 0, 0),
(758, 100155, 1, 0, '1_04728432375132055.jpg', 0, 0),
(759, 100142, 1, 0, '1_04729037901755028.jpg', 0, 0),
(760, 100142, 1, 0, '1_04729037734656679.jpg', 0, 0),
(761, 100156, 1, 0, '1_04729051678861049.jpg', 0, 1),
(762, 100156, 1, 0, '1_04729051818369732.jpg', 0, 0),
(763, 100157, 1, 0, '1_04730110959754239.jpg', 0, 1),
(764, 100157, 1, 0, '1_04730111101457969.jpg', 0, 0),
(765, 100158, 1, 0, '1_04742053355689344.jpg', 0, 1),
(766, 100158, 1, 0, '1_04742057138815589.jpg', 0, 0),
(767, 100158, 1, 0, '1_04742057287799053.jpg', 0, 0),
(768, 100158, 1, 0, '1_04742057391855175.jpg', 0, 0),
(770, 100160, 1, 0, '1_04743692904458264.jpg', 0, 1),
(771, 100161, 1, 0, '1_04744533571253527.jpg', 0, 1),
(772, 100162, 1, 0, '1_04744570209907221.jpg', 0, 1),
(773, 100162, 1, 0, '1_04744570378071881.jpg', 0, 0),
(774, 100162, 1, 0, '1_04744570547303511.jpg', 0, 0),
(775, 100163, 1, 0, '1_04744623179911343.jpg', 0, 1),
(776, 100163, 1, 0, '1_04744623409831236.jpg', 0, 0),
(777, 100164, 1, 0, '1_04744637575441316.jpg', 0, 1),
(778, 100165, 1, 0, '1_04744739193525265.jpg', 0, 1),
(779, 100166, 1, 0, '1_04744850039105365.jpg', 0, 1),
(780, 100167, 5, 0, '5_04753299127051713.jpg', 0, 1),
(781, 100167, 5, 0, '5_04753322717282630.jpg', 0, 0),
(782, 100167, 5, 0, '5_04753319625781031.jpg', 0, 0),
(783, 100168, 5, 0, '5_04753326999101409.jpg', 0, 1),
(784, 100168, 5, 0, '5_04753327459232537.jpg', 0, 0),
(785, 100168, 5, 0, '5_04753327937753895.jpg', 0, 0),
(786, 100168, 5, 0, '5_04753328363343809.jpg', 0, 0),
(787, 100169, 5, 0, '5_04753343582064469.jpg', 0, 1),
(788, 100169, 5, 0, '5_04753344556032352.jpg', 0, 0),
(789, 100170, 5, 0, '5_04753355206009665.jpg', 0, 1),
(790, 100170, 5, 0, '5_04753355380429418.jpg', 0, 0),
(791, 100170, 5, 0, '5_04753355556916885.jpg', 0, 0),
(792, 100170, 5, 0, '5_04753355710019443.jpg', 0, 0),
(793, 100171, 5, 0, '5_04753335192659517.jpg', 0, 1),
(794, 100171, 5, 0, '5_04753335723495754.jpg', 0, 0),
(795, 100171, 5, 0, '5_04753335901224642.jpg', 0, 0),
(796, 100171, 5, 0, '5_04753336045619181.jpg', 0, 0),
(797, 100171, 5, 0, '5_04753336195285590.jpg', 0, 0),
(798, 100172, 5, 0, '5_04753348092587823.jpg', 0, 1),
(799, 100172, 5, 0, '5_04753348297003768.jpg', 0, 0),
(800, 100172, 5, 0, '5_04753348479514504.jpg', 0, 0),
(801, 100172, 5, 0, '5_04753348658735434.jpg', 0, 0),
(802, 100173, 5, 0, '5_04753358539184817.jpg', 0, 1),
(803, 100173, 5, 0, '5_04753358693005486.jpg', 0, 0),
(804, 100173, 5, 0, '5_04753358922771448.jpg', 0, 0),
(805, 100173, 5, 0, '5_04753359071836700.jpg', 0, 0),
(806, 100173, 5, 0, '5_04753359216013865.jpg', 0, 0),
(807, 100174, 5, 0, '5_04753351520795463.jpg', 0, 1),
(808, 100174, 5, 0, '5_04753351894853781.jpg', 0, 0),
(809, 100174, 5, 0, '5_04753352053335287.jpg', 0, 0),
(810, 100174, 5, 0, '5_04753352244355197.jpg', 0, 0),
(811, 100174, 5, 0, '5_04753352398304081.jpg', 0, 0),
(812, 100175, 1, 0, '1_04754074268964456.jpg', 0, 1),
(813, 100175, 1, 0, '1_04754074427152936.jpg', 0, 0),
(814, 100175, 1, 0, '1_04754074576029417.jpg', 0, 0),
(815, 100176, 1, 0, '1_04754113111485383.jpg', 0, 1),
(816, 100176, 1, 0, '1_04754113277019783.jpg', 0, 0),
(817, 100176, 1, 0, '1_04754113563242792.jpg', 0, 0),
(820, 100177, 1, 0, '1_04754122692989727.jpg', 0, 0),
(821, 100177, 1, 0, '1_04754123035459069.jpg', 0, 1),
(822, 100178, 6, 0, '6_04757743808310335.jpg', 0, 1),
(823, 100178, 6, 0, '6_04757748674786695.jpg', 0, 0),
(824, 100178, 6, 0, '6_04757745896418535.jpg', 0, 0),
(825, 100179, 6, 0, '6_04758385513936033.jpg', 0, 1),
(826, 100179, 6, 0, '6_04758386181848331.jpg', 0, 0),
(827, 100179, 6, 0, '6_04758386317620806.jpg', 0, 0),
(828, 100180, 6, 0, '6_04758392232773649.jpg', 0, 1),
(829, 100180, 6, 0, '6_04758395111459080.jpg', 0, 0),
(830, 100180, 6, 0, '6_04758395247608131.jpg', 0, 0),
(831, 100180, 6, 0, '6_04758395392949273.jpg', 0, 0),
(832, 100181, 6, 0, '6_04758403729888459.jpg', 0, 1),
(833, 100181, 6, 0, '6_04758403862187660.jpg', 0, 0),
(834, 100181, 6, 0, '6_04758404134612016.jpg', 0, 0),
(835, 100181, 6, 0, '6_04758404003529453.jpg', 0, 0),
(836, 100182, 6, 0, '6_04758409768924187.jpg', 0, 1),
(837, 100182, 6, 0, '6_04758410263517944.jpg', 0, 0),
(838, 100182, 6, 0, '6_04758410399489235.jpg', 0, 0),
(839, 100182, 6, 0, '6_04758410645018950.jpg', 0, 0),
(840, 100182, 6, 0, '6_04758410791822556.jpg', 0, 0),
(841, 100183, 7, 0, '7_04762076211032731.jpg', 0, 1),
(842, 100183, 7, 0, '7_04762076469288760.jpg', 0, 0),
(843, 100183, 7, 0, '7_04762076616864563.jpg', 0, 0),
(844, 100183, 7, 0, '7_04762076798234071.jpg', 0, 0),
(845, 100184, 7, 0, '7_04762089977572360.jpg', 0, 1),
(846, 100184, 7, 0, '7_04762090517117089.jpg', 0, 0),
(847, 100184, 7, 0, '7_04762091130928112.jpg', 0, 0),
(848, 100184, 7, 0, '7_04762091681122448.jpg', 0, 0),
(849, 100185, 7, 0, '7_04762098186807676.jpg', 0, 1),
(850, 100185, 7, 0, '7_04762098781947634.jpg', 0, 0),
(851, 100185, 7, 0, '7_04762099909776901.jpg', 0, 0),
(852, 100185, 7, 0, '7_04762100585068568.jpg', 0, 0),
(853, 100186, 7, 0, '7_04762717111974071.jpg', 0, 1),
(854, 100186, 7, 0, '7_04762717918026827.jpg', 0, 0),
(855, 100186, 7, 0, '7_04762718162918415.jpg', 0, 0),
(856, 100186, 7, 0, '7_04762718307289884.jpg', 0, 0),
(857, 100187, 7, 0, '7_04762901484783281.jpg', 0, 1),
(858, 100187, 7, 0, '7_04762901868328141.jpg', 0, 0),
(859, 100187, 7, 0, '7_04762902351862311.jpg', 0, 0),
(860, 100187, 7, 0, '7_04762902861740557.jpg', 0, 0),
(861, 100188, 7, 0, '7_04762963544782948.jpg', 0, 1),
(862, 100188, 7, 0, '7_04762963886898116.jpg', 0, 0),
(863, 100188, 7, 0, '7_04762964570252452.jpg', 0, 0),
(864, 100189, 7, 0, '7_04763618050273058.jpg', 0, 1),
(865, 100189, 7, 0, '7_04763618719605742.jpg', 0, 0),
(866, 100189, 7, 0, '7_04763618995249012.jpg', 0, 0),
(867, 100189, 7, 0, '7_04763619205830512.jpg', 0, 0),
(868, 100189, 7, 0, '7_04763619407623090.jpg', 0, 0),
(869, 100190, 7, 0, '7_04763797018156347.jpg', 0, 1),
(870, 100190, 7, 0, '7_04763797183768521.jpg', 0, 0),
(871, 100190, 7, 0, '7_04763797328340412.jpg', 0, 0),
(872, 100190, 7, 0, '7_04763797479993669.jpg', 0, 0),
(873, 100191, 7, 0, '7_04763873434107311.jpg', 0, 1),
(874, 100191, 7, 0, '7_04763874352865236.jpg', 0, 0),
(875, 100191, 7, 0, '7_04763874564823243.jpg', 0, 0),
(876, 100191, 7, 0, '7_04763874695297245.jpg', 0, 0),
(877, 100192, 7, 0, '7_04764639517072376.jpg', 0, 1),
(878, 100192, 7, 0, '7_04764639675315631.jpg', 0, 0),
(879, 100192, 7, 0, '7_04764639824901604.jpg', 0, 0),
(883, 100194, 7, 0, '7_04764810404288061.jpg', 0, 1),
(884, 100194, 7, 0, '7_04764811050426707.jpg', 0, 0),
(885, 100194, 7, 0, '7_04764811846634145.jpg', 0, 0),
(886, 100197, 7, 0, '7_04765310723591147.jpg', 0, 1),
(887, 100197, 7, 0, '7_04765311007117339.jpg', 0, 0),
(888, 100197, 7, 0, '7_04765311463085154.jpg', 0, 0),
(889, 100198, 7, 0, '7_04765364264366005.jpg', 0, 1),
(890, 100198, 7, 0, '7_04765365207991068.jpg', 0, 0),
(891, 100198, 7, 0, '7_04765365369725964.jpg', 0, 0),
(892, 100199, 7, 0, '7_04765670395316113.jpg', 0, 1),
(893, 100199, 7, 0, '7_04765670767668480.jpg', 0, 0),
(894, 100199, 7, 0, '7_04765671406874492.jpg', 0, 0),
(895, 100199, 7, 0, '7_04765671665159341.jpg', 0, 0),
(896, 100200, 7, 0, '7_04766332981154795.jpg', 0, 1),
(897, 100200, 7, 0, '7_04766336601903698.jpg', 0, 0),
(898, 100200, 7, 0, '7_04766336870576551.jpg', 0, 0),
(899, 100200, 7, 0, '7_04766337152158819.jpg', 0, 0),
(900, 100201, 7, 0, '7_04767049984711580.jpg', 0, 1),
(901, 100201, 7, 0, '7_04767050338842737.jpg', 0, 0),
(902, 100201, 7, 0, '7_04767050486598289.jpg', 0, 0),
(903, 100202, 7, 0, '7_04767053975470332.jpg', 0, 1),
(904, 100202, 7, 0, '7_04767054150421853.jpg', 0, 0),
(905, 100202, 7, 0, '7_04767054524872656.jpg', 0, 0),
(906, 100203, 7, 0, '7_04767055844562922.jpg', 0, 1),
(907, 100203, 7, 0, '7_04767056032621510.jpg', 0, 0),
(908, 100203, 7, 0, '7_04767056380041150.jpg', 0, 0),
(909, 100204, 7, 0, '7_04767056934315317.jpg', 0, 1),
(910, 100204, 7, 0, '7_04767057081151549.jpg', 0, 0),
(911, 100204, 7, 0, '7_04767057333068420.jpg', 0, 0),
(912, 100205, 7, 0, '7_04768793081202974.jpg', 0, 1),
(913, 100205, 7, 0, '7_04768793255105685.jpg', 0, 0),
(914, 100205, 7, 0, '7_04768793383756677.jpg', 0, 0),
(915, 100206, 7, 0, '7_04782621217659905.png', 0, 1),
(916, 100206, 7, 0, '7_04782623843080562.jpg', 0, 0),
(917, 100206, 7, 0, '7_04782621470266108.png', 0, 0);

-- --------------------------------------------------------

--
-- 表的结构 `cor_groupbuy`
--

CREATE TABLE IF NOT EXISTS `cor_groupbuy` (
  `groupbuy_id` int(10) unsigned NOT NULL AUTO_INCREMENT COMMENT '团购ID',
  `groupbuy_name` varchar(255) NOT NULL COMMENT '活动名称',
  `start_time` int(10) unsigned NOT NULL DEFAULT '0' COMMENT '开始时间',
  `end_time` int(10) unsigned NOT NULL DEFAULT '0' COMMENT '结束时间',
  `goods_id` int(10) unsigned NOT NULL DEFAULT '0' COMMENT '商品ID',
  `goods_commonid` int(10) unsigned NOT NULL COMMENT '商品公共表ID',
  `goods_name` varchar(200) NOT NULL COMMENT '商品名称',
  `store_id` int(10) unsigned NOT NULL DEFAULT '0' COMMENT '店铺ID',
  `store_name` varchar(50) NOT NULL COMMENT '店铺名称',
  `goods_price` decimal(10,2) NOT NULL COMMENT '商品原价',
  `groupbuy_price` decimal(10,2) NOT NULL COMMENT '团购价格',
  `groupbuy_rebate` decimal(10,2) NOT NULL COMMENT '折扣',
  `virtual_quantity` int(10) unsigned NOT NULL COMMENT '虚拟购买数量',
  `upper_limit` int(10) unsigned NOT NULL DEFAULT '0' COMMENT '购买上限',
  `buyer_count` int(10) unsigned NOT NULL DEFAULT '0' COMMENT '已购买人数',
  `buy_quantity` int(10) unsigned NOT NULL DEFAULT '0' COMMENT '购买数量',
  `groupbuy_intro` text COMMENT '本团介绍',
  `state` tinyint(1) unsigned NOT NULL DEFAULT '0' COMMENT '团购状态 1.未发布 2.已取消 3.进行中 4.已完成 5.已结束',
  `recommended` tinyint(1) unsigned NOT NULL COMMENT '是否推荐 0.未推荐 1.已推荐',
  `views` int(10) unsigned NOT NULL DEFAULT '0' COMMENT '查看次数',
  `class_id` int(10) unsigned NOT NULL COMMENT '团购类别编号',
  `area_id` int(10) unsigned NOT NULL COMMENT '团购地区编号',
  `groupbuy_image` varchar(100) NOT NULL COMMENT '团购图片',
  `groupbuy_image1` varchar(100) DEFAULT NULL COMMENT '团购图片1',
  `remark` varchar(255) NOT NULL COMMENT '备注',
  PRIMARY KEY (`groupbuy_id`)
) ENGINE=InnoDB DEFAULT CHARSET=utf8 COMMENT='团购商品表' AUTO_INCREMENT=1 ;

-- --------------------------------------------------------

--
-- 表的结构 `cor_groupbuy_area`
--

CREATE TABLE IF NOT EXISTS `cor_groupbuy_area` (
  `area_id` int(10) unsigned NOT NULL AUTO_INCREMENT COMMENT '地区编号',
  `area_name` varchar(50) NOT NULL COMMENT '地区名称',
  `area_parent_id` int(10) unsigned NOT NULL COMMENT '父地区编号',
  `area_sort` tinyint(1) unsigned NOT NULL COMMENT '排序',
  `area_deep` tinyint(1) unsigned NOT NULL COMMENT '深度',
  PRIMARY KEY (`area_id`)
) ENGINE=InnoDB DEFAULT CHARSET=utf8 COMMENT='团购地区表' AUTO_INCREMENT=1 ;

-- --------------------------------------------------------

--
-- 表的结构 `cor_groupbuy_class`
--

CREATE TABLE IF NOT EXISTS `cor_groupbuy_class` (
  `class_id` int(10) unsigned NOT NULL AUTO_INCREMENT COMMENT '类别编号',
  `class_name` varchar(20) NOT NULL COMMENT '类别名称',
  `class_parent_id` int(10) unsigned NOT NULL COMMENT '父类别编号',
  `sort` tinyint(1) unsigned NOT NULL COMMENT '排序',
  `deep` tinyint(1) unsigned NOT NULL COMMENT '深度',
  PRIMARY KEY (`class_id`)
) ENGINE=InnoDB  DEFAULT CHARSET=utf8 COMMENT='团购类别表' AUTO_INCREMENT=3 ;

--
-- 转存表中的数据 `cor_groupbuy_class`
--

INSERT INTO `cor_groupbuy_class` (`class_id`, `class_name`, `class_parent_id`, `sort`, `deep`) VALUES
(1, '生鲜食品', 0, 0, 0),
(2, '本地生活', 0, 0, 0);

-- --------------------------------------------------------

--
-- 表的结构 `cor_groupbuy_price_range`
--

CREATE TABLE IF NOT EXISTS `cor_groupbuy_price_range` (
  `range_id` int(10) unsigned NOT NULL AUTO_INCREMENT COMMENT '价格区间编号',
  `range_name` varchar(20) NOT NULL COMMENT '区间名称',
  `range_start` int(10) unsigned NOT NULL COMMENT '区间下限',
  `range_end` int(10) unsigned NOT NULL COMMENT '区间上限',
  PRIMARY KEY (`range_id`)
) ENGINE=InnoDB DEFAULT CHARSET=utf8 COMMENT='团购价格区间表' AUTO_INCREMENT=1 ;

-- --------------------------------------------------------

--
-- 表的结构 `cor_groupbuy_quota`
--

CREATE TABLE IF NOT EXISTS `cor_groupbuy_quota` (
  `quota_id` int(10) unsigned NOT NULL AUTO_INCREMENT COMMENT '团购套餐编号',
  `member_id` int(10) unsigned NOT NULL COMMENT '用户编号',
  `store_id` int(10) unsigned NOT NULL COMMENT '店铺编号',
  `member_name` varchar(50) NOT NULL COMMENT '用户名',
  `store_name` varchar(50) NOT NULL COMMENT '店铺名称',
  `start_time` int(10) unsigned NOT NULL COMMENT '套餐开始时间',
  `end_time` int(10) unsigned NOT NULL COMMENT '套餐结束时间',
  PRIMARY KEY (`quota_id`)
) ENGINE=InnoDB  DEFAULT CHARSET=utf8 COMMENT='团购套餐表' AUTO_INCREMENT=8 ;

--
-- 转存表中的数据 `cor_groupbuy_quota`
--

INSERT INTO `cor_groupbuy_quota` (`quota_id`, `member_id`, `store_id`, `member_name`, `store_name`, `start_time`, `end_time`) VALUES
(5, 1, 1, 'corshop', '官方店铺', 4294967295, 4294967295),
(6, 1, 1, 'corshop', '官方店铺', 4294967295, 4294967295),
(7, 4, 2, 'tcdq', '大琪广告印务', 1417267750, 1419859750);

-- --------------------------------------------------------

--
-- 表的结构 `cor_inform`
--

CREATE TABLE IF NOT EXISTS `cor_inform` (
  `inform_id` int(11) NOT NULL AUTO_INCREMENT COMMENT '举报id',
  `inform_member_id` int(11) NOT NULL COMMENT '举报人id',
  `inform_member_name` varchar(50) NOT NULL COMMENT '举报人会员名',
  `inform_goods_id` int(11) NOT NULL COMMENT '被举报的商品id',
  `inform_goods_name` varchar(100) NOT NULL COMMENT '被举报的商品名称',
  `inform_subject_id` int(11) NOT NULL COMMENT '举报主题id',
  `inform_subject_content` varchar(50) NOT NULL COMMENT '举报主题',
  `inform_content` varchar(100) NOT NULL COMMENT '举报信息',
  `inform_pic1` varchar(100) NOT NULL COMMENT '图片1',
  `inform_pic2` varchar(100) NOT NULL COMMENT '图片2',
  `inform_pic3` varchar(100) NOT NULL COMMENT '图片3',
  `inform_datetime` int(11) NOT NULL COMMENT '举报时间',
  `inform_store_id` int(11) NOT NULL COMMENT '被举报商品的店铺id',
  `inform_state` tinyint(4) NOT NULL COMMENT '举报状态(1未处理/2已处理)',
  `inform_handle_type` tinyint(4) NOT NULL COMMENT '举报处理结果(1无效举报/2恶意举报/3有效举报)',
  `inform_handle_message` varchar(100) NOT NULL COMMENT '举报处理信息',
  `inform_handle_datetime` int(11) NOT NULL DEFAULT '0' COMMENT '举报处理时间',
  `inform_handle_member_id` int(11) NOT NULL DEFAULT '0' COMMENT '管理员id',
  PRIMARY KEY (`inform_id`)
) ENGINE=InnoDB DEFAULT CHARSET=utf8 COMMENT='举报表' AUTO_INCREMENT=1 ;

-- --------------------------------------------------------

--
-- 表的结构 `cor_inform_subject`
--

CREATE TABLE IF NOT EXISTS `cor_inform_subject` (
  `inform_subject_id` int(11) NOT NULL AUTO_INCREMENT COMMENT '举报主题id',
  `inform_subject_content` varchar(100) NOT NULL COMMENT '举报主题内容',
  `inform_subject_type_id` int(11) NOT NULL COMMENT '举报类型id',
  `inform_subject_type_name` varchar(50) NOT NULL COMMENT '举报类型名称 ',
  `inform_subject_state` tinyint(11) NOT NULL COMMENT '举报主题状态(1可用/2失效)',
  PRIMARY KEY (`inform_subject_id`)
) ENGINE=InnoDB  DEFAULT CHARSET=utf8 COMMENT='举报主题表' AUTO_INCREMENT=6 ;

--
-- 转存表中的数据 `cor_inform_subject`
--

INSERT INTO `cor_inform_subject` (`inform_subject_id`, `inform_subject_content`, `inform_subject_type_id`, `inform_subject_type_name`, `inform_subject_state`) VALUES
(1, '管制刀具、弓弩类、其他武器等', 1, '出售禁售品', 1),
(2, '赌博用具类', 1, '出售禁售品', 1),
(3, '枪支弹药', 1, '出售禁售品', 1),
(4, '毒品及吸毒工具', 1, '出售禁售品', 1),
(5, '色差大，质量差。', 2, '产品质量问题', 1);

-- --------------------------------------------------------

--
-- 表的结构 `cor_inform_subject_type`
--

CREATE TABLE IF NOT EXISTS `cor_inform_subject_type` (
  `inform_type_id` int(11) NOT NULL AUTO_INCREMENT COMMENT '举报类型id',
  `inform_type_name` varchar(50) NOT NULL COMMENT '举报类型名称 ',
  `inform_type_desc` varchar(100) NOT NULL COMMENT '举报类型描述',
  `inform_type_state` tinyint(4) NOT NULL COMMENT '举报类型状态(1有效/2失效)',
  PRIMARY KEY (`inform_type_id`)
) ENGINE=InnoDB  DEFAULT CHARSET=utf8 COMMENT='举报类型表' AUTO_INCREMENT=3 ;

--
-- 转存表中的数据 `cor_inform_subject_type`
--

INSERT INTO `cor_inform_subject_type` (`inform_type_id`, `inform_type_name`, `inform_type_desc`, `inform_type_state`) VALUES
(1, '出售禁售品', '销售商城禁止和限制交易规则下所规定的所有商品。', 1),
(2, '产品质量问题', '产品质量差，与描述严重不相符。', 1);

-- --------------------------------------------------------

--
-- 表的结构 `cor_invoice`
--

CREATE TABLE IF NOT EXISTS `cor_invoice` (
  `inv_id` int(11) NOT NULL AUTO_INCREMENT COMMENT '索引id',
  `member_id` int(10) unsigned NOT NULL COMMENT '会员ID',
  `inv_state` enum('1','2') DEFAULT NULL COMMENT '1普通发票2增值税发票',
  `inv_title` varchar(50) DEFAULT '' COMMENT '发票抬头[普通发票]',
  `inv_content` varchar(10) DEFAULT '' COMMENT '发票内容[普通发票]',
  `inv_company` varchar(50) DEFAULT '' COMMENT '单位名称',
  `inv_code` varchar(50) DEFAULT '' COMMENT '纳税人识别号',
  `inv_reg_addr` varchar(50) DEFAULT '' COMMENT '注册地址',
  `inv_reg_phone` varchar(30) DEFAULT '' COMMENT '注册电话',
  `inv_reg_bname` varchar(30) DEFAULT '' COMMENT '开户银行',
  `inv_reg_baccount` varchar(30) DEFAULT '' COMMENT '银行帐户',
  `inv_rec_name` varchar(20) DEFAULT '' COMMENT '收票人姓名',
  `inv_rec_mobphone` varchar(15) DEFAULT '' COMMENT '收票人手机号',
  `inv_rec_province` varchar(30) DEFAULT '' COMMENT '收票人省份',
  `inv_goto_addr` varchar(50) DEFAULT '' COMMENT '送票地址',
  PRIMARY KEY (`inv_id`)
) ENGINE=InnoDB DEFAULT CHARSET=utf8 COMMENT='买家发票信息表' AUTO_INCREMENT=1 ;

-- --------------------------------------------------------

--
-- 表的结构 `cor_life_article`
--

CREATE TABLE IF NOT EXISTS `cor_life_article` (
  `article_id` int(11) NOT NULL AUTO_INCREMENT COMMENT '索引id',
  `ac_id` mediumint(8) unsigned NOT NULL DEFAULT '0' COMMENT '分类id',
  `article_url` varchar(100) DEFAULT NULL COMMENT '跳转链接',
  `article_show` tinyint(1) unsigned NOT NULL DEFAULT '1' COMMENT '是否显示，0为否，1为是，默认为1',
  `article_sort` tinyint(3) unsigned NOT NULL DEFAULT '255' COMMENT '排序',
  `article_title` varchar(100) DEFAULT NULL COMMENT '标题',
  `thumb` varchar(255) NOT NULL DEFAULT '',
  `article_content` text COMMENT '内容',
  `description` varchar(255) NOT NULL DEFAULT '',
  `click` int(10) unsigned NOT NULL DEFAULT '0',
  `source` varchar(255) NOT NULL DEFAULT '',
  `tag` varchar(255) NOT NULL DEFAULT '',
  `article_time` int(10) unsigned NOT NULL DEFAULT '0' COMMENT '发布时间',
  `is_head` tinyint(1) unsigned NOT NULL DEFAULT '0',
  `is_best` tinyint(1) unsigned NOT NULL DEFAULT '0',
  `is_hot` tinyint(1) unsigned NOT NULL DEFAULT '0',
  PRIMARY KEY (`article_id`),
  KEY `ac_id` (`ac_id`)
) ENGINE=InnoDB  DEFAULT CHARSET=utf8 COMMENT='文章表' AUTO_INCREMENT=128 ;

--
-- 转存表中的数据 `cor_life_article`
--

INSERT INTO `cor_life_article` (`article_id`, `ac_id`, `article_url`, `article_show`, `article_sort`, `article_title`, `thumb`, `article_content`, `description`, `click`, `source`, `tag`, `article_time`, `is_head`, `is_best`, `is_hot`) VALUES
(1, 3, '', 1, 255, '潮湿发霉难入眼 墙面问题补救方法', '04738752949622893_sm.jpg', '<p>\r\n	人们常说秋冬是装修的黄金季节，但是如果用的装修材料不过关，家里的墙面地面就会出现问题，一年四季，不管什么季节都要进行维修。今天小编就说说几个常见的墙面问题和解决方法。\r\n</p>\r\n<p>\r\n	　　墙面问题一：起泡\r\n</p>\r\n<p style="text-align:center;">\r\n	<img title="潮湿发霉难入眼 墙面问题补救方法" alt="潮湿发霉难入眼 墙面问题补救方法" src="http://img0.pchouse.com.cn/pchouse/1501/04/982696_chao-1.1.jpg" /> \r\n</p>\r\n<p>\r\n	　　有时候墙面会有一个个水泡状的突起，还会含有砂粒，稍微一碰就会掉落。引起墙面起泡的原因有涂料调配中添加颜料过多或混有杂物;漆桶、刷子、滚子或喷枪不干净;漆面完全干透之前，水分渗入漆内导致漆膜失去黏附性;涂刷墙面时未清理干净墙面等。\r\n</p>\r\n<p>\r\n	　　要想解决墙面起泡的问题，首先要避免在湿度大的季节或者天气进行涂刷，其次刷涂次数的时间间隔，必须等腻子或者漆膜干后涂下一层，而在油漆施工前清理施工环境，并清理干净涂刷物体。\r\n</p>\r\n<p style="text-align:center;">\r\n	<img title="潮湿发霉难入眼 墙面问题补救方法" alt="潮湿发霉难入眼 墙面问题补救方法" src="http://img0.pchouse.com.cn/pchouse/1501/04/982696_chao-1.2.jpg" /> \r\n</p>\r\n<p>\r\n	　　当墙面出现气泡时，首先应该铲除所有起泡、剥落部分，但如果是由于墙面基底的腻子所引起的问题，则就需要铲除腻子，并选择好合适的腻子重刮再做一次。局部性的墙面起泡可只做部分刮除，并将刮除部分的边缘磨平滑，然后上底漆，再重新涂刷一遍;如果是大面积的起泡则须全部刮除，等到墙面干透之时再进行施工。\r\n</p>\r\n<p>\r\n	<br />\r\n</p>\r\n<p>\r\n	　　墙面问题二：掉皮\r\n</p>\r\n<p style="text-align:center;">\r\n	<img title="潮湿发霉难入眼 墙面问题补救方法" alt="潮湿发霉难入眼 墙面问题补救方法" src="http://img0.pchouse.com.cn/pchouse/1501/04/982696_chao-2.1.jpg" /> \r\n</p>\r\n<p>\r\n	　　有时候装修才完成不久，墙面就出现了成块的腻子浮起、掉落的现象，主要的原因有施工工艺差，腻子、涂料附着性和收缩性能差等。\r\n</p>\r\n<p>\r\n	　　施工工艺的好坏需要专业的施工队伍和有经验的施工人员，这就提醒我们在找装修公司的时候一定要小心谨慎，不要贪图便宜。\r\n</p>\r\n<p style="text-align:center;">\r\n	<img title="潮湿发霉难入眼 墙面问题补救方法" alt="潮湿发霉难入眼 墙面问题补救方法" src="http://img0.pchouse.com.cn/pchouse/1501/04/982696_chao-2.2.jpg" /> \r\n</p>\r\n<p>\r\n	　　这一问题的解决需要对基层进行加固，将掉皮区域的墙面铲掉后，彻底清除墙面上的杂物，重新涂刷腻子和上漆。\r\n</p>\r\n<p>\r\n	　　内外墙适用的漆是有区别的。内墙乳胶漆对耐擦洗的性能要求高，家居生活中较易弄脏墙面，可随时用水擦拭。外墙漆能用于内墙涂刷使用是因为它也具有抗水性能，而内墙漆却不具备抗晒功能，所以不能用来涂刷外墙。\r\n</p>', ' 人们常说秋冬是装修的黄金季节，但是如果用的装修材料不过关，家里的墙面地面就会出现问题，一年四季，不管什么季节都要进行维修。今天小编就说说几个常见的墙面问题和解决方法。 墙面问题一：起泡 有时候墙面会有一个个水泡状的突起，还会含有砂粒，稍微一碰就会掉落。引起墙面起泡', 16, '', '', 1420363446, 1, 1, 0),
(2, 2, '', 1, 255, '春运我省开行123对始发临客 5趟临客提前至元旦首发', '', '<p style="vertical-align:baseline;">\r\n	　　记者从广铁集团获悉，各火车票代售点、火车站站内售票厅将于今日启动春运临客车票预订。\r\n</p>\r\n<p style="vertical-align:baseline;">\r\n	　　为了更加方便珠三角各地的外来工朋友合理安排出行日期和乘车站，昨日，广铁发布了广州站、广州东站、深圳东站等珠三角地区10大车站始发临客的具体对数和时间，共有123对始发临客供旅客选择，主要发往湖南、湖北、河南、四川、重庆、安徽和省内粤北方向。\r\n</p>\r\n<p style="vertical-align:baseline;">\r\n	　　记者了解到，春运期间，广州两大站将开行始发临客74对。其中，广州站将加开始发临客42对，同时，广州东站计划加开始发临客32对。此外，深圳境内深圳站（罗湖）、深圳东站（布吉）、深圳西站（南山）等3大火车站也将开行始发临客32对。\r\n</p>\r\n<p style="vertical-align:baseline;">\r\n	　　值得注意的是，为缓解部分长途方向春运客流压力，由广州站、深圳站始发至四川、河南、山东方向的5趟春运临客将提前至2014年1月1日起开行，车次分别为广州至信阳K2210次、广州至郑州L32次、广州至达州L736次、深圳至青岛K2020次、广州至成都L1264次。\r\n</p>\r\n<p style="vertical-align:baseline;">\r\n	　　由于1月16日春运开始后客流密集程度高，铁路部门建议，有往四川、河南、山东方向提前返乡需要的旅客可以及早预订上述车次。\r\n</p>\r\n<p style="vertical-align:baseline;">\r\n	　　此外，铁路部门还提醒广大旅客密切留意列车开行公告。如有疑问可拨打广铁集团客运服务热线12306，或登录中国铁路客户服务中心网站（www.12306.cn）、广铁集团公司官方网站（www.gzrailway.com.cn）查询。\r\n</p>\r\n<p style="vertical-align:baseline;">\r\n	　　小贴士\r\n</p>\r\n<p style="vertical-align:baseline;">\r\n	　　扫二维码获取临客车次信息\r\n</p>\r\n<p style="vertical-align:baseline;">\r\n	　　旅客购买春运车票时，可登录12306铁路购票网站，点击“新版售票”，然后在“车票查询”项中输入出发地和目的地，即可查询上述车站地临客的具体开行日期、沿途停靠站以及剩余票额的情况。\r\n</p>\r\n<p style="vertical-align:baseline;">\r\n	　　旅客如要获取以上春运临客车次的开行日期、具体时刻、到发站等更详细的信息，只需“扫一扫”广东地区10个火车站节前春运临时旅客列车开行二维码即可获知。\r\n</p>', ' 记者从广铁集团获悉，各火车票代售点、火车站站内售票厅将于今日启动春运临客车票预订。 为了更加方便珠三角各地的外来工朋友合理安排出行日期和乘车站，昨日，广铁发布了广州站、广州东站、深圳东站等珠三角地区10大车站始发临客的具体对数和时间，共有123对始发临客供旅客选', 3, '', '', 1420536623, 0, 0, 0),
(3, 2, '', 1, 255, '广东省政府办公厅通知：春节放假7天 1月31至2月6日', '', '　　根据国务院办公厅有关通知精神，今年春节放假调休时间为2014年1月31日至2月6日，共7天。1月26日（星期日）、2月8日（星期六）上班。不能停止生产和工作的单位放假办法，由其上级主管部门研究确定。', ' 根据国务院办公厅有关通知精神，今年春节放假调休时间为2014年1月31日至2月6日，共7天。1月26日（星期日）、2月8日（星期六）上班。不能停止生产和工作的单位放假办法，由其上级主管部门研究确定。', 8, '', '', 1420536733, 0, 0, 0),
(4, 2, '', 1, 255, '5日零时起高速及普通收费公路对小客车实行免费通行', '', '<p style="vertical-align:baseline;">\r\n	　　今日零时起，高速及普通收费公路对小客车实行为期三天的免费通行。昨晚，省交通集团监控中心有数据显示，包括沈海高速往海南方向、广深高速往广州方向、京珠高速往韶关方向等在内的省内多条高速线路车流量较大，现场交通缓慢。今日凌晨，记者在广州沙贝收费站看到，随着免费通行开始，车流有序快速通过收费站，交通拥堵状况得以缓解。\r\n</p>\r\n<p style="vertical-align:baseline;">\r\n	　　广深珠高速公路公司工作人员表示，清明期间广深高速日均出口车流量将达51万车次，与去年同期相比增3.85%。接近今日零时，沙贝收费站附近服务区停靠的车辆较多，很多车主一边休息一边等待免费通行的时间节点。零时一过，原本拥堵的收费站一下变得顺畅起来。省交通集团监控中心总体数据显示，主要高速路段车流量较大。\r\n</p>', ' 今日零时起，高速及普通收费公路对小客车实行为期三天的免费通行。昨晚，省交通集团监控中心有数据显示，包括沈海高速往海南方向、广深高速往广州方向、京珠高速往韶关方向等在内的省内多条高速线路车流量较大，现场交通缓慢。今日凌晨，记者在广州沙贝收费站看到，随着免费通行开', 14, '', '', 1420536759, 0, 0, 0),
(5, 2, '', 1, 255, '&quot;五一&quot;小长假北上高速最易堵车 预计车流量同比增10%', '', '<p style="vertical-align:baseline;">\r\n	　　今年五一小长假放假时间为5月1日至3日。笔者从省交通集团了解到，5月1日零时至5月3日24时期间，全省高速公路对7座以下（含7座）小型客车免收通行费。据预测，4月30日下午及5月1日上午全省将迎来车流高峰，返程车辆高峰预计将在5月3日出现，高峰时段将出现在09：30-13：30和15：30-19：30。广大司机和市民注意安排出行时间，理性错峰出行。\r\n</p>\r\n<p style="vertical-align:baseline;">\r\n	　　五一期间车流主要以返乡探亲、短途出游为主，一般来说省内的短途车辆居多，客运增长较为明显。由于社会经济发展、汽车保有量增加和免费通行政策的刺激，预计今年五一广东高速公路车流量将同比增长10%左右。\r\n</p>\r\n<p style="vertical-align:baseline;">\r\n	　　广清、惠河、广韶、京珠、深汕西等多条北上高速公路预计车流量较大，一旦发生交通事故容易造成交通缓慢甚至拥堵。\r\n</p>\r\n<p style="vertical-align:baseline;">\r\n	　　交通部门提醒广大车主及司乘人员，当发生交通事故或车流量较大时，将通过可变情报板、交通电台、广东高速通软件、广东高速公路路况直播与客户服务网（www.02096998.com）等平台，发布路面交通事故信息和分流信息。\r\n</p>', ' 今年五一小长假放假时间为5月1日至3日。笔者从省交通集团了解到，5月1日零时至5月3日24时期间，全省高速公路对7座以下（含7座）小型客车免收通行费。据预测，4月30日下午及5月1日上午全省将迎来车流高峰，返程车辆高峰预计将在5月3日出现，高峰时段将出现在09：30-13：30和15：30-19：30。广', 12, '', '', 1420536774, 0, 0, 0),
(6, 2, '', 1, 255, '年内出台救灾物资发放指引 救助金不再由乡镇村代发', '', '<p style="vertical-align:baseline;">\r\n	　　笔者9日获悉，为指导各地进一步规范救灾物资发放工作，省民政厅年内将制订出台《救灾物资发放工作指引》，确保物资发放规范、有序、高效。\r\n</p>\r\n<p style="vertical-align:baseline;">\r\n	　　目前广东地理环境和气候条件复杂，灾害种类多，自然灾害频发，洪涝、台风、干旱、风雹、地质灾害等在广东省每年都有发生。有省政协委员指出，面对日趋严峻的防灾抗灾形势，广东的抗灾应急能力仍然不强，组织社会救济工作相对较弱，对受灾严重的企业和经营户支持灾后复产工作有待加强，政府救灾救济拨款和使用透明度仍有提高空间。\r\n</p>\r\n<p style="vertical-align:baseline;">\r\n	　　对此，省民政厅在答复中表示，广东正在加快防灾救灾法律法规体系建设。目前，《广东省自然灾害生活救助资金社会化发放实施意见》已下发，意见明确规定，各级财政安排的自然灾害生活救助资金包括因灾倒塌住房恢复重建补助资金、过渡期生活救助资金、冬春生活救助资金等一律通过当地金融机构直接发放到受灾群众，不得再通过现金等其他方式发放或由乡镇、村代领代发，并明确规定了发放程序、发放时限、公开公示标准，确保补助资金发放公平公正、公开透明。\r\n</p>\r\n<p style="vertical-align:baseline;">\r\n	　　此外，省民政厅透露，广东正积极推进《广东省救灾条例》的制定工作，目前已进行立法调研、论证，已撰写《广东省救灾条例》草案稿，正公开向社会征求意见，修改完善后将提交省人大初审。\r\n</p>\r\n<p style="vertical-align:baseline;">\r\n	　　目前省民政厅选择了12个多灾易灾县（市）作为省级救灾物资前置点，调拨救灾帐篷1200顶、折叠床3600张、棉被12000床、解放鞋25070双、雨衣6087件、救生衣1000件、迷彩服898套充实到基层仓库，为及时应对新生自然灾害做准备。为提高救助时效，省民政厅还专门下发通知，要求各级民政部门及时补充救灾物资，对不易保存的食品类救灾物资与厂（商）签订代储协议，确保及时足量供应，并视本地灾情及时、有序发放救灾物资。\r\n</p>', ' 笔者9日获悉，为指导各地进一步规范救灾物资发放工作，省民政厅年内将制订出台《救灾物资发放工作指引》，确保物资发放规范、有序、高效。 目前广东地理环境和气候条件复杂，灾害种类多，自然灾害频发，洪涝、台风、干旱、风雹、地质灾害等在广东省每年都有发生。有省政协委员指出，', 12, '', '', 1420536911, 0, 0, 0),
(7, 2, '', 1, 255, '失业保险金计发新标准 外来工失业可一次性领保险金', '', '<p style="vertical-align:baseline;">\r\n	　　13日，南方日报记者从广东省人社厅了解到，根据新修订的《广东省失业保险条例》（以下简称《条例》）配套出台的《广东省人民政府关于一次性失业保险金计发标准的通知》（以下简称《通知》）已于近日正式发布。\r\n</p>\r\n<p style="vertical-align:baseline;">\r\n	　　领取有条件限制\r\n</p>\r\n<p style="vertical-align:baseline;">\r\n	　　记者查阅《通知》发现，新的一次性失业保险金计发标准进一步提高，调整后一次性失业保险金收益率分布更符合失业保险偏向于保障低收入人群的原则，符合条件的外来务工人员失业后回乡，可一次性领取失业保险金。\r\n</p>\r\n<p style="vertical-align:baseline;">\r\n	　　据了解，省人大常委会在《条例》立法调研时，基于目前失业保险关系跨省转移未能畅顺的现实，采纳保留一次性待遇的意见，设定了一次性失业保险金，以便于非广东省户籍失业人员享受失业保险待遇，并授权省人民政府制定具体标准。\r\n</p>\r\n<p style="vertical-align:baseline;">\r\n	　　根据《条例》，符合《社会保险法》规定的失业保险金领取条件，但不具有广东广东省户籍的失业人员，要求不在参保地按月享受失业保险待遇且不转移失业保险关系的，可以向失业保险关系所在地社会保险经办机构申请领取一次性失业保险金。\r\n</p>\r\n<p style="vertical-align:baseline;">\r\n	　　《条例》还规定，失业人员若已经享受基本养老保险待遇，或在申领之日已经达到法定退休年龄的，将不能申领一次性失业保险金。失业人员已在按月领取失业保险金的，也不能转为领取一次性失业保险金。而台湾、香港、澳门居民参加失业保险且符合失业保险金领取条件的，可以按规定申领一次性失业保险金。\r\n</p>\r\n<p style="vertical-align:baseline;">\r\n	　　保险基金可承受\r\n</p>\r\n<p style="vertical-align:baseline;">\r\n	　　经测算，失业人员领取一次性失业保险金收益率（领取待遇与缴费总额相比）普遍高于100%，主要集中在150%附近的区间，即大部分人领取待遇总额为缴费总额的1.5倍左右。那么，失业保险基金能否承受这部分支出？\r\n</p>\r\n<p style="vertical-align:baseline;">\r\n	　　“经测算，按最高收益率申领一次性失业保险金，全省可承受的申领率为20%；按平均收益率申领一次性失业保险金，全省可承受的申领率为40%.无论按全省还是分市计算，实际申领率并不超过基金的可承受能力，能确保基金收支平衡。”省人社厅负责人表示，虽然基金支出有所增加，但均在承受范围以内。\r\n</p>\r\n<p style="vertical-align:baseline;">\r\n	　　小贴士\r\n</p>\r\n<p style="vertical-align:baseline;">\r\n	　　怎么算一次性失业保险金？\r\n</p>\r\n<p style="vertical-align:baseline;">\r\n	　　一次性失业保险金=平均缴费工资×40%×缴费年限\r\n</p>\r\n<p style="vertical-align:baseline;">\r\n	　　假设外来务工人员小王的户籍在湖南，毕业后一直在广州工作并买了5年零3个月的社保，最近他失业了，打算离开广东回老家发展，失业前一年的平均缴费工资为5000元。根据《通知》，小王若不打算在广州按月领取失业保险，也不转移失业保险关系的话，可以申领一次性失业保险金。\r\n</p>\r\n<p style="vertical-align:baseline;">\r\n	　　省人社厅负责人告诉记者，失业人员的失业保险缴费时间每满一年，可领取的一次性失业保险金按本人失业前12个月平均缴费工资40%乘以缴费年限计发；不满一年的缴费时间不计算为缴费年限。那么，小王可以领取的一次性失业保险金就是5000元×40%×5年=10000元。\r\n</p>\r\n<p style="vertical-align:baseline;">\r\n	　　与此同时，为了体现失业保险的保障原则，《通知》规定，个人一次性失业保险金低于参保所在地级以上市月最低工资标准80%的，按最低工资标准的80%计发，高于月最低工资标准80%乘以24之积的，按最低工资标准80%乘以24之积计发。\r\n</p>\r\n<p style="vertical-align:baseline;">\r\n	　　以广州为例，2014年广州市最低工资标准为1550元/月，1550×80%=1240，1550×80%×24=29760，即是说，个人领取的一次性失业保险金总额若低于1240元，按1240元进行发放；高于29760元，则按29760元予以发放。\r\n</p>', ' 13日，南方日报记者从广东省人社厅了解到，根据新修订的《广东省失业保险条例》（以下简称《条例》）配套出台的《广东省人民政府关于一次性失业保险金计发标准的通知》（以下简称《通知》）已于近日正式发布。 领取有条件限制 记者查阅《通知》发现，新的一次性失业保险金计发标准进', 13, '', '', 1420536929, 0, 0, 0),
(8, 2, '', 1, 255, '广东省人民政府办公厅关于2014年中秋节放假的通知', '', '　　根据国务院办公厅有关通知精神，今年中秋节放假时间为2014年9月8日，与周末连休。不能停止生产和工作的单位放假办法，由其上级主管部门研究确定。', ' 根据国务院办公厅有关通知精神，今年中秋节放假时间为2014年9月8日，与周末连休。不能停止生产和工作的单位放假办法，由其上级主管部门研究确定。', 24, '', '', 1420536947, 0, 0, 0),
(9, 2, '', 1, 255, '元旦假期广东省天气晴朗 新年头两日降温2℃—3℃', '', '<p style="text-align:center;vertical-align:baseline;">\r\n	元旦假期广东省天气晴朗\r\n</p>\r\n<p style="text-align:center;vertical-align:baseline;">\r\n	早晚寒冷，新年头两日降温2℃—3℃\r\n</p>\r\n<p style="vertical-align:baseline;">\r\n	　　一连两日早晨，全省所有市县最低气温均低于10℃，预计元旦假期广东大部维持晴朗干燥、早晚寒冷的天气，其中新年头两日还将有2℃—3℃的降温。\r\n</p>\r\n<p style="vertical-align:baseline;">\r\n	　　30日早晨，广东各地最低气温较29日普遍下降了0℃—2℃左右，其中连山录得全省最低气温-0.8℃，粤北大部分市县0℃—2℃，珠三角中北部3℃—5℃。截至30日下午，仁化的寒冷红色预警信号、42个市县的寒冷橙色预警信号、1个市县的寒冷黄色预警信号继续生效中。\r\n</p>\r\n<p style="vertical-align:baseline;">\r\n	　　省气象台预计，31日白天，广东省为晴天天气，白天温度继续回升。早晨最低气温分布：粤北市县2℃—5℃，珠三角中北部、肇庆各市县5℃左右，其余各市县6℃—10℃；31日下午起有弱冷空气自北向南影响广东省。\r\n</p>\r\n<p style="vertical-align:baseline;">\r\n	　　明年元月1日—2日，广东省为晴到多云，受弱冷空气影响，全省大部分市县日平均气温下降2℃—3℃。最低气温分布：粤北1℃—4℃，中部市县3℃—5℃，南部市县6℃—9℃。3日，粤西沿海市县多云间阴天，局部有零星小雨，其余市县晴到多云为主。最低气温分布：粤北3℃—5℃，中部市县5℃—8℃，南部市县8℃—12℃。\r\n</p>', ' 元旦假期广东省天气晴朗 早晚寒冷，新年头两日降温2℃—3℃ 一连两日早晨，全省所有市县最低气温均低于10℃，预计元旦假期广东大部维持晴朗干燥、早晚寒冷的天气，其中新年头两日还将有2℃—3℃的降温。 30日早晨，广东各地最低气温较29日普遍下降了0℃—2℃左右，其中连山录得全省', 30, '', '', 1420536977, 0, 0, 0),
(10, 2, '', 1, 255, '元旦广铁增开列车64趟 贵广南广厦深铁路车票紧俏', '', '<p style="text-align:center;vertical-align:baseline;">\r\n	元旦广铁增开列车64趟\r\n</p>\r\n<p style="text-align:center;vertical-align:baseline;">\r\n	贵广南广厦深铁路车票紧俏\r\n</p>\r\n<p style="vertical-align:baseline;">\r\n	　　笔者从广铁集团获悉，2014年12月31日至2015年1月3日元旦小长假期间，广铁将增开高铁42趟，普铁22趟，预计发送旅客360万人，日均发送旅客90万人。\r\n</p>\r\n<p style="vertical-align:baseline;">\r\n	　　高铁方面，广铁集团将在京广、沪昆、广深港高铁实施周末运行图，适度组织动车组重联运行。其中，京广高铁假日期间增开广州南至武汉、长沙南、深圳北方向18趟周末列车，南广铁路计划增开深圳北—南宁东G4232/1次2趟高峰列车；厦深铁路计划增开深圳北—厦门北D4092/1、D4094/3次，深圳北—潮汕D9722/1、D9724/3、D9726/5次，广州南—潮汕G9645/8 G9643/20、G9641/4 G9647/6次14趟高峰列车。此外，广铁集团将视客流情况，在部分线路进一步加开列车，请广大旅客留意12306网站、广铁官方网站、微博、微信等资讯发布或拨打12306电话查询。\r\n</p>\r\n<p style="vertical-align:baseline;">\r\n	　　据广铁集团介绍，从车票预售情况来看，目前普速和高铁预售量均较大，特别是广东地区往坪石、韶关、长沙、岳阳方向的普速铁路和广东地区往长沙、桂林、贵阳、潮汕方向的高铁车票预售较快。据广铁集团统计，元旦期间广州南站往南宁、贵阳方向的高铁车票十分走俏，而往武汉方向尚有少量余票。\r\n</p>', ' 元旦广铁增开列车64趟 贵广南广厦深铁路车票紧俏 笔者从广铁集团获悉，2014年12月31日至2015年1月3日元旦小长假期间，广铁将增开高铁42趟，普铁22趟，预计发送旅客360万人，日均发送旅客90万人。 高铁方面，广铁集团将在京广、沪昆、广深港高铁实施周末运行图，适度组织动车组重联运', 20, '', '', 1420536991, 0, 0, 0),
(11, 2, '', 1, 255, '今年6场流星雨 月全食4月“上演”将持续12.3分钟', '', '<p style="text-align:center;vertical-align:baseline;">\r\n	今年6场流星雨 值得观看\r\n</p>\r\n<p style="text-align:center;vertical-align:baseline;">\r\n	月全食4月“上演”，将持续12.3分钟\r\n</p>\r\n<p style="vertical-align:baseline;">\r\n	　　进入2015年，精彩天象目不暇接，天幕夜空好戏连台。笔者3日从广东天文学会获悉，2015年地球将发生4次日（月）食，中秋节与“超级月亮”喜相连，有6场流星雨值得观看；此外，今年水星七次大距，数量为4年来最多；人们还可分别观测到木星、土星、天王星、海王星冲日。\r\n</p>\r\n<p style="vertical-align:baseline;">\r\n	　　2015年将发生4次日食、月食。其中日全食和日偏食各1次，两次月全食。\r\n</p>\r\n<p style="vertical-align:baseline;">\r\n	　　今年全球唯一一次日全食将发生在3月20日17时36分前后（北京时间），日全食持续时间最长为2分50.1秒，太阳最大高度为18度。挪威斯瓦尔巴群岛是观测这次日全食的唯一陆地。但中国看不到这次日全食，仅可看到日偏食。\r\n</p>\r\n<p style="vertical-align:baseline;">\r\n	　　4月4日20时06分前后，将出现今年首次月全食，我国可看到“红月亮”。去年10月8日的月全食，“红月亮”持续时间长达60分钟，但这次“红月亮”持续时间很短，只有12.3分钟。\r\n</p>\r\n<p style="vertical-align:baseline;">\r\n	　　今年的“超级月亮”发生在9月28日10时51分前后（中秋节在9月27日）。此时，月球、地球和太阳排成一条直线而发生月全食（月亮最圆），月亮又运行到距离地球最近的地点而呈现视面积最大。\r\n</p>\r\n<p style="vertical-align:baseline;">\r\n	　　我国观看“超级月亮”的最佳时间有两个时段：一是9月28日日出前大约60分钟（广州日出是6时18分），“超级月亮”在西方低空又圆又大；另一时间是9月28日日落后大约60分钟（广州日落是18时18分），“超级月亮”在东方低空又圆又大。上述两个时段，满月呈现金黄色，高度较低，既可拍摄中秋明月特写，又可与明月合影留念。\r\n</p>\r\n<p style="vertical-align:baseline;">\r\n	　　今年可看到9个流星群数量较多的流星雨，其中没有月光影响或月光影响较小的有4月22日天琴座流星雨、8月13日英仙座流星雨、10月9日天龙座流星雨、10月22日猎户座流星雨、11月18日狮子座流星雨和12月15日双子座流星雨，上述6个流星雨很适宜观测。\r\n</p>\r\n<p style="vertical-align:baseline;">\r\n	　　■相关\r\n</p>\r\n<p style="vertical-align:baseline;">\r\n	　　今明轻雾霾明显气温回升\r\n</p>\r\n<p style="vertical-align:baseline;">\r\n	　　晴朗的好天气陪伴人们度过整个元旦假期，由于冷空气影响较弱，轻雾或霾也开始抬头，能见度偏低，后日开始新一股较强冷空气才会带来明显降雨降温。\r\n</p>\r\n<p style="vertical-align:baseline;">\r\n	　　省气象台预计，4日广东省受减弱东移的冷空气影响，全省大部市县晴天到多云，有轻雾或霾，白天阳光充足，气温逐步回升，但早晚仍然寒冷，昼夜温差较大最低气温为：粤北5℃—9℃，中部市县6℃—11℃，南部市县9℃—16℃。\r\n</p>\r\n<p style="vertical-align:baseline;">\r\n	　　5日广东省受弱低槽影响，西部市县多云到阴天有分散小雨或轻雾，东部市县多云间阴天有轻雾，局部有小雨，气温继续回升。6—7日广东省自北向南受新一股较强冷空气影响，气温显著下降6℃—8℃，并伴有大风和小到中雨降水。广州市今日有灰霾，最低气温8℃，明后两日有零星小雨和小雨，气温还会有所上升。\r\n</p>', ' 今年6场流星雨 值得观看 月全食4月“上演”，将持续12.3分钟 进入2015年，精彩天象目不暇接，天幕夜空好戏连台。笔者3日从广东天文学会获悉，2015年地球将发生4次日（月）食，中秋节与“超级月亮”喜相连，有6场流星雨值得观看；此外，今年水星七次大距，数量为4年来最多；人们还可分别观测到木', 28, '', '', 1420537005, 0, 0, 0),
(12, 2, '', 1, 255, '新年首股较强冷空气袭粤 今明最高降温8℃', '', '<p style="vertical-align:baseline;">\r\n	　　元旦假期以来的晴朗天气接近尾声，新年第一股较强冷空气即将到来。今明两日，广东省将自北向南受到该冷空气影响，气温显著下降的同时还会有小雨。好消息则是，近几日的雾霾天气将随之缓解。\r\n</p>\r\n<p style="vertical-align:baseline;">\r\n	　　省气象台预计，6-7日，广东省受新一股较强冷空气影响，全省气温自北向南逐步下降6℃-8℃。清远、韶关和肇庆市县有小雨，局部有中雨，其余市县有小雨；6日白天，冷空气未影响到的中南部市县气温仍较高，轻雾或霾明显。其中，西南部有大雾，能见度小于1公里。8日，广东省大部多云到晴天，早晚寒冷。\r\n</p>\r\n<p style="vertical-align:baseline;">\r\n	　　广州市今日有小雨伴随灰霾，明后两日开始降温，最低气温将降至12℃左右。\r\n</p>', ' 元旦假期以来的晴朗天气接近尾声，新年第一股较强冷空气即将到来。今明两日，广东省将自北向南受到该冷空气影响，气温显著下降的同时还会有小雨。好消息则是，近几日的雾霾天气将随之缓解。 省气象台预计，6-7日，广东省受新一股较强冷空气影响，全省气温自北向南逐步下降6℃-8℃。清', 31, '', '', 1420537021, 0, 0, 0),
(13, 3, '', 1, 255, '有钱也不任性 选择合适你的温馨家装风格', '04738810911375041_sm.jpg', '<p>\r\n	　　田园乡村风格：温暖质朴、自然乡村、柔和甜美\r\n</p>\r\n<p>\r\n	　　适合人士：向往田园生活、喜欢花花草草、钟情无拘束的生活方式\r\n</p>\r\n<p>\r\n	　　田园乡村风格可以说是永不过时的一个自然空间，常见的田园乡村风格包括有美式乡村风、欧式田园风、法式乡村(普罗旺斯)风等等，美式乡村色调温暖沉稳、格调浑朴敦厚，欧式田园风则多为小碎花的清新自然、活泼轻松，法式乡村多强调甜美愉快的自然浪漫氛围，带给居住者不同的沉醉情怀，特别适合能够接受粗犷材质、喜欢在室内摆放饰品与盆栽、钟情无拘束的田园生活方式的人士，房型要求一般在80平米以上。\r\n</p>\r\n<p style="text-align:center;">\r\n	<img title="有钱也不任性 选择合适你的温馨家装风格" alt="有钱也不任性 选择合适你的温馨家装风格" src="http://img0.pchouse.com.cn/pchouse/1501/05/987571_an-1.jpg" /> \r\n</p>\r\n<p>\r\n	<br />\r\n</p>\r\n<p>\r\n	　　装修建议：\r\n</p>\r\n<p>\r\n	　　1.空间打造——美式乡村可以突出做旧的工艺氛围，家居线条避免尖锐横直而选取柔美的线条，色彩上选择趋向呼应大自然地的色彩(树木色、牛仔蓝、农场绿、小麦白等都是很好的田园乡村颜色);尽量捕捉自然元素的图腾和装饰品，尤其是旅行带回来的纪念品，能使你的新居更贴近生活，若再加上绿色植物妆点空间就更加完美了。\r\n</p>\r\n<p>\r\n	　　2.建材运用——(1)大量使用厚重原木，家具、天花、门框、厨具等等，突出乡村田园特有的朴拙;(2)碎花布必不可少，窗帘、桌布、沙发等都可以运用碎花图案，突出清新自然感;(3)适当使用铁艺，大门、花架、吊灯等等使用铁艺，怀旧又温馨。\r\n</p>', ' 田园乡村风格：温暖质朴、自然乡村、柔和甜美 适合人士：向往田园生活、喜欢花花草草、钟情无拘束的生活方式 田园乡村风格可以说是永不过时的一个自然空间，常见的田园乡村风格包括有美式乡村风、欧式田园风、法式乡村(普罗旺斯)风等等，美式乡村色调温暖沉稳、格调浑朴敦厚，欧', 28, '', '', 1420537099, 1, 1, 0),
(14, 4, '', 1, 255, '家装无小事 盘点厨房装修的常见遗憾', '04738811572641077_sm.jpg', '<p>\r\n	后悔事件一：结构不合理 厨房空间太小\r\n</p>\r\n<p>\r\n	　　空间规划是装修的首要步骤，如果没有合理的布局，不仅影响了厨房的美观度，更让做饭的人在厨房忙得晕头转向，工作起来缺乏条理。厨房最为常见的遗憾是储存、准备和烹饪三大区域的布局混乱，让做饭的流水线受到阻碍。\r\n</p>\r\n<p style="text-align:center;">\r\n	<img title="家装无小事 盘点厨房装修的常见遗憾" alt="家装无小事 盘点厨房装修的常见遗憾" src="http://img0.pchouse.com.cn/pchouse/1501/04/984832_26.jpg" /> \r\n</p>\r\n<p>\r\n	　　不少人埋怨厨房太小无法很好地利用，其实空间小不怕，合理地规划一样能打造出整洁又方便的厨房。墙地面装修上，小厨房建议采用单一明亮的材料，米白色的墙面砖配合浅咖啡色的防滑地砖，简单又显空间宽敞。\r\n</p>\r\n<p style="text-align:center;">\r\n	<img title="轻松打造美味空间 厨房装修的自我提问" alt="轻松打造美味空间 厨房装修的自我提问" src="http://img0.pchouse.com.cn/pchouse/1408/22/813651_2.jpg" /> \r\n</p>\r\n<p>\r\n	　　厨房布局最重要的是储藏、准备、清洗、存储和烹饪五大区域，合理的规划应该是从进门开始布局左往右依次是储藏区、清洗区、准备区、烹饪区，存储区穿插在清洗区、准备区和烹饪区之间，根据不同区域的操作需求存储相应的物件。\r\n</p>', ' 后悔事件一：结构不合理 厨房空间太小 空间规划是装修的首要步骤，如果没有合理的布局，不仅影响了厨房的美观度，更让做饭的人在厨房忙得晕头转向，工作起来缺乏条理。厨房最为常见的遗憾是储存、准备和烹饪三大区域的布局混乱，让做饭的流水线受到阻碍。 不少人埋怨厨房太小无法很', 10, '', '', 1420537162, 1, 1, 0),
(15, 5, '', 1, 255, '造出两人温馨窝 双人沙发选购方法', '04738812071166924_sm.jpg', '<p>\r\n	　　1、看沙发骨架结实性\r\n</p>\r\n<p style="text-align:center;">\r\n	<img title="造出两人温馨窝 双人沙发选购方法" alt="造出两人温馨窝 双人沙发选购方法" src="http://img0.pchouse.com.cn/pchouse/1501/04/985411_shafa-1.jpg" /> \r\n</p>\r\n<p>\r\n	　　沙发骨架的结实性关系到沙发的使用寿命和质量保证。最简单的方法是抬起沙发的一头，当抬起部分离地10厘米时，看沙发另一头的腿是否离地。如果另一边也离地，则表示沙发骨架结实，质量过关。没有离地就表示骨架使用的材料不够坚硬或者骨架搭建不够坚固。\r\n</p>', ' 1、看沙发骨架结实性 沙发骨架的结实性关系到沙发的使用寿命和质量保证。最简单的方法是抬起沙发的一头，当抬起部分离地10厘米时，看沙发另一头的腿是否离地。如果另一边也离地，则表示沙发骨架结实，质量过关。没有离地就表示骨架使用的材料不够坚硬或者骨架搭建不够坚固。 ', 8, '', '', 1420537211, 1, 1, 0),
(16, 5, '', 1, 255, '消毒剂不能滥用 家居清洁误区逐个看', '04738812572197839_sm.jpg', '<p>\r\n	　　消毒篇——\r\n</p>\r\n<p>\r\n	　　不少人清洁的时候觉得放点消毒液可以杀死细菌，让家里更加干净，其实消毒液不是万能的，有些情况下不需要消毒液也能消毒杀菌。\r\n</p>\r\n<p style="text-align:center;">\r\n	<img title="消毒剂不能滥用 家居清洁误区逐个看" alt="消毒剂不能滥用 家居清洁误区逐个看" src="http://img0.pchouse.com.cn/pchouse/1412/30/981193_xiaodu-1.1.jpg" /> \r\n</p>\r\n<p>\r\n	　　误区1：洗衣服、餐具时加入消毒液\r\n</p>\r\n<p>\r\n	　　有的人觉得穿过的衣服、用过的餐具除了脏之外，还有细菌在上面，在清洗时会加入消毒液以达到消毒杀菌的作用。\r\n</p>\r\n<p>\r\n	　　其实日常的用品无需使用消毒液，餐具、抹布、儿童玩具等可以用煮沸的水冲烫，一般持续15-20分钟即可，既简单又安全。\r\n</p>\r\n<p>\r\n	　　不能高温蒸煮的衣物，可用复方季铵盐类等中效消毒液浸泡30到60分钟，然后清水冲洗干净。不宜用含氯消毒液，因为含氯消毒液对衣物有腐蚀和漂白作用。\r\n</p>\r\n<p style="text-align:center;">\r\n	<img title="消毒剂不能滥用 家居清洁误区逐个看" alt="消毒剂不能滥用 家居清洁误区逐个看" src="http://img0.pchouse.com.cn/pchouse/1412/30/981193_xiaodu-1.2.jpg" /> \r\n</p>\r\n<p>\r\n	　　误区2：使用消毒剂、空气清新剂给室内空气“消毒”\r\n</p>\r\n<p>\r\n	　　家里出现异味或者空气混浊时，有人觉得室内的空气已经被细菌污染，就用喷洒消毒剂或者空气清新剂的方式给室内空气“消毒”。\r\n</p>\r\n<p>\r\n	　　一般来说，家庭中的病原微生物数量有限，无需使用消毒液。含氯消毒液容易刺激眼睛和呼吸道，也可能导致过敏，而空气清新剂通常是由乙醇、香精、去离子水等成分组成，通过散发香味来掩盖异味，不具有消毒的作用。\r\n</p>\r\n<p>\r\n	　　想要让居室内空气保持新鲜，最好的办法不是消毒或者喷洒空气清新剂，而是开窗通风，促进室内的空气流通。\r\n</p>\r\n<p style="text-align:center;">\r\n	<img title="消毒剂不能滥用 家居清洁误区逐个看" alt="消毒剂不能滥用 家居清洁误区逐个看" src="http://img0.pchouse.com.cn/pchouse/1412/30/981193_xiaodu-1.3.jpg" /> \r\n</p>\r\n<p>\r\n	　　误区3：生活中频繁大量使用消毒液\r\n</p>\r\n<p>\r\n	　　不管是清洁地面、家具还是电器，有人总喜欢加一些消毒液，觉得消毒之后更干净，这其实纯属心理作用，除非有预防传染病，一般来说，无需常用消毒液，更不必每天使用。\r\n</p>\r\n<p>\r\n	　　家具和地面的消毒，用1%到3%的漂白粉倒入水中，定期擦拭桌椅、床、地面和空调过滤网。凉席、枕席、靠背等草编和竹制用品的清洁，可以在清水里按1/3比例勾兑酒精或花露水，擦拭后晾干，这样可以有效杀死滋生的螨虫。而内衣裤和夏凉被，在阳光下曝晒3到6小时，也能达到一般的消毒要求。\r\n</p>', ' 消毒篇—— 不少人清洁的时候觉得放点消毒液可以杀死细菌，让家里更加干净，其实消毒液不是万能的，有些情况下不需要消毒液也能消毒杀菌。 误区1：洗衣服、餐具时加入消毒液 有的人觉得穿过的衣服、用过的餐具除了脏之外，还有细菌在上面，在清洗时会加入消毒液以达到消毒杀菌的作', 17, '', '', 1420537262, 1, 1, 0),
(17, 6, '', 1, 255, '家具的自我修养 家居日常保养手册', '04738813061235608_sm.jpg', '<p>\r\n	　　窗台清洁完毕要打蜡\r\n</p>\r\n<p style="text-align:center;">\r\n	<img title="新年迎客大扫除 客厅四大角落清洁" alt="新年迎客大扫除 客厅四大角落清洁" src="http://img0.pchouse.com.cn/pchouse/1412/25/975471_keting-01.jpg" /> \r\n</p>\r\n<p>\r\n	　　对于窗槽、窗台这些地方我们经常会忽略掉，而这些又是最容易积聚灰尘的地方，用对了方法，清理起来就会比较容易。\r\n</p>\r\n<p>\r\n	　　窗槽是最容易积灰尘，最难清理的地方。可以用小铲子将成块的灰尘铲掉，清理掉比较大的脏物，再用沾了水的毛笔擦拭窗槽，视脏污程度增加擦拭的次数，最后用干抹布将窗槽擦干，防止因潮湿导致窗槽生锈。\r\n</p>\r\n<p>\r\n	　　大多数人家里的窗台都是用大理石，用久了窗台缝隙处会冒出白色的盐花，或者黯淡无光。\r\n</p>\r\n<p style="text-align:center;">\r\n	<img title="新年迎客大扫除 客厅四大角落清洁" alt="新年迎客大扫除 客厅四大角落清洁" src="http://img0.pchouse.com.cn/pchouse/1412/25/975471_keting-02.jpg" /> \r\n</p>\r\n<p>\r\n	　　窗台的缝隙冒出白色的盐花是因为大理石泛碱，一般是由于大理石的周边和底层没有做好防水造成的。如果是已经泛碱了，可以根据程度轻重，用石材清洗剂来处理，处理后要充分干燥，可以避免再次泛碱。\r\n</p>\r\n<p>\r\n	　　当大理石窗台出现黯淡发黑的情况，就需要给大理石做清洗打蜡。用中性清洁剂加入水里清洗窗台然后吸干，再用清水洗一遍并吸干，等待大理石完全干后，就进行打蜡，可根据气候的条件决定打蜡的时间。\r\n</p>\r\n<p>\r\n	　　整个打蜡需要二底一面，面层需要用硬光蜡，来加强大理石表面的硬度;最后，二底一面操作完成后就可以进行抛光了。理想的抛光时间应是夜间，最好一周做一次，最少不能少于一周一次。\r\n</p>', ' 窗台清洁完毕要打蜡 对于窗槽、窗台这些地方我们经常会忽略掉，而这些又是最容易积聚灰尘的地方，用对了方法，清理起来就会比较容易。 窗槽是最容易积灰尘，最难清理的地方。可以用小铲子将成块的灰尘铲掉，清理掉比较大的脏物，再用沾了水的毛笔擦拭窗槽，视脏污程度增加擦拭的次数，', 11, '', '家具', 1420537310, 1, 1, 0),
(18, 6, '', 1, 255, '打扫无需花大钱 妙手自制家居清洁剂', '04738814631984715_sm.jpg', '<p>\r\n	　　柑橘类果皮煮水除污又清香\r\n</p>\r\n<p style="text-align:center;">\r\n	<img title="打扫无需花大钱 妙手自制家居清洁剂" alt="打扫无需花大钱 妙手自制家居清洁剂" src="http://img0.pchouse.com.cn/pchouse/1412/24/973856_miaoshou-01.jpg" /> \r\n</p>\r\n<p>\r\n	　　柠檬、橙子、橘子等柑橘类水果的果皮放进水里煮沸后，就是拥有清新果香的天然清洁剂，能够对付顽固的油污和地面污渍。\r\n</p>\r\n<p>\r\n	　　燃气炉上的陈年污垢用洗洁精和铁丝清洗耗时不说，皮肤接触到油污之后不管洗多少次，都觉得手上有股味道，用冷却后的柑橘果皮水就能轻松擦除厚厚的油污，还不伤手呢。\r\n</p>\r\n<p style="text-align:center;">\r\n	<img title="打扫无需花大钱 妙手自制家居清洁剂" alt="打扫无需花大钱 妙手自制家居清洁剂" src="http://img0.pchouse.com.cn/pchouse/1412/24/973856_miaoshou-02.jpg" /> \r\n</p>\r\n<p>\r\n	　　对付地板上的脏污痕迹，可以用橙皮和米酒泡10天后，以1：10的比例兑上清水就是很好的地板清洁剂，各类材质都适用。木质地板还能用蜂蜡或者柠檬汁，以1：2的比例混合橄榄油或者植物油制成的清洁剂来去污，清洁之余还能保养木地板。\r\n</p>\r\n<p>\r\n	　　用软布蘸上柠檬汁或者橄榄油，既能清洁皮质家具，又能使皮质家具保持光洁亮丽。\r\n</p>', ' 柑橘类果皮煮水除污又清香 柠檬、橙子、橘子等柑橘类水果的果皮放进水里煮沸后，就是拥有清新果香的天然清洁剂，能够对付顽固的油污和地面污渍。 燃气炉上的陈年污垢用洗洁精和铁丝清洗耗时不说，皮肤接触到油污之后不管洗多少次，都觉得手上有股味道，用冷却后的柑橘果皮水就能', 10, '', '', 1420537347, 1, 1, 0),
(19, 4, '', 1, 255, '环保装修so easy 六步打造健康家居', '04738817997371776_sm.jpg', '<p>\r\n	　　1、 制定正确的装修设计方案\r\n</p>\r\n<p style="text-align:center;">\r\n	<img title="环保装修so easy 六步打造健康家居" alt="环保装修so easy 六步打造健康家居" src="http://img0.pchouse.com.cn/pchouse/1412/18/966911_so-01.jpg" /> \r\n</p>\r\n<p>\r\n	  在保证室内空间、色彩、内涵得到出色体现的情况下，装修之前需要充分考虑装修材料是否为环保材料、装修过程中的合理使用量、室内的空气流通路线、光污染可能性和污染程度等问题。\r\n</p>\r\n<p>\r\n	　　根据房屋的现实条件制定合理、科学的装修方案，不要盲目追求豪华装修，过度装修的话会加重房屋内的污染。\r\n</p>\r\n<p>\r\n	　　2、慎重选择装修材料\r\n</p>\r\n<p style="text-align:center;">\r\n	<img title="环保装修so easy 六步打造健康家居" alt="环保装修so easy 六步打造健康家居" src="http://img0.pchouse.com.cn/pchouse/1412/18/966911_so-02.jpg" /> \r\n</p>\r\n<p>\r\n	　　建材市场上的产品品种繁多，各路商家打出各种噱头吸引眼球，一定不要被这些噱头迷惑。\r\n</p>\r\n<p>\r\n	　　购买装修材料要到正规的建材专卖店或大型卖场，选购时注意看产品是否为真货、是否为环保材料，没有环保标志的可要求商家出示环保证书，购买后要注意保存购物凭证，一旦出现问题可作为维权依据。\r\n</p>', ' 1、 制定正确的装修设计方案   在保证室内空间、色彩、内涵得到出色体现的情况下，装修之前需要充分考虑装修材料是否为环保材料、装修过程中的合理使用量、室内的空气流通路线、光污染可能性和污染程度等问题。 根据房屋的现实条件制定合理、科学的装修方案，不要盲目追', 11, '', '1,2,3', 1420537830, 1, 1, 0),
(29, 2, '', 1, 255, 'B2B2C电商平台便民电话正式开通，免费入驻！', '04745482290158848_sm.png', '<p>\r\n	<span style="color:#000000;font-size:18px;">　　B2B2C电商平台便民电话正式开通，免费入驻!</span> \r\n</p>\r\n<p>\r\n	<span style="color:#000000;font-size:18px;">　　便民电话旨在收录本地生活便民服务信息，快速对接百姓生活起居、旅游出行所需的特定服务。入驻便民电话，可通过B2B2C电商平台手机端和PC端快速查找，解决生活服务中难题。</span> \r\n</p>\r\n<p>\r\n	<span style="color:#000000;font-size:18px;">　　提供特定便民服务的单位或个人，可通过网页“申请入驻便民电话”窗口，自助在线提交服务经营内容和联系电话，免费入驻。</span> \r\n</p>\r\n<p>\r\n	<span style="color:#000000;font-size:18px;">　　便民电话，口袋里的办事伴侣!</span> \r\n</p>', ' B2B2C电商平台便民电话正式开通，免费入驻! 便民电话旨在收录本地生活便民服务信息，快速对接百姓生活起居、旅游出行所需的特定服务。入驻便民电话，可通过B2B2C电商平台手机端和PC端快速查找，解决生活服务中难题。 提供特定便民服务的单位或个人，可通过网页“申请入驻便民电话', 123, '', '便民电话,生活服务', 1421203853, 1, 1, 0);
INSERT INTO `cor_life_article` (`article_id`, `ac_id`, `article_url`, `article_show`, `article_sort`, `article_title`, `thumb`, `article_content`, `description`, `click`, `source`, `tag`, `article_time`, `is_head`, `is_best`, `is_hot`) VALUES
(31, 6, '', 1, 255, '白发不用愁，常按这二个穴位摆脱白发', '04748083443774472_sm.jpg', '<p>\r\n	<span style="color:#000000;font-size:14px;">　　中医认为，脱发、白发是由于肝肾不足所引起。现代人的饮食与生活习惯正是导致 后天肝肾功能失调的原因之一。从中医的经验，当脏器功能不佳时，刺激其相关的经络，可以强化经络的机能。经常按摩风池穴和太溪穴，可改善精血亏虚、气滞血淤的症状，而达到滋阴乌发。</span> \r\n</p>\r\n<p>\r\n	<span style="color:#000000;font-size:14px;">　　<strong>风池穴</strong></span> \r\n</p>\r\n<p>\r\n	<span style="color:#000000;font-size:14px;">　　风池穴在项侧，凹陷如“池”，为风邪易侵之处，也是治疗风证之要穴，故名。</span> \r\n</p>\r\n<p>\r\n	<span style="color:#000000;font-size:14px;">　　<strong>功用：</strong></span> \r\n</p>\r\n<p>\r\n	<span style="color:#000000;font-size:14px;">　　祛风，解表，清头目，利五官七窍。</span> \r\n</p>\r\n<p>\r\n	<span style="color:#000000;font-size:14px;">　　<strong>取穴：</strong></span> \r\n</p>\r\n<p>\r\n	<span style="color:#000000;font-size:14px;">　　双手掌心贴住耳朵，十指自然张开抱头，拇指往上推，在脖子与发际的交接线各有一凹处。或将大拇指、中指自然放到枕骨两边，轻轻的滑动，到后枕部有明显的两个凹陷就是风池穴。</span> \r\n</p>\r\n<p style="text-align:center;">\r\n	<span style="color:#000000;font-size:14px;"><img alt="" src="/data/upload/shop/editor/20150117110533_53211.jpg" /><br />\r\n</span>\r\n</p>\r\n<p>\r\n	<span style="color:#000000;font-size:14px;">　　<strong>按摩方法：</strong></span> \r\n</p>\r\n<p>\r\n	<span style="color:#000000;font-size:14px;">　　以自己好操作方式择一。</span> \r\n</p>\r\n<p>\r\n	<span style="color:#000000;font-size:14px;">　　1.用大拇指中指一边一个，来回捏揉。</span> \r\n</p>\r\n<p>\r\n	<span style="color:#000000;font-size:14px;">　　2.用食指放在风池穴上，加强力度，另一只手按着头，起到固定免得在按摩的过程中滑动位置。</span> \r\n</p>\r\n<p>\r\n	<span style="color:#000000;font-size:14px;">　　3.也可以用按压法，把四根手指头放在自己的头顶两边，大拇指按到风池穴，用大拇指来回的按揉。</span> \r\n</p>\r\n<p>\r\n	<span style="color:#000000;font-size:14px;">　　4.用四个手指头，变成爪形，撮到一起，叩打风池穴，这样可以去风寒，去风热，而且还能清醒五官。</span> \r\n</p>\r\n<p>\r\n	<span style="color:#000000;font-size:14px;"><br />\r\n</span>\r\n</p>\r\n<p>\r\n	<span style="color:#000000;font-size:14px;">　　<strong>太溪穴</strong></span> \r\n</p>\r\n<p>\r\n	<span style="color:#000000;font-size:14px;">　　太溪穴的太，意指盛大。足少阴肾经脉气出于足底，通过然谷，泄成大溪，动脉相应，故名。</span> \r\n</p>\r\n<p>\r\n	<span style="color:#000000;font-size:14px;">　　<strong>功用：</strong></span> \r\n</p>\r\n<p>\r\n	<span style="color:#000000;font-size:14px;">　　益肾、降火。</span> \r\n</p>\r\n<p>\r\n	<span style="color:#000000;font-size:14px;">　　<strong>取穴：</strong></span> \r\n</p>\r\n<p>\r\n	<span style="color:#000000;font-size:14px;">　　太溪穴位于足内侧，足内踝(高点)后方与脚跟骨筋腱之间的凹陷处(即：脚内踝后缘的凹陷当中)。</span> \r\n</p>\r\n<p style="text-align:center;">\r\n	<span style="color:#000000;font-size:14px;"><img alt="" src="/data/upload/shop/editor/20150117110722_10730.jpg" /><br />\r\n</span>\r\n</p>\r\n<p>\r\n	<span style="color:#000000;font-size:14px;">　　<strong>按摩方法：</strong></span> \r\n</p>\r\n<p>\r\n	<span style="color:#000000;font-size:14px;">　　1.使用艾炷灸3～5壮或艾条温灸10～15分钟。</span> \r\n</p>\r\n<p>\r\n	<span style="color:#000000;font-size:14px;">　　2.或用拇指按压。</span> \r\n</p>\r\n<p>\r\n	<span style="color:#000000;font-size:14px;">　　一些身体较虚弱的人，刚开始按会没有感觉，这时不痛的一定要把它揉痛，痛的要把它揉到不痛，要把气血引到脚底的涌泉穴去。痛就是有淤血，不通则痛。</span> \r\n</p>\r\n<p>\r\n	<span style="color:#000000;font-size:14px;">　　有人经常足跟痛，女性朋友来月经时肚子痛，或有人经常咽喉干，喝水也不管用，揉太溪穴都很管用。</span> \r\n</p>\r\n<p>\r\n	<span style="color:#000000;font-size:14px;">　　太溪穴是肾经的原穴，既补肾阴，又补肾阳，它不但是肾经的大补穴，还是全身的大补穴。肾是我们先天之本，要通过肝的生发疏泻才能发挥功用。所以保肝很重要，而肾是提供肝脏营养的保障，因此经常按摩这个穴位，它就能再去撞击打通其他穴位，最后整条经都通了，你的身体也在不知不觉中恢复了健康。</span> \r\n</p>', ' 中医认为，脱发、白发是由于肝肾不足所引起。现代人的饮食与生活习惯正是导致 后天肝肾功能失调的原因之一。从中医的经验，当脏器功能不佳时，刺激其相关的经络，可以强化经络的机能。经常按摩风池穴和太溪穴，可改善精血亏虚、气滞血淤的症状，而达到滋阴乌发。 风池穴 风池穴在项', 19, '', '', 1421464356, 1, 1, 0),
(32, 4, '', 1, 255, '湖北百丈潭酒业有限公司', '04748254461285011_sm.jpg', '<p>\r\n	<span style="color:#000000;font-size:14px;">　　湖北百丈潭酒业有限公司始创于清康熙年间1698年，其前身为当时最兴盛的“隽邑酒坊”，乾隆年间合并通城本土酿酒业创立“道兴隆”酿酒，位于县城九眼桥北石板街。1951年，公私合营更名为通城县酒厂;21世纪初，企业改制，优化整合，组建湖北百丈潭酒业有限公司。</span> \r\n</p>\r\n<p>\r\n	<span style="color:#000000;font-size:14px;">　　公司现有员工128人，具有高中以上学历的占68 %，拥有国家级评酒员1名，省级评酒员8名，专业技术人员38人，技术力量雄厚，生产工艺精湛。公司下设生产部、品控部、采购部、市场营销部、办公室和原料生产基地，机构健全，管理规范，市场营销网络遍布全国各地。</span> \r\n</p>\r\n<p>\r\n	<span style="color:#000000;font-size:14px;">　　公司主要生产浓香型大曲酒系列产品，着力打造“百丈潭”和“黑罐子”两大主打品牌，传承数世纪的酿酒技法，运用现代高端科技和传世生产工艺，源取幕阜山下百丈潭之泉水所酿造。产品独具“色泽晶莹剔透、窖香浓郁、醇和绵甜、回味悠长”的风味。百丈潭系列酒曾获全省白酒质量大赛“银钟奖”、“中国优质白酒精品”、中国首届食品博览会铜奖、湖北省优质产品、“中国竹文化节指定产品”、“中国著名品牌”、“桂、渝、闽、湘、鄂、赣六省一市质量检评金奖”等荣誉。</span> \r\n</p>\r\n<p>\r\n	<span style="color:#000000;font-size:14px;">　　公司被列为湖北省酿酒行业重点企业，系中国酿酒工业协会、中国酒文化研究会会员单位。1998年至2009年连续被湖北省质量管理协会、湖北省工商行政管理局授予“守合同重信用企业”，2010年被湖北省质量协会授予“用户满意产品诚信企业”。 从2012年起，三年内公司将投资2亿元新建厂区(用地269亩)，计划年产量达到1万吨，优质白酒产值6亿元，利税过亿元。</span> \r\n</p>\r\n<p>\r\n	<span style="color:#000000;font-size:14px;">　　百丈潭酒业以“满足市场需求，服务广大客户，创造优质效益，不负社会信赖，感恩永无止境”为使命，坚持“让我们做得更好!”的经营理念，本着“高规格谋划、新理念经营、做酒做人、诚信为先、立足当前、面向全国”的经营策略，以开放包容的姿态和互利共赢的诚意与社会各界展开广泛而又深远的合作。</span> \r\n</p>', ' 湖北百丈潭酒业有限公司始创于清康熙年间1698年，其前身为当时最兴盛的“隽邑酒坊”，乾隆年间合并通城本土酿酒业创立“道兴隆”酿酒，位于县城九眼桥北石板街。1951年，公私合营更名为通城县酒厂;21世纪初，企业改制，优化整合，组建湖北百丈潭酒业有限公司。 公司现有员工128人，具有', 14, '', '', 1421481477, 0, 1, 0),
(33, 4, '', 1, 255, '湖北黄袍山绿色产品有限公司', '04748255998506963_sm.jpg', '<p>\r\n	<span style="font-size:14px;">　　湖北黄袍山绿色产品有限公司成立于2007年8月，是一家集油茶科研、种植、加工、销售于一体的民营股份制企业，全国油茶产业重点企业、全国林业产业化重点龙头企业、全国粮油放心企业、全国油茶籽加工十强企业。</span> \r\n</p>\r\n<p>\r\n	<span style="font-size:14px;">　　公司秉承“绿色 健康 低碳 可持续”的经营理念，以培育优质油茶基地为依托，进行创新性研发和生产，提高油茶附加值，增加农民收入，推进油茶产业的大发展。</span> \r\n</p>\r\n<p>\r\n	<span style="font-size:14px;">　　公司先后与武汉工业学院、中国农业科学院油料作物研究所、湖北中医药大学、省林业科学院、南昌大学、江南大学、中国人民解放军总医院等院校建立了紧密的“产学研”合作关系，从品种选育、基地种植、油茶深加工开发、产品市场培育等环节,进行了大量的研究和探索。尤其在工艺研究方面，公司与武汉工业学院合作进行的“油茶籽脱壳冷榨生产纯天然油茶籽油”的技术研究，于2008年5月份通过了省科技厅主持的技术鉴定，专家一致认为该生产工艺技术具有创新性，属国内首创，达到了国际先进水平,通过该工艺生产的冷榨油茶籽油最大限度地保留了各种生物活性成分，营养更丰富，食用更健康。另外在油茶良种繁育、规模种植技术、油茶果前处理技术、茶皂素提纯等方面的研究和开发也取得了突破性的进展。</span> \r\n</p>\r\n<p>\r\n	<span style="font-size:14px;">　　企业严格执行标准化流程管理。黄袍山公司于2010年2月23日通过了“ISO22000食品安全管理体系认证”，本草天香油茶籽油于2009年5月22日通过了“绿色食品认证”、于2009年12月24日通过了“有机产品认证”，并于2011年6月23日取得了“出口食品生产企业备案证明”。</span> \r\n</p>\r\n<p>\r\n	<span style="font-size:14px;">　　公司创新“公司+合作社(村组)+基地+农户”的模式，进行大规模的良种繁育和油茶基地建设。公司为种植户免费提供种苗、无偿提供技术服务并全部回收基地油茶果(籽)，已建成200余亩的省定点优质油茶苗繁育基地，可每年为社会提供良种油茶苗800万株，并按GAP栽植技术规范要求，已建成油茶高产基地100000余亩。</span> \r\n</p>\r\n<p>\r\n	<span style="font-size:14px;">　　根据产业发展的要求及公司实际，明确了公司的中长期发展规划：一是在产品研发方面，确定并进行了高档食用茶油系列、功能营养强化茶油系列、洗涤及化妆品护理系列等三大系列产品的研发和生产;二是高标准规划建设“油茶精深加工产业园”。从2011年到2015年，建设集精深加工基地、鄂南食用油储备基地、油茶品种科研与观赏基地、油茶产业培训教学基地、油茶生态综合利用示范基地于一体的“油茶精深加工产业园”。</span> \r\n</p>', ' 湖北黄袍山绿色产品有限公司成立于2007年8月，是一家集油茶科研、种植、加工、销售于一体的民营股份制企业，全国油茶产业重点企业、全国林业产业化重点龙头企业、全国粮油放心企业、全国油茶籽加工十强企业。 公司秉承“绿色 健康 低碳 可持续”的经营理念，以培育优质油茶基', 20, '', '', 1421481617, 0, 1, 0),
(34, 10, '', 1, 255, '江南天然药库药姑山', '04748259474241950_sm.jpg', '<p>\r\n	<span style="color:#000000;font-size:14px;">　　【特约记者刘健平、通讯员雷细祥】相传昆仑山上的一采药仙姑四方云游，看到一山春光旖旎气候宜人，就按落云头在山上广种百药，并把这座山叫做药姑山，她一时高兴忘了种甘草和黄莲。至今药菇山还流传有这样的民谣：“药菇山上百草全，只缺甘草与黄莲”。</span> \r\n</p>\r\n<p>\r\n	<span style="color:#000000;font-size:14px;">　　药姑山属湖北省四大生态屏障之一的幕阜山系支脉，位于长江一级支流陆水流域源头，地处通城县大坪乡和北港镇境内，跨两省与崇阳、赤壁、湖南临湘三县市毗邻，由“7尖10岭11山”组成，主峰海拔1261.1米。</span> \r\n</p>\r\n<p>\r\n	<span style="color:#000000;font-size:14px;">　　药姑山有许多美丽动人的传说，其中最令人感动的要算药姑传说了。</span> \r\n</p>\r\n<p>\r\n	<span style="color:#000000;font-size:14px;">　　相传很久以前，药姑山上住着一户以采药为生的李氏三姐妹。有一年，“打摆子”(疟疾)肆虐，此病当时就像瘟疫一样来势汹汹，许多人患病不堪冷热煎熬而撒手人寰，山中陡添无数新坟。一时间，药姑山上空弥漫着一片令人窒息的死亡恐惧。</span> \r\n</p>\r\n<p>\r\n	<span style="color:#000000;font-size:14px;">　　看着被病魔夺走了一个又一个的生命时，三姐妹心如刀割，决心要配制出一剂猛药来战胜病魔。于是，她们白天遍山采药，渴了就捧些山泉水喝，饿了就挖些野草充饥，困了就在地上打个盹。晚上，她们在家反复配方试制，亲口品尝其药性药效，没疗效就换配方重新采药再来，如此反复，三姐妹终于配制成了一剂有病治病、没病强身的良药。三姐妹拖着疲惫不堪的身子亲自挨家挨户上门送药，分文不取。从此，药姑山上的人们不再受疟疾的侵扰。</span> \r\n</p>\r\n<p>\r\n	<span style="color:#000000;font-size:14px;">　　敦厚的乡邻们对李氏三姐妹感恩不尽，把她们视为神仙下凡，纷纷在家设立牌位，天天烧香磕头。三姐妹的善行感动了上天，王母娘娘就引渡她们修行成仙，封为司药女神，掌管人间百草。</span> \r\n</p>\r\n<p>\r\n	<span style="color:#000000;font-size:14px;">　　现在，药姑山顶峰的三仙坛，就是传说中三姐妹修行成仙的圣地，还在受着人们的顶礼膜拜呢。</span> \r\n</p>\r\n<p>\r\n	<span style="color:#000000;font-size:14px;">　　药姑山以其独特的地理位置和气候条件，不仅造就了雄奇秀美的自然景观和人文景观，留下了许多美丽动人的传说，而且因其药材资源十分丰富，历史上就有“江南天然药库”的美誉。</span> \r\n</p>\r\n<p>\r\n	<span style="color:#000000;font-size:14px;">　　资料记载，药姑山是明朝著名医药学家李时珍采集药物和研究药物的重要基地。为了编写《本草纲目》，他足迹踏遍药姑山，采集到大量的药物标本，在当地至今还流传着许多李时珍在采药时的趣闻逸事。“难得一把五加，不求金玉满车。” 这是李时珍在《本草纲目》里所写的，而药材五加在药姑山的烂船坡一带俯拾皆是。</span> \r\n</p>\r\n<p>\r\n	<span style="color:#000000;font-size:14px;">　　药姑山药用植物种类繁多。据科考资料介绍，药姑山药用维管植物有166科1313种，占湖北省药用植物总数2818种的46.59%。其中药用蕨类植物11科16种，药用裸子植物10科13种，药用单子叶植物23科208种，药用双子叶植物122科1076种。</span> \r\n</p>\r\n<p>\r\n	<span style="color:#000000;font-size:14px;">　　药姑山的药用动物也较多，有蛤蚧、油蛙、蕲蛇、乌梢蛇等几十种，其中蕲蛇最为有名，李时珍曾在药姑山研究蕲蛇，并写成了《蕲蛇传》。蕲蛇又名五步蛇、花蛇等，人被咬后五步即死。《本草纲目》云：“花蛇，湖、蜀皆有，今惟以蕲蛇擅名。然蕲地亦不多得，市肆所货，官司所取者，皆自江南兴国州诸山中来。”</span> \r\n</p>\r\n<p>\r\n	<span style="color:#000000;font-size:14px;">　　药姑山丰富的动植物资源，引起了专家学者的关注。自1982年至今，华中师范大学和中国地质大学(武汉)的黎德武、刘胜祥、葛继稳等教授为首的一行人，先后到药姑山进行综合科学考察。他们认为，药姑山是鄂东南最为重要的生物基因库，是中国药用植物资源最为富集的地区之一，具有重大的生态价值。</span> \r\n</p>', ' 【特约记者刘健平、通讯员雷细祥】相传昆仑山上的一采药仙姑四方云游，看到一山春光旖旎气候宜人，就按落云头在山上广种百药，并把这座山叫做药姑山，她一时高兴忘了种甘草和黄莲。至今药菇山还流传有这样的民谣：“药菇山上百草全，只缺甘草与黄莲”。 药姑山属湖北省四大生态屏障', 11, '', '', 1421481959, 0, 1, 0),
(35, 7, '', 1, 255, '湖北通城樊牌新城：绿色崛起新航标', '04748263493213640_sm.jpg', '<p>\r\n	<span style="color:#000000;font-size:14px;">　　记者皮江星、特约记者卢华、通讯员杨必正报道：13日，笔者走进通城县石南镇，探访火热建设中的樊牌新城。只见宽阔平坦的沥青路面向远处延伸，高大宽敞的厂房鳞次栉比，山水相映的绿色村庄美丽如画，标准化的生猪养殖基地明亮整洁······</span> \r\n</p>\r\n<p>\r\n	<span style="color:#000000;font-size:14px;">　　总投资10亿元的樊牌新城，位于通城县与石南镇中心地段，包括樊店和牌合两个村，占地6平方公里。目前，工业园厂房已基本建设完工，现代农业区、畜禽养殖区和新城居住服务区雏形初现。</span> \r\n</p>\r\n<p>\r\n	<span style="color:#000000;font-size:14px;">　　建设樊牌新城，既是通城玉立集团实现“再造玉立”的宏大布局，更是近年来该县贯彻落实“四化同步”要求，助推“龙头企业倍增”、统筹城乡发展，实现绿色崛起的重大部署。</span> \r\n</p>\r\n<p>\r\n	<span style="color:#000000;font-size:14px;">　　有人说，通城实现绿色崛起有了新航标，那就是正拔地而起的樊牌新城。</span> \r\n</p>\r\n<p style="text-align:center;">\r\n	<span style="color:#000000;font-size:14px;">　　<strong>传统产业的华丽转身</strong></span> \r\n</p>\r\n<p>\r\n	<span style="color:#000000;font-size:14px;">　　从80年代的街边小作坊，到世界生产规模最大、傲视全国的行业翘楚，玉立集团打造了一架涂附磨具的航空母舰。玉立人却从未因此沾沾自喜，而是发出了“再造玉立”的时代强音······</span> \r\n</p>\r\n<p>\r\n	<span style="color:#000000;font-size:14px;">　　近年来，国内传统涂附磨具行业竞争进入白热化，但大多属于低端产品的重复制造，中高端产品市场长期被欧美企业垄断。技术和市场都已相当成熟的玉立，同样也面临着转型升级的迫切需求。</span> \r\n</p>\r\n<p>\r\n	<span style="color:#000000;font-size:14px;">　　再造玉立，不破不立。唯有打破落后生产技术的束缚，开拓发展空间，产品质量、档次、品种向上发展，国内市场向高端、专业发展，横向朝国外发展，才能担起引领全国涂附磨具行业发展的重担，肩负助推通城绿色崛起的历史使命。</span> \r\n</p>\r\n<p>\r\n	<span style="color:#000000;font-size:14px;">　　全自动的机械手臂灵活地摆动，蓝色的无纺布静静地从设备中缓缓而出······在玉立樊牌工业园生产车间，全新的生产模式给人留下了深刻的印象。</span> \r\n</p>\r\n<p>\r\n	<span style="color:#000000;font-size:14px;">　　玉立公司综合科科长黎平介绍，樊牌工业园总投资5亿元，采用轻钢结构建设，房顶安装有太阳能光伏发电设备。工业园按照“绿色环保、节能无污、设备先进、现代高效”的标准建设，目前安装的4条生产线，已有2条实现投产。</span> \r\n</p>\r\n<p>\r\n	<span style="color:#000000;font-size:14px;">　　新上的强力树脂切割片、软体抛光磨具和金刚石砂带三个项目，设备全部从欧美引进，由国外专家全程安装调试，耗时一个多月，可实现全程电脑控制管理。</span> \r\n</p>\r\n<p>\r\n	<span style="color:#000000;font-size:14px;">　　值得一提的是，新上的这几个项目不仅技术标准属世界一流，生产能力是国内同类设备的4倍，而且生产全过程无噪音、无粉尘、无气味，污水排放量只有原来的5%，各项环保参数均超过国家标准。</span> \r\n</p>\r\n<p>\r\n	<span style="color:#000000;font-size:14px;">　　“只需要按动几个按钮，便完成了加工作业，不仅减轻了工人的劳动强度，也提高了生产的效率。”黎平说。</span> \r\n</p>\r\n<p>\r\n	<span style="color:#000000;font-size:14px;">　　据预计，樊牌工业园全面投产后，10年内将实现新增工业产值20亿元，玉立总产值达50亿元，吸纳就业人口3000多人，年创利税1亿元。</span> \r\n</p>\r\n<p style="text-align:center;">\r\n	<span style="color:#000000;font-size:14px;">　　<strong>绿色崛起的强大引擎</strong></span> \r\n</p>\r\n<p>\r\n	<span style="color:#000000;font-size:14px;">　　“樊牌新城是一个优化产业结构、推进新型城镇化建设和新农村建设和助推通城绿色崛起的综合试验区。”去年，县政府多次举行加快樊牌新城建设专题督办会。</span> \r\n</p>\r\n<p>\r\n	<span style="color:#000000;font-size:14px;">　　2012年，项目建设规划出炉、完成40多户征地拆迁和前期准备工作;2013年，完成工业区土地平整和园区水电路等基础设施建设;2014年，完成工业园厂房建设，正式实现投产······从始至终，通城县委、县政府坚持政策扶持和发展创新，切实解决玉立樊牌新城建设的困难。</span> \r\n</p>\r\n<p>\r\n	<span style="color:#000000;font-size:14px;">　　在樊牌新城建设处于建设规划阶段，县委书记姜卫东等县主要领导到樊店和牌合村的田间地头，召开樊牌新城规划座谈会，征询当地群众意见。</span> \r\n</p>\r\n<p>\r\n	<span style="color:#000000;font-size:14px;">　　该县成立了以县委书记、县长为负责人的项目建设指挥部，下设13个工作转班，对项目建设实行全天候的协调和服务。同时，整合规划、交通、水利、农业、教育、国土、林业和石南镇等10多家有关单位，将各类项目和资金进行整合，目前共整合资金7000多万元用于樊牌新城建设。</span> \r\n</p>\r\n<p>\r\n	<span style="color:#000000;font-size:14px;">　　樊牌新城如何成为通城绿色崛起的引擎和样板?按照项目的总体规划，融“工业区、现代农业区、畜禽养殖区和新城居住区”四区一体的樊牌新城，是一个以新型工业为主导、以现代农业为支撑、以休闲服务业为特色的新型产业区。</span> \r\n</p>\r\n<p>\r\n	<span style="color:#000000;font-size:14px;">　　“四区”中，工业区已基本完成建设。牌合华中两头乌养殖基地和玉雨专业合作社等已经形成集生猪繁育、养殖、屠宰、加工为一体的生猪养殖区;以种植生态水稻和蔬菜为主的2000亩现代农业区，将于今年内基本建成;沿主干道统一规划的新型城镇居民区，正在有序建设，部分村民已经住上了新楼。</span> \r\n</p>\r\n<p>\r\n	<span style="color:#000000;font-size:14px;">　　以工促农、以城带乡、工农互惠、城乡统筹，是樊牌新城为通城实现绿色崛起留下的最好注脚。</span> \r\n</p>\r\n<p style="text-align:center;">\r\n	<span style="color:#000000;font-size:14px;">　　<strong>幸福新城的美妙乐章</strong></span> \r\n</p>\r\n<p>\r\n	<span style="color:#000000;font-size:14px;">　　工业园区和生态种养区山环水绕，整齐美观的居民小楼依山就势，村民们出有其业、入有所居，悠闲自得······</span> \r\n</p>\r\n<p>\r\n	<span style="color:#000000;font-size:14px;">　　“工业现代化、农业田园化、农村城市化;农民变工人、村民变股民、干部变老板”，初具雏形的樊牌新城，给人留下了无限想象的空间。</span> \r\n</p>\r\n<p>\r\n	<span style="color:#000000;font-size:14px;">　　樊牌新城建设过程中，该县在发挥政府主导作用的同时，始终突出农民在规划中的主体地位，发挥农民积极性，不搞大包大揽。不断增加农民对村庄建设规划的知情权、参与权，保护农民的利益。</span> \r\n</p>\r\n<p>\r\n	<span style="color:#000000;font-size:14px;">　　“为发挥最大社会效应，樊牌新城的建设实现了用地模式和发展模式的创新。”项目建设指挥办公室主任卢玲璋介绍。</span> \r\n</p>\r\n<p>\r\n	<span style="color:#000000;font-size:14px;">　　为保障村民的切身利益，该县变征地一次补偿，为固定保底分红与土地股权分红双重补偿。每年除保底租金外，村民和村里还有股权分红。在现代农业区和养殖区建设用地上，将农民土地经营权集中流转，成立专业合作社，农民以土地入股，土地权变股权，农民由种田者转变为新型产业工人。</span> \r\n</p>\r\n<p>\r\n	<span style="color:#000000;font-size:14px;">　　“年后就去工业园上班，既是为家乡建设出力，也免去了外出奔波的辛苦。”来自石南镇樊店村1组村民黎必文说。前年，他的20多亩低产冷浸田被征用后，每年仅固定保底分红就上万元。</span> \r\n</p>\r\n<p>\r\n	<span style="color:#000000;font-size:14px;">　　玉立公司相关负责人介绍，目前公司已对樊牌新城和附近村庄的青壮年劳动力进行摸底调查造册，共收集整理樊店和牌合村适龄劳动力300多人，春节过后将统一组织招工，让村民实现“家门口就业”。</span> \r\n</p>\r\n<p>\r\n	<span style="color:#000000;font-size:14px;">　　“三到五年内，家家住上小别墅，水、电、气、网设施齐全便捷，学校、医院、超市等公共设施一应俱全。”据了解，樊牌新城建成后，总人口可达1.5万人，届时展现在世人面前的将是一个集工业发展、公共服务、城市居住和休闲旅游为一体的幸福新城。<span style="line-height:21px;font-size:14px;">转自中国通城网</span></span> \r\n</p>\r\n<p>\r\n	<span style="color:#000000;font-size:14px;"><br />\r\n</span>\r\n</p>\r\n<p style="text-align:center;">\r\n	<span style="color:#000000;font-size:14px;"><img alt="" src="/data/upload/shop/editor/20150117161530_99291.jpg" /><br />\r\n</span>\r\n</p>\r\n<p style="text-align:center;">\r\n	<span style="color:#000000;font-size:14px;">　　樊牌新城工业园高大宽敞的厂房 </span>\r\n</p>\r\n<p style="text-align:center;">\r\n	<span style="color:#000000;font-size:14px;"><br />\r\n</span>\r\n</p>\r\n<p style="text-align:center;">\r\n	<img alt="" src="/data/upload/shop/editor/20150117161548_36979.jpg" /> \r\n</p>\r\n<p style="text-align:center;">\r\n	　　<span style="color:#000000;font-size:14px;">在建的樊牌新城工业园综合行政楼</span> \r\n</p>\r\n<p style="text-align:center;">\r\n	<span style="color:#000000;font-size:14px;"><br />\r\n</span>\r\n</p>\r\n<p style="text-align:center;">\r\n	<img alt="" src="/data/upload/shop/editor/20150117161601_94847.jpg" /> \r\n</p>\r\n<p style="text-align:center;">\r\n	　　<span style="color:#000000;font-size:14px;">玉立牌合国家级标准化规模养猪场</span> \r\n</p>\r\n<p style="text-align:center;">\r\n	<span style="color:#000000;font-size:14px;"><br />\r\n</span>\r\n</p>\r\n<p style="text-align:center;">\r\n	<img alt="" src="/data/upload/shop/editor/20150117161614_95399.jpg" /> \r\n</p>\r\n<p style="text-align:center;">\r\n	　　<span style="color:#000000;font-size:14px;">牌合玉立定点屠宰厂</span> \r\n</p>\r\n<p style="text-align:center;">\r\n	<span style="color:#000000;font-size:14px;"><br />\r\n</span>\r\n</p>\r\n<p style="text-align:center;">\r\n	<img alt="" src="/data/upload/shop/editor/20150117161625_19168.jpg" /> \r\n</p>\r\n<p style="text-align:center;">\r\n	　　<span style="color:#000000;font-size:14px;">樊牌新城牌合新村</span> \r\n</p>\r\n<br />', ' 记者皮江星、特约记者卢华、通讯员杨必正报道：13日，笔者走进通城县石南镇，探访火热建设中的樊牌新城。只见宽阔平坦的沥青路面向远处延伸，高大宽敞的厂房鳞次栉比，山水相映的绿色村庄美丽如画，标准化的生猪养殖基地明亮整洁······ 总投资10亿元的樊牌新城，位于通城县与石', 64, '', '', 1421482652, 0, 0, 0),
(36, 8, '', 1, 255, '蛋糕设计工作室里的女大学生', '04748275778302328_sm.jpg', '<p style="text-align:center;">\r\n	<span style="color:#000000;font-size:14px;"><img alt="" src="/data/upload/shop/editor/20150117163732_21288.jpg" /><br />\r\n</span>\r\n</p>\r\n<p>\r\n	<span style="color:#000000;font-size:14px;">　　刚忙完期末考试，陈思臣开始把大部分精力投入到亲手创办的蛋糕设计工作室中。这不，她又接了20多盒马卡龙的订单，这是一种用蛋白、杏仁粉、白砂糖和糖霜所做的法式甜点。与此同时，她还办起了培训课程，辅导零基础学员做蛋糕坯、搭配奶油造型、调制棒棒糖……</span> \r\n</p>\r\n<p>\r\n	<span style="color:#000000;font-size:14px;">　　陈思臣是北京第二外国语学院英语系2011级本科生，还没到22岁生日。上大学以前，从未接触过蛋糕制作的陈思臣，就在去年秋天，怀揣着“蛋糕梦”，开启了创业旅途。如今，她创办了蛋糕设计工作室，申请了营业执照，当上了自己的CEO，成为世界上最年轻的“艺术蛋糕大师”。她想用自己的实际行动证明：在“蜜罐”里长大的孩子也有梦想，会靠努力找到自己想要的生活。</span> \r\n</p>\r\n<p>\r\n	<span style="color:#000000;font-size:14px;">　　<strong>一台电烤箱 点燃心中的“蛋糕梦”</strong></span> \r\n</p>\r\n<p>\r\n	<span style="color:#000000;font-size:14px;">　　陈思臣从小对蛋糕有一种近乎痴迷的喜爱，时常在蛋糕房外驻足，看师傅做蛋糕。大三下学期，妈妈参加活动时，抽中了一台电烤箱。就是这样一次偶然的机会，点燃了陈思臣心中的“蛋糕梦”。</span> \r\n</p>\r\n<p>\r\n	<span style="color:#000000;font-size:14px;">　　她经常在网上搜寻蛋糕制作方法，试着在家里自己烤蛋糕。最初，她以为蛋糕只能做成蛋糕店里卖的那个样子。但是突然有一天，陈思臣在博客上看到一位久居英国的女士发表了几幅艺术蛋糕作品，她被深深地震撼了。“我从来没有想到过原来蛋糕也可以做得和艺术品一样精致!”</span> \r\n</p>\r\n<p>\r\n	<span style="color:#000000;font-size:14px;">　　从那以后，陈思臣开始往自己的蛋糕里注入创意，不再简单地摆放卡通模型，而是注重蛋糕的整体设计感。只要有闲暇时间，陈思臣就到网上搜寻蛋糕制作工艺，寻找大师。</span> \r\n</p>\r\n<p>\r\n	<span style="color:#000000;font-size:14px;">　　陈思臣可以把蛋糕做成玻璃效果，浅蓝色蛋糕表面镶嵌着不规则多边形的纹路，看起来像是炸裂的玻璃;她还可以把蛋糕做成游乐场里旋转木马的造型，几匹白马围着小亭子奔跑。在一般人眼中，很难把这些精致的艺术作品与蛋糕联系在一起。</span> \r\n</p>\r\n<p>\r\n	<span style="color:#000000;font-size:14px;">　　艺术蛋糕来源于英国，可以将蛋糕装饰出各种各样的风格，这是欧美人极其喜爱的蛋糕装饰手法，目前江浙沪一带较为盛行，但是在北京这座城市却鲜为人知。去年9月，陈思臣萌生了创办公司的想法，她想把艺术蛋糕当成事业去追求，让更多的人有所了解。</span> \r\n</p>\r\n<p>\r\n	<span style="color:#000000;font-size:14px;">　　于是，陈思臣开始了密集的“拜师之旅”。</span> \r\n</p>\r\n<p>\r\n	<span style="color:#000000;font-size:14px;">　　<strong>创业初期饱受争议 踏上孤独的“拜师”之旅</strong></span> \r\n</p>\r\n<p>\r\n	<span style="color:#000000;font-size:14px;">　　“这是我的一段新的路程，身为一名大学生，我情不自禁地被蛋糕的世界所吸引，开一个蛋糕设计工作室，是我的梦想。”怀揣着蛋糕梦，从没有离开爸妈单独远行的陈思臣，背起行囊，开始“探险”，踏上了难忘的拜师之旅。</span> \r\n</p>\r\n<p>\r\n	<span style="color:#000000;font-size:14px;">　　毫无经验的陈思臣，完全凭借微博、博客的指引，到全国各地寻找蛋糕“大师”。陈思臣乘坐高铁来到济南，跟Joy老师学习制作一种名叫马卡龙的法式甜点。随后又抵达浙江海宁、广州、上海，学习翻糖技巧，这是制作艺术蛋糕的基础，也让陈思臣开始近距离接触“艺术蛋糕”这一行当。去年10月到12月，整整三个月，被陈思臣安排得满满的。</span> \r\n</p>\r\n<p>\r\n	<span style="color:#000000;font-size:14px;">　　创业之路并不容易。“当你第一次创业的时候，你会发现：最先相信你的是陌生人，最先鼓励你的是合伙人，最先看不起你的是身边的人，最先不相信你的是你的亲人，打击你最狠的是最爱你的人……”这原本是马云说过的一句话，却在陈思臣创业初期最痛苦、最迷茫的时候，给予她莫大的精神慰藉，这句话实在让陈思臣感同身受。</span> \r\n</p>\r\n<p>\r\n	<span style="color:#000000;font-size:14px;">　　陈思臣的家人并不支持她创业，认为女孩子应该找一份踏实稳定的工作，一个学翻译的大学生去搞蛋糕了，是一件很丢人的事情。班里同学对陈思臣也有误解，密集拜师求学那段时间，耽误了不少课程，这在同学眼里，是“不务正业”的表现。</span> \r\n</p>\r\n<p>\r\n	<span style="color:#000000;font-size:14px;">　　面对质疑，陈思臣没有背弃初心，因为有太多人不了解艺术蛋糕，所以才会对她产生误解。然而，当陈思臣第一次拿着为客户量身定做的艺术蛋糕放到家人面前时，她的家人被陈思臣的手艺惊呆了。这时，陈思臣更加坚定了自己的创业路。</span> \r\n</p>\r\n<p>\r\n	<span style="color:#000000;font-size:14px;">　　终于，去年10月底，工作室的LOGO设计出炉，陈思臣在南二环一处小区里租了一间房子，并在工商局完成营业执照申请……北京Cake Eye(糕之眸)甜品设计有限公司诞生了!</span> \r\n</p>\r\n<p>\r\n	<span style="color:#000000;font-size:14px;">　　<strong>赴英国参加考试 成为最年轻的艺术蛋糕大师</strong></span> \r\n</p>\r\n<p>\r\n	<span style="color:#000000;font-size:14px;">　　Cake Eye——陈思臣为自己的工作室起了一个很好听的名字。在她看来，蛋糕就像眼睛，为她照见了一片全新的世界。同时，“Eye”的谐音是“爱”，做蛋糕，正是陈思臣所钟爱的事业。</span> \r\n</p>\r\n<p>\r\n	<span style="color:#000000;font-size:14px;">　　陈思臣说，公司的定位非常明确，面向高端白领市场，专门提供艺术蛋糕定制服务，包括生日派对、婚庆典礼等，客户提供需求，他们负责完成从设计到制作的全部环节。另外，她还打算开设艺术蛋糕培训课程，包括英式翻糖、翻糖彩绘、玻璃蛋糕、零基础入门课等。下个周末，第一期培训课程就要开班了。</span> \r\n</p>\r\n<p>\r\n	<span style="color:#000000;font-size:14px;">　　陈思臣为公司“招聘”了六名员工，都是她的朋友，其中有两人是二外同学。销售、讲师、宣传、原料配送……分工各有不同，公司逐渐步入了正轨。</span> \r\n</p>\r\n<p>\r\n	<span style="color:#000000;font-size:14px;">　　在公司刚成立的时候，陈思臣为了提升自己和公司的实力，她专门飞往英国，参加“英国皇家蛋糕装饰艺术资格认证”考试，这是艺术蛋糕领域最权威的认证考试，获得了这项认证，意味着她就可以当之无愧地称为“艺术蛋糕设计师”。</span> \r\n</p>\r\n<p>\r\n	<span style="color:#000000;font-size:14px;">　　去年11月，陈思臣在英国呆了十几天，她凭借艺术蛋糕作品“雀之圆舞曲”顺利通过考试。拿到证书后陈思臣才发现，她是所有人中年龄最小的一个。</span> \r\n</p>\r\n<p>\r\n	<span style="color:#000000;font-size:14px;">　　其实，陈思臣可谓是在“蜜罐”里长大的孩子。父母都是国企高管，她从小到大衣食无忧，家人也不指望她开辟一番大事业。但她为什么还要义无反顾地选择创业之路?陈思臣说，她想证明自己，90后并非没追求、没抱负，她有属于自己的梦想，即使没有父母的帮助，也能取得成功。</span> \r\n</p>', ' 刚忙完期末考试，陈思臣开始把大部分精力投入到亲手创办的蛋糕设计工作室中。这不，她又接了20多盒马卡龙的订单，这是一种用蛋白、杏仁粉、白砂糖和糖霜所做的法式甜点。与此同时，她还办起了培训课程，辅导零基础学员做蛋糕坯、搭配奶油造型、调制棒棒糖…… 陈思臣是北京第二外', 13, '', '', 1421483646, 0, 1, 0),
(37, 6, '', 1, 255, '教您怎样鉴别挑选羊毛衫', '04748281514157966_sm.jpg', '<p>\r\n	<span style="color:#000000;font-size:14px;">　　纤维的鉴别方法很多，归纳起来可为两大类。一类是较直观的感官鉴别法，另一类是利用各种纤维具有不同的物理、化学特性进行某些试验以达到..</span> \r\n</p>\r\n<p>\r\n	<span style="color:#000000;font-size:14px;">　　纤维的鉴别方法很多，归纳起来可为两大类。一类是较直观的感官鉴别法，另一类是利用各种纤维具有不同的物理、化学特性进行某些试验以达到鉴别的目的。较常用的有燃烧法、显微镜鉴别法和容剂解法。</span> \r\n</p>\r\n<p>\r\n	<span style="color:#000000;font-size:14px;">　　如何鉴别真假羊毛衫?</span> \r\n</p>\r\n<p>\r\n	<span style="color:#000000;font-size:14px;">　　纤维的鉴别方法很多，归纳起来可为两大类。一类是较直观的感官鉴别法，另一类是利用各种纤维具有不同的物理、化学特性进行某些试验以达到鉴别的目的。较常用的有燃烧法、显微镜鉴别法和容剂解法。</span> \r\n</p>\r\n<p>\r\n	<span style="color:#000000;font-size:14px;">　　(1)感官鉴别法。此法不需要用任何物品或仪器设备，依*自己的直观，长期工作的经验，根据织物的手感和绒面来鉴别。兔毛的纤维长一般在30-50毫米。兔毛纤维多，说明兔成分比例高，产品高档。羊毛衫和腈纶衫(俗称假羊毛衫)，由于腈纶纤维具有独特的似羊毛的优良特征，可以使人很难区别。但只要仔细观察，区别比较，也还是存在差异的。从直观上讲，羊毛产品比较柔软，而且富有弹性，比重大，色泽柔和。</span> \r\n</p>\r\n<p>\r\n	<span style="color:#000000;font-size:14px;">　　(2)燃烧法。羊毛产品，燃烧时，一边冒烟起泡一边燃烧，伴有烧毛发的臭味，灰烬多，有光泽的黑色必脆块状。腈纶产品，燃烧时，一边溶化一边缓慢燃烧，火焰呈白色，明亮有力，略有黑烟，有鱼腥臭味，灰为白色圆球状，脆而易碎。锦纶产品，一边溶化一边缓慢燃烧，烧时略有白烟，火焰小呈兰色、有芹菜香味，杰为浅褐色硬块，不易捻碎。</span> \r\n</p>\r\n<p>\r\n	<span style="color:#000000;font-size:14px;">　　羊毛与羊绒的区别</span> \r\n</p>\r\n<p>\r\n	<span style="color:#000000;font-size:14px;">　　1、细羊毛的鳞片排列比羊绒紧密且厚，其缩绒性比羊绒大。</span> \r\n</p>\r\n<p>\r\n	<span style="color:#000000;font-size:14px;">　　2、细羊毛的卷曲度比羊绒的卷曲度大。</span> \r\n</p>\r\n<p>\r\n	<span style="color:#000000;font-size:14px;">　　3、羊绒的皮质含量比细羊毛的高，羊绒纤维的刚性比细羊毛的好，即羊绒比细羊毛更柔软。</span> \r\n</p>\r\n<p>\r\n	<span style="color:#000000;font-size:14px;">　　4、羊绒的保暖性比细羊毛的强。</span> \r\n</p>\r\n<p>\r\n	<span style="color:#000000;font-size:14px;">　　5、羊绒的细度不匀率比细羊毛的小，其制品的外观质量比细羊毛好。</span> \r\n</p>\r\n<p>\r\n	<span style="color:#000000;font-size:14px;">　　6、羊绒的密度比细羊毛的小，其制品比细羊毛制品轻薄。</span> \r\n</p>\r\n<p>\r\n	<span style="color:#000000;font-size:14px;">　　7、细羊毛的耐酸、耐碱性比羊绒好，遇氧化剂和还原剂时亦比羊绒损伤小。</span> \r\n</p>\r\n<p>\r\n	<span style="color:#000000;font-size:14px;">　　8、通常细羊毛制品的抗起球性比羊绒制品好，但毡化收缩性大。小义</span> \r\n</p>\r\n<p>\r\n	<span style="color:#000000;font-size:14px;">　　怎样鉴别羊绒衫、羊毛衫和绒线衫</span> \r\n</p>\r\n<p>\r\n	<span style="color:#000000;font-size:14px;">　　羊绒衫是用山羊绒纺成的毛纱而织成的产品。由于山羊绒纤维比细羊毛短，比细羊毛还细，因而一般纺成80-120支的细毛纱，所以其织品特别柔软，具有很好的保暖性和弹性，穿着使人感到特别舒适。加入少量锦纶后，羊绒衫更加耐磨。</span> \r\n</p>\r\n<p>\r\n	<span style="color:#000000;font-size:14px;">　　羊毛衫是用针织绒线织成的产品。针织绒线有纯毛和纯腈纶等品种，是由两根单纱并拢而成。原料为细羊毛，纺成的绒线细而柔软，质量比较好，与羊绒衫难以区别，甚至会误认为是羊绒衫。</span> \r\n</p>\r\n<p>\r\n	<span style="color:#000000;font-size:14px;">　　绒线衫是用细绒线和粗绒线织成的毛针织品。细绒线所用的羊毛较细，粗绒线的羊毛纤维稍粗。不论细绒线还是粗绒线，其原料都是一般羊种的羊毛制品。此外，还有纯腈纶或毛腈混纺绒线织成的衫类服装，也具有毛型感，色泽鲜艳美观。</span> \r\n</p>\r\n<p>\r\n	<span style="color:#000000;font-size:14px;">　　对于大多数人来说，清洗针织衣物不是一件容易的事情。需要准备的清洗工具?针织物通常有那些分类?清洗时具体如何操作?给你全面的针织物保养方案。</span> \r\n</p>\r\n<p>\r\n	<span style="color:#000000;font-size:14px;">　　针织衣物是必不可少的冬季单品，不仅能够保暖，也能用来增加层次感，打造时尚装束。随着时间的推移，你或许留意到衣柜里的针织衣物数量增加了;不管预算多少都能买到高质量的针织品，而且其中的大多数都会变成衣柜里永不过时并可重复利用的必备单品。</span> \r\n</p>', ' 纤维的鉴别方法很多，归纳起来可为两大类。一类是较直观的感官鉴别法，另一类是利用各种纤维具有不同的物理、化学特性进行某些试验以达到.. 纤维的鉴别方法很多，归纳起来可为两大类。一类是较直观的感官鉴别法，另一类是利用各种纤维具有不同的物理、化学特性进行某些试验以达', 18, '', '', 1421484187, 0, 1, 0);
INSERT INTO `cor_life_article` (`article_id`, `ac_id`, `article_url`, `article_show`, `article_sort`, `article_title`, `thumb`, `article_content`, `description`, `click`, `source`, `tag`, `article_time`, `is_head`, `is_best`, `is_hot`) VALUES
(38, 11, '', 1, 255, '没有一双鞋子不是用来奔跑的', '04748288066627681_sm.jpeg', '<p>\r\n	<span style="color:#000000;font-size:14px;">　　走路特别、说话特别、写字特别的脑瘫患者，却以优异的成绩考取了北京理工大学的博士。“一个脑瘫博士是如何炼成的?”来自河南焦作农村的张大奎用不断奋斗的事迹回答了这个并不简单的问题。</span> \r\n</p>\r\n<p>\r\n	<span style="color:#000000;font-size:14px;">　　在大奎两岁的时候，高烧39度一直不退，父母连夜把他送往乡医院，然而乡下有限的治疗条件导致了严重的后遗症。后来，父母把他抱到北京求医，却得到了一个令人心碎的回答：“核黄疸后遗症”，小脑机能严重受损，运动平衡、肌肉协调等功能有较大障碍，俗称小脑瘫痪。</span> \r\n</p>\r\n<p>\r\n	<span style="color:#000000;font-size:14px;">　　医生告诉他们，这样的病在医学上没有好的治疗方案，唯一的方法是通过自己的锻炼恢复部分身体机能，才能达到自理的状态。大奎6岁之前只会在地上爬行，根本无法独自站立。</span> \r\n</p>\r\n<p>\r\n	<span style="color:#000000;font-size:14px;">　　但是他的父母始终坚信专家的论断，一直没有放弃对他的培养。当时，还没有今天这样好的康复训练机构和求助机制，大奎的父母自创了一套特别的锻炼方式。他们在两棵大树中间绑上两根竹竿，类似双杠，让他双臂架在上面练习腿力;后来又换成了绳子，他经常是走到一半就双膝跪倒在地，膝盖不知道磕破了多少次。他也曾想过放弃，但父母总是鼓励他，只有加强训练，大腿才能有力量，他才能学会走路。</span> \r\n</p>\r\n<p>\r\n	<span style="color:#000000;font-size:14px;">　　这样的锻炼方式，不知道磨坏了多少双鞋子。大奎的家庭本不富裕，母亲只能给他买十几元一双的军用胶鞋。由于他走路和保持平衡的姿势只能是脚拖来拖去，所以一个月基本上要磨坏两双胶鞋。每当父亲给他换鞋的时候，都语重心长地对他说：“奎，咱可不能穿新鞋走老路，没有一双鞋子不是用来奔跑的。”</span> \r\n</p>\r\n<p>\r\n	<span style="color:#000000;font-size:14px;">　　大奎理解父亲的用意，他记住了这句话。每当自己累了、倦了的时候，脑海里就浮现出父亲的话。经过不懈的锻炼，9岁的时候他开始学会使用拐杖，能够自己独立行走了。</span> \r\n</p>\r\n<p>\r\n	<span style="color:#000000;font-size:14px;">　　长大了的大奎，看到同村的小伙伴都去上学，他也渴望学到更多的知识。母亲知道以后，非常支持他。刚开始，他连笔都拿不好，更别说在本子上写字了。母亲只好手把手地教他写字，又特意给他订了大一些的本子，并画上米字格。就这样，大奎向人生迈出了新的一步。</span> \r\n</p>\r\n<p>\r\n	<span style="color:#000000;font-size:14px;">　　小学、初中、高中，尽管不容易，大奎还是以顽强的意志完成了学业，并在2002年考上黄河科技学院。就在他大专快毕业的时候，他犹豫了，是继续读书，还是就此结束?因为许多身体健全的名校毕业生都找不到工作，更何况他这样特殊的人，他不想再给父母添负担了。父亲知道他的想法后，开导他说：“奎，你要记得，咱不能穿新鞋走老路，没有一双鞋子不是用来奔跑的。”</span> \r\n</p>\r\n<p>\r\n	<span style="color:#000000;font-size:14px;">　　在父亲的鼓励下，张大奎考上了河南理工大学计算机学院，本科毕业后，还在那里读完了研究生。读研期间，他接触到了更多优秀的老师，并在他们的指导下接受了一些科研和工程方面的锻炼。这一经历让他更清楚地了解了自己，尤其是明白了自己想做什么和能做什么。他不但学会了自理，而且还有了更大的梦想。</span> \r\n</p>\r\n<p>\r\n	<span style="color:#000000;font-size:14px;">　　大奎决定考博。几经周折之后，他联系到了北京理工大学自然语言处理方面的专家樊孝忠教授。经过考虑后，老师同意了他的报考，但能不能考上，完全要靠自己。得到樊老师的允许，他把全部时间和精力都投入到了备考当中。经过笔试，面试，还有漫长的等待，一路过关斩将，他终于成为北京理工大学计算机学院的博士生。</span> \r\n</p>\r\n<p>\r\n	<span style="color:#000000;font-size:14px;">　　大奎创造了自己的生命奇迹，他用如此与众不同的方式感动了万千学子，感动了世界。当别人赞赏他的成功时，他常常想起父亲的话：“没有一双鞋子不是用来奔跑的。”</span> \r\n</p>', ' 走路特别、说话特别、写字特别的脑瘫患者，却以优异的成绩考取了北京理工大学的博士。“一个脑瘫博士是如何炼成的?”来自河南焦作农村的张大奎用不断奋斗的事迹回答了这个并不简单的问题。 在大奎两岁的时候，高烧39度一直不退，父母连夜把他送往乡医院，然而乡下有限的治疗条', 23, '', '', 1421484829, 0, 1, 0),
(39, 11, '', 1, 255, '背着希望上路', '04748300925406986_sm.jpg', '<p>\r\n	<span style="color:#000000;font-size:14px;">　　这是一则犹太人寓言励志故事，犹太民族是一个善于背着希望上路的民族，在他们看来，希望是前进路上的一面高高飘扬的旗帜，能给人以无穷的力量和勇气，指引着人们去克服创业旅途中的千辛万苦。</span> \r\n</p>\r\n<p>\r\n	<span style="color:#000000;font-size:14px;">　　骆驼妈妈领着一群小骆驼在渺无人烟的沙漠中跋涉，它们已在沙漠中走了好多天，因此都急切盼望着快点见到沙漠边缘那一抹绿色。</span> \r\n</p>\r\n<p>\r\n	<span style="color:#000000;font-size:14px;">　　热辣辣的太阳把沙子晒得滚烫，而口干舌燥的骆驼们没有了水。</span> \r\n</p>\r\n<p>\r\n	<span style="color:#000000;font-size:14px;">　　虽然骆驼是沙漠之舟，但如果长时间地缺水，它们依然会渴死。水是骆驼们穿越沙漠的信心和源泉，甚至是苦苦搜寻的求生目标。</span> \r\n</p>\r\n<p>\r\n	<span style="color:#000000;font-size:14px;">　　这时，骆驼妈妈从背上解下一只水桶，对大家说：“只剩这一桶水了，我们要等到最后一刻再喝，不然我们都会没命的。”</span> \r\n</p>\r\n<p>\r\n	<span style="color:#000000;font-size:14px;">　　骆驼们继续着艰难的行程，那桶水成了它们惟一的希望，看着沉沉的水桶，每只骆驼心中都有了一种对生命的渴望。</span> \r\n</p>\r\n<p>\r\n	<span style="color:#000000;font-size:14px;">　　但天气太炎热了，有的骆驼实在支撑不住了。</span> \r\n</p>\r\n<p>\r\n	<span style="color:#000000;font-size:14px;">　　“妈妈，让我喝口水吧。”一只小骆驼乞求着。</span> \r\n</p>\r\n<p>\r\n	<span style="color:#000000;font-size:14px;">　　“不行，这水要等到最艰难的时候才能喝，你现在还可以坚持一下。”骆驼妈妈生气地说。</span> \r\n</p>\r\n<p>\r\n	<span style="color:#000000;font-size:14px;">　　就这样，骆驼妈妈坚决地回绝着一只只想喝水的小骆驼。</span> \r\n</p>\r\n<p>\r\n	<span style="color:#000000;font-size:14px;">　　在一个大家再也难以支撑下去的黄昏，小骆驼们发现它们的妈妈不见了，只有那只水桶孤零零地立在前面的沙漠里，沙地上写着一行字：我不行了，你们带上这桶水走吧，要记住在走出沙漠之前，谁也不能喝这桶水，这是我最后的命令。</span> \r\n</p>\r\n<p>\r\n	<span style="color:#000000;font-size:14px;">　　骆驼妈妈为了大家的生存，把仅有的一桶水留了下来，每只小骆驼都抑制着内心的巨大悲痛出发了。那只沉甸甸的水桶在骆驼背上轮流传递着，但谁也不舍得打开喝一口，因为它们明白这是骆驼妈妈用自己的生命换来的。</span> \r\n</p>\r\n<p>\r\n	<span style="color:#000000;font-size:14px;">　　终于，骆驼们一步步挣脱了死亡线，顽强地穿越了茫茫沙漠。它们为能够活下来喜极而泣的时候，突然想到了骆驼妈妈留下的那桶水。</span> \r\n</p>\r\n<p>\r\n	<span style="color:#000000;font-size:14px;">　　打开桶盖，里面盛着的却是一桶沙子。</span> \r\n</p>', ' 这是一则犹太人寓言励志故事，犹太民族是一个善于背着希望上路的民族，在他们看来，希望是前进路上的一面高高飘扬的旗帜，能给人以无穷的力量和勇气，指引着人们去克服创业旅途中的千辛万苦。 骆驼妈妈领着一群小骆驼在渺无人烟的沙漠中跋涉，它们已在沙漠中走了好多天，因此都急切盼', 22, '', '', 1421485028, 0, 1, 0),
(40, 9, '', 1, 255, '令教育效果适得其反的十种态度，你有吗？', '04748295708845931_sm.jpg', '<p>\r\n	<span style="color:#000000;font-size:14px;">　　对孩子来说，他需要父母指导他如何生活、如何学习技能和积累经验，但孩子在接受父母教育的同时却很在乎他们的态度，这些态度也决定了孩子对父母教育的接收程度，然而，态度却是父母最容易忽视的。</span> \r\n</p>\r\n<p>\r\n	<span style="color:#000000;font-size:14px;">　　那么，父母在教育孩子时，他们最不能接受的态度有哪些呢?</span> \r\n</p>\r\n<p>\r\n	<span style="color:#000000;font-size:14px;">　　<strong>一、居高临下</strong></span> \r\n</p>\r\n<p>\r\n	<span style="color:#000000;font-size:14px;">　　这可能是传统遗留下的问题，许多父母在面对孩子时，总表现出一种居高临下的气势。专家表示：在人格上父母和孩子是平等的，如果父母总以家长自居，即使父母的批评有时百分之百正确，孩子们也会“口服心不服”。因此，专家建议：父母们应蹲下来和孩子说话，这样大家的感觉都会很好。</span> \r\n</p>\r\n<p>\r\n	<span style="color:#000000;font-size:14px;">　　<strong>二、求全责备</strong></span> \r\n</p>\r\n<p>\r\n	<span style="color:#000000;font-size:14px;">　　毕竟还是个孩子还小，当他在整理被褥、画画或者投掷皮球时没有做好，父母不应苛刻对待他们的表现，如果父母们总是苛刻地对孩子说，“你还差得远呢”，就会有意或无意地伤害到他们的自尊心。</span> \r\n</p>\r\n<p>\r\n	<span style="color:#000000;font-size:14px;">　　<strong>三、频频夸奖</strong></span> \r\n</p>\r\n<p>\r\n	<span style="color:#000000;font-size:14px;">　　别以为赏识教育就是要不停地夸奖孩子，其实这是一种错误理解，它更大程度上是指理解孩子和鼓励孩子。过度的无谓的夸奖只会使孩子骄傲自满，而且，听惯了父母夸大其辞的赞扬后，在步入社会后他们很可能只能听好话而听不进反面意见，由此人生易遭挫折。</span> \r\n</p>\r\n<p>\r\n	<span style="color:#000000;font-size:14px;">　　<strong>四、过多限制</strong></span> \r\n</p>\r\n<p>\r\n	<span style="color:#000000;font-size:14px;">　　孩子眼中的世界不可能和父母眼中的世界一个样。父母过多的限制会让孩子感觉收到束缚，这是孩子最为反感的。</span> \r\n</p>\r\n<p>\r\n	<span style="color:#000000;font-size:14px;">　　<strong>五、关心过头</strong></span> \r\n</p>\r\n<p>\r\n	<span style="color:#000000;font-size:14px;">　　“今天谁来了电话?”、“日记上记了些什么?”……每件事情父母都要问个明白;要知道过度关心，只会让孩子反感，因为，孩子会感觉自己的世界一直收到父母的干扰，自己的生活空间被在压缩，从而丧失特长发展的机会，甚至，引起我的逆反心理。</span> \r\n</p>\r\n<p>\r\n	<span style="color:#000000;font-size:14px;">　　<strong>六、全盘否定</strong></span> \r\n</p>\r\n<p>\r\n	<span style="color:#000000;font-size:14px;">　　在批评孩子的时候，有些父母常容易犯的错是批评的太过，诸如“你总是撒谎”“我们家里没哪个像你这样笨的”等，这些话肯定会引起孩子的反感，从而导致拒绝接受批评教育，甚至产生“破罐破摔”的思想情绪。</span> \r\n</p>\r\n<p>\r\n	<span style="color:#000000;font-size:14px;">　　<strong>七、是非不分</strong></span> \r\n</p>\r\n<p>\r\n	<span style="color:#000000;font-size:14px;">　　“这孩子喝酒快赶上他老爸了。”这句话到底是在表扬孩子还是在批评孩子呢?可能孩子们的理解中褒奖的成分会更多些吧!所以，父母在批评孩子是，一定要就事论事，并且让孩子知道他错在何处。</span> \r\n</p>\r\n<p>\r\n	<span style="color:#000000;font-size:14px;">　　<strong>八、贬损他人</strong></span> \r\n</p>\r\n<p>\r\n	<span style="color:#000000;font-size:14px;">　　偶尔把自己的孩子和同龄小朋友做些横向比较是自然的，但父母更多的是看到别家孩子的优点。这样的教育，怎能起到好的效果。</span> \r\n</p>\r\n<p>\r\n	<span style="color:#000000;font-size:14px;">　　<strong>九、事事代替</strong></span> \r\n</p>\r\n<p>\r\n	<span style="color:#000000;font-size:14px;">　　现在有许多父母事事都不让孩子干，不让孩子有自己作决定的权利，究其原因是怕孩子做不好或避免孩子遇到挫折后的伤心，但对孩子来说，不经历失败，怎能从错误中学到东西。况且，孩子在将来的某一天，终究要面临人生的重大抉择的，如果现在没有培养孩子的各种能力，他便无法自己把握将来。</span> \r\n</p>\r\n<p>\r\n	<span style="color:#000000;font-size:14px;">　　<strong>十、不作楷模</strong></span> \r\n</p>\r\n<p>\r\n	<span style="color:#000000;font-size:14px;">　　许多父母在教育孩子时，自己首先没做好榜样，当孩子效仿父母的一些不恰当行为时，父母又要千番指责。言传身教，没有身教，言传就无从谈起，因此，为孩子树立一个好榜样，才能起到垂范作用。</span> \r\n</p>', ' 对孩子来说，他需要父母指导他如何生活、如何学习技能和积累经验，但孩子在接受父母教育的同时却很在乎他们的态度，这些态度也决定了孩子对父母教育的接收程度，然而，态度却是父母最容易忽视的。 那么，父母在教育孩子时，他们最不能接受的态度有哪些呢? 一、居高临下 这可能是传统', 32, '', '', 1421485618, 0, 1, 0),
(41, 9, '', 1, 255, '美国家庭教育遵循的12个法则', '04748300388994104_sm.jpg', '<p>\r\n	<span style="color:#000000;font-size:14px;">　　美国一家媒体曾刊登过一篇有关家庭教育的文章，介绍了美国家庭中父母教育子女健康成长的12条基本法则。</span> \r\n</p>\r\n<p>\r\n	<span style="color:#000000;font-size:14px;">　　1.归属法则：保证孩子在健康的家庭环境中成长;</span> \r\n</p>\r\n<p>\r\n	<span style="color:#000000;font-size:14px;">&nbsp; &nbsp; &nbsp; &nbsp;2.希望法则：永远让孩子看到希望;</span> \r\n</p>\r\n<p>\r\n	<span style="color:#000000;font-size:14px;">　　3.力量法则：永远不要与孩子斗强;</span> \r\n</p>\r\n<p>\r\n	<span style="color:#000000;font-size:14px;">　　4.管理法则：在孩子未成年以前，管束是父母的责任;</span> \r\n</p>\r\n<p>\r\n	<span style="color:#000000;font-size:14px;">　　5.声音法则：尽管孩子在家里没有决定权，但是一定要倾听他们的声音;</span> \r\n</p>\r\n<p>\r\n	<span style="color:#000000;font-size:14px;">　　6.榜样法则：言传身教对孩子的影响是巨大的;</span> \r\n</p>\r\n<p>\r\n	<span style="color:#000000;font-size:14px;">&nbsp; &nbsp; &nbsp; &nbsp;7.求同存异法则：尊重孩子对世界的看法，并尽量理解他们;</span> \r\n</p>\r\n<p>\r\n	<span style="color:#000000;font-size:14px;">　　8.惩罚法则：这一法则容易使孩子产生逆反和报复心理，慎用!</span> \r\n</p>\r\n<p>\r\n	<span style="color:#000000;font-size:14px;">　　9.后果法则：让孩子了解其行为在现实世界中可能产生的后果;</span> \r\n</p>\r\n<p>\r\n	<span style="color:#000000;font-size:14px;">　　10.结构法则：教孩子从小了解道德和法律的界限;</span> \r\n</p>\r\n<p>\r\n	<span style="color:#000000;font-size:14px;">&nbsp; &nbsp; &nbsp; &nbsp;11.“20码”法则：培养孩子的独立意识，父母与其至少保持20码的距离;</span> \r\n</p>\r\n<p>\r\n	<span style="color:#000000;font-size:14px;">　　12.“四何”法则：任何情况下都要了解孩子跟何人在一起、在何地方、在干何事，以及何时回家。</span> \r\n</p>\r\n<p>\r\n	<span style="color:#000000;font-size:14px;">　　从这12条基本法则中我们可以看到，美国人的家教几乎与读书、学习、成绩、升学无关，而是注重“做人”，注重品德、修养的培育。</span> \r\n</p>\r\n<p>\r\n	<span style="color:#000000;font-size:14px;">　　这不由得让我们想到中国的家庭教育，在我国，有的家庭教育已成为学校教育的延续、延伸。做父母(家长)的几乎把全部心思、精力、包括财力都用在了子女的学习辅导、提高成绩上，至于如何做一个诚实、勤劳的人，如何做到生活自理、生活自立等内容，却“靠边站”。于是，我们看到：有的孩子仅仅学习好，其他方面则“不合格”;有的孩子甚至暴露出极端的自私、骄横、毫无爱心等缺点和道德感缺失的倾向。</span> \r\n</p>\r\n<p>\r\n	<span style="color:#000000;font-size:14px;">　　但愿我们能从中受到启迪，走出目前家庭教育的误区。</span> \r\n</p>', ' 美国一家媒体曾刊登过一篇有关家庭教育的文章，介绍了美国家庭中父母教育子女健康成长的12条基本法则。 1.归属法则：保证孩子在健康的家庭环境中成长; 2.希望法则：永远让孩子看到希望; 3.力量法则：永远不要与孩子斗强; 4.管理法则：在孩子未成年以前，管束是父母的责任; 5.声音法', 30, '', '', 1421485893, 0, 1, 0),
(42, 10, '', 1, 255, '闲聊通城那些耳熟能详的事(连载一：大美通城）', '04762961388291333_sm.jpg', '<p style="text-align:center;">\r\n	<img alt="" src="/data/upload/shop/editor/20150203162947_71059.jpg" /> \r\n</p>\r\n<p>\r\n	<span style="color:#000000;font-size:14px;"><span style="font-size:16px;">　　</span><span style="color:#e53333;font-size:16px;"><strong>大美通城</strong></span></span> \r\n</p>\r\n<p>\r\n	<span style="color:#000000;font-size:16px;">　　通城县位于湖北省东南部，湘鄂赣三省交界处，是咸宁、岳阳、九江金三角的中心交汇点，著名景点有“华中第一瀑布”之称的白水岩瀑布，“江南药库”之称的药姑山，“道教第二十五洞天”的黄龙山，通城县别称银邑，汉为下隽县地，故简称“隽”。 素有“一脚踏三省”和“吴楚咽喉”、“茶麻古道”、“茶叶之乡”、“云母之乡”、“牲猪大县”、“砂布王国”、“天然药库”等美誉，历为湘鄂赣边贸重镇。风光秀美，天然浑朴;资源独特，物阜民丰;经济强劲，特色鲜明。</span> \r\n</p>\r\n<p style="text-align:center;">\r\n	<span style="color:#000000;font-size:14px;"><img alt="" src="/data/upload/shop/editor/20150203164332_74698.jpg" /><br />\r\n</span>\r\n</p>\r\n<p>\r\n	<span style="color:#000000;font-size:16px;">　　通城县区位优势凸显，属武汉城市圈，毗邻长株潭城市群，连接环鄱阳湖经济圈，位居中国内陆两大“两型社会”改革试验区联接点，地处中国经济增长第四极的南昌、武汉、长沙“中三角”和咸宁、岳阳、九江“小三角”经济区交汇中心，被誉为“金三角”。</span> \r\n</p>\r\n<p style="text-align:center;">\r\n	<span style="color:#000000;font-size:14px;"><img alt="" src="/data/upload/shop/editor/20150203164357_25416.jpg" /><br />\r\n</span>\r\n</p>\r\n<p>\r\n	<span style="color:#000000;font-size:16px;">　　通城对外交通发达，区域交通枢纽战略地位突出。106国道和省道南大线穿境而过，杭瑞高速(通城段)投入运行，通界高速(通城—界上)快速建设，通嘉高速(通城—嘉鱼)正式开工，岳九铁路(过境通城)纳入国家“十二五”规划，距武汉、长沙、南昌均在200公里以内，进入华北、华东、华南地区均为6小时车程。</span> \r\n</p>\r\n<p style="text-align:center;">\r\n	<span style="color:#000000;font-size:14px;"><img alt="" src="/data/upload/shop/editor/20150203164411_52280.jpg" /><br />\r\n</span>\r\n</p>\r\n<p>\r\n	<span style="color:#000000;font-size:16px;">　　通城县正步入建设幕阜山综合开发示范县和打造“中三角”节点城市先行区的快车道，迎来了空前的历史发展机遇。</span> \r\n</p>\r\n<p style="text-align:center;">\r\n	<span style="color:#000000;font-size:14px;"><img alt="" src="/data/upload/shop/editor/20150203164434_37210.jpg" /><br />\r\n</span>\r\n</p>\r\n<p style="text-align:center;">\r\n	<span style="color:#000000;font-size:14px;"><br />\r\n</span>\r\n</p>\r\n<p>\r\n	<span style="color:#000000;font-size:14px;"><span style="font-size:16px;">　　</span><strong><span style="color:#e53333;font-size:16px;">乡俗特色</span></strong></span> \r\n</p>\r\n<p>\r\n	<span style="color:#000000;font-size:14px;"><span style="font-size:16px;">　　</span><strong><span style="font-size:16px;">呼唤风：</span></strong><span style="font-size:16px;">天气闷热或别的需要的时候却没有风，于是通城农家人就会唤风。口号是“天上的风，地上的洞，有风没风听我唤，呜喂……”</span></span> \r\n</p>\r\n<p style="text-align:center;">\r\n	<span style="color:#000000;font-size:14px;"><img alt="" src="/data/upload/shop/editor/20150203164504_46870.jpg" /><br />\r\n</span>\r\n</p>\r\n<p>\r\n	<span style="color:#000000;font-size:14px;"><span style="font-size:16px;">　　</span><strong><span style="font-size:16px;">莫借扇：</span></strong><span style="font-size:16px;">一个小口号，小时候感觉蛮好玩的。小时候经常听老人讲起，冷天莫占人的凳，热天莫借人的扇。如有人借扇，有这么个叫法“扇子扇凉风，时刻在手中，有人来借扇，自己要扇风。”</span></span> \r\n</p>\r\n<p style="text-align:center;">\r\n	<span style="color:#000000;font-size:14px;"><img alt="" src="/data/upload/shop/editor/20150203164524_35249.jpg" /><br />\r\n</span>\r\n</p>\r\n<p>\r\n	<span style="color:#000000;font-size:14px;"><span style="font-size:16px;">　　</span><strong><span style="font-size:16px;">叫月亮：</span></strong><span style="font-size:16px;">中秋的晚上，月亮高高挂，小孩子会成群结队拿着大圆饼，中间插根香，然后在村庄屋前或到山上到处跑，通城人说是“叫月亮光光”。大抵是这么个叫法“月亮光光恰饼咯，恰了好上岭咯……”，叫完了之后勒，回家就把饼给吃了，说是有月亮保佑哇!</span></span> \r\n</p>\r\n<p style="text-align:center;">\r\n	<span style="color:#000000;font-size:14px;"><img alt="" src="/data/upload/shop/editor/20150203164545_94677.jpg" width="600" height="375" /><br />\r\n</span>\r\n</p>\r\n<p>\r\n	<span style="color:#000000;font-size:14px;"><span style="font-size:16px;">　　</span><strong><span style="font-size:16px;">六月六：</span></strong><span style="font-size:16px;">通城乡下家家户户都养猪，用日常残渣剩菜、米汤、青菜、野草、米糠等混合煮熟喂养。每家每年至少也要出栏一二头猪。上半年屠宰后，猪内脏和少许肉留着自家吃，下半年年底洗发财猪，全部供自家吃，熏制成腊肉什么的，一直吃到年后。记得每逢六月六，就是大打牙几的时候，那种小时的味道如今记忆犹新，口头禅是“六月六，大猪肉，一巧饭，三块肉。”那种满嘴留香，余味三天犹存的享受绝非今天市面售卖猪肉所能比的。</span></span> \r\n</p>\r\n<p style="text-align:center;">\r\n	<span style="color:#000000;font-size:14px;"><img alt="" src="/data/upload/shop/editor/20150203164632_96525.jpg" width="600" height="400" /><br />\r\n</span>\r\n</p>\r\n<p style="text-align:left;">\r\n	<span style="color:#000000;font-size:14px;"></span>\r\n</p>', ' 大美通城 通城县位于湖北省东南部，湘鄂赣三省交界处，是咸宁、岳阳、九江金三角的中心交汇点，著名景点有“华中第一瀑布”之称的白水岩瀑布，“江南药库”之称的药姑山，“道教第二十五洞天”的黄龙山，通城县别称银邑，汉为下隽县地，故简称“隽”。 素有“一脚踏三省”和“吴楚咽喉', 100, '', '通城县,通城话,张家十伢', 1422952206, 1, 1, 0),
(43, 7, '', 1, 255, '写羊年祝福，赢新年红包，B2B2C电商平台微社区回帖抢楼火爆开启！', '04766159915905364_sm.jpg', '<p style="text-align:center;line-height:normal;font-family:sans-serif;white-space:normal;clear:both;font-size:16px;">\r\n	<span style="font-size:18px;"><img alt="" src="/data/upload/shop/editor/20150207092036_92847.jpg" width="600" height="333" /><br />\r\n</span>\r\n</p>\r\n<p style="text-align:center;line-height:normal;font-family:sans-serif;white-space:normal;clear:both;font-size:16px;">\r\n	<span style="font-size:18px;"><br />\r\n</span>\r\n</p>\r\n<p style="line-height:normal;font-family:sans-serif;white-space:normal;clear:both;font-size:16px;">\r\n	<span style="font-size:18px;">　　<span style="color:#ff0000;"><strong>写羊年祝福，回帖抢楼赢红包!</strong></span></span> \r\n</p>\r\n<p style="line-height:normal;font-family:sans-serif;white-space:normal;clear:both;font-size:16px;">\r\n	<span style="font-size:18px;">　　羊年到了，赶快写下自己对亲朋好友的美好祝福吧！</span> \r\n</p>\r\n<p style="line-height:normal;font-family:sans-serif;white-space:normal;clear:both;font-size:16px;">\r\n	<br />\r\n</p>\r\n<p style="line-height:normal;font-family:sans-serif;white-space:normal;clear:both;font-size:16px;">\r\n	<span style="font-size:18px;">　　【回帖格式】：写羊年祝福@你的羊年祝福语。</span><span style="font-size:18px;">例如：</span> \r\n</p>\r\n<p style="line-height:normal;font-family:sans-serif;white-space:normal;clear:both;font-size:16px;">\r\n	<span style="font-size:18px;">　　写羊年祝福@羊年期盼你：天天开心“喜羊羊”;事事如意“美羊羊”;工作愉快“懒羊羊”;合家幸福“暖羊羊”，总之愿你一切都好，羊年喜气“羊羊”!</span> \r\n</p>\r\n<p style="line-height:normal;font-family:sans-serif;white-space:normal;clear:both;font-size:16px;">\r\n	<br />\r\n</p>\r\n<p style="line-height:normal;font-family:sans-serif;white-space:normal;clear:both;font-size:16px;">\r\n	<span style="font-size:18px;">　　【活动要求】：</span> \r\n</p>\r\n<p style="line-height:normal;font-family:sans-serif;white-space:normal;clear:both;font-size:16px;">\r\n	<span style="font-size:18px;">　　1、每人只可领取一次红包(活动暂仅对通城县同城粉丝开放);</span> \r\n</p>\r\n<p style="line-height:normal;font-family:sans-serif;white-space:normal;clear:both;font-size:16px;">\r\n	<span style="font-size:18px;">　　2、按要求格式回帖抢楼，否则视为回帖无效。</span> \r\n</p>\r\n<p style="line-height:normal;font-family:sans-serif;white-space:normal;clear:both;font-size:16px;">\r\n	<span style="font-size:18px;">&nbsp; &nbsp; 3、回帖抢楼活动至2015年3月5日截止。</span> \r\n</p>\r\n<p style="line-height:normal;font-family:sans-serif;white-space:normal;clear:both;font-size:16px;">\r\n	<br />\r\n</p>\r\n<p style="line-height:normal;font-family:sans-serif;white-space:normal;clear:both;font-size:16px;">\r\n	<span style="font-size:18px;">　　【活动声明】：</span> \r\n</p>\r\n<p style="line-height:normal;font-family:sans-serif;white-space:normal;clear:both;font-size:16px;">\r\n	<span style="font-size:18px;">　　1、软件作弊取消资格!</span> \r\n</p>\r\n<p style="line-height:normal;font-family:sans-serif;white-space:normal;clear:both;font-size:16px;">\r\n	<span style="font-size:18px;">　　2、如因用户删帖造成楼层缺失或非通城同城用户占用楼层的，该红包顺延至下一楼层获得。</span> \r\n</p>\r\n<p style="line-height:normal;font-family:sans-serif;white-space:normal;clear:both;font-size:16px;">\r\n	<span style="font-size:18px;">　　3、获奖楼层名单随时在微社区公告，敬请随时关注。</span> \r\n</p>\r\n<p style="line-height:normal;font-family:sans-serif;white-space:normal;clear:both;font-size:16px;">\r\n	<span style="font-size:18px;">　　4、重复回帖抢楼占用奖项者按最低奖项发放红包。</span> \r\n</p>\r\n<p style="line-height:normal;font-family:sans-serif;white-space:normal;clear:both;font-size:16px;">\r\n	<span style="font-size:18px;">　　5、红包发放：获奖用户先在B2B2C电商平台注册取得一个用户名，红包以预存款充值到账。</span> \r\n</p>\r\n<p style="line-height:normal;font-family:sans-serif;white-space:normal;clear:both;font-size:16px;">\r\n	<span style="font-size:18px;">　　6、兑奖联系：通城县通泰市场七栋18号(B2B2C电商平台运营部)，电话：。</span> \r\n</p>\r\n<p style="line-height:normal;font-family:sans-serif;white-space:normal;clear:both;font-size:16px;">\r\n	<br />\r\n</p>\r\n<p style="line-height:normal;font-family:sans-serif;white-space:normal;clear:both;font-size:16px;">\r\n	<span style="font-size:18px;">　　欢迎粉丝家人们踊跃参加，送出自己羊年美好的祝福，赢取“大洋”红包!</span> \r\n</p>\r\n<p style="line-height:normal;font-family:sans-serif;white-space:normal;clear:both;font-size:16px;">\r\n	<span style="font-size:18px;">　　预祝羊年好运来，赶紧去回帖抢楼吧!</span> \r\n</p>\r\n<p style="line-height:normal;font-family:sans-serif;white-space:normal;clear:both;font-size:16px;">\r\n	<br />\r\n</p>\r\n<p style="line-height:normal;font-family:sans-serif;white-space:normal;clear:both;font-size:16px;">\r\n	<span style="font-size:18px;">　　<span style="color:#ff0000;"><strong>回帖楼层奖项设置：</strong></span></span> \r\n</p>\r\n<p style="line-height:normal;font-family:sans-serif;white-space:normal;clear:both;font-size:16px;">\r\n	<span style="font-size:18px;">　　【一等奖】：<span style="color:#ff0000;"><strong>200元红包</strong></span></span> \r\n</p>\r\n<p style="line-height:normal;font-family:sans-serif;white-space:normal;clear:both;font-size:16px;">\r\n	<span style="font-size:18px;">&nbsp; &nbsp; 回复楼层：第9、99、999、1999、2999楼</span> \r\n</p>\r\n<p style="line-height:normal;font-family:sans-serif;white-space:normal;clear:both;font-size:16px;">\r\n	<span style="font-size:18px;">　　【二等奖】：<span style="color:#ff0000;"><strong>100元红包</strong></span></span> \r\n</p>\r\n<p style="line-height:normal;font-family:sans-serif;white-space:normal;clear:both;font-size:16px;">\r\n	<span style="font-size:18px;">&nbsp; &nbsp; 回复楼层：第</span><span style="font-size:18px;">6、66、666、1666、2666楼</span> \r\n</p>\r\n<p style="line-height:normal;font-family:sans-serif;white-space:normal;clear:both;font-size:16px;">\r\n	<span style="font-size:18px;">　　【三等奖】：<span style="color:#ff0000;"><strong>50元红包</strong></span></span> \r\n</p>\r\n<p style="line-height:normal;font-family:sans-serif;white-space:normal;clear:both;font-size:16px;">\r\n	<span style="font-size:18px;">&nbsp; &nbsp; 回复楼层：第</span><span style="font-size:18px;">7、77、777、1777、2777楼</span> \r\n</p>\r\n<p style="line-height:normal;font-family:sans-serif;white-space:normal;clear:both;font-size:16px;">\r\n	<span style="font-size:18px;">　　【四等奖】：<span style="color:#ff0000;"><strong>10元红包</strong></span></span> \r\n</p>\r\n<p style="line-height:normal;font-family:sans-serif;white-space:normal;clear:both;font-size:16px;">\r\n	<span style="font-size:18px;">&nbsp; &nbsp; 回复楼层：第</span><span style="font-size:18px;">5、55、555、1555、2555、</span><span style="font-size:18px;">8、88、888、1888、2888楼</span> \r\n</p>\r\n<p style="line-height:normal;font-family:sans-serif;white-space:normal;clear:both;font-size:16px;">\r\n	<span style="font-size:18px;"><br />\r\n</span>\r\n</p>\r\n<p style="line-height:normal;font-family:sans-serif;white-space:normal;clear:both;font-size:16px;">\r\n	<span style="font-size:18px;">&nbsp; &nbsp;&nbsp;<span style="line-height:normal;font-family:sans-serif;white-space:normal;color:#ff0000;font-size:18px;"><strong>温馨提示：</strong></span><span style="line-height:normal;font-family:sans-serif;white-space:normal;font-size:18px;">关注B2B2C电商平台微信公众服务号，进入公众号点击屏幕导航菜单“微社区”，即可参加活动。已关注的老朋友直接点击“微社区”参加即可。独乐乐不如众乐乐，赶紧告诉你的好朋友吧！</span></span> \r\n</p>\r\n<p style="text-align:left;line-height:normal;font-family:sans-serif;white-space:normal;clear:both;font-size:16px;">\r\n	<span style="font-size:18px;"><span style="color:#e53333;font-size:18px;"><strong>&nbsp;&nbsp;</strong></span></span> \r\n</p>\r\n<p style="white-space:normal;">\r\n	<span style="color:#e53333;font-size:18px;"><strong>&nbsp; &nbsp; 打开微信扫一扫，点击屏幕右上角三个圆点，从相册选择二维码，载入刚保存到手机的二维码，即可成功关注B2B2C电商平台。</strong></span> \r\n</p>\r\n<div>\r\n	<br />\r\n</div>', ' 写羊年祝福，回帖抢楼赢红包! 羊年到了，赶快写下自己对亲朋好友的美好祝福吧！ 【回帖格式】：写羊年祝福@你的羊年祝福语。 例如： 写羊年祝福@羊年期盼你：天天开心“喜羊羊”;事事如意“美羊羊”;工作愉快“懒羊羊”;合家幸福“暖羊羊”，总之愿你一切都好，羊年喜气“羊羊”! 【活', 234, '', '羊年祝福,新年祝福,微社区', 1423272397, 1, 1, 0),
(44, 10, '', 1, 255, '闲聊通城那些耳熟能详的事（连载二：通城话）', '04767042453107971_sm.jpg', '<p style="text-align:center;">\r\n	<span style="color:#000000;font-size:16px;"><img alt="" src="/data/upload/shop/editor/20150208095431_21387.jpg" width="600" height="414" /><br />\r\n</span>\r\n</p>\r\n<p>\r\n	<span style="color:#000000;font-size:16px;">　　记得在外上学时，同学们都说我们讲的是英语。很快被别的同学驳斥，不是英语，是德语。英语还能听懂个ABC，可你们的通城话一句都听不懂，哈哈。那究竟是什么造成了通城话在外如此难交流呢?且随小编一同来看个究竟——</span> \r\n</p>\r\n<p style="text-align:center;">\r\n	<span style="color:#000000;font-size:16px;"><img alt="" src="/data/upload/shop/editor/20150208095530_10634.jpg" width="600" height="450" /><br />\r\n</span>\r\n</p>\r\n<p>\r\n	<span style="color:#000000;font-size:16px;">　　通城话是数千年来由居住在通城这块土地上的人们孕育而成的社会现象。由于通城地处湘语、赣语和北方话的结合部，加之又是历史上人口迁徙频繁的地域，使通城话的成分显得古老而又复杂，造成了讲通城话的人在与外地人的交往时产生了严重的障碍。正因为如此，通城话早已受到国内外语言学界的重视，并称之为“研究古代文化历史的活化石”，是集湘语、赣语和鄂语于一体的综合语言。</span> \r\n</p>\r\n<p style="text-align:center;">\r\n	<span style="color:#000000;font-size:16px;"><img alt="" src="/data/upload/shop/editor/20150208100200_40069.jpg" width="600" height="389" /><br />\r\n</span>\r\n</p>\r\n<p>\r\n	<span style="color:#000000;font-size:16px;">　　据史书记载，春秋战国时期，湖北东南部是楚国的边境，与东边的越国接壤。虽然处于楚国境内，但通行的却不是楚语(今湘语的前身)。但由于靠近古楚语的发源地，同时与湘语区接壤，使得通城话有很多楚语的特色词汇。如“受周(受气)”(古楚语)、“堂客(妻子)”(湘语)、“伢(孩子)”(湘语)、“崽(儿子)”(湘语)、“娭毑(老妇人)”(湘语)……</span> \r\n</p>\r\n<p style="text-align:center;">\r\n	<span style="color:#000000;font-size:16px;"><img alt="" src="/data/upload/shop/editor/20150208100230_19209.jpg" width="600" height="450" /><br />\r\n</span>\r\n</p>\r\n<p>\r\n	<span style="color:#000000;"><span style="color:#000000;font-size:16px;">　　从总体上来通城话按乡镇之别可分出三种不同的口音：隽水、五里牌、樊店、杨部、双龙等地基本为同一种口音(称为通城声)；北港 、大坪、 石南、程丰等地为基本同一种口音(称为湖南声)；塘湖、麦市、沙堆、马港、关刀、四庄等乡镇为同一种口音(称为崇阳声)。 这三种口音大同小异，相比之下北港、大坪、石南、程丰等地打“湖南声”和塘湖、麦市、沙堆、马港、关刀、四庄等地打的“崇阳声”差别较大。比如 “水”“车”“豆”“后”等等，在发音上有很明显的区别。 塘湖、麦市、沙堆、马港、关刀、四庄等地打“崇阳声”，如“水”读“悔”，“豆”读“忒”。而“通城声”应该是：“水”读“许”，“车”读“差”(或“且”)，“豆”读“挑”、“口”读“咳”，而“通城声”是读“巧”。北港、大坪、石南、程丰等地因为打“湖南声”(受湖南巴陵话、临湘话的影响)，只是通城话有三分之一文字读音“声调”不同，其它基本一致。但不管是北港、大坪、石南、程丰等地打的“湖南声”，还是塘湖、麦市、沙堆、马港、关刀、四庄等地打的“崇阳声”，它们相比真正的“湖南话”(是指带有临湘话、巴陵话)和“崇阳话”，又更有“通城话”的成分和特色，所以尽管存在一定的差异，总的来说都是以“通城声”为基准，也都属于“通城话”。</span> </span>\r\n</p>\r\n<p style="text-align:center;">\r\n	<span style="color:#000000;font-size:16px;"><img alt="" src="/data/upload/shop/editor/20150208100954_39525.jpg" width="600" height="370" /><br />\r\n</span>\r\n</p>\r\n<p>\r\n	<span style="color:#000000;font-size:16px;">　　<strong><span style="color:#e53333;">下面一起来领略下通城话的古老韵味吧，尤其是外地朋友可以瞬间过把地道的通城瘾哦。</span></strong></span> \r\n</p>\r\n<p>\r\n	<span style="color:#000000;font-size:16px;">　　通城人说话叫：<span style="color:#e53333;"><strong>打港，哇事</strong></span>。通城人说人烦人叫：<span style="color:#e53333;"><strong>讨嫌</strong></span>。通城人说人综合素质低叫：<strong><span style="color:#e53333;">二丐货忒</span></strong>。通城人说人玩世不恭或不认真叫：<strong><span style="color:#e53333;">搞忒戏</span></strong>。通城人吃了亏叫：<strong><span style="color:#e53333;">做去了货</span></strong>。</span> \r\n</p>\r\n<p style="text-align:center;">\r\n	<span style="color:#000000;font-size:16px;"><img alt="" src="/data/upload/shop/editor/20150208101403_92526.jpg" /><br />\r\n</span>\r\n</p>\r\n<p>\r\n	<span style="color:#000000;font-size:16px;">　　有的通城人说别人长得漂亮叫：<strong><span style="color:#e53333;">硕丽或牌子</span></strong>。通城说形容长得壮或胖的人叫：<strong><span style="color:#e53333;">愣壮</span></strong>。通城人说偷情叫：<strong><span style="color:#e53333;">捞人</span></strong>(偷人)。通城人说算了叫：<strong><span style="color:#e53333;">摡卵</span></strong>。通城人说母猪叫：<strong><span style="color:#e53333;">草猪者</span></strong>。通城说南瓜叫：<strong><span style="color:#e53333;">北瓜</span></strong>(北瓜和南瓜是一样的)。通城人说稀饭叫：<strong><span style="color:#e53333;">菊</span></strong>(粥)。通城人说天黑了叫：<strong><span style="color:#e53333;">篾暗忒</span></strong>。通城人说天亮了叫：<strong><span style="color:#e53333;">天光</span></strong>。通城人骂好吃懒做的人吃饭叫：<strong><span style="color:#e53333;">搓鸭</span></strong>。</span> \r\n</p>\r\n<p style="text-align:center;">\r\n	<span style="color:#000000;font-size:16px;"><img alt="" src="/data/upload/shop/editor/20150208101442_49487.jpg" /><br />\r\n</span>\r\n</p>\r\n<p>\r\n	<span style="color:#000000;font-size:16px;">　　管调皮捣蛋的人叫：<strong><span style="color:#e53333;">化伢鬼忒</span></strong>。聪明叫：<strong><span style="color:#e53333;">袜俺</span></strong>。爷爷奶奶外公外婆都叫：<strong><span style="color:#e53333;">嗲嗲</span></strong>。通城人娶媳妇叫：<strong><span style="color:#e53333;">接姑忒</span></strong>。通城人茅房叫：<strong><span style="color:#e53333;">茅屎</span></strong>。通城人解搀叫：<strong><span style="color:#e53333;">打牙几</span></strong>(打牙祭)。通城人谈恋爱叫：<strong><span style="color:#e53333;">哇姑忒</span></strong>。通城人要饭叫：<strong><span style="color:#e53333;">讨米咯</span></strong>。通城人红薯叫：<strong><span style="color:#e53333;">茴驼</span></strong>。通城人闹新房叫：<strong><span style="color:#e53333;">叼新假假</span></strong>。通城小孩满周岁叫：<strong><span style="color:#e53333;">妈周</span></strong>(就是抓周的意思)。通城人傻瓜叫：<strong><span style="color:#e53333;">嗦把</span></strong>。通城人毛巾叫：<strong><span style="color:#e53333;">服忒</span></strong>。通城人老婆婆叫：<strong><span style="color:#e53333;">哀家</span></strong>。通城人老头子叫：<strong><span style="color:#e53333;">老脚</span></strong>。</span> \r\n</p>\r\n<p style="text-align:center;">\r\n	<span style="color:#000000;font-size:16px;"><img alt="" src="/data/upload/shop/editor/20150208101512_29456.jpg" /><br />\r\n</span>\r\n</p>\r\n<p>\r\n	<span style="color:#000000;font-size:16px;">　　通城人年轻人叫：<strong><span style="color:#e53333;">后生噶</span></strong>(就是后生仔)。通城人老公也叫：<strong><span style="color:#e53333;">老脚</span></strong>。通城人老婆叫：<strong><span style="color:#e53333;">姑忒</span></strong>。通城人把傻子的叫：<strong><span style="color:#e53333;">二丐货忒</span></strong>。通城人大便叫：<strong><span style="color:#e53333;">窝把把</span></strong>。</span> \r\n</p>\r\n<p>\r\n	<span style="color:#000000;font-size:16px;">　　通城人爆米花叫：<strong><span style="color:#e53333;">米婆</span></strong>。通城人说是真的吗叫：<strong><span style="color:#e53333;">身猛哪</span></strong>。通城人膝盖叫：<strong><span style="color:#e53333;">舌楞跟忒</span></strong>。通城人回家叫：<strong><span style="color:#e53333;">茄鱼或切归</span></strong>。通城人接吻叫：<strong><span style="color:#e53333;">捉几</span></strong>。通城人虱子叫：<strong><span style="color:#e53333;">色婆</span></strong>。小孩子叫：<strong><span style="color:#e53333;">唛戏</span></strong>。通城骂睡懒觉的人叫：<strong><span style="color:#e53333;">摊尸</span></strong>。通城人辫子叫：<strong><span style="color:#e53333;">顶带</span></strong>。</span> \r\n</p>\r\n<p style="text-align:center;">\r\n	<span style="color:#000000;font-size:16px;"><img alt="" src="/data/upload/shop/editor/20150208101539_26649.jpg" /><br />\r\n</span>\r\n</p>\r\n<p>\r\n	<span style="color:#000000;font-size:16px;">　　通城人长得漂亮叫：<strong><span style="color:#e53333;">长得排子</span></strong>。通城人姐姐叫：<strong><span style="color:#e53333;">假假</span></strong>(乡下把姐姐叫哥哥，哥哥也叫哥哥) 。吃饭叫：<strong><span style="color:#e53333;">恰饭</span></strong>。吃晚饭叫：<strong><span style="color:#e53333;">宵丫</span></strong>。通城人非常有钱叫：<strong><span style="color:#e53333;">点把有钱</span></strong>。通城人学校叫：<strong><span style="color:#e53333;">壳堂</span></strong>。通城人欺负叫：<strong><span style="color:#e53333;">惦念或垫子绰拈</span></strong>。</span> \r\n</p>\r\n<p>\r\n	<span style="color:#000000;font-size:16px;">(还有很多不一一举例了，总之我觉得通城方言保留了中国古代的很多语言)</span> \r\n</p>', ' 记得在外上学时，同学们都说我们讲的是英语。很快被别的同学驳斥，不是英语，是德语。英语还能听懂个ABC，可你们的通城话一句都听不懂，哈哈。那究竟是什么造成了通城话在外如此难交流呢?且随小编一同来看个究竟—— 通城话是数千年来由居住在通城这块土地上的人们孕育而成的社会', 104, 'B2B2C电商平台', '通城话', 1423361769, 1, 1, 0);
INSERT INTO `cor_life_article` (`article_id`, `ac_id`, `article_url`, `article_show`, `article_sort`, `article_title`, `thumb`, `article_content`, `description`, `click`, `source`, `tag`, `article_time`, `is_head`, `is_best`, `is_hot`) VALUES
(45, 6, '', 1, 255, '原来吃红枣竟可美颜、嫩肤、去皱、抗癌！', '04767404205751272_sm.jpg', '<p style="line-height:normal;font-family:sans-serif;white-space:normal;clear:both;font-size:16px;">\r\n	<span style="font-size:18px;">　　红枣也被称为大枣、枣子等，含有丰富的蛋白质、脂肪、糖份、胡萝卜素、维生素B、C、P及磷、钙、铁等，有维生素丸的美称，有较强的抑爱、抗过敏作用。红枣内含有环磷酸腺苷，能增强肌力、消除疲劳、扩张血管、增加心肌收缩力、改善心肌营养，对防治心血管疾病有良好作用。红枣还能能补虚益气、养血安神、健脾和胃等，是脾胃虚弱、气血不足、倦怠无力、失眠等患者很好的保健品。同时对急慢性肝炎、肝硬化、贫血等症有良好疗效。所以说红枣是一种很好的果品，而且价格也不是很贵（B2B2C电商平台商城可送货上门），可以作为零食来吃，有益于身心健康。</span> \r\n</p>\r\n<p style="line-height:normal;font-family:sans-serif;white-space:normal;clear:both;font-size:16px;">\r\n	<img style="max-width:100%;height:auto !important;" alt="image" src="https://mmbiz.qlogo.cn/mmbiz/ibpmre87eiarGzjw0rszT1dNLZ5Vrazxj9aXSd2GpN5dE7KxKg8GrK1bbw6r0U9ZMaMVCmibuwRZiaxS8fA5Ud5j6Q/0" /> \r\n</p>\r\n<p style="line-height:normal;font-family:sans-serif;white-space:normal;clear:both;font-size:16px;">\r\n	<br />\r\n</p>\r\n<p style="line-height:normal;font-family:sans-serif;white-space:normal;clear:both;font-size:16px;">\r\n	<span style="font-size:18px;">　　下面介绍红枣的功效与作用:</span> \r\n</p>\r\n<p style="line-height:normal;font-family:sans-serif;white-space:normal;clear:both;font-size:16px;">\r\n	<span style="font-size:18px;">　　<span style="color:#ff0000;"><strong>红枣的功效</strong></span></span> \r\n</p>\r\n<p style="line-height:normal;font-family:sans-serif;white-space:normal;clear:both;font-size:16px;">\r\n	<span style="font-size:18px;">　　<strong>一、补脾、养血、安神</strong></span> \r\n</p>\r\n<p style="line-height:normal;font-family:sans-serif;white-space:normal;clear:both;font-size:16px;">\r\n	<span style="font-size:18px;">　　晚饭后用红枣加水煎汁服用即可：或者与百合煮粥：临睡前喝汤吃枣，都能加快入睡。用鲜红枣1000克，洗净去核取肉捣烂，加适量水用文火煎，过滤取汁，混入500克蜂蜜，于火上调匀取成枣膏，装瓶备用。每次服15毫升，每日2次，连续服完，可防治失眠。</span> \r\n</p>\r\n<p style="line-height:normal;font-family:sans-serif;white-space:normal;clear:both;font-size:16px;">\r\n	<img style="max-width:100%;height:auto !important;" alt="image" src="https://mmbiz.qlogo.cn/mmbiz/ibpmre87eiarGzjw0rszT1dNLZ5Vrazxj934vqVaXmrrOhlb3ic0NdYicaa47AAKId2odcScdRl6rBMHbSdL2M9xibw/0" /><br />\r\n<span style="font-size:18px;">　　<strong>二、驻颜祛斑、健美丰肌</strong></span> \r\n</p>\r\n<p style="line-height:normal;font-family:sans-serif;white-space:normal;clear:both;font-size:16px;">\r\n	<span style="font-size:18px;">　　红枣10枚，黑木耳15克，冰糖适量。将红枣冲洗干净，用清水浸泡约2小时后捞出，剔去枣核。黑木耳用清水泡发，摘洗干净。把红枣、黑木耳放入汤盆内，加入适量清水、冰糖，上笼蒸约1小时即成。每日早、晚餐后各服一次，可以补虚养血。适用于血虚面色苍白、心慌心惊及贫血者食用。无病者食之，可起到养血强壮的保健作用。经常服食，可以驻颜祛斑、健美丰肌，并用于治疗面部黑斑、形瘦。注意湿痰及积滞者不宜多食。</span> \r\n</p>\r\n<p style="line-height:normal;font-family:sans-serif;white-space:normal;clear:both;font-size:16px;">\r\n	<img style="max-width:100%;height:auto !important;" alt="image" src="https://mmbiz.qlogo.cn/mmbiz/ibpmre87eiarGzjw0rszT1dNLZ5Vrazxj9E7hiciakbo6yMQF7NN6BR86SOV3CN88DAHdwe7eAmKCYw1lVjpGZ0Zlw/0" /><br />\r\n<span style="font-size:18px;">　　<strong>三、调经、去便秘</strong></span> \r\n</p>\r\n<p style="line-height:normal;font-family:sans-serif;white-space:normal;clear:both;font-size:16px;">\r\n	<span style="font-size:18px;">　　当归15克、红枣50克、白糖20克、粳米50克。先将当归用温水浸泡片刻，加水200克，先煎浓汁100克，去渣取汁，与粳米、红枣和白糖一同加水适量，煮至粥成。每日早晚温热服用，10日为1个疗程。此粥具有补血调经，活血止痛，润肠通便的功能，适用于气血不足、月经不调、闭经痛经、血虚头痛、眩晕及便秘等症。</span> \r\n</p>\r\n<p style="line-height:normal;font-family:sans-serif;white-space:normal;clear:both;font-size:16px;">\r\n	<img style="max-width:100%;height:auto !important;" alt="image" src="https://mmbiz.qlogo.cn/mmbiz/ibpmre87eiarGzjw0rszT1dNLZ5Vrazxj9UyBpjL7yWF6c2qkp952KfrPQGW11rAk16Ix8R0Idmlrrn25fVS3yqw/0" /><br />\r\n<span style="font-size:18px;">　　<strong>四、解郁、除皱、皮肤白嫩细滑</strong></span> \r\n</p>\r\n<p style="line-height:normal;font-family:sans-serif;white-space:normal;clear:both;font-size:16px;">\r\n	<span style="font-size:18px;">　　生姜500克、红枣250克、盐100克、甘草150克、丁香25克、沉香25克。共捣成粗末和匀备用。每次15--25克，清晨煎服或泡水代茶饮，每日数次。此茶具有补脾、养血、健胃、安神、解郁之功效，久服令人容颜白嫩、皮肤细滑、皱纹减少。</span> \r\n</p>\r\n<p style="line-height:normal;font-family:sans-serif;white-space:normal;clear:both;font-size:16px;">\r\n	<img style="max-width:100%;height:auto !important;" alt="image" src="https://mmbiz.qlogo.cn/mmbiz/ibpmre87eiarGzjw0rszT1dNLZ5Vrazxj9JlibLp28QFuO0DHAnDJHVlkh6ACZWkg8tawHbiazuAADpW97HrumIHMQ/0" /><br />\r\n<span style="font-size:18px;">　　<strong>五、清肝明目</strong></span> \r\n</p>\r\n<p style="line-height:normal;font-family:sans-serif;white-space:normal;clear:both;font-size:16px;">\r\n	<span style="font-size:18px;">　　红枣50克、粳米100克、菊花15克，一同放入锅内加清水适量，煮至浓稠时，放入适量红糖调味食用。此方具有健脾补血、清肝明目之功效;长期食用可使面部肤色红润，起到保健防病的作用。</span> \r\n</p>\r\n<p style="line-height:normal;font-family:sans-serif;white-space:normal;clear:both;font-size:16px;">\r\n	<img style="max-width:100%;height:auto !important;" alt="image" src="https://mmbiz.qlogo.cn/mmbiz/ibpmre87eiarGzjw0rszT1dNLZ5Vrazxj9PBlWetPjMsIIqEc2BODPubMB13ibTYRzGdEiau2P8aqRRNoylEiaMUBmQ/0" /><br />\r\n<span style="font-size:18px;">　　<strong>六、润肺健脾、使面色红润</strong></span> \r\n</p>\r\n<p style="line-height:normal;font-family:sans-serif;white-space:normal;clear:both;font-size:16px;">\r\n	<span style="font-size:18px;">　　红枣50克、水发黑木耳100克、白糖适量。将水发木耳去杂质洗净，切成小块。红枣去核，一同放入锅中加清水适量煮至红枣、木耳烂熟，放入白糖调味即可食用。据本草记载，红枣具有润肺健脾、止咳、补五脏、疗虚损的作用，配以滋补强身的黑木耳，其补益、滋养、活血、养容的作用增强。常食能使面色红润、青春焕发，此汤尤益于女性。</span> \r\n</p>\r\n<p style="line-height:normal;font-family:sans-serif;white-space:normal;clear:both;font-size:16px;">\r\n	<img style="max-width:100%;height:auto !important;" alt="image" src="https://mmbiz.qlogo.cn/mmbiz/ibpmre87eiarGzjw0rszT1dNLZ5Vrazxj9eZrJnlyEDnada4DULrVmbTzqHcicPFTVLPhyEpIxD0Bx2iaicZPITqsOQ/0" /> \r\n</p>\r\n<p style="line-height:normal;font-family:sans-serif;white-space:normal;clear:both;font-size:16px;">\r\n	<span style="font-size:18px;">　　<span style="color:#ff0000;"><strong>红枣的其他功效</strong></span></span> \r\n</p>\r\n<p style="line-height:normal;font-family:sans-serif;white-space:normal;clear:both;font-size:16px;">\r\n	<span style="font-size:18px;">　　<strong>抗过敏：</strong>红枣治过敏性紫斑，每天吃三次，每次吃10枚，一般三天见效。近来日本科学家发现红枣中含有大量叫做环磷酸腺苷的物质，它具有扩张血管、抗过敏作用。同时还具有增强心肌收缩力，改善心肌营养的作用。</span> \r\n</p>\r\n<p style="line-height:normal;font-family:sans-serif;white-space:normal;clear:both;font-size:16px;">\r\n	<span style="font-size:18px;">　　<strong>治低血压：</strong>大枣20枚，母鸡一只，将鸡切成块，大火煸炒，加佐料，煮八成熟时加入大枣焖熟，分次食之。</span> \r\n</p>\r\n<p style="line-height:normal;font-family:sans-serif;white-space:normal;clear:both;font-size:16px;">\r\n	<span style="font-size:18px;">　　<strong>护肝：</strong>每天吃20枚红枣可预防肝炎。对于急慢性肝炎、肝硬化患者及血清转氨酶活力较高的病人，每晚睡前服红枣花生汤(红枣、花生、冰糖各30克，先煎花生后入红枣、冰糖)一剂，30天为一疗程，能降低血清谷丙转氨酶水平。</span> \r\n</p>\r\n<p style="line-height:normal;font-family:sans-serif;white-space:normal;clear:both;font-size:16px;">\r\n	<span style="font-size:18px;">　　<strong>抗癌：</strong>红枣富含三萜类化合物和二磷酸腺苷。三萜类化合物大都具有抑制癌细胞的功能。所以常食红枣的人很少患癌症。</span> \r\n</p>\r\n<p style="line-height:normal;font-family:sans-serif;white-space:normal;clear:both;font-size:16px;">\r\n	<br />\r\n</p>\r\n<p style="line-height:normal;font-family:sans-serif;white-space:normal;clear:both;font-size:16px;">\r\n	<img style="max-width:100%;height:auto !important;" alt="image" src="https://mmbiz.qlogo.cn/mmbiz/ibpmre87eiarGzjw0rszT1dNLZ5Vrazxj9fQG7myyqd5fW1Kmx3T2Bic0k6Ny7IkNSPM16hkqfaXVAjB5wwJ09NibQ/0" /><br />\r\n<img style="max-width:100%;height:auto !important;" alt="image" src="https://mmbiz.qlogo.cn/mmbiz/ibpmre87eiarGzjw0rszT1dNLZ5Vrazxj9yj2vcVe7iaPLffH2icsVRZMuntSmcKj6rSs3eNqNXNEpFYATRj7k3uSw/0" /><br />\r\n<img style="max-width:100%;height:auto !important;" alt="image" src="https://mmbiz.qlogo.cn/mmbiz/ibpmre87eiarGzjw0rszT1dNLZ5Vrazxj9RVUwkZwUUWZlwEibFpDgAqPaFukcQLnZiazoWmh1ebPiccntHwj5X4b3Q/0" /><br />\r\n<img style="max-width:100%;height:auto !important;" alt="image" src="https://mmbiz.qlogo.cn/mmbiz/ibpmre87eiarGzjw0rszT1dNLZ5Vrazxj9T8qC0FSKMXdWwAUCv9LtaRzhic20BEibY8bWichMVAkdqgZvdPnA6SKBg/0" /> \r\n</p>', ' 红枣也被称为大枣、枣子等，含有丰富的蛋白质、脂肪、糖份、胡萝卜素、维生素B、C、P及磷、钙、铁等，有维生素丸的美称，有较强的抑爱、抗过敏作用。红枣内含有环磷酸腺苷，能增强肌力、消除疲劳、扩张血管、增加心肌收缩力、改善心肌营养，对防治心血管疾病有良好作用。红枣还能', 41, 'B2B2C电商平台', '红枣，美颜，抗癌', 1423396448, 0, 1, 0),
(46, 7, '', 1, 255, '【晒年味】关注羊年 晒出你身边的“年味”赢取青花瓷笔+青花鼠标+U盘套装礼品', '04767934768645716_sm.jpg', '<p style="text-align:center;">\r\n	<br />\r\n<img style="line-height:1.5;background-color:white;color:#e53333;font-size:18px;" alt="" src="/data/upload/shop/editor/20150209103838_59460.jpg" /> \r\n</p>\r\n<p style="text-align:left;">\r\n	<span style="line-height:1.5;"></span>\r\n</p>\r\n<p style="text-align:left;">\r\n	<br />\r\n</p>\r\n<h1 style="background-color:white;white-space:normal;margin-left:0cm;">\r\n	<span style="color:#e53333;font-size:18px;">【晒年味】关注羊年 晒出你身边的“年味”赢取青花瓷笔+青花鼠标+U盘套装礼品</span> \r\n</h1>\r\n<p>\r\n	<span style="color:#e53333;font-size:18px;"><br />\r\n</span>\r\n</p>\r\n<p style="text-align:left;">\r\n	<span style="font-size:18px;"></span><span style="line-height:1.5;font-size:18px;">　　<strong><span style="color:#e53333;">羊年春节，你体会到身边的年味了吗?</span></strong></span> \r\n</p>\r\n<p>\r\n	<span style="color:#e53333;font-size:18px;"><strong>　　关注通城，关注你身边的年味!</strong></span> \r\n</p>\r\n<p>\r\n	<span style="font-size:18px;"><br />\r\n</span>\r\n</p>\r\n<p>\r\n	<span style="color:#000000;font-size:18px;">　　什么是年味？年味就是全家团圆的喜乐气氛；就是晚辈孝敬长辈围坐在桌前敬的那一杯酒；就是屋外烟花闪耀飘进鼻内的一股幽香；就是妈妈忙前忙后做的一顿年夜饭中的饺子；就是逛庙会看着舞龙吃着糖瓜儿仿佛又回到童年的一种享受；就是甭管认识不认识，见面都说过年好的那种友好感觉；就是满大街挂满了红灯笼充满了祝福话语的那种气氛…… 这就叫年味。</span> \r\n</p>\r\n<p>\r\n	<span style="font-size:18px;"><br />\r\n</span>\r\n</p>\r\n<p>\r\n	<span style="font-size:18px;">　　<span style="color:#e53333;">在我的印象中，</span></span> \r\n</p>\r\n<p>\r\n	<span style="color:#e53333;font-size:18px;">　　“年味”就是忙忙碌碌的一大家子的亲戚朋友们，</span> \r\n</p>\r\n<p>\r\n	<span style="color:#e53333;font-size:18px;">　　团坐在一起，大家一起吃吃喝喝聊聊，</span> \r\n</p>\r\n<p>\r\n	<span style="color:#e53333;font-size:18px;">　　大人们给小孩子们发压岁红包，</span> \r\n</p>\r\n<p>\r\n	<span style="color:#e53333;font-size:18px;">　　小辈给长辈们准备点营养品、保健品以示孝顺。</span> \r\n</p>\r\n<p>\r\n	<span style="color:#e53333;font-size:18px;"><br />\r\n</span>\r\n</p>\r\n<p>\r\n	<span style="color:#e53333;font-size:18px;">　　那么你嗅到身边的“年味”了吗?</span> \r\n</p>\r\n<p>\r\n	<span style="color:#e53333;font-size:18px;">　　你觉得这个“年”应该怎么过呢?</span> \r\n</p>\r\n<p>\r\n	<span style="color:#e53333;font-size:18px;">　　你的年货都置备齐全了吗?</span> \r\n</p>\r\n<p>\r\n	<span style="color:#e53333;font-size:18px;">　　让我们一起来关注身边的“年味”。</span> \r\n</p>\r\n<p>\r\n	<span style="color:#e53333;font-size:18px;"><br />\r\n</span>\r\n</p>\r\n<p>\r\n	<span style="color:#000000;font-size:18px;">　　<span style="color:#000000;">【活动时间】：即日起至3月5日</span></span> \r\n</p>\r\n<p>\r\n	<span style="color:#000000;font-size:18px;">　　【奖项公布时间】：3月6日</span> \r\n</p>\r\n<p>\r\n	<span style="color:#000000;font-size:18px;">　　【发帖要求】：</span> \r\n</p>\r\n<p>\r\n	<span style="color:#000000;font-size:18px;">　　1. 需要在标题中加入“【晒年味】”活动字样，不标明字样的帖子不计入活动帖</span> \r\n</p>\r\n<p>\r\n	<span style="color:#000000;font-size:18px;">　　2. 写出你心目中的“年味”是什么样子的，还要有具体“年味”体现的图片和事例来支撑哦!你筹备过年买了什么年货，过年吃了什么，玩了什么，逛街看到了什么奇闻趣事，看了什么电影什么剧都可以来发帖。</span> \r\n</p>\r\n<p>\r\n	<span style="color:#000000;font-size:18px;">　　3、晒的年味除了是通城的年味，回家过年的新通城人也可以晒自己家乡的年味，与大家一起分享。</span> \r\n</p>\r\n<p>\r\n	<span style="color:#000000;font-size:18px;">　　【活动要求】：</span> \r\n</p>\r\n<p>\r\n	<span style="color:#000000;font-size:18px;">　　1、所有发帖内容必须紧紧围绕【晒年味】为中心。</span> \r\n</p>\r\n<p>\r\n	<span style="color:#000000;font-size:18px;">　　2、这次活动将选出1位获赞最高【最佳分享奖】。</span> \r\n</p>\r\n<p>\r\n	<span style="color:#000000;font-size:18px;">　　【活动奖励】：</span> \r\n</p>\r\n<p>\r\n	<span style="color:#000000;font-size:18px;">　　1、每位参加活动并按照要求回帖的网友都将获得B2B2C电商平台100哈金豆。</span> \r\n</p>\r\n<p>\r\n	<span style="color:#000000;font-size:18px;">　　2、【最佳分享奖】获得者将获得青花瓷笔+青花鼠标+U盘套装礼品一套。</span> \r\n</p>\r\n<p>\r\n	<span style="color:#000000;font-size:18px;">　　领奖地址：通城县通泰市场七栋18号(请于获奖名单公布之日起15日内领取奖品，逾期视自动放弃，不邮寄)</span> \r\n</p>\r\n<p>\r\n	<span style="color:#000000;font-size:18px;">　　领奖时间：周一至周五(8：30至17：30)</span> \r\n</p>\r\n<p>\r\n	<span style="color:#e53333;font-size:18px;"><strong>　</strong></span> \r\n</p>\r\n<p>\r\n	<span style="color:#e53333;font-size:18px;"><strong>&nbsp;&nbsp;&nbsp;</strong></span><span style="color:#e53333;font-size:18px;"><strong><br />\r\n</strong></span>\r\n</p>\r\n<span style="font-size:18px;"></span> \r\n<p style="text-align:center;">\r\n	<span style="font-size:18px;"><img alt="" src="/data/upload/shop/editor/20150209104516_77911.jpg" /><br />\r\n</span>\r\n</p>\r\n<h1 style="text-align:center;background-color:white;margin-left:0cm;">\r\n	<span><img alt="" src="/data/upload/shop/editor/20150209103942_51607.jpg" /></span> \r\n</h1>', ' 【晒年味】关注羊年 晒出你身边的“年味”赢取青花瓷笔+青花鼠标+U盘套装礼品 羊年春节，你体会到身边的年味了吗? 关注通城，关注你身边的年味! 什么是年味？年味就是全家团圆的喜乐气氛；就是晚辈孝敬长辈围坐在桌前敬的那一杯酒；就是屋外烟花闪耀飘进鼻内的一股幽香；就是妈妈忙', 188, 'B2B2C电商平台', '羊年，晒年味，通城县', 1423449592, 1, 1, 0),
(47, 10, '', 1, 255, '闲聊通城那些耳熟能详的事（连载三：张家十伢）', '04768110152504262_sm.jpg', '<p style="text-align:center;">\r\n	<span style="color:#000000;font-size:18px;"><img alt="" src="/data/upload/shop/editor/20150209153053_15133.jpg" /><br />\r\n</span>\r\n</p>\r\n<p>\r\n	<span style="color:#000000;font-size:16px;">　　张家十伢，智慧的化名，正义的使者，汉族的“阿凡提”，群众的代言人。聪明机智不畏权势，其故事脍炙人口，千百年来，在通城县流传不衰，为广大群众所乐道。《张家十伢的故事》作为民间文学成功申报为第一批咸宁市级非物质文化遗产名录。</span> \r\n</p>\r\n<p style="text-align:center;">\r\n	<span style="color:#000000;font-size:18px;"><img alt="" src="/data/upload/shop/editor/20150209153829_59710.jpg" /><br />\r\n</span>\r\n</p>\r\n<p>\r\n	<span style="color:#000000;font-size:16px;">　　张家十伢是何许人?神奇的爆竹岭传说为什么流传至今，千古不衰？据说：通城爆竹岭有个民妇，怀孕三年零六个月还不见生孩子，民妇日急夜愁，盼望早日分娩。一天，她对肚内孩儿说：“冤孽啊，你什么时候才出来？做娘的受不了啦!”</span> \r\n</p>\r\n<p>\r\n	<span style="color:#000000;font-size:16px;">　　话音刚落，腹内动了几下，便传出声音来：“娘，你别急，我快出生了。请记住，某月某日有一匹白马来到我家门口时，你唤儿一声，我就出来。不过这天有一骑牛从门前过，你可千万不要叫，记住!记住!”从此腹内无动静了。</span> \r\n</p>\r\n<p>\r\n	<span style="color:#000000;font-size:16px;">　　一天半晌，远处奔来一个白东西，民妇没看清楚，就急忙呼喊：“孩儿快出来，白马到了!”</span> \r\n</p>\r\n<p>\r\n	<span style="color:#000000;font-size:16px;">　　孩儿破腹而出，见风就长，一下变成了彪形大汉，忙奔出门找白马，只见一头白牛从家门口走过，孩儿大吼一声：“气死我了!”一头撞在石头上死了。</span> \r\n</p>\r\n<p>\r\n	<span style="color:#000000;font-size:16px;">　　这时候，屋后的楠竹根根炸开，纷纷倒下，白马飞奔过来，见孩儿已死，便长嘶一声，也碰墙死了。一会儿，过去的白牛走回来，背上还驼着个小伙子，他就是张家十伢。张家十伢见了死在地上的小伙子，号啕大哭，猛抽一鞭，调转牛头走了。</span> \r\n</p>\r\n<p>\r\n	<span style="color:#000000;font-size:16px;">　　据说，那撞死的孩儿是未来的天子，屋后的竹子，每个节中有他的一员大将。主子一死，竹节自动爆炸了，竹子倒下是吊孝，从此这里便叫“爆竹岭”。</span> \r\n</p>\r\n<p>\r\n	<span style="color:#000000;font-size:16px;">　　张十伢呢？他娘也怀了他这么久，是与皇帝同时生下来的，白牛是接他到皇帝面前去当军师，所以十分聪明。天子死了，他只好到处流浪，捉弄财主，帮助穷人。</span> \r\n</p>\r\n<p style="text-align:center;">\r\n	<span style="color:#000000;font-size:18px;"><img alt="" src="/data/upload/shop/editor/20150209153242_24911.jpg" width="600" height="397" /><br />\r\n</span>\r\n</p>\r\n<p>\r\n	<span style="color:#000000;font-size:16px;">　　十伢死后，同村的乡亲们筹了一些钱物，买得一副木棺，将他埋在通城大坪坳的一个石脚下。坟前是一条人行大路，来往行人不断。由于十伢生前聪敏机智，诙谐风趣，一生与权势作对，大家很怀念他。所以，人们路过坟前时都爱在他坟头铺上几块石头，表示敬意。但也有恨他的人，路过时向他坟上砸几个石头，解解往昔之恨。这样日复一日，年复一年，十伢的坟越来越大，坟堆上全是石头，所以，大家都说：“十伢的坟上不长草!”。</span> \r\n</p>\r\n<p>\r\n	<span style="color:#000000;font-size:16px;">　　《张家十伢的故事》是流传于湖北通城地区的系列民间故事，属市级非物质文化遗产。经过多年的沉淀和积累，以张家十伢这个人物形象为核心发展成内容丰富、幽有趣默的系列故事。其中典型的有《张家十伢的出生》、《初一拜观音》、《顶笼鸡》等。</span> \r\n</p>\r\n<p>\r\n	<span style="color:#000000;font-size:18px;"><br />\r\n</span>\r\n</p>\r\n<p style="text-align:center;">\r\n	<span style="color:#000000;font-size:18px;"><img alt="" src="/data/upload/shop/editor/20150209153904_60366.jpg" /><br />\r\n</span>\r\n</p>\r\n<p>\r\n	<span style="color:#000000;font-size:18px;"><span style="font-size:16px;">　　</span><strong><span style="color:#e53333;font-size:16px;">张家十伢故事精选——《顶笼鸡》</span></strong></span> \r\n</p>\r\n<p>\r\n	<span style="color:#000000;font-size:16px;">　　有一个财主为人尖酸刁滑，小气刻薄，真是打屁要拿烧箕隔，脚趾岔一抠鼻子眼里一嗅，生怕别人叨了半点光。正因为这样，他家的长工没有一个干得长久的，都是搞不了三五天就被气跑了。</span> \r\n</p>\r\n<p>\r\n	<span style="color:#000000;font-size:16px;">　　为此，财主在找长工时一律要签契约，规定至少必须干满一年，年底一次付工钱。如果中途辞工不干了的，不管做多久都不付工钱;同时，为了显示公平，他也对自己也约束一条：如果东家中途辞退长工，就必须付清被辞退者全年的工钱。他知道没有人能在他家干齐一年的，只要中途一跑，前面所做的都是白干!</span> \r\n</p>\r\n<p>\r\n	<span style="color:#000000;font-size:16px;">　　张家十伢听说后非常气愤，决定惩罚一下这个可恶的财主。</span> \r\n</p>\r\n<p>\r\n	<span style="color:#000000;font-size:16px;">　　这天，十伢来到财主家报名当长工，财主照例签写契纸。当问十伢的姓名时，十伢说他姓丁，叫龙基。很快财主与丁龙基的契约签好了。</span> \r\n</p>\r\n<p>\r\n	<span style="color:#000000;font-size:16px;">　　谁知这个“丁龙基”到家后，整天好吃懒做，还脾气相当大，动不动就和东家吵架，有几次还差点动起了手。更可气的是安排他干什么他就把什么给你弄坏，就是把他全年的工钱扣光也抵不了损失。气得财主只想赶走他，但是又不能赶，不然要付清他全年的工钱可挖了自己的脑髓!这真是猴牯捡到一块姜，吃起来辣人，丢落又舍不得。</span> \r\n</p>\r\n<p>\r\n	<span style="color:#000000;font-size:16px;">　　一天天还冒完全亮，十伢起来直接把财主家关在竹笼里上十只大肥鸡连笼带鸡顶在头上就走了，刚好财主七老八十岁的老娘起床解手看见了，赶紧喊他儿子说：“快起来，顶笼鸡走哒!”</span> \r\n</p>\r\n<p>\r\n	<span style="color:#000000;font-size:16px;">　　财主一听可乐了：这个嫌煞万人的丁龙基，正愁着没办法赶他走呢，谁知他自己要走了。走了好，早走早好!他躺在床上答道：“那只懒死崽，早就该走哒，莫管他!”</span> \r\n</p>\r\n<p>\r\n	<span style="color:#000000;font-size:16px;">　　财主他娘忙解释说：“不是，是他顶笼鸡走哒!”</span> \r\n</p>\r\n<p>\r\n	<span style="color:#000000;font-size:16px;">　　财主不耐烦说：“走哒就走哒咧，你不懂就莫管闲事，烦煞人!”</span> \r\n</p>\r\n<p>\r\n	<span style="color:#000000;font-size:16px;">　　财主他娘见他发脾气了，便不再做声了。</span> \r\n</p>\r\n<p>\r\n	<span style="color:#000000;font-size:16px;">　　天亮起床后，财主见堂屋边上的鸡笼不见了，连忙打听，他娘告诉他：“今天早晨我告诉你那个长工顶笼鸡走哒，你还怪我管闲事呢!”</span> \r\n</p>\r\n<p>\r\n	<span style="color:#000000;font-size:16px;">　　至此，财主才明白是怎么回事，但张家十伢走了有一两个时辰了。</span> \r\n</p>', ' 张家十伢，智慧的化名，正义的使者，汉族的“阿凡提”，群众的代言人。聪明机智不畏权势，其故事脍炙人口，千百年来，在通城县流传不衰，为广大群众所乐道。《张家十伢的故事》作为民间文学成功申报为第一批咸宁市级非物质文化遗产名录。 张家十伢是何许人?神奇的爆竹岭传说为什么流传', 22, 'B2B2C电商平台', '张家十伢，通城县', 1423467355, 0, 0, 0),
(48, 11, '', 1, 255, '想让自己强大？你就必须放下十样东西！', '04768124480659504_sm.jpg', '<p>\r\n	<span style="color:#000000;font-size:16px;">　　<strong><span style="color:#e53333;">1、面子</span></strong></span> \r\n</p>\r\n<p>\r\n	<span style="color:#000000;font-size:16px;">　　有时候我们低头，是为了看准自己走的路。很多人认为，自己已经过得还可以，不愿意去尝试新鲜的事物，很多东西都放不下，拉不下这个脸，最终死在面子上。</span> \r\n</p>\r\n<p style="text-align:center;">\r\n	<span style="color:#000000;font-size:16px;"><img alt="" src="/data/upload/shop/editor/20150209155719_24334.jpg" /><br />\r\n</span>\r\n</p>\r\n<p>\r\n	<span style="color:#000000;font-size:16px;">　　<strong><span style="color:#e53333;">2、放下压力</span></strong></span> \r\n</p>\r\n<p>\r\n	<span style="color:#000000;font-size:16px;">　　累与不累，取决于自己的心。心灵的房间，不打扫就会落满灰尘。扫地除尘，能够使黯然的心变得亮堂;把事情理清楚，才能告别烦乱;把一些无谓的痛苦扔掉，快乐就有了更多更大的空间。</span> \r\n</p>\r\n<p style="text-align:center;">\r\n	<span style="color:#000000;font-size:16px;"><img alt="" src="/data/upload/shop/editor/20150209155735_15888.jpg" /><br />\r\n</span>\r\n</p>\r\n<p>\r\n	<span style="color:#000000;font-size:16px;">　　<strong><span style="color:#e53333;">3、放下过去</span></strong></span> \r\n</p>\r\n<p>\r\n	<span style="color:#000000;font-size:16px;">　　放下过去，你才能过得更幸福努力地改变你的心态，调节你的心情。学会平静地接受现实，学会对自己说声顺其自然，学会坦然地面对厄运，学会积极地看待人生，学会凡事都往好处想。</span> \r\n</p>\r\n<p style="text-align:center;">\r\n	<span style="color:#000000;font-size:16px;"><img alt="" src="/data/upload/shop/editor/20150209155835_10771.jpg" /><br />\r\n</span>\r\n</p>\r\n<p>\r\n	<span style="color:#000000;font-size:16px;">　　<strong><span style="color:#e53333;">4、放下自卑</span></strong></span> \r\n</p>\r\n<p>\r\n	<span style="color:#000000;font-size:16px;">　　把自卑从你的字典里删去。不是每个人都可以成为伟人，但每个人都可以成为内心强大的人。相信自己，找准自己的位置，你同样可以拥有一个有价值的人生。</span> \r\n</p>\r\n<p style="text-align:center;">\r\n	<span style="color:#000000;font-size:16px;"><img alt="" src="/data/upload/shop/editor/20150209155849_59125.jpg" /><br />\r\n</span>\r\n</p>\r\n<p>\r\n	<span style="color:#000000;font-size:16px;">　　<strong><span style="color:#e53333;">5、放下懒惰</span></strong></span> \r\n</p>\r\n<p>\r\n	<span style="color:#000000;font-size:16px;">　　奋斗改变命运!绝招就是把一件平凡的小事做到炉火纯青，就是绝活。提醒自己，记住自己的提醒，上进的你，快乐的你，健康的你，善良的你，一定会有一个灿烂的人生。</span> \r\n</p>\r\n<p style="text-align:center;">\r\n	<span style="color:#000000;font-size:16px;"><img alt="" src="/data/upload/shop/editor/20150209155910_23883.png" /><br />\r\n</span>\r\n</p>\r\n<p>\r\n	<span style="color:#000000;font-size:16px;">　　<strong><span style="color:#e53333;">6、放下消极</span></strong></span> \r\n</p>\r\n<p>\r\n	<span style="color:#000000;font-size:16px;">　　绝望向左，希望向右!如果你想成为一个成功的人，那么，请为“最好的自己”加油吧，让积极打败消极，让高尚打败鄙陋，让真诚打败虚伪，让宽容打败褊狭，让快乐打败忧郁，让勤奋打败懒惰，让坚强打败脆弱，让伟大打败猥琐……只要你愿意，你完全可以一辈子都做最好的自己。没有谁能够左右胜负，除了你。自己的战争，你就是运筹帷幄的将军!</span> \r\n</p>\r\n<p style="text-align:center;">\r\n	<span style="color:#000000;font-size:16px;"><img alt="" src="/data/upload/shop/editor/20150209155948_62415.jpg" /><br />\r\n</span>\r\n</p>\r\n<p>\r\n	<span style="color:#000000;font-size:16px;">　　<strong><span style="color:#e53333;">7、放下抱怨</span></strong></span> \r\n</p>\r\n<p>\r\n	<span style="color:#000000;font-size:16px;">　　与其抱怨不如努力!所有的失败都是为成功做准备。抱怨和泄气，只能阻碍成功向自己走来的步伐。放下抱怨，心平气和地接受失败，无疑是智者的姿态。抱怨无法改变现状，拼搏才能带来希望。真的金子，只要自己不把自己埋没，只要一心想着闪光，就总有闪光的那一天。不要总是烦恼生活。不要总以为生活辜负了你什么，其实，你跟别人拥有的一样多。</span> \r\n</p>\r\n<p style="text-align:center;">\r\n	<span style="color:#000000;font-size:16px;"><img alt="" src="/data/upload/shop/editor/20150209160002_25350.jpg" /><br />\r\n</span>\r\n</p>\r\n<p>\r\n	<span style="color:#000000;font-size:16px;">　　<strong><span style="color:#e53333;">8、放下犹豫</span></strong></span> \r\n</p>\r\n<p>\r\n	<span style="color:#000000;font-size:16px;">　　立即行动成功无限!认准了的事情，不要优柔寡断;选准了一个方向，就只管上路，不要回头。立即行动是所有成功人士共同的特质。如果你有什么好的想法，那就立即行动吧;如果你遇到了一个好的机遇，那就立即抓住吧。立即行动，成功无限!</span> \r\n</p>\r\n<p style="text-align:center;">\r\n	<span style="color:#000000;font-size:16px;"><img alt="" src="/data/upload/shop/editor/20150209160017_56411.jpg" /><br />\r\n</span>\r\n</p>\r\n<p>\r\n	<span style="color:#000000;font-size:16px;">　　<strong><span style="color:#e53333;">9、放下狭隘</span></strong></span> \r\n</p>\r\n<p>\r\n	<span style="color:#000000;font-size:16px;">　　心宽，天地就宽。宽容是一种美德。宽容别人，其实也是给自己的心灵让路。只有在宽容的世界里，人，才能奏出和谐的生命之歌!宽容是一种美德。宽容别人，其实也是给自己的心灵让路。只有在宽容的世界里，人，才能奏出和谐的生命之歌。</span> \r\n</p>\r\n<p style="text-align:center;">\r\n	<span style="color:#000000;font-size:16px;"><img alt="" src="/data/upload/shop/editor/20150209160033_82474.jpg" /><br />\r\n</span>\r\n</p>\r\n<p>\r\n	<span style="color:#000000;font-size:16px;">　　<strong><span style="color:#e53333;">10、放下怀疑</span></strong></span> \r\n</p>\r\n<p>\r\n	<span style="color:#000000;font-size:16px;">　　心存疑虑，做事难成。用人不疑，疑人不用。不要以自己的怀疑，认定他人的思想，不要猜疑他人，否则只会影响彼此间的情谊。</span> \r\n</p>\r\n<p style="text-align:center;">\r\n	<span style="color:#000000;font-size:16px;"><img alt="" src="/data/upload/shop/editor/20150209160048_75610.jpg" /><br />\r\n</span>\r\n</p>', ' 1、面子 有时候我们低头，是为了看准自己走的路。很多人认为，自己已经过得还可以，不愿意去尝试新鲜的事物，很多东西都放不下，拉不下这个脸，最终死在面子上。 2、放下压力 累与不累，取决于自己的心。心灵的房间，不打扫就会落满灰尘。扫地除尘，能够使黯然的心变得亮堂;把事情理清楚，', 36, 'B2B2C电商平台', '励志，职场', 1423468857, 0, 1, 0),
(49, 10, '', 1, 255, '闲聊通城那些事（连载四：通城拍打舞）', '04769693232991410_sm.jpg', '<p style="text-align:center;">\r\n	<span style="font-size:16px;"><img alt="" src="/data/upload/shop/editor/20150211113003_37284.jpg" /><br />\r\n</span>\r\n</p>\r\n<p>\r\n	<span style="color:#000000;font-size:16px;">　　“张打铁，李打铁，打到张家门前落大雪，姐姐留我歇，我不歇……打开后门摘桂花，摘一朵，留一丫，留给明年结亲家……”</span> \r\n</p>\r\n<p>\r\n	<span style="color:#000000;font-size:16px;">　　通城拍打舞，鄂南山野的狂欢，汉瑶血脉的律动。肢体的拍打，诠释着劳动的幸福，传递着收获的喜悦。粗犷的挑逗，喷射着青春的活力，传递着男女的欢娱!</span> \r\n</p>\r\n<p style="text-align:center;">\r\n	<span style="font-size:16px;"><img alt="" src="/data/upload/shop/editor/20150211113048_95734.jpg" /><br />\r\n</span>\r\n</p>\r\n<p>\r\n	<span style="color:#000000;font-size:16px;">　　通城"拍打舞"原名"拍打歌"，自明清以来流传于通城，由当地民间流传的以手互相拍打自娱自乐的原生态舞蹈发展而来。作为民族民间舞蹈，既有吴楚文化特点，又有瑶族风情展示。舞蹈以男人拍打胸脯、女人拍打手臂为主导动作，然后再加以扩展变化，拍手、拍肩、拍背甚至拍脸、膝、胯、臂等，或躺着拍、坐着拍、跪着拍、站着拍、舞着拍，拍打贯穿始终。</span> \r\n</p>\r\n<p>\r\n	<span style="color:#000000;font-size:16px;">　　通城《拍打舞》被湖北省人民政府列入全省首批非物质文化遗产名录，通城县被湖北省文化厅命名为"拍打舞艺术之乡"。</span> \r\n</p>\r\n<p style="text-align:center;">\r\n	<span style="font-size:16px;"><img alt="" src="/data/upload/shop/editor/20150211113126_22645.jpg" /><br />\r\n</span>\r\n</p>\r\n<p style="text-align:center;">\r\n	<span style="font-size:16px;"><br />\r\n</span>\r\n</p>\r\n<p>\r\n	<span style="color:#000000;font-size:16px;">　　<strong>拍打舞的前世今生</strong></span> \r\n</p>\r\n<p>\r\n	<span style="color:#000000;font-size:16px;">　　“张打铁，李打铁，打到张家门前落大雪，姐姐留我歇，我不歇，我要回家打夜铁，打把刀子锋锋快，割落老婆九垛菜……”孩提时的冬天，大人们忙完活计，围坐在火塘边，一边唱着歌谣，一边用手拍打，节奏随着火焰不断跳跃起伏……这是关于“拍打舞”最初的真实记忆。</span> \r\n</p>\r\n<p style="text-align:center;">\r\n	<span style="font-size:16px;"><img alt="" src="/data/upload/shop/editor/20150211113207_32865.jpg" /><br />\r\n</span>\r\n</p>\r\n<p>\r\n	<span style="color:#000000;font-size:16px;">　　通城县位于湘鄂赣三省交界的鄂南山区，现有面积1114平方公里，辖11个乡镇，183个行政村，总人口48万人。通城独特的地理位置和悠久的历史积存了丰厚的文化遗存，成为了吴楚文化的交汇中心。自古以来这里也是瑶汉杂居之地，境内龙窖山千家峒被国际瑶族研究学会确认为瑶族先民的祖居地，是全球300万瑶胞的精神家园。元末后期，他们在生活上千年后又大举向西南迁徙。在这里留下的丰富的民族民间文化，这些文化形态与汉文化相依相存，相互影响，形成了独特而完整的文化生态区域，"拍打舞"便是汉瑶文化的浓缩与结晶。</span> \r\n</p>\r\n<p style="text-align:center;">\r\n	<span style="font-size:16px;"><img alt="" src="/data/upload/shop/editor/20150211113836_56159.jpg" /><br />\r\n</span>\r\n</p>\r\n<p>\r\n	<span style="color:#000000;font-size:16px;">　　山野农舍，或一人用拳掌交错拍打大腿，或两人、多人互摸互打，自娱自乐;他们哼唱山歌小调，以拍打身体为伴奏，边打、边拍、边唱、边放牛、边嬉戏，悠然自得;喜庆活动中，男男女女，成群成对，拍打起舞，享受人生;每逢农闲，大人陪伴小孩，边打、边摸、边唱：“一只手来打，一只手来摸，只打三下，不准打多，有人打得着，快拿酒来喝”等童谣;“干完活，歇歇火，拍拍打打呀咿子哟。我拍你，你拍我，拍走辛苦就快活。拍拍打打真高兴，叫声伙计涨点劲。攒劲拍得事事顺，今天走个桃花运……”则是关于拍打舞的民谚。</span> \r\n</p>\r\n<p>\r\n	<span style="color:#000000;font-size:16px;">　　1987年，通城县文化馆创作干部任卓辉到石南镇、大坪乡一带采风，看到民间艺人胡瑞清即兴表演的一段拍打舞，被这种别具乡土风情的舞蹈所吸引。</span> \r\n</p>\r\n<p>\r\n	<span style="color:#000000;font-size:16px;">　　他开始广泛搜集，提炼失散在通城民间的拍打舞动作，汇集整理了一套具有鲜明地方特色的拍打舞蹈语汇，为拍打舞的传承打下了坚实基础，使濒临失传的民间拍打舞得以新生。</span> \r\n</p>\r\n<p style="text-align:center;">\r\n	<span style="font-size:16px;"><img alt="" src="/data/upload/shop/editor/20150211113342_86629.jpg" /><br />\r\n</span>\r\n</p>\r\n<p>\r\n	<span style="color:#000000;font-size:16px;">　　“我们今天看到的通城《拍打舞》，是在原《拍打舞》基础上，先后三次对舞蹈语汇、音乐元素和表演形式进行修改提炼而来的。</span> \r\n</p>\r\n<p>\r\n	<span style="color:#000000;font-size:16px;">　　最原始的《拍打舞》是一个或多个人边唱边拍，拍手、拍身体和对拍，且多限于单拍和双拍，拍打动作仅四五个。1988年，通城县文化馆组织人员，对拍打舞进行提炼和创新。拍打动作增加到10多个，创造出单腿拍、双腿拍、站着拍、坐着拍、躺着拍，并增加了拍打部位，如拍胸、拍肩、拍腰、拍臀部。</span> \r\n</p>\r\n<p>\r\n	<span style="color:#000000;font-size:16px;">　　2007年，通城县文体局请来省群众艺术馆国家一级编导向雪芳，并成立编导小组，对拍打舞的舞蹈语汇进行提炼。风格上更加凸显瑶族特色，拍打的同时增加了跳跃动作。</span> \r\n</p>\r\n<p>\r\n	<span style="color:#000000;font-size:16px;">　　如男子单拍时，增加了中国古典舞中的马步、跨腿，使舞蹈更具阳刚之气。女子单拍时，增加了腰部倾斜和胯前拍打，使舞蹈更加秀美，显示出女性的灵秀韵味。此外，还增加了上肩技巧，女子坐在男子肩上，男子抱着女子，在空中对拍，增加了舞蹈的立体感。</span> \r\n</p>\r\n<p style="text-align:center;">\r\n	<span style="font-size:16px;"><img alt="" src="/data/upload/shop/editor/20150211113413_77162.jpg" /><br />\r\n</span>\r\n</p>\r\n<p>\r\n	<span style="color:#000000;font-size:16px;">　　2010年9月，为参加第八届中国民间艺术节，县文体局邀请省、市、县相关专家，对舞蹈语汇进行了一次大型创作。总导演向雪芳在前两次基础上，创作出更加丰富的舞蹈语汇，旨在突出江南俊秀之美的艺术效果。</span> \r\n</p>\r\n<p style="text-align:center;">\r\n	<span style="font-size:16px;"><img alt="" src="/data/upload/shop/editor/20150211113619_78801.jpg" /><br />\r\n</span>\r\n</p>\r\n<p>\r\n	<span style="color:#000000;font-size:16px;">　　如：男女一体，面向一方，四只手相拍，宛若千手小观音;男女对拍脸，体现“情”字;男把女抱在胸前，女拍男的背部，体现“痴”字;男女对抱，女下腰拍男腹部，体现“爱”字;男把女抱着翻一个圈，体现“思”字。并在前两个版本基础上，对拍打舞的舞台形式进行了较大改动。</span> \r\n</p>\r\n<p>\r\n	<span style="color:#000000;font-size:16px;">　　经过多次创作，对拍打动作进行规范，舞蹈音乐更加动听，风格上也给予了定向，使舞蹈介于原生态与现代之间，更具民族特色和艺术观赏性。</span> \r\n</p>\r\n<p>\r\n	<span style="color:#000000;font-size:16px;"><br />\r\n</span>\r\n</p>\r\n<p style="text-align:center;">\r\n	<img alt="" src="/data/upload/shop/editor/20150211151526_22076.jpg" /> \r\n</p>\r\n<p>\r\n	<span style="color:#000000;font-size:16px;">　　<strong>拍打舞的荣誉</strong></span> \r\n</p>\r\n<p>\r\n	<span style="color:#000000;font-size:16px;">　　1988年，由通城县文化局精心打造的《拍打舞》参加湖北省首届民间歌舞电视大奖赛，一举荣获金奖，同年随湖北省民间艺术团赴民主德国访问演出。2007年，通城《拍打舞》被湖北省人民政府列入全省首批非物质文化遗产名录。</span> \r\n</p>\r\n<p style="text-align:center;">\r\n	<img alt="" src="/data/upload/shop/editor/20150211151559_48237.jpg" /> \r\n</p>\r\n<p>\r\n	<span style="color:#000000;font-size:16px;">　　2010年9月，《拍打舞》作为湖北省唯一的参演节目，应邀参加在山西大同举行的第八届中国民间艺术节暨第十届"山花奖"比赛演出，荣获中国第八届民间艺术节金奖;2011年1月，参加湖北电视台首届"垄上行"农民春晚，获节目一等奖和网上比评观众最喜爱的节目一等奖;</span> \r\n</p>\r\n<p style="text-align:center;">\r\n	<img alt="" src="/data/upload/shop/editor/20150211151618_46526.jpg" /> \r\n</p>\r\n<p>\r\n	<span style="color:#000000;font-size:16px;">　　2011年10月参加首届湖北省少数民族文艺汇演，获最佳节目奖;2011年12月，参加第四届中国瑶族文化节，获中国瑶族"一歌一舞"大赛铜奖，同时，应邀参加了中央7频道"魅力农产品嘉年华"晚会。2011年，通城县被湖北省文化厅命名为"拍打舞艺术之乡"。</span> \r\n</p>\r\n<p style="text-align:left;">\r\n	<br />\r\n</p>\r\n<p style="text-align:left;">\r\n	<br />\r\n</p>\r\n<p>\r\n	<span style="color:#e53333;font-size:16px;"><strong>　　<span style="color:#000000;">【手机端】手长按二维码，选择“<span style="color:#e53333;">识别图中二维码</span>”，可快速免费订阅<span style="color:#4c33e5;">B2B2C电商平台</span>。</span></strong></span> \r\n</p>\r\n<p style="text-align:center;">\r\n	<br />\r\n</p>', ' “张打铁，李打铁，打到张家门前落大雪，姐姐留我歇，我不歇……打开后门摘桂花，摘一朵，留一丫，留给明年结亲家……” 通城拍打舞，鄂南山野的狂欢，汉瑶血脉的律动。肢体的拍打，诠释着劳动的幸福，传递着收获的喜悦。粗犷的挑逗，喷射着青春的活力，传递着男女的欢娱! 通城&quot;拍打舞&quot;原名&quot;拍', 69, 'B2B2C电商平台', '通城拍打舞，通城县', 1423625965, 0, 0, 0),
(52, 11, '', 1, 255, '人生犹如一本书，愚蠢者草草翻过，聪明人细细阅读。', '04783475419320351_sm.jpg', '<p style="text-align:center;">\r\n	<span style="color:#000000;font-size:16px;"><img alt="" src="/data/upload/shop/editor/20150227102149_93177.jpg" /><br />\r\n</span>\r\n</p>\r\n<p>\r\n	<span style="color:#000000;font-size:16px;">　　人生犹如一本书，愚蠢者草草翻过，聪明人细细阅读。为何如此，因为他们只能读它一次。</span> \r\n</p>\r\n<p style="text-align:center;">\r\n	<span style="color:#000000;font-size:16px;"><img alt="" src="/data/upload/shop/editor/20150227102222_48377.jpg" /><br />\r\n</span>\r\n</p>\r\n<p>\r\n	<span style="color:#000000;font-size:16px;">　　根本没有那条“更好的路”，只有一条路，就是你选择的那条路。关键是，你要勇敢地走上去，而且要坚持走下去。</span> \r\n</p>\r\n<p style="text-align:center;">\r\n	<span style="color:#000000;font-size:16px;"><img alt="" src="/data/upload/shop/editor/20150227102245_68826.jpg" /><br />\r\n</span>\r\n</p>\r\n<p>\r\n	<span style="color:#000000;font-size:16px;">　　有些事你是绕不过去的，你现在逃避，你以后就会花十倍的精力去面对。</span> \r\n</p>\r\n<p style="text-align:center;">\r\n	<span style="color:#000000;font-size:16px;"><img alt="" src="/data/upload/shop/editor/20150227102300_68208.jpg" /><br />\r\n</span>\r\n</p>\r\n<p>\r\n	<span style="color:#000000;font-size:16px;">　　简单的事情重复做，你就是专家;重复的事情用心做，你就是赢家。</span> \r\n</p>\r\n<p style="text-align:center;">\r\n	<span style="color:#000000;font-size:16px;"><img alt="" src="/data/upload/shop/editor/20150227102314_38380.jpg" /><br />\r\n</span>\r\n</p>\r\n<p>\r\n	<span style="color:#000000;font-size:16px;">　　别将过去抱得太紧，因为那样你就腾不出手来拥抱现在了。</span> \r\n</p>\r\n<p style="text-align:center;">\r\n	<span style="color:#000000;font-size:16px;"><img alt="" src="/data/upload/shop/editor/20150227102330_29410.jpg" /><br />\r\n</span>\r\n</p>\r\n<p>\r\n	<span style="color:#000000;font-size:16px;">　　老天为你设置困境，是不想埋没你生命的潜能。</span> \r\n</p>\r\n<p style="text-align:center;">\r\n	<span style="color:#000000;font-size:16px;"><img alt="" src="/data/upload/shop/editor/20150227102432_72473.jpg" /><br />\r\n</span>\r\n</p>\r\n<p>\r\n	<span style="color:#000000;font-size:16px;">　　爱一个人就是要献出自己，而不期待得到回报，但相信自己的爱一定会唤起对方的爱。爱情是信仰的一种行动，信仰少的人必定爱得也少。——艾里希·弗洛姆《爱的艺术》</span> \r\n</p>\r\n<p>\r\n	<span style="color:#000000;font-size:16px;"><br />\r\n</span>\r\n</p>\r\n<p style="text-align:center;">\r\n	<span style="color:#000000;font-size:16px;"><br />\r\n</span>\r\n</p>', ' 人生犹如一本书，愚蠢者草草翻过，聪明人细细阅读。为何如此，因为他们只能读它一次。 根本没有那条“更好的路”，只有一条路，就是你选择的那条路。关键是，你要勇敢地走上去，而且要坚持走下去。 有些事你是绕不过去的，你现在逃避，你以后就会花十倍的精力去面对。 简单的事情重复做，你', 79, 'B2B2C电商平台', '人生，励志', 1425003893, 0, 1, 0);
INSERT INTO `cor_life_article` (`article_id`, `ac_id`, `article_url`, `article_show`, `article_sort`, `article_title`, `thumb`, `article_content`, `description`, `click`, `source`, `tag`, `article_time`, `is_head`, `is_best`, `is_hot`) VALUES
(53, 2, '', 1, 255, '不动产统一登记意味着什么？', '04783642050125604_sm.jpg', '<p>\r\n	<span style="color:#000000;font-size:16px;">　　<strong><span style="color:#e56600;">为何从住房信息联网，上升到不动产登记?</span></strong></span> \r\n</p>\r\n<p>\r\n	<span style="color:#000000;font-size:16px;">　　住房信息联网一直阻力重重，住建部从2010年开始推进。但在住建部2012年6月如期完成了40个主要城市的联网目标之后，联网的扩围工作却在一定程度上陷入停滞状态。</span> \r\n</p>\r\n<p>\r\n	<span style="color:#000000;font-size:16px;">　　住房信息联网的技术难度其实已经不大，一些地方或部门不愿意主动配合完成联网工作，是主要的阻力。事实上，在联网工作扩围之初，住建部部长姜伟新就曾公开表示，扩围系统有相当的难度。拥有住房私有财产的业主，都不希望过分将这一财产进行暴露。而地方政府，或出于利益考虑，或是行政上的惰性原因，都以不情愿的态度来应对住房信息联网的任务。</span> \r\n</p>\r\n<p>\r\n	<span style="color:#000000;font-size:16px;">　　房屋是一种比较复杂的资产，目前从住建部层面，已经难以推进住房信息联网，所以必须以一种新的思路来推进这一工作，而新的思路不再局限于单一的房产登记，将土地、房屋、园林等统一纳入考虑，并由一个部门全盘指挥，有利于破解各自为政下的无力推进局面。</span> \r\n</p>\r\n<p>\r\n	<span style="color:#000000;font-size:16px;">　　目前，国务院决定，由国土资源部负责指导监督全国土地、房屋、草原、林地、海域等不动产统一登记职责，基本做到登记机构、登记簿册、登记依据和信息平台"四统一"。行业管理和不动产交易监管等职责继续由相关部门承担。各地在中央统一监督指导下，结合本地实际，将不动产登记职责统一到一个部门。</span> \r\n</p>\r\n<p>\r\n	<span style="color:#000000;font-size:16px;">　　<strong><span style="color:#e56600;">多个部门已经强势表态要推过不动产登记</span></strong></span> \r\n</p>\r\n<p>\r\n	<span style="color:#000000;font-size:16px;">　　三中全会的一系列决定里，对房地产部分着墨不多，目前，政府层面对楼市的态度已经十分明朗，中央更希望依靠市场机制来促进楼市健康发展。但推进房产税是这一思路下的一个比较明确的表态。而推进房产税，前提是有统一的不动产登记制度</span> \r\n</p>\r\n<p>\r\n	<span style="color:#000000;font-size:16px;">　　在本周二出版的《中共中央关于全面深化改革若干重大问题的决定》辅导读本中，国家发改委主任徐绍史发表 《健全宏观调控体系》一文。徐绍史表示，要加快推进住房信息系统建设，尽快实现全国联网。推动建立信用信息交换共享机制，逐步形成覆盖全部信用主体、所有信用信息类别、全国所有区域的统一的信用信息共享平台，实现资源共享。</span> \r\n</p>\r\n<p>\r\n	<span style="color:#000000;font-size:16px;">　　从一系列的表态来看，推进房产税已经是不容质疑的决定，而且推进速度也将加快。</span> \r\n</p>\r\n<p>\r\n	<span style="color:#000000;font-size:16px;">　　从短期看，房产税试点扩围可能成为楼市调控政策切入点。当前多个城市已制定并上报房产税试点方案。房产税试点可能最快在岁末年初扩围。由房产税试点带动的房地产税收制度改革，将拉开房地产领域各项改革的序幕。</span> \r\n</p>\r\n<p>\r\n	<span style="color:#000000;font-size:16px;">　　<strong><span style="color:#e56600;">新方式里有什么值得期待的?能否平抑房价?</span></strong></span> \r\n</p>\r\n<p>\r\n	<span style="color:#000000;font-size:16px;">　　在国务院常务会议决定，整合不动产登记职责、建立不动产统一登记制度后。许多人从这一制度上读出了"反腐""控房价"等效果。SOHO中国董事长潘石屹在微博中表示："这是好政策，如果今年实施，房价马上会跌。</span> \r\n</p>\r\n<p>\r\n	<span style="color:#000000;font-size:16px;">　　统一可参考的信息，正是实行一系列楼市调控的基础，只有当各地部门间实现信息共同可参考的前提下，税务部门才能有效地依据业主的房产数量开征税收，也就是说，三中全会提出的推进房产税，其执行的前提是拥有不动产统一登记信息。</span> \r\n</p>\r\n<p>\r\n	<span style="color:#000000;font-size:16px;">　　而目前，不动产登记的具体操作思路已经开始显现，国务院提出，要建立不动产登记信息管理基础平台，实现不动产审批、交易和登记信息在有关部门间依法依规互通共享，消除"信息孤岛"。</span> \r\n</p>\r\n<p>\r\n	<span style="color:#000000;font-size:16px;">　　另外，国务院提出推动建立不动产登记信息依法公开查询系统，保证不动产交易安全，保护群众合法权益。</span> \r\n</p>\r\n<p>\r\n	<span style="color:#000000;font-size:16px;">　　这也是一个非常重要的点，近年一来，房婶、房叔类新闻层出不穷，官员拥有多套房产的消息刺激公众的神经，只有推进不动产信息公开查询，才能有效抑制一些群体利用不正当方式获取多套房的行为。</span> \r\n</p>\r\n<p>\r\n	<span style="color:#000000;font-size:16px;">　　如此一来，房产税的加速推进，与不动产统一登记后对腐败行为的抑制，将有效缓解房价的不正常上涨。</span> \r\n</p>\r\n<p>\r\n	<span style="color:#000000;font-size:16px;">　　建立不动产统一登记制度，其作用或许不仅有利于平抑房价，它更有利财产税的推进，依据高净值人士不动产数量，开征一定的财产税，既平抑贫富差距，同时还能为财政增加收入。</span> \r\n</p>\r\n<p>\r\n	<span style="color:#000000;font-size:16px;"><br />\r\n</span>\r\n</p>\r\n<p style="text-align:center;">\r\n	<span style="color:#000000;font-size:16px;"><br />\r\n</span>\r\n</p>', ' 为何从住房信息联网，上升到不动产登记? 住房信息联网一直阻力重重，住建部从2010年开始推进。但在住建部2012年6月如期完成了40个主要城市的联网目标之后，联网的扩围工作却在一定程度上陷入停滞状态。 住房信息联网的技术难度其实已经不大，一些地方或部门不愿意主动配合完成', 49, 'B2B2C电商平台', '不动产，房产', 1425020224, 1, 1, 0),
(54, 2, '', 1, 255, '不动产登记，小产权房咋办？', '04783648262600769_sm.jpg', '<p style="text-align:center;">\r\n	<span style="color:#000000;font-size:16px;"><img alt="" src="/data/upload/shop/editor/20150227150730_84520.jpg" /><br />\r\n</span>\r\n</p>\r\n<p style="text-align:center;">\r\n	<span style="color:#000000;font-size:16px;"><br />\r\n</span>\r\n</p>\r\n<p>\r\n	<span style="color:#000000;font-size:16px;">　　小产权房自诞生之日起就没有过“正式身份”，相关部门多次重申小产权房不得登记发证。但即将实施的《不动产登记暂行条例》中提出，集体土地所有权和宅基地使用权等10类不动产权将列入统一登记范围。许多人开始疑问，这是不是意味着小产权房会“合法化”?一直处于“走钢丝”的小产权房是否迎来转机?</span> \r\n</p>\r\n<p>\r\n	<span style="color:#000000;font-size:16px;">　　<strong>“涉险”购买小产权房</strong></span> \r\n</p>\r\n<p>\r\n	<span style="color:#000000;font-size:16px;">　　在北京，许多小产权房小区，因价格低廉环境优美而“闻名”京城。都知道小产权房违规没保障，但还是有不少人“涉险”购买。“北漂”多年的朱飞2010年买了小产权房，他说，像他这一群体买小产权房的人多了，他附近几个小区都住满了，政府不可能都拆吧!但在单位附近购买一套小产权房自住的武汉市民郝先生说，随着不动产统一登记制度的推行，具有完整产权证件的房屋将被登记颁证，小产权房无法登记。“将来会不会被强制拆除，或者要求补交土地出让金差价?”</span> \r\n</p>\r\n<p>\r\n	<span style="color:#000000;font-size:16px;">　　据市场机构统计，仅北京地区小产权房就涉及近30万户家庭。全国工商联房地产商会发布的数据显示，1995年至2010年全国小产权房竣工建筑面积累计达到7.6亿平方米，相当于同期城镇住宅竣工面积总量的8%。</span> \r\n</p>\r\n<p>\r\n	<span style="color:#000000;font-size:16px;">　　<strong>小产权房不合法</strong></span> \r\n</p>\r\n<p>\r\n	<span style="color:#000000;font-size:16px;">　　根据我国现有法律，小产权房其实是没有产权的房屋，将其纳入不动产统一登记是没有依据的。</span> \r\n</p>\r\n<p>\r\n	<span style="color:#000000;font-size:16px;">　　中央农村工作领导小组副组长陈锡文也认为，小产权房违反了土地的用途管制。因为小产权房的本质是违章建筑，不合法。国土资源部不动产登记中心法律处处长蔡卫华则明确表示，小产权房不登记也不发证。因为要登记必须是合法的，小产权房不合法。也有业界人士提出，小产权房理论上还是属于需要登记的“房屋等建筑物、构筑物所有权”。天则经济研究所研究员程雪阳认为，即使当前不动产登记回避有“争议”的小产权房部分，但有望在登记完“合法”不动产，相关法律法规完善后再予以登记。</span> \r\n</p>\r\n<p>\r\n	<span style="color:#000000;font-size:16px;">　　<strong>绕不过去的问题</strong></span> \r\n</p>\r\n<p>\r\n	<span style="color:#000000;font-size:16px;">　　不可否认，小产权房是不动产登记制度的一个绕不过去的问题。专家分析认为，不动产统一登记制度的实施，以及农房宅基地的统一登记都将对小产权房问题形成倒逼作用，其解决方案也将随之列入议事日程。</span> \r\n</p>\r\n<p>\r\n	<span style="color:#000000;font-size:16px;">　　“不动产登记制度就是要对全国的不动产进行统一摸底、管理。小产权房也是客观存在的不动产，制度无法绕开，登不登记必须明确。”中南财经政法大学房地产研究所所长张东说，《条例》的实施使得这一问题更加迫切，应尽快出台相关实施细则予以解决。张东认为，小产权房问题的处理应以不动产统一登记为前提，与土地制度改革同步推进。未来，农村集体建设用地与国有土地同等入市、同权同价，小产权房的土地成本优势不复存在，可根本上遏止小产权房，也有利于制定分类治理办法，统计和清理各地存量小产权房。</span> \r\n</p>\r\n<p>\r\n	来源：今晚报\r\n</p>\r\n<p>\r\n	<br />\r\n</p>\r\n<p style="text-align:center;">\r\n	<br />\r\n</p>', ' 小产权房自诞生之日起就没有过“正式身份”，相关部门多次重申小产权房不得登记发证。但即将实施的《不动产登记暂行条例》中提出，集体土地所有权和宅基地使用权等10类不动产权将列入统一登记范围。许多人开始疑问，这是不是意味着小产权房会“合法化”?一直处于“走钢丝”的', 71, 'B2B2C电商平台', '不动产，小产权房，房产', 1425020890, 1, 0, 0),
(55, 11, '', 1, 255, '“小三”汹涌：我们的婚姻到底惹了谁？', '04783663626885059_sm.jpg', '<p>\r\n	<span style="color:#000000;font-size:16px;">　　74.6%，这是前不久某论坛调查宣布的“中国家庭离婚原因”中“第三者插足”所占的比例，位居第一。也就是说，平均每四对离婚的男女里，有三对是因为“小三”造成的。而最新出炉的新闻也在白纸黑字地宣布：人民网援引民政部数据，中国离婚率连年递增，2012年离婚率增幅首次超过结婚率增幅，那年全国北京的离婚率最高，达39%。2013年，中国的离婚率约为27%，有近三成的人在那一年把红本换成了另一个红本。上面所有的数字都引无数官媒自媒感叹：婚外情已然成为中国婚姻的头号杀手。</span> \r\n</p>\r\n<p>\r\n	<span style="color:#000000;font-size:16px;">　　当然，婚外情不是中国、也不是这个时代的独有现象。由古至今，从东方到西方，婚姻内的男女从未停息过对婚姻外异性的感情和欲望，人性使然，无可厚非，只是通常都会被隐秘低调处理。但这个时代的婚外情们好像格外“大胆”而“嚣张”起来。看看男星陈赫纠缠好久才落定的离婚偷情风波就知道，“气焰是何等嚣张”——引无数网友竞骂娘，但你骂你的，人家还是该调情调情，该隔空示爱示爱，一副“对啊，我们就是婚外恋，但真爱无敌”的模样。</span> \r\n</p>\r\n<p>\r\n	<span style="color:#000000;font-size:16px;">　　为什么婚外情的潮水会一波更比一波汹涌?“小三”变成了一种几乎被默许的流行文化?我们的婚姻，到底怎么了?</span> \r\n</p>\r\n<p>\r\n	<span style="color:#000000;font-size:16px;">　　<strong><span style="background-color:#ffe500;color:#e53333;font-size:18px;">“小三”文化</span></strong></span> \r\n</p>\r\n<div style="text-align:center;">\r\n	<img alt="" src="/data/upload/shop/editor/20150227152828_32818.jpg" /><br />\r\n</div>\r\n<p style="text-align:center;">\r\n	<span style="color:#000000;font-size:14px;">(陈赫与文章，这两年娱乐圈中著名典型劈腿男)</span> \r\n</p>\r\n<p>\r\n	<span style="color:#000000;font-size:16px;">　　这几年，“小三”仿佛已经成为中国男性世界里一种心照不宣的默许存在。几年前热播的电视剧《蜗居》中，被无数女人又爱又恨的宋思明就被朋友多次要求要找个老婆之外的“伴儿”，参加圈子聚会时带着——言外之意是“你没有，别人也不好意思带，或者带了也放不开，没有安全感”。</span> \r\n</p>\r\n<p>\r\n	<span style="color:#000000;font-size:16px;">　　“从历史文化来看，一夫多妻在中国是有传统根基的。再加上男人的原始本性就是不断占有优势资源。”著名心理咨询师董如峰[微博]分析说，而上世纪七八十年代的一夫一妻制婚姻之所以比较稳定，是因为那会儿大家都穷，生存需要首当其冲，而且彼时整个社会精神比较统一，家庭以有“建设四个现代化”这个共同目标的“革命夫妻”居多，全民信仰现代化，反倒像心理得到了治疗，就算是介绍的夫妻，结婚前没谈恋爱，婚后问题都会少很多。</span> \r\n</p>\r\n<p>\r\n	<span style="color:#000000;font-size:16px;">　　而且，在集体主义的文化特征下，个体的个性很难得到彰显，也没有场合允许表达个人的需求和感受，所以中国人普遍对自我的了解、感受、认同和满足都是极少的，心理上的自我认识“认命”于“君君臣臣父父子子”的传统纲常序位中，两性关系也认位于“夫妻之道”</span> \r\n</p>\r\n<p>\r\n	<span style="color:#000000;font-size:16px;">　　而时间走到当下，经济发展带来文化解冻，各种多元、融合、冲击下，大家逐渐开始认识到自己的个性和需要，感情和欲望都得以放开，不甘于或不愿意再“委屈自己”。再加上信仰普遍缺失，容易导致心理迷失，社会道德层面对婚外情也没有特别严厉的惩罚，甚至还默许为一种圈子文化：唯物质金钱论的成功逻辑下，就像宋思明的朋友们，“小三”反倒成为一种流行时尚与攀比、炫耀的资本。如此社会集体无意识下，只要有“能力”有便利有机会，人人都不会拒绝去尝试一把。</span> \r\n</p>\r\n<p>\r\n	<span style="color:#000000;font-size:16px;">　　<strong><span style="background-color:#ffe500;color:#e53333;font-size:18px;">耻感哪去了</span></strong></span> \r\n</p>\r\n<div style="text-align:center;">\r\n	<img alt="" src="/data/upload/shop/editor/20150227152845_72350.jpg" /><br />\r\n</div>\r\n<p style="text-align:center;">\r\n	<span style="color:#000000;font-size:14px;">(热播电视剧《蜗居》，塑造了一个“自甘堕落”的“小三”形象——海藻)</span> \r\n</p>\r\n<p>\r\n	<span style="color:#000000;font-size:16px;">　　看看这些年层出不穷的名人婚外花边和社会新闻中花样百出的劈腿、偷情事件，除了情节各种离奇狗血之外，令人印象深刻的是“小三”们愈来愈强大的“自信”与“自得”。无论是“职业小三”的现场直播或网友的“职业炒作”，流露出的都是一种振振有词式的“我是小三我怕谁”，“小三”找正妻谈判求转正的事儿也常有发生。“你没我年轻没我漂亮还不会调整自己的心态，就说明我比你强，凭什么还不让位?!”“商业化、极端功利主义、传统的轰毁，造成现在人的道德感普遍很低，丧失耻感，抢到就是赚到的成功学。”有网友如此评价。</span> \r\n</p>\r\n<p>\r\n	<span style="color:#000000;font-size:16px;">　　果真“抢到就是赚到”吗?“小三”的耻感为何越来越弱?在董如峰看来，某种意义上，这是一种自我意识的反弹。“自我意识长期被压抑之后，一旦遇到反弹的机会，就会对自己的行为高度认可，不管别人怎么说，像青春期的孩子一样，宁可冒犯社会规则，侵犯他人的意愿，也要我行我素，爱谁谁。”</span> \r\n</p>\r\n<p>\r\n	<span style="color:#000000;font-size:16px;">　　“自我反弹的需求和社会文化的压抑，包括现在社会文化的松动、多元，是一起产生的。”董如峰表示，只要它不是危害社会秩序和他人安全，如果允许这种反弹，接下来慢慢就是自我规范，慢慢走向理性的回归。</span> \r\n</p>\r\n<p>\r\n	<span style="color:#000000;font-size:16px;">　　<strong><span style="background-color:#ffe500;color:#e53333;font-size:18px;">婚姻怎么了?</span></strong></span> \r\n</p>\r\n<div style="text-align:center;">\r\n	<img alt="" src="/data/upload/shop/editor/20150227152858_38042.jpg" /><br />\r\n</div>\r\n<p style="text-align:center;">\r\n	<span style="color:#000000;font-size:14px;">(2000年，国内为数不多的婚外情为主线的电视剧《让爱做主》)</span> \r\n</p>\r\n<p>\r\n	<span style="color:#000000;font-size:16px;">　　“婚外恋的存在，现在很大程度上是在填补婚姻的空缺。”林紫北京心理咨询中心主任咨询师丁力[微博]说，男人和女人都想在婚姻中得到真正的理解与接纳，但在她众多来访者中，大多都是痛苦于对方的出轨背叛、控诉对方带给自己的委屈与伤害。</span> \r\n</p>\r\n<p>\r\n	<span style="color:#000000;font-size:16px;">　　在丁力的观察中，而今的婚姻，“又有多少是为了所谓的幸福生活而结婚呢?”她反问，“大部分都是为了结婚而结婚，”为了父母的催促担心、为了自己的不安与焦虑、为了所谓的“安稳人生”。大家在进入婚姻时，都没有抱着“努力经营”的意愿，想法往往是“不行就离呗”。“认为离婚是解决婚姻问题最有效的办法，这个观念才是最可怕的。”在婚姻中遭遇压力困惑情绪，就倾向于“换一个人”或“在外面再找一个”，谁还有耐性去维护、经营、守护婚姻呢?</span> \r\n</p>\r\n<p>\r\n	<span style="color:#000000;font-size:16px;">　　以经常因男人背叛而被置于“弱势”位置的女人们为例，从谈婚论嫁那天起，我们父母的传统观念期许便是找一个安全强大的好男人让女儿“托付终身”。但岂不知，“托付终身”才是那件最可怕的事。因为“除了你自己，没有人会永远爱你，没有人会永远无条件接受你的一切”，变化才是这世间唯一不变的东西，爱情、婚姻与男人无一例外。</span> \r\n</p>\r\n<p>\r\n	<span style="color:#000000;font-size:16px;">　　所以，承认婚姻本就是两个人，承认彼此就是会有互相厌倦、愤怒、不满，承认一定会遭遇挫折与考验，也一定会面临背叛的风险与挑战，接纳婚姻就是就是需要时时刻刻解决问题、不断打怪不断过关的过程，才不会轻易掉进惊慌失措的“受害者”大坑。</span> \r\n</p>\r\n<p>\r\n	<span style="color:#000000;font-size:16px;">　　婚姻路是漫长的，小三或是层出不穷的，除了不断强大自己，仿佛也没有更好的选择。因为每个人能够真正掌控的，也只有自己而已——“永远要明白，哪怕失去了，也不是你的损失。”</span> \r\n</p>\r\n<p>\r\n	<span style="color:#000000;font-size:12px;">来源于网络</span> \r\n</p>\r\n<p>\r\n	<span style="color:#000000;font-size:12px;"><br />\r\n</span>\r\n</p>', ' 74.6%，这是前不久某论坛调查宣布的“中国家庭离婚原因”中“第三者插足”所占的比例，位居第一。也就是说，平均每四对离婚的男女里，有三对是因为“小三”造成的。而最新出炉的新闻也在白纸黑字地宣布：人民网援引民政部数据，中国离婚率连年递增，2012年离婚率增幅首次超过结婚率增', 31, 'B2B2C电商平台', '婚姻，离婚，小三', 1425022510, 0, 0, 0),
(56, 2, '', 1, 255, '湖北明确弃儿超生儿均可上户口 告别“黑户”', '04783671322779293_sm.jpg', '<p>\r\n	<span style="color:#000000;font-size:16px;">　　记者从湖北省卫计委获悉，近日省公安厅与该委联合出台《关于依法加强全省出生人口登记管理的十二条规定》(以下简称《规定》)，明确指出不能擅自对出生登记设定前置程序和附加条件，政策外生育以及被遗弃的婴儿也能登记户口，不依法办理的机构将被追责。</span> \r\n</p>\r\n<p>\r\n	<span style="color:#000000;font-size:16px;">　　记者了解到，近年来，部分地方擅自对出生登记设定前置条件，如不给未办理独生子女证、未施行节育手术、政策外生育婴儿的人所生育的子女落户，侵犯了公民合法权益，一些被遗弃、非婚生子女、父母失踪的孩子无法上户口的情况较多。为此，省公安厅及省卫计委联合出台《关于依法加强全省出生人口登记管理的十二条规定》，进一步保障出生人口申报户口登记的法定权利。</span> \r\n</p>\r\n<p>\r\n	<span style="color:#000000;font-size:16px;">　　同时，《规定》明确将严格责任倒查追究，对于基层单位擅自设立新生儿落户限制条件、不依法办理的问题，会同相关部门严肃追究相关人员的责任。但对于利用虚假材料骗取落户的，公安机关应注销其户口登记，责成当事人重新办理登记手续，并依法追究当事人的责任。</span> \r\n</p>\r\n<p>\r\n	<span style="color:#000000;font-size:16px;">　　据悉，原则上，父母及监护人凭《出生医学证明》申报户口，但现实中也有部分情况特殊。据介绍，一般来说新生儿出生后一个月以内，由其父母或监护人主动向户籍地公安派出所申报出生登记。3周岁以内未落户出生人口，由其父母或监护人提出申请，凭《出生医学证明》由公安派出所予以办理。</span> \r\n</p>\r\n<p>\r\n	<span style="color:#000000;font-size:16px;">　　对于无《出生医学证明》的，应补办《出生医学证明》，非婚生育子女原则上随母落户，对父母双亡、失踪的，可在其祖父(母)、外祖父(母)或其他法定监护人户籍所在地公安派出所提出申请，弃婴、孤儿以及收养登记的落户仍按相关规定执行。</span> \r\n</p>\r\n<p>\r\n	<span style="color:#000000;font-size:16px;">　　卫计部门每月将新生儿信息提供给当地同级公安机关，提供《出生医学证明》查询比对服务，对可疑《出生医学证明》及时进行核查鉴定，3个工作日内将鉴定结果反馈至同级公安机关。公安派出所协助卫生计生部门做好新生儿相关信息核查工作，对发现违法生育人口的，在办理入户登记时提醒申请人依法缴纳社会抚养费。(胡梦)</span> \r\n</p>\r\n<p>\r\n	<span style="color:#000000;font-size:14px;">来源长江商报</span> \r\n</p>\r\n<p>\r\n	<span style="color:#000000;font-size:14px;"><br />\r\n</span>\r\n</p>\r\n<p style="text-align:center;">\r\n	<span style="color:#000000;font-size:14px;"><br />\r\n</span>\r\n</p>', ' 记者从湖北省卫计委获悉，近日省公安厅与该委联合出台《关于依法加强全省出生人口登记管理的十二条规定》(以下简称《规定》)，明确指出不能擅自对出生登记设定前置程序和附加条件，政策外生育以及被遗弃的婴儿也能登记户口，不依法办理的机构将被追责。 记者了解到，近年来，部分地', 105, 'B2B2C电商平台', '超生儿，遗弃儿，户口，黑户口', 1425023164, 0, 0, 0),
(57, 2, '', 1, 255, '国家网信办：“账号十条”3月1日起正式施行', '04783674580424760_sm.jpg', '<p>\r\n	<span style="color:#000000;font-size:16px;">　　被业内称为“账号十条”的《互联网用户账号名称管理规定》将于3月1日正式施行。记者昨日从国家互联网信息办公室获悉，新浪、百度、腾讯、阿里巴巴、陌陌、易信、天涯、凯迪等互联网企业近日向互联网信息内容主管部门报送自查自纠报告，已处置微博客、博客、论坛、贴吧和即时通信工具等各类违法违规账号6万余个。</span> \r\n</p>\r\n<p>\r\n	<span style="color:#000000;font-size:16px;">　　新浪微博处置违法违规账号5500个，如假冒党政机关误导公众的“广东省委省政府”、“安徽省省政府”，传播暴恐信息的“东伊运”等;百度贴吧处置名称宣扬低俗文化、头像包含淫秽色情内容等账号23495个。</span> \r\n</p>\r\n<p>\r\n	<span style="color:#000000;font-size:16px;">　　腾讯公司处置微信、微博客、QQ、空间四大平台中违法违规账号25836个，如假冒企事业单位发布虚假信息的公众账号“中国食品安全网”，简介传播聚赌、涉枪等信息的“澳门赌场网”“来现场试枪”“售套牌车” “开上海发票”等。</span> \r\n</p>\r\n<p>\r\n	<span style="color:#000000;font-size:16px;">　　天涯论坛、凯迪社区注销登记违法违规账号447个，如假冒媒体名义发布虚假新闻的“新华社”“CCTV焦点访谈”“人民网”等。</span> \r\n</p>\r\n<p>\r\n	<span style="color:#000000;font-size:16px;">　　阿里巴巴成立账号名称管理专项工作小组，专项治理淘宝、来往、阿里旺旺、阿里云论坛、阿里妈妈、虾米音乐、手机助手等八大平台用户账号名称。易信、米聊、陌陌等即时通信企业承诺，按照“账号十条”要求，切实推动互联网行业的健康发展，保障用户社交安全。 新浪、百度、腾讯还通过官方网站、官方微博微信等发布公告，承诺加强用户名称、头像和简介信息管理，保护用户信息和公民隐私，自觉接受社会监督。</span> \r\n</p>\r\n<p>\r\n	<span style="color:#000000;font-size:14px;">来源千龙网</span> \r\n</p>\r\n<p>\r\n	<span style="color:#000000;font-size:14px;"><br />\r\n</span>\r\n</p>\r\n<p style="text-align:center;">\r\n	<span style="color:#000000;font-size:14px;"><br />\r\n</span>\r\n</p>', ' 被业内称为“账号十条”的《互联网用户账号名称管理规定》将于3月1日正式施行。记者昨日从国家互联网信息办公室获悉，新浪、百度、腾讯、阿里巴巴、陌陌、易信、天涯、凯迪等互联网企业近日向互联网信息内容主管部门报送自查自纠报告，已处置微博客、博客、论坛、贴吧和即', 49, 'B2B2C电商平台', '互联网，账号，头像', 1425023518, 0, 0, 0),
(58, 6, '', 1, 255, '最管用的五种旺财植物，你知道吗？', '04783683685731386_sm.jpg', '<p>\r\n	<span style="color:#000000;font-size:16px;">　　风水植物其实已经根深蒂固于国人思想中，比如古代帝王陵墓前都会种松柏，比如送母亲用的康乃馨，比如送情人的玫瑰，比如门前插的桃枝。那么，对于一家来说，最旺财的植物有哪些呢?</span> \r\n</p>\r\n<div style="text-align:center;">\r\n	<img alt="" src="/data/upload/shop/editor/20150227160508_19385.jpg" /><br />\r\n</div>\r\n<p>\r\n	<span style="color:#000000;font-size:16px;">　　<strong>最管用的五种旺财植物</strong></span> \r\n</p>\r\n<p>\r\n	<span style="color:#000000;font-size:16px;">　　<strong><span style="color:#009900;">1、发财树</span></strong></span> \r\n</p>\r\n<p>\r\n	<span style="color:#000000;font-size:16px;">　　首当其冲就是它， 发财树现在已经成为开店，公司，家庭旺事业旺财的首选风水植物。其实发财树是一个统称，所有宽叶四季常青的植物用到风水场合的时候都被称为发财树。但市场上发财树则主要为木棉科,瓜栗属的常绿灌木或小乔木，又名马拉巴栗、瓜栗、中美木棉、鹅掌钱。适合常温20度的地方。北方建议选择其他满足宽叶四季常青的盆栽植物用作风水旺财开运植物。</span> \r\n</p>\r\n<p>\r\n	<span style="color:#000000;font-size:16px;">　　发财树放家里的时候，首选客厅财位，其次为书房，再次为卧室财库。客厅为一家待人接物的地方，客厅放发财树，有招财进宝的意义。书房是一个家庭文化素养的培养之地，有发财树的支持，利房间主人事业好运。卧室有一盆发财树，能让卧室更有生机，利家运，但卧室特殊，绿色盆栽不要超过2盆。</span> \r\n</p>\r\n<p>\r\n	<span style="color:#000000;font-size:16px;">　　<strong><span style="color:#009900;">2、金钱树。</span></strong></span> \r\n</p>\r\n<p>\r\n	<span style="color:#000000;font-size:16px;">　　风水旺财原理同发财树。金钱树，又名，美铁芋、金松。适合在客厅和书房的财位放置。</span> \r\n</p>\r\n<p>\r\n	<span style="color:#000000;font-size:16px;">　　<strong><span style="color:#009900;">3、金钱草/黄金葛。</span></strong></span> \r\n</p>\r\n<p>\r\n	<span style="color:#000000;font-size:16px;">　　金钱草/黄金葛的方法很有讲究，因为它比较矮小，故常放置于客厅电视柜旁边财位方向，电脑桌右侧，也常在大门与其他相冲的时候用来抵挡，这个做法的好处是金水相生，生生不息，利事业好运。</span> \r\n</p>\r\n<p>\r\n	<span style="color:#000000;font-size:16px;">　　<strong><span style="color:#009900;">4、富贵竹。</span></strong></span> \r\n</p>\r\n<p>\r\n	<span style="color:#000000;font-size:16px;">　　富贵竹有富贵吉祥之意。水养的富贵竹6枝或5枝放财位利事业财运，六有六六大大顺之意，五枝则需要在水瓶里放5枚硬币合成家居风水中招五路财神的意义。以4枝放流年文曲星方向利升职，考试运。2015年文曲星方位为西北方。需要特别注意的是：市面上有些故意弯曲起来的“转运竹”，须谨慎使用!除非你当年运势极衰，当你使用了这个，好运来临的时候，就要放弃转运竹，否则又将不利。风水植物中，正常都不会推荐这种弯弯曲曲的东西。还有一种以一捆一捆的富贵竹盘叠而成的，也只适合短期使用，当出现枯萎枝条的时候，就要整盘抛弃。不适合家庭使用。从数字来讲，2、3、7都是凶，需要规避。</span> \r\n</p>\r\n<p>\r\n	<span style="color:#000000;font-size:16px;">　　<strong><span style="color:#009900;">5、 万年青。</span></strong></span> \r\n</p>\r\n<p>\r\n	<span style="color:#000000;font-size:16px;">　　万年青叶翠绿，四季常青，冬季时绿色的叶子配上红色的果实，高雅秀丽，有永葆青春、健康长寿、富贵吉祥的美好寓意， 万年青的使用方法和金钱树一样。</span> \r\n</p>\r\n<p>\r\n	<span style="color:#000000;font-size:16px;">　　其实，还有很多类似金橘之类的利家运的风水植物，只是因为季节性太强，需要随时更换，也需要更多的精力看护，一旦疏忽，则适得其反， 反而不妥。</span> \r\n</p>\r\n<p>\r\n	<span style="color:#000000;font-size:16px;"><br />\r\n</span>\r\n</p>\r\n<p style="text-align:center;">\r\n	<span style="color:#000000;font-size:16px;"><br />\r\n</span>\r\n</p>', ' 风水植物其实已经根深蒂固于国人思想中，比如古代帝王陵墓前都会种松柏，比如送母亲用的康乃馨，比如送情人的玫瑰，比如门前插的桃枝。那么，对于一家来说，最旺财的植物有哪些呢? 最管用的五种旺财植物 1、发财树 首当其冲就是它， 发财树现在已经成为开店，公司，家庭旺事业旺财的首选', 58, 'B2B2C电商平台', '旺财，风水，植物，家装', 1425024397, 0, 0, 0),
(59, 11, '', 1, 255, '这十种女人优秀男人最不愿意娶，你属那种？', '04783688158076229_sm.jpg', '<p style="padding-bottom:0px;line-height:24px;margin-top:0px;padding-left:0px;padding-right:0px;white-space:normal;margin-bottom:25px;padding-top:0px;">\r\n	<span style="color:#000000;font-size:16px;">　　“男大当婚女大当嫁”，婚姻嫁娶中的男女人人都想娶得好，嫁的好，但现实中的姻缘总是不如人愿。女人不愿意嫁窝囊没出息的男人，而优秀的男人也有不愿意娶的女人。其实，说到底只有二人条件相当，门当户对才能携手共度今生。本文今天就为大家讲讲优秀的男人，最不愿意娶的几种女人，供各位朋友参考。</span> \r\n</p>\r\n<p style="text-align:center;padding-bottom:0px;line-height:24px;margin-top:0px;padding-left:0px;padding-right:0px;white-space:normal;margin-bottom:25px;padding-top:0px;">\r\n	<img alt="" src="/data/upload/shop/editor/20150227173426_23408.jpg" /> \r\n</p>\r\n<p style="text-align:center;">\r\n	<span style="color:#000000;font-size:16px;"><span style="font-size:14px;">优秀男人最不愿意娶的十种女人</span></span> \r\n</p>\r\n<p>\r\n	<span style="color:#000000;font-size:16px;">　　<strong><span style="color:#e53333;">一、欲望太大的女人</span></strong></span> \r\n</p>\r\n<p>\r\n	<span style="color:#000000;font-size:16px;">　　多数男人都喜欢掌控别人，尤其是优秀的男人，其掌控欲比其他男人更突显。倘若你是一个心中膨胀权力欲望的女人，总想掌控凌驾于男人之上，即便是遇到优秀的男人与之相恋，其男人也会对你敬而远之，不会与你携手今生的。</span> \r\n</p>\r\n<p>\r\n	<span style="color:#000000;font-size:16px;">　　<strong><span style="color:#e53333;">二、私生活不检点的女人</span></strong></span> \r\n</p>\r\n<p>\r\n	<span style="color:#000000;font-size:16px;">　　男人容不下女人对自己的背叛，十个男人九个都喜欢自己的女人是一个纯洁美丽的天使。如果你是一个貌美如花的女人，自然容易与优秀的男性结缘。可是相貌美丽的女性多数对待感情不专一，私生活混乱，所以，优秀的男人宁可找一个相貌平平的女人做妻子，也不会找一个对感情不专一的美貌女子结婚。</span> \r\n</p>\r\n<p>\r\n	<span style="color:#000000;font-size:16px;">　　<strong><span style="color:#e53333;">三、修养不够的女人</span></strong></span> \r\n</p>\r\n<p>\r\n	<span style="color:#000000;font-size:16px;">　　男人最希望自己的妻子知情达理，温柔体贴，善解人意，可以理解男人的辛苦，赞美自己的长处，肯定自己的优点。而不是处处语言攻击，制造是非。一个女人若容忍不了家人的短处，看到那个人不顺心，遇到那个事儿不顺眼，男人是不会喜欢你的。修养不够的女人，即便有幸进入优秀的男人圈子，也很难与其牵手终身。</span> \r\n</p>\r\n<p>\r\n	<span style="color:#000000;font-size:16px;">　　<strong><span style="color:#e53333;">四、表现欲极强的女人</span></strong></span> \r\n</p>\r\n<p>\r\n	<span style="color:#000000;font-size:16px;">　　有一种女人极度想表现自己，证明自己优秀，以压倒性的话语证明自己的贤淑和宽容，或表达自己的能力。不知不觉的言语就会泄露自己和家人的隐私，越是在熟人场合，她的表现欲望就越强，好像这个世界没有了她，别人都无法生存了一样。与这样的女人生活，只会丢尽男人的脸，毁坏男人的名声。我张鑫龙认为优秀的男人修养和素质极高，绝不会娶这类女人为妻的。</span> \r\n</p>\r\n<p>\r\n	<span style="color:#000000;font-size:16px;">　　<strong><span style="color:#e53333;">五、心机深的女人</span></strong></span> \r\n</p>\r\n<p>\r\n	<span style="color:#000000;font-size:16px;">　　男人确实喜欢聪明有心机的女人，但是这种聪明和心机要有一个度，不能超越男人，或者说不能超过男人太多。否则，男人会感觉自己受到威胁，缺乏安全感，届时自会对你产生防备心理，甚至会把男人吓跑。</span> \r\n</p>\r\n<p>\r\n	<span style="color:#000000;font-size:16px;">　　<strong><span style="color:#e53333;">六、疑心重的女人</span></strong></span> \r\n</p>\r\n<p>\r\n	<span style="color:#000000;font-size:16px;">　　适度的猜忌那是爱的表达，若无中生有过度疑心，谁也受不了的。每个人都希望自己自由，不希望自己的空间完全被别人占有。其实疑心太重的人也是对自己不自信的表现，疑心太重则神经质，会令人无法忍受的。</span> \r\n</p>\r\n<p>\r\n	<span style="color:#000000;font-size:16px;">　　<strong><span style="color:#e53333;">七、心胸狭隘的女人</span></strong></span> \r\n</p>\r\n<p>\r\n	<span style="color:#000000;font-size:16px;">　　有些女人心性太过狭隘，眼里容不得半粒沙子，对配偶的往事都装不下。一旦心情不爽时，总会把往事提上桌面，并且时常找男人的缺点，总想抓住男人的把柄，以致维持与男友的关系。这种女人是男人最不愿意娶的女人。</span> \r\n</p>\r\n<p>\r\n	<span style="color:#000000;font-size:16px;">　　<strong><span style="color:#e53333;">八、上不得厅堂的女人</span></strong></span> \r\n</p>\r\n<p>\r\n	<span style="color:#000000;font-size:16px;">　　这种女人要么相貌不俊俏，要么就是胸无点墨，不学无术。其实，这样的女人与优秀男人不再一个层次，生活品味有很大的悬殊，因此，不要妄想嫁给优秀男人。当然，男人也不会娶这类女人为妻。</span> \r\n</p>\r\n<p>\r\n	<span style="color:#000000;font-size:16px;">　　<strong><span style="color:#e53333;">九、不孝父母的女人</span></strong></span> \r\n</p>\r\n<p>\r\n	<span style="color:#000000;font-size:16px;">　　男人很爱面子，尤其是优秀的男人，很重视自己的颜面，更注重全家人的名誉。他们要求妻子守贞洁，孝敬父母，维护家人的名誉。不孝父母和公婆的女人，他们是绝不会娶的。</span> \r\n</p>\r\n<p>\r\n	<span style="color:#000000;font-size:16px;">　　<strong><span style="color:#e53333;">十、独立自主的女人</span></strong></span> \r\n</p>\r\n<p>\r\n	<span style="color:#000000;font-size:16px;">　　女人经济独立是好事儿，但对于优秀的男人来讲，最不希望的就是思想精神独立。如果一个女人有独立的见解和主张，那么，则说明她失去了对男人的依赖。而对于男人来讲，就显得自己很没用了，这样男人的身心会受到打击，恋爱中自会把你加入黑名单的。</span> \r\n</p>\r\n<p>\r\n	<span style="color:#000000;font-size:16px;"><br />\r\n</span>\r\n</p>\r\n<p style="text-align:center;">\r\n	<br />\r\n</p>\r\n<span style="color:#000000;font-size:16px;"></span> \r\n<p>\r\n	<br />\r\n</p>', ' “男大当婚女大当嫁”，婚姻嫁娶中的男女人人都想娶得好，嫁的好，但现实中的姻缘总是不如人愿。女人不愿意嫁窝囊没出息的男人，而优秀的男人也有不愿意娶的女人。其实，说到底只有二人条件相当，门当户对才能携手共度今生。本文今天就为大家讲讲优秀的男人，最不愿意娶的几种女人，供', 270, 'B2B2C电商平台', '婚娶，优秀男人，女人', 1425024894, 0, 0, 0),
(60, 6, '', 1, 255, '忘记还款 如何消除信用卡不良记录', '04783692300122237_sm.jpg', '<p style="text-align:center;">\r\n	<span style="color:#000000;font-size:16px;"><img alt="" src="/data/upload/shop/editor/20150227162058_16418.jpg" /><br />\r\n</span>\r\n</p>\r\n<p>\r\n	<span style="color:#000000;font-size:16px;">　　春节刚过，对于多数信用卡持卡人来说，节后的信用卡账单也将成为一个不小的压力。若忘记还款，不仅要支付逾期利息、滞纳金、超限费，还会产生不良信用记录。一旦产生不良信用记录，对未来进行房贷、车贷、个人商业贷款甚至求学、就业都会有很大影响。到底应该如何消除信用卡不良记录?本期将向您支招。</span> \r\n</p>\r\n<p>\r\n	<span style="color:#000000;font-size:16px;">　　王女士最近陷入一种困境，春节假期开销很大，信用卡刷了好几万元，又要还房贷，节后没钱还信用卡。“一旦逾期还款又担心不良记录产生，以后银行贷款就难了。”王女士苦恼道。然而，像王女士这样的持卡人还很多。央行日前公布的2014年支付体系运行总体情况报告显示，去年信用卡坏账较2013年增长了四成。</span> \r\n</p>\r\n<p>\r\n	<span style="color:#000000;font-size:16px;">　　截至2014年末,全国人均持有银行卡3.64张，其中人均持有信用卡0.34张，较上年末增长17.24%。信用卡授信总额为5.6万亿元，同比增长22.5%。信用卡逾期半年未偿信贷总额(坏账)357.64亿元，较上年末增加105.72亿元，增长41.97%;信用卡逾期半年未偿信贷总额占期末应偿信贷总额(坏账率) 的1.53%，占比较上年末上升0.16个百分点。</span> \r\n</p>\r\n<p>\r\n	<span style="color:#000000;font-size:16px;">　　不少人误解道，一旦出现信用卡还款不良记录，把钱还了再注销卡就行了，这样不良记录就会被注销掉。</span> \r\n</p>\r\n<p>\r\n	<span style="color:#000000;font-size:16px;">　　一位股份制银行信用卡人士对此解释道，很多产生不良信用记录的持卡人会认为还掉欠款、销掉卡片是去除不良信用记录的方法，但这是大错特错的。保持诚信“刷掉负面记录”是最有效的方法。</span> \r\n</p>\r\n<p>\r\n	<span style="color:#000000;font-size:16px;">　　“因为销卡以后，征信系统就不再有新的信用记录产生，那么之前的不良记录也因为没有被新记录替换而将一直存在。央行一般都会选择每两年从银行重新提取一次信用记录，如果在产生不良记录后，持卡人一直保持良好的用卡习惯，两年后，新的、良好的记录会逐渐刷新并替代旧的、负面的记录。”该人士说道。</span> \r\n</p>\r\n<p>\r\n	<span style="color:#000000;font-size:16px;">　　另外，有些持卡人表示，因为逾期时间过长，可能登上了银行黑名单或者被强制停卡。对此，也有银行人士支招，即便如此，销卡也是万万不可的，持卡人可以选择每个月往卡片中存入1-10元钱，保持卡片的状态有变化，那么在央行提取信息时也会刷掉不良记录。</span> \r\n</p>\r\n<p>\r\n	<span style="color:#000000;font-size:16px;">　　信用卡还款不良记录一般保持五年的时间，超过五年将会被征信机构删除，这项规定将为有违约记录的人提供一个信用修复的机会。</span> \r\n</p>\r\n<p>\r\n	<span style="color:#000000;font-size:16px;"><br />\r\n</span>\r\n</p>\r\n<p style="text-align:center;">\r\n	<span style="color:#000000;font-size:16px;"><br />\r\n</span>\r\n</p>', ' 春节刚过，对于多数信用卡持卡人来说，节后的信用卡账单也将成为一个不小的压力。若忘记还款，不仅要支付逾期利息、滞纳金、超限费，还会产生不良信用记录。一旦产生不良信用记录，对未来进行房贷、车贷、个人商业贷款甚至求学、就业都会有很大影响。到底应该如何消除信用卡不良', 35, 'B2B2C电商平台', '信用卡还款，信用卡记录', 1425025289, 0, 0, 0);
INSERT INTO `cor_life_article` (`article_id`, `ac_id`, `article_url`, `article_show`, `article_sort`, `article_title`, `thumb`, `article_content`, `description`, `click`, `source`, `tag`, `article_time`, `is_head`, `is_best`, `is_hot`) VALUES
(61, 8, '', 1, 255, '2015最吸金的十大工作，早看早发财!', '04783706930969619_sm.jpg', '<p style="text-align:center;">\r\n	<img alt="http://www.infol.com.cn/data/upload/shop/article/04783707856998631.jpg" src="http://www.infol.com.cn/data/upload/shop/article/04783707856998631.jpg" /> \r\n</p>\r\n<p style="text-align:center;">\r\n	<br />\r\n</p>\r\n<p style="text-align:center;">\r\n	<img alt="http://www.infol.com.cn/data/upload/shop/article/04783707938030976.jpg" src="http://www.infol.com.cn/data/upload/shop/article/04783707938030976.jpg" /> \r\n</p>\r\n<p style="text-align:center;">\r\n	<img alt="http://www.infol.com.cn/data/upload/shop/article/04783708080737600.jpg" src="http://www.infol.com.cn/data/upload/shop/article/04783708080737600.jpg" /> \r\n</p>\r\n<p style="text-align:center;">\r\n	<br />\r\n</p>\r\n<p style="text-align:center;">\r\n	<img alt="http://www.infol.com.cn/data/upload/shop/article/04783708030232691.jpg" src="http://www.infol.com.cn/data/upload/shop/article/04783708030232691.jpg" /> \r\n</p>\r\n<p style="text-align:center;">\r\n	<img alt="http://www.infol.com.cn/data/upload/shop/article/04783707942714075.jpg" src="http://www.infol.com.cn/data/upload/shop/article/04783707942714075.jpg" /> \r\n</p>\r\n<p style="text-align:center;">\r\n	<br />\r\n</p>\r\n<p style="text-align:center;">\r\n	<img alt="http://www.infol.com.cn/data/upload/shop/article/04783707996411307.jpg" src="http://www.infol.com.cn/data/upload/shop/article/04783707996411307.jpg" /> \r\n</p>\r\n<p style="text-align:center;">\r\n	<img style="line-height:1.5;" alt="http://www.infol.com.cn/data/upload/shop/article/04783708304646664.jpg" src="http://www.infol.com.cn/data/upload/shop/article/04783708304646664.jpg" /> \r\n</p>\r\n<p style="text-align:center;">\r\n	<br />\r\n</p>\r\n<p style="text-align:center;">\r\n	<img alt="http://www.infol.com.cn/data/upload/shop/article/04783708071499292.jpg" src="http://www.infol.com.cn/data/upload/shop/article/04783708071499292.jpg" /> \r\n</p>\r\n<p style="text-align:center;">\r\n	<img alt="http://www.infol.com.cn/data/upload/shop/article/04783708128474708.jpg" src="http://www.infol.com.cn/data/upload/shop/article/04783708128474708.jpg" /> \r\n</p>\r\n<p style="text-align:center;">\r\n	<img alt="http://www.infol.com.cn/data/upload/shop/article/04783708184980207.jpg" src="http://www.infol.com.cn/data/upload/shop/article/04783708184980207.jpg" /> \r\n</p>\r\n<p style="text-align:center;">\r\n	<br />\r\n</p>\r\n<p style="text-align:center;">\r\n	<img alt="http://www.infol.com.cn/data/upload/shop/article/04783708129687696.jpg" src="http://www.infol.com.cn/data/upload/shop/article/04783708129687696.jpg" /> \r\n</p>\r\n<p style="text-align:center;">\r\n	<img alt="http://www.infol.com.cn/data/upload/shop/article/04783708505032358.jpg" src="http://www.infol.com.cn/data/upload/shop/article/04783708505032358.jpg" /> \r\n</p>\r\n<p style="text-align:center;">\r\n	<br />\r\n</p>\r\n<p style="text-align:center;">\r\n	<img alt="http://www.infol.com.cn/data/upload/shop/article/04783708319214744.jpg" src="http://www.infol.com.cn/data/upload/shop/article/04783708319214744.jpg" /> \r\n</p>\r\n<p style="text-align:center;">\r\n	<img alt="http://www.infol.com.cn/data/upload/shop/article/04783708273893173.jpg" src="http://www.infol.com.cn/data/upload/shop/article/04783708273893173.jpg" /> \r\n</p>\r\n<p style="text-align:center;">\r\n	<br />\r\n</p>\r\n<p style="text-align:center;">\r\n	<img alt="http://www.infol.com.cn/data/upload/shop/article/04783708248901027.jpg" src="http://www.infol.com.cn/data/upload/shop/article/04783708248901027.jpg" /> \r\n</p>\r\n<p style="text-align:center;">\r\n	<img alt="http://www.infol.com.cn/data/upload/shop/article/04783708453261918.jpg" src="http://www.infol.com.cn/data/upload/shop/article/04783708453261918.jpg" /> \r\n</p>\r\n<p style="text-align:center;">\r\n	<br />\r\n</p>\r\n<p style="text-align:center;">\r\n	<img alt="http://www.infol.com.cn/data/upload/shop/article/04783708346795828.jpg" src="http://www.infol.com.cn/data/upload/shop/article/04783708346795828.jpg" /> \r\n</p>\r\n<p style="text-align:center;">\r\n	<img alt="http://www.infol.com.cn/data/upload/shop/article/04783708355164507.jpg" src="http://www.infol.com.cn/data/upload/shop/article/04783708355164507.jpg" /> \r\n</p>\r\n<p style="text-align:center;">\r\n	<br />\r\n</p>\r\n<p style="text-align:center;">\r\n	<img alt="http://www.infol.com.cn/data/upload/shop/article/04783708595132655.jpg" src="http://www.infol.com.cn/data/upload/shop/article/04783708595132655.jpg" /> \r\n</p>\r\n<p style="text-align:center;">\r\n	<img alt="http://www.infol.com.cn/data/upload/shop/article/04783708535832969.jpg" src="http://www.infol.com.cn/data/upload/shop/article/04783708535832969.jpg" /> \r\n</p>\r\n<p style="text-align:center;">\r\n	<br />\r\n</p>\r\n<p style="text-align:center;">\r\n	<img alt="http://www.infol.com.cn/data/upload/shop/article/04783708458303334.jpg" src="http://www.infol.com.cn/data/upload/shop/article/04783708458303334.jpg" /> \r\n</p>\r\n<p style="text-align:center;">\r\n	<img alt="http://www.infol.com.cn/data/upload/shop/article/04783708461766531.jpg" src="http://www.infol.com.cn/data/upload/shop/article/04783708461766531.jpg" /> \r\n</p>\r\n<p style="text-align:center;">\r\n	<br />\r\n</p>\r\n<p style="text-align:center;">\r\n	<br />\r\n</p>', ' ', 139, 'B2B2C电商平台', '吸金，朝阳产业，热门工作', 1425026999, 1, 1, 0),
(62, 6, '', 1, 255, '所有的买房人都上了一个大当', '04783804267092997_sm.jpg', '<p>\r\n	　　<span style="font-size:14px;">牛刀/文(中央电视台财经评论员，财经专栏作家)</span> \r\n</p>\r\n<p>\r\n	<span style="color:#000000;font-size:16px;">　　正在很多人砸锅卖铁，四处筹钱，将身家性命全部压在房子时，他们终于惊奇的发现，无论有多少人买房子房子也是越造越多，而且，多的永远买不尽，根本不是什么稀缺，越是稀缺的地方房子越多，所有的买房的人都感到恐惧了。</span> \r\n</p>\r\n<p>\r\n	<span style="color:#000000;font-size:16px;">　　这种遍地造出来的房子，已经多的足够30亿人住的房子已经轰然在华夏大地造了出来。问题是，你留在手上的房子将来要卖给谁?</span> \r\n</p>\r\n<p>\r\n	<span style="color:#000000;font-size:16px;">　　人人都有的东西，还稀缺什么?这明明是中国黄种人生造出来的谎言，在泡沫时代最流行的疯狂咒语。有钱就买房子，这是在中国唯一能买的东西，能够保值?遍地都是的房子，无非就是钢筋水泥，能够保什么值?</span> \r\n</p>\r\n<p>\r\n	<span style="color:#000000;font-size:16px;">　　这种炒作出来的泡沫概念，无非就是毒化中国人的那种脆弱的灵魂。我们终于看清，中国房地产的本质，原来就是将根本无用的东西卖出天价，而这种天价是央行烂印钞票和美联储量化宽松(QE)的最终结果。</span> \r\n</p>\r\n<p>\r\n	<span style="color:#000000;font-size:16px;">　　悲哀的中国人。还真以为，因为土地让很多人一夜成为富翁。是的，烂印出来的钞票总能让那么几个有运气的人、贪官污吏和一伙诈骗犯富起来，这并不是什么好事，恰恰就是好逸恶劳的人才发大财。所以，这些所谓富起来的人正在转移资产到境外。</span> \r\n</p>\r\n<p>\r\n	<span style="color:#000000;font-size:16px;">　　房子多到什么地步?据报道，国家发改委“城市和小城镇改革发展中心”的课题组2013年调查12个省、区的156个地级市和161个县级市。结果发现，90%以上的地级市正在规划建设新城新区。</span> \r\n</p>\r\n<p>\r\n	<span style="color:#000000;font-size:16px;">　　此外，12个省会城市共规划建设55个新城新区，有一个省会城市就要新建13个城区。“有研究数据显示，全国新城新区规划人口达到34亿”。其实34亿人仅是可以容纳的增量。</span> \r\n</p>\r\n<p>\r\n	<span style="color:#000000;font-size:16px;">　　根据国家统计局的数字，到2013年年底，中国城镇人口是7.3亿，新区规划了34亿人口，加起来就是40亿人。也就是说，中国的城市可以把全世界的城镇人口，全部装进去!</span> \r\n</p>\r\n<p>\r\n	<span style="color:#000000;font-size:16px;">　　中国创造了奇迹。一群愚氓，加上一伙恶棍，无非就是造房子，还能干什么?这是什么奇迹?将铁矿石价格从28美元拉到180美元，将国际原油价格从35美元拉动100美元，这是中国的奇迹?这种价格暴涨和天量供应究竟是富了谁?</span> \r\n</p>\r\n<p>\r\n	<span style="color:#000000;font-size:16px;">　　所有买房子的人无非是倾其一辈子甚至几代人为泡沫打工而已，再不过只是做了一回中国的发财梦。梦想破灭，玉石俱焚，中国的财富将会灰飞烟灭。这种房子最终将根本不值钱。</span> \r\n</p>\r\n<p>\r\n	<span style="color:#000000;font-size:16px;">　　现在还只是买房子的人在感觉上了一个大当，还没有到灰飞烟灭的时候，等那种灰飞烟灭的时候到来，人民币会毁于一场灾难。</span> \r\n</p>\r\n<p>\r\n	<span style="color:#000000;font-size:16px;">　　人民币崩溃，人民币的资产价格体系无疑会被摧毁。什么现在的房价，将来的房价，一线城市每年上涨10%到15%，那只是在滥发货币的过程中的奇思妙想，一旦这中国这种滥发货币的终结时代来临，也是灰飞烟灭的时刻的到来。</span> \r\n</p>\r\n<p>\r\n	<span style="color:#000000;font-size:16px;">　　很多人会问，中国滥发货币时代何时终结?简单的答案，那就是汇率大战开始之后，当人民币在国际上成为废纸的时候。一个疯狂的民族终将付出巨大的代价。</span> \r\n</p>\r\n<p>\r\n	<span style="color:#000000;font-size:16px;"><br />\r\n</span>\r\n</p>\r\n<p style="text-align:center;">\r\n	<span style="color:#000000;font-size:16px;"><br />\r\n</span>\r\n</p>', ' 牛刀/文(中央电视台财经评论员，财经专栏作家) 正在很多人砸锅卖铁，四处筹钱，将身家性命全部压在房子时，他们终于惊奇的发现，无论有多少人买房子房子也是越造越多，而且，多的永远买不尽，根本不是什么稀缺，越是稀缺的地方房子越多，所有的买房的人都感到恐惧了。 这种遍地造出来的房子', 121, 'B2B2C电商平台', '房地产，楼市，泡沫经济', 1425036774, 1, 1, 0),
(63, 2, '', 1, 255, '正副处级女干部退休年龄延至60周岁', '04783815073521738_sm.jpg', '<p>\r\n	<span style="color:#000000;font-size:16px;">　　新京报快讯(记者马力)中组部、人力资源社会保障部日前发布通知，为充分发挥女领导干部和女性专业技术人员的作用，党政机关、人民团体和事业单位中的正、副处级女干部、具有高级职称的女性专业技术人员，将年满六十周岁退休。该通知自今年3月1日起执行。</span> \r\n</p>\r\n<p>\r\n	<span style="color:#000000;font-size:16px;">　　中组部和人力资源社会保障部联合下发的《关于机关事业单位县处级女干部和具有高级职称的女性专业技术人员退休年龄问题的通知》中要求，党政机关、人民团体中的正、副县处级及相应职务层次的女干部，事业单位中担任党务、行政管理工作的相当于正、副处级的女干部和具有高级职称的女性专业技术人员，年满六十周岁退休。</span> \r\n</p>\r\n<p>\r\n	<span style="color:#000000;font-size:16px;">　　不过《通知》中也称，上述女干部和具有高级职称的女性专业技术人员如本人申请，可以在年满55周岁时自愿退休。</span> \r\n</p>\r\n<p>\r\n	<span style="color:#000000;font-size:16px;">　　年满六十周岁的少数具有高级职称的女性专业技术人员，因工作需要延长退休年龄的，仍按照《国务院关于高级专家离休退休若干问题的暂行规定》《人事部关于高级专家退(离)休有关问题的通知》有关规定执行。</span> \r\n</p>\r\n<p>\r\n	<span style="color:#000000;font-size:16px;">　　已办理退休手续的县处级女干部和具有高级职称的女性专业技术人员，不适用该《通知》，不予追溯。</span> \r\n</p>\r\n<p>\r\n	<span style="color:#000000;font-size:16px;"><br />\r\n</span>\r\n</p>\r\n<p style="text-align:center;">\r\n	<span style="color:#000000;font-size:16px;"><br />\r\n</span>\r\n</p>', ' 新京报快讯(记者马力)中组部、人力资源社会保障部日前发布通知，为充分发挥女领导干部和女性专业技术人员的作用，党政机关、人民团体和事业单位中的正、副处级女干部、具有高级职称的女性专业技术人员，将年满六十周岁退休。该通知自今年3月1日起执行。 中组部和人力资源社会', 48, 'B2B2C电商平台', '女干部，退休，退休年龄', 1425037547, 0, 0, 0),
(64, 6, '', 1, 255, '别再把这些姓氏读错了，很丢人的！', '04784506987147621_sm.jpg', '<p>\r\n	<span style="color:#000000;font-size:16px;">　　中国人的姓氏源远流长、数量众多，有的读音和平常读法不一样。那、哈、曲、令狐…你确定都读对了吗?</span> \r\n</p>\r\n<p style="text-align:center;">\r\n	<img alt="http://www.infol.com.cn/data/upload/shop/article/04784504023613326.png" src="http://www.infol.com.cn/data/upload/shop/article/04784504023613326.png" /> \r\n</p>\r\n<p style="text-align:center;">\r\n	<img alt="http://www.infol.com.cn/data/upload/shop/article/04784504018284363.png" src="http://www.infol.com.cn/data/upload/shop/article/04784504018284363.png" /> \r\n</p>\r\n<p style="text-align:center;">\r\n	<img alt="http://www.infol.com.cn/data/upload/shop/article/04784504017651887.png" src="http://www.infol.com.cn/data/upload/shop/article/04784504017651887.png" /> \r\n</p>\r\n<p style="text-align:center;">\r\n	<img alt="http://www.infol.com.cn/data/upload/shop/article/04784504015889377.png" src="http://www.infol.com.cn/data/upload/shop/article/04784504015889377.png" /> \r\n</p>\r\n<p style="text-align:center;">\r\n	<img alt="http://www.infol.com.cn/data/upload/shop/article/04784504015143542.png" src="http://www.infol.com.cn/data/upload/shop/article/04784504015143542.png" /> \r\n</p>\r\n<p style="text-align:center;">\r\n	<img alt="http://www.infol.com.cn/data/upload/shop/article/04784503995703941.png" src="http://www.infol.com.cn/data/upload/shop/article/04784503995703941.png" /> \r\n</p>\r\n<p style="text-align:center;">\r\n	<img alt="http://www.infol.com.cn/data/upload/shop/article/04784503991026461.png" src="http://www.infol.com.cn/data/upload/shop/article/04784503991026461.png" /> \r\n</p>\r\n<p style="text-align:center;">\r\n	<img alt="http://www.infol.com.cn/data/upload/shop/article/04784503963046304.png" src="http://www.infol.com.cn/data/upload/shop/article/04784503963046304.png" /> \r\n</p>\r\n<p style="text-align:center;">\r\n	<img alt="http://www.infol.com.cn/data/upload/shop/article/04784503960288290.png" src="http://www.infol.com.cn/data/upload/shop/article/04784503960288290.png" /> \r\n</p>\r\n<p style="text-align:center;">\r\n	<br />\r\n</p>\r\n<p style="text-align:center;">\r\n	<br />\r\n</p>', ' 中国人的姓氏源远流长、数量众多，有的读音和平常读法不一样。那、哈、曲、令狐…你确定都读对了吗? ', 169, 'B2B2C电商平台', '百家姓，偏僻姓氏', 1425106556, 0, 0, 0),
(65, 11, '', 1, 255, '佛家四大妙语解你烦忧，值得收藏！', '04784514592204208_sm.jpg', '<p style="text-align:center;">\r\n	<span style="color:#000000;font-size:16px;"><img alt="" src="/data/upload/shop/editor/20150228151134_38135.jpg" /><br />\r\n</span>\r\n</p>\r\n<p>\r\n	<span style="color:#000000;font-size:16px;">　　<strong><span style="color:#e53333;">佛家妙语之一：人生最大的财富是健康。</span></strong></span> \r\n</p>\r\n<p>\r\n	<span style="color:#000000;font-size:16px;">　　此语虽人人皆知，但要真正领悟，又非易事。试看古今中外之人，或为名所惑，或为利所动，或为官而奔波，或为爱情而苦恼。把名、利、禄、情，视为人生的最高追求，却不知人生最大的财富只是自身的健康。记得有篇小说写一个爱财如命的财迷，进了一座黄金山，山内皆是黄金珠宝，大喜若狂。但因贪得无厌，终于陷入黄金山而无法出来，于是黄金山中留下几根白骨，岂不悲哉?由此可见，健康是最宝贵的，也是人生最大的财富。如果一个人想通了这一点，那么什么名利之念、非分之欲，都可化为乌有</span> \r\n</p>\r\n<p style="text-align:center;">\r\n	<span style="color:#000000;font-size:16px;"><img alt="" src="/data/upload/shop/editor/20150228151212_90606.jpg" /><br />\r\n</span>\r\n</p>\r\n<p>\r\n	<span style="color:#000000;font-size:16px;">　　<strong><span style="color:#e53333;">佛家妙语之二：人生最可怜的是嫉妒。</span></strong></span> \r\n</p>\r\n<p>\r\n	<span style="color:#000000;font-size:16px;">　　嫉妒是人生最容易碰到的事，李斯因嫉妒同学韩非的才能，向秦王进谗言而致韩非死在狱中;庞涓因嫉妒孙膑的学识超过自己，用毒计陷害孙膑，使孙膑致残。如以佛家妙语悟之，李斯、庞涓都是极可怜的人，他们纵然阴谋得逞于一时，但最后都不得善终。</span> \r\n</p>\r\n<p>\r\n	<span style="color:#000000;font-size:16px;">　　嫉妒是一种病，患嫉妒病的人，一生都不得安宁。他们今天害怕某人超过自己，明天又担心某人走在他前头，他终日生活在一种可怜的病态之中;相反，历史上真正功成名就的人，都以嫉妒为可耻。欧阳修是北宋文坛领袖，他当年识拔后生苏东坡，有人便对欧阳修说：“苏东坡才情极富，若公识拔此人，只怕十年之后，天下人只知苏东坡而不知欧阳修。”但欧阳修一笑了之，依旧提拔苏东坡。后人更加崇敬欧阳修。苏东坡脱颖而出后，更是感恩在心，他为欧阳修写的悼文，名动千古。</span> \r\n</p>\r\n<p style="text-align:center;">\r\n	<span style="color:#000000;font-size:16px;"><img alt="" src="/data/upload/shop/editor/20150228151243_59501.jpg" /><br />\r\n</span>\r\n</p>\r\n<p>\r\n	<span style="color:#000000;font-size:16px;">　　<strong><span style="color:#e53333;">佛家妙语之三：人生最大的敌人是自己。</span></strong></span> \r\n</p>\r\n<p>\r\n	<span style="color:#000000;font-size:16px;">　　此话最为重要。人的一生总会遇到一些敌人，如流氓、无赖、小人，此等衣冠禽兽之徒可恶之极，但看穿了，也无非是一堆垃圾。人最大的敌人，还是人自己。一个人能战胜自己，也就攻无不克、战无不胜了。怕的是自己患了病，茫然不知，处事犹豫不决，或过高地估价自己，由此而自大;或过分地崇拜他人，由此而自卑。一旦战胜自己，也就在思想上有了一个飞跃，人生会打开新的一页。</span> \r\n</p>\r\n<p style="text-align:center;">\r\n	<span style="color:#000000;font-size:16px;"><img alt="" src="/data/upload/shop/editor/20150228151304_44955.jpg" /><br />\r\n</span>\r\n</p>\r\n<p>\r\n	<span style="color:#000000;font-size:16px;">　　<strong><span style="color:#e53333;">佛家妙语之四：人生最大的幸福是放得下。</span></strong></span> \r\n</p>\r\n<p>\r\n	<span style="color:#000000;font-size:16px;">　　一个人在处世中，拿得起是一种勇气，放得下是一种肚量。对于人生道路上的鲜花、鼓掌，有处世经验的人大都能等闲视之，屡经风雨的人更有自知之明。但对于坎坷与泥泞，能以平常心视之，就非容易。大的挫折与大的灾难，能不为之所动，能坦然承受之，这就是一种肚量。佛家以大肚能容天下之事为乐事，这便是一种极高的境界。既来之，则安之，便是一种超脱，但这种超脱又需多年磨练才能养成。拿得起，实为可贵，放得下，才是人生处世之真谛。</span> \r\n</p>\r\n<p style="text-align:center;">\r\n	<span style="color:#000000;font-size:16px;"><img alt="" src="/data/upload/shop/editor/20150228151320_30489.jpg" /><br />\r\n</span>\r\n</p>\r\n<p>\r\n	<span style="color:#000000;font-size:16px;">　　仅以上四条佛家妙语，我以为足够每个人受用终生。归纳起来说，便是拥有健康、抛弃嫉妒、战胜自己、脚踏实地。这样做人，便不会有烦恼，不会疾病滋生。人的疾病，既有病理方面，也有心理方面的，后者对人的健康更为重要。心理上有了承受逆境的能力，有了病，也能正确对待，坦然处之，变有病为无病。佛家妙语，精诚之言，给我们凡夫俗子多少可贵的启示呀!</span> \r\n</p>\r\n<p>\r\n	<span style="color:#000000;font-size:16px;"><br />\r\n</span>\r\n</p>\r\n<p style="text-align:center;">\r\n	<span style="color:#000000;font-size:16px;"><br />\r\n</span>\r\n</p>', ' 佛家妙语之一：人生最大的财富是健康。 此语虽人人皆知，但要真正领悟，又非易事。试看古今中外之人，或为名所惑，或为利所动，或为官而奔波，或为爱情而苦恼。把名、利、禄、情，视为人生的最高追求，却不知人生最大的财富只是自身的健康。记得有篇小说写一个爱财如命的财迷，进了一座黄金', 61, 'B2B2C电商平台', '佛家，佛文化，语录，励志', 1425107626, 0, 0, 0),
(66, 11, '', 1, 255, '一个禁止离婚的国家给我们的感动', '04784541241611352_sm.jpg', '<p style="text-align:center;">\r\n	<span style="color:#000000;font-size:16px;"><img alt="" src="/data/upload/shop/editor/20150228155553_50319.jpg" /></span><span style="text-align:left;line-height:1.5;font-size:16px;"></span> \r\n</p>\r\n<p>\r\n	<span style="color:#000000;font-size:16px;">　　爱尔兰是全世界结婚率最低的国家，作为一个信奉天主教的国度，这个国家是禁止离婚的。很多适逢婚龄的男男女女大都选择观望，迟迟不去婚姻登记部门办理手续。所以，在爱尔兰流行不婚和晚婚。但一对中国夫妻在爱尔兰的结婚经历，却让我们感受到了爱尔兰这个国家对婚姻的完美诠释 。</span> \r\n</p>\r\n<p style="text-align:center;">\r\n	<span style="color:#000000;font-size:16px;"><img alt="" src="/data/upload/shop/editor/20150228155617_23551.jpg" /><br />\r\n</span>\r\n</p>\r\n<p>\r\n	<span style="color:#000000;font-size:16px;">　　林东在爱尔兰国立都柏林大学奎恩商学院取得硕士学位后，又工作了两年，才把我的签证手续办了下来。等到我终于获准可居留后，距离当初他前往爱尔兰已过了7年。我和林东都明白结婚意味着“终身监禁”，不管将来是否幸福，都不得不搭进去一辈子。可我和林东都已经等不及了，再拖上几年，到时候有了孩子是像儿子还是像孙子?不行， 得马上结婚。</span> \r\n</p>\r\n<p style="text-align:center;">\r\n	<span style="color:#000000;font-size:16px;"><img alt="" src="/data/upload/shop/editor/20150228155658_50097.jpg" /><br />\r\n</span>\r\n</p>\r\n<p>\r\n	<span style="color:#000000;font-size:16px;">　　我和林东手牵着手，走进了笼罩着神秘色彩的都柏林市政府机关办公室大厅。顺着箭头指示找到负责办理结婚手续的“入口处”，迎面是一个硕大的液晶显示屏，上面对结婚须知等注意事项作了详细的说明：本处只办理结婚登记手续不办理离婚手续，但这并不意味着每个爱尔兰公民只能和自己唯一的配偶厮守一生，因为本国实行期限婚姻制，男女双方在缔结婚约时可根据多方面因素综合考虑，协商决定婚姻关系的期限。婚姻期限从1年到100年，在本处登记备案后生效，期限届满，婚姻关系即告终止，双方当事人如有继续共同生活的愿 望，可办理延续登记，延续婚姻关系……</span> \r\n</p>\r\n<p style="text-align:center;">\r\n	<span style="color:#000000;font-size:16px;"><img alt="" src="/data/upload/shop/editor/20150228155754_28424.jpg" /><br />\r\n</span>\r\n</p>\r\n<p>\r\n	<span style="color:#000000;font-size:16px;">　　这完全出乎了我们的意料，在决定结婚前，我们谁都没有事先来这里询问过，身边的朋友也没有提醒我们当地实行的是期限婚姻。我俩呆立在那里，有点像两个被宣告了死刑的囚犯忽然获悉可以无罪释放的解脱。这婚还结不结?当然结。那么，结多久?这是个问题。</span> \r\n</p>\r\n<p>\r\n	<span style="color:#000000;font-size:16px;">　　入口处的“生意”格外冷清，除了我们俩再没有别的光顾者。工作人员看我们俩变脸一样地转换表情，也不催我们，示意我们自己去触摸屏前面商量选择。系统要求我们双方协商选择婚姻期限，可选择1年到100年不同的期限，并且显示出一行红色的说明：“由于办理婚姻延续的费用较高，请选择你认为最为适合的婚姻期限。”</span> \r\n</p>\r\n<p>\r\n	<span style="color:#000000;font-size:16px;">　　我和林东有点发懵，本来就是横下心豁出去这一辈子的了，可面对自己自由选择期限的时候，我俩那点信心又都动摇了。林东小声道：“要不我们先结1年试试?”我心里有点不爽，恋爱10年了，临到结婚了才选1年?林东看我面色不善，赶紧补充：“我估摸着这玩意按年收费，时间越长越贵 ，大不了明年再来续嘛……”好像想想也不错，去超市买点心还能试吃呢，不就是1年么，万一不合适，对双方都好。我俩对视了一下，终于一起选择了最短的1年期。系统立即予以确认：“双方婚姻关系成立，婚姻期限1年。”</span> \r\n</p>\r\n<p style="text-align:center;">\r\n	<span style="color:#000000;font-size:16px;"><img alt="" src="/data/upload/shop/editor/20150228155834_44005.jpg" /><br />\r\n</span>\r\n</p>\r\n<p>\r\n	<span style="color:#000000;font-size:16px;">　　接下来，进入结婚登记我们最关心的最后一个程序，系统显示出办理1年期限婚姻登记所需要缴纳的费用——“结婚证书工本费2000镑!” 我们顿时有了一种想砸了触摸屏的冲动：2000镑，折合人民币超过2.6万元，抢钱呀!这几乎相当于我们俩一个月收入的总和了。虽然已经被提示过费用不菲，但这个价码还是实在太过分了。很不情愿地刷了信用卡，于是两本如同法典般厚的结婚证书便摆在了我们面前。</span> \r\n</p>\r\n<p>\r\n	<span style="color:#000000;font-size:16px;">　　有没有搞错?结婚证而已，需要搞得像《辞海》那样厚吗?我拿起一本打开来细看，第一页上这样写道：“为保证双方当事人适当履行婚约，顺利完成1年婚姻期限，特此明确双方在婚姻关系存续期间的权利义务。”下面则分为12篇、365章、21900款详细地规定了双方的权利义务，以及不履行或不完全履行义务所应承担的责任。林东有点庆幸地对我说：“幸亏我们选择了1年期，如果选择100年期，结婚证书还不得车拉船载?那工本费至少得花上百万。”</span> \r\n</p>\r\n<p>\r\n	<span style="color:#000000;font-size:16px;">　　我们捧着沉重的结婚证书悻悻然回家，嘴里咒骂着该死的入口处，也终于明白为什么尽管是期限婚姻，但爱尔兰的结婚率还是这么低了——这样的收费，有人心甘情愿结婚才怪。虽然结婚证罗列了很多不按照结婚证履行义务将承担的不良后果，我和林东还是很快把这两本装潢精美的结婚证跟《圣经》摆在一起当了装饰品。只有偶尔两人发生争执，需要判别谁对谁错的时候，才会去翻翻结婚证作为“定罪”的依据。可最后的结果就是，“罪名”尚未定下来，我们已经一不 小心发觉了对方更多与结婚证要求相悖的言行举止……完全不实用嘛!我俩下定决心摒弃这两本结婚证，决定中为西用，领着爱尔兰的结婚证过中国式婚姻。这下就轻松了，谁也不吵吵什么权利义务责任后果了，按照做丈夫做妻子的本份行事，我累了他多做点，他太辛苦我多担待点，工作赚钱过日子，一年时间也没有什么吵吵闹闹，转眼就到了该续约的时候了。</span> \r\n</p>\r\n<p style="text-align:center;">\r\n	<span style="color:#000000;font-size:16px;"><img alt="" src="/data/upload/shop/editor/20150228155933_85017.jpg" /><br />\r\n</span>\r\n</p>\r\n<p>\r\n	<span style="color:#000000;font-size:16px;">　　打电话回国咨询民政部，结果很让我们沮丧，因为我俩都办理了移民手续，已经加入了爱尔兰国籍，因此不能在中国拿9块钱的结婚证。 我们很心痛地决定把打算买车的1万镑先用掉，先续个5年。</span> \r\n</p>\r\n<p>\r\n	<span style="color:#000000;font-size:16px;">　　这次可就轻车熟路了，我发现触摸屏上有个费用查询按键，一时好奇就点击了一下，我倒想看看最高期限100年的结婚手续到底要多少钱。不可思议的事情发生了——100年期结婚证的工本费仅为50便士——0.5镑，折合人民币6块多钱 。</span> \r\n</p>\r\n<p>\r\n	<span style="color:#000000;font-size:16px;">　　“这怎么可能，准是系统出了故障。”林东嘴上说着，右手按下了证书预览按钮。呈现在我们眼前的百年期结婚证书只是一页薄薄的粉红色纸片，上面写着这样几行文字：“尊敬的先生、太太：我不知道我的左手对右手、右腿对左腿、左眼对右眼、右脑对左脑究竟应该享有怎样的权利，究竟应该承担怎样的义务。其实他们本就是一个整体，因彼此的存在而存在，因彼此的快乐而快乐。最后，让这张粉红色的小纸带去我对你们百年婚姻的美好祝愿!祝你们幸福!——都柏林首席法官：吉米.里莫。”</span> \r\n</p>\r\n<p style="text-align:center;">\r\n	<span style="color:#000000;font-size:16px;"><img alt="" src="/data/upload/shop/editor/20150228160012_32181.jpg" /><br />\r\n</span>\r\n</p>\r\n<p>\r\n	<span style="color:#000000;font-size:16px;">　　我看着林东：“敢选不?”林东也盯着我：“你决定了吗?这一下按下去，咱俩可就真成了一根绳子上的蚂蚱，再也甭想分开了!”我点点头，有点舍生取义的慷慨：“我豁出去了，这辈子就跟定你了，将来你别让我为了现在的决定后悔。”林东笑了，拉着我的手，一起点下了“100年”那个选项。</span> \r\n</p>\r\n<p>\r\n	<span style="color:#000000;font-size:16px;">　　揣着那张薄薄的粉红色纸片，我和林东直奔车市买了辆全新的轿车，驰骋在都柏林的街头，我忽然觉得开车的林东从未像现在这般帅气过——这辈子，他将是我唯一的爱人，我们已经孤注一掷没有了退路，可婚姻这东西，往往也只有在破釜沉舟的时候才能绽放出最灿烂的光辉——两个人去结婚，有谁不是打算厮守终身白头偕老的呢?互相搀扶着，一起到白发苍苍!</span> \r\n</p>\r\n<p style="text-align:center;">\r\n	<span style="color:#000000;font-size:16px;"><br />\r\n</span>\r\n</p>', ' 爱尔兰是全世界结婚率最低的国家，作为一个信奉天主教的国度，这个国家是禁止离婚的。很多适逢婚龄的男男女女大都选择观望，迟迟不去婚姻登记部门办理手续。所以，在爱尔兰流行不婚和晚婚。但一对中国夫妻在爱尔兰的结婚经历，却让我们感受到了爱尔兰这个国家对婚姻的完美诠释 。', 75, 'B2B2C电商平台', '婚姻，结婚，期限婚姻，离婚', 1425110451, 0, 1, 0),
(67, 10, '', 1, 255, '中国最养人的9个城市，旅游千万别忘了去！', '04784560770866328_sm.jpg', '<p style="text-align:center;">\r\n	<span style="color:#000000;font-size:16px;"><img alt="" src="/data/upload/shop/editor/20150228162839_10439.jpg" /><br />\r\n</span>\r\n</p>\r\n<p>\r\n	<span style="color:#000000;font-size:16px;">　　1、青岛被誉为“琴岛”和“岛城”，具有明显的海洋性气候特点，四季分明。风光秀丽，旅游资源丰富，山东省近300处优秀历史建筑中，青岛占131处。</span> \r\n</p>\r\n<div style="text-align:center;">\r\n	<img alt="" src="/data/upload/shop/editor/20150228162858_77326.jpg" /><br />\r\n</div>\r\n<span style="color:#000000;font-size:16px;">　　2、海口地处热带滨海，热带资源呈现多样性，富于海滨自然特色风光景观。全年日照时间长，辐射能量大，年平均气温24.2℃。阳光、沙滩、海岸，九哥光想想就心驰神往了!</span> \r\n<div style="text-align:center;">\r\n	<img alt="" src="/data/upload/shop/editor/20150228162911_46806.jpg" /><br />\r\n</div>\r\n<span style="color:#000000;font-size:16px;">　　3、苏州古称姑苏，中国华东地区特大城市之一，素有“人间天堂”、“东方威尼斯”、“东方水城”的美誉。“上有天堂，下有苏杭”，水乡的确就是养人。</span> \r\n<div style="text-align:center;">\r\n	<img alt="" src="/data/upload/shop/editor/20150228162926_26957.jpg" /><br />\r\n</div>\r\n<span style="color:#000000;font-size:16px;">　　4、大连位于北半球的暖温带地区，具有海洋性特点的暖温带大陆性气候，冬无严寒，夏无酷暑，四季分明。</span> \r\n<div style="text-align:center;">\r\n	<img alt="" src="/data/upload/shop/editor/20150228162941_82820.jpg" /><br />\r\n</div>\r\n<span style="color:#000000;font-size:16px;">　　5、厦门属温带亚热带气候，温和多雨，年平均气温在21℃左右。厦门全年盛产海鲜，种类繁多，有龙虾、鲍鱼、螃蟹、螺、贝类等。以厦门菜为代表之一的闽菜位列中国八大菜系，兼带台湾、潮汕风味。可谓是养人的“吃货天堂”。</span> \r\n<div style="text-align:center;">\r\n	<img alt="" src="/data/upload/shop/editor/20150228162955_57389.jpg" /><br />\r\n</div>\r\n<span style="color:#000000;font-size:16px;">　　6、昆明著名的“春城”，是云南省政治、经济、文化、科技、交通中心。昆明三面环山，南濒滇池，湖光山色，天然成趣。由于地处低纬高原而形成“四季如春”的气候，特别是有高原湖泊滇池在调节着温湿度，使这里空气清新、天高云淡、阳光明媚、鲜花常开。</span> \r\n<div style="text-align:center;">\r\n	<img alt="" src="/data/upload/shop/editor/20150228163007_93427.jpg" /><br />\r\n</div>\r\n<span style="color:#000000;font-size:16px;">　　7、扬州古称广陵，是一座有着深厚文化底蕴的古城，也是第7个获得“联合国人居奖”的中国城市。全市共有6处天然养吧，空气质量上佳。</span> \r\n<div style="text-align:center;">\r\n	<img alt="" src="/data/upload/shop/editor/20150228163020_20736.jpg" /><br />\r\n</div>\r\n<span style="color:#000000;font-size:16px;">　　8、成都出了名的“慢生活城市”。有着大城市的一切元素，同时也拥有小村落的恬静。</span> \r\n<div style="text-align:center;">\r\n	<img alt="" src="/data/upload/shop/editor/20150228163034_27575.jpg" /><br />\r\n</div>\r\n<span style="color:#000000;font-size:16px;">　　9、珠海珠海生态环境优美，山水相间，陆岛相望，气候宜人，是全国唯一以整体城市景观入选“全国旅游胜地四十佳”的城市。人居环境一流。</span> \r\n<p>\r\n	<span style="color:#000000;font-size:16px;">　　笔者认为，“中国最养人的9个城市”榜单出炉富有意义，上榜的9个城市，风景优美，生态环境好，且还有一种慢的节奏，经济繁荣。在中国当前流行忙，流行快节奏的生活。在如此的社会环境下，“着急”是中国人的一种生活特点。此外，城市的环境恶化，雾霾侵袭人们的生活，渴望一个生态的环境，是许多市民的愿望。这9座城市，都具有“养人”的特点。“养人”主要的内蕴是以“人”为中心，重视人的生活环境，尊重人性，这种城市的理念，把“人”看作城市核心发展的力量，把人的幸福快乐看作城市的核心文化，这样的城市发展理念得民心，顺民意，察民情，懂民生的城市理念。</span> \r\n</p>\r\n<p>\r\n	<span style="color:#000000;font-size:16px;">　　这个榜单，把人的“诗意栖居”放在第一位，把人生活放在第一位，把人的健康放在第一位，把人的人性放在第一位，城市充满了人文关怀。“养人”是一门城市管理的最高级别的“美学”。</span> \r\n</p>\r\n<p style="text-align:center;">\r\n	<span style="color:#000000;font-size:16px;"><br />\r\n</span>\r\n</p>', ' 1、青岛被誉为“琴岛”和“岛城”，具有明显的海洋性气候特点，四季分明。风光秀丽，旅游资源丰富，山东省近300处优秀历史建筑中，青岛占131处。 2、海口地处热带滨海，热带资源呈现多样性，富于海滨自然特色风光景观。全年日照时间长，辐射能量大，年平均气温24.2℃。阳光、沙滩、海岸，九', 58, 'B2B2C电商平台', '城市，旅游', 1425112257, 0, 0, 0);
INSERT INTO `cor_life_article` (`article_id`, `ac_id`, `article_url`, `article_show`, `article_sort`, `article_title`, `thumb`, `article_content`, `description`, `click`, `source`, `tag`, `article_time`, `is_head`, `is_best`, `is_hot`) VALUES
(68, 2, '', 1, 255, '3月1日起，一大波新规将影响我们的生活！', '04784655766756751_sm.jpg', '<p style="box-sizing:border-box !important;padding-bottom:0px;line-height:24px;margin-top:0px;min-height:1em;padding-left:0px;padding-right:0px;max-width:100%;white-space:pre-wrap;margin-bottom:0px;clear:both;padding-top:0px;">\r\n	<span style="color:#000000;font-size:16px;">今天，2015年2月的最后一天。</span> \r\n</p>\r\n<p>\r\n	<span style="color:#000000;font-size:16px;">　　自2015年3月1日起，又有一大波新规将影响我们的生活：①不动产需统一登记;②网店逾期不退货将遭罚;③起网名不能再“任性”;④赴海南购物更实惠……房产、财税、工商等领域一批新政将密集实施，将深刻影响我们的生活。</span> \r\n</p>\r\n<p>\r\n	<span style="color:#000000;font-size:16px;"><br />\r\n</span>\r\n</p>\r\n<p>\r\n	<span style="color:#000000;"><span style="background-color:#e56600;font-size:18px;">　　</span><span style="background-color:#e56600;color:#ffffff;"><strong><span style="background-color:#e56600;font-size:18px;">不</span><span style="background-color:#e56600;font-size:18px;">动产需统一登记</span></strong></span></span> \r\n</p>\r\n<p style="text-align:center;">\r\n	<span style="color:#000000;font-size:16px;"><img alt="" src="/data/upload/shop/editor/20150228195535_30088.jpg" /><br />\r\n</span>\r\n</p>\r\n<p>\r\n	<span style="color:#000000;font-size:16px;">　　《不动产登记暂行条例》将于2015年3月1日起正式实施，不动产登记徘徊七年多终于进入实际操作阶段。</span> \r\n</p>\r\n<p>\r\n	<span style="color:#000000;font-size:16px;">　　根据《条例》，土地、海域以及房屋、林木等定着物都属于不动产。不动产权利的主体、来源、期限、权利变化等内容应记入不动产登记簿。权利人、利害关系人可以依法查询、复制不动产登记资料。</span> \r\n</p>\r\n<p>\r\n	<span style="color:#000000;font-size:16px;">　　住建部住房政策专家委员会副主任顾云昌认为，对房地产市场来说，不动产登记最大的影响在于数十年来首次“摸清家底”，可大幅提高房地产及其他宏观政策的针对性。国土资源部称，落实《条例》难度大，要抓紧出台不动产统一登记实施细则，尽快颁布使用统一的簿册证书，同时启动不动产统一登记信息平台建设。</span> \r\n</p>\r\n<p>\r\n	<span style="color:#000000;font-size:16px;">　　此外，分析人士认为，不动产统一登记也将为房产税开征乃至“以房反腐”打下基础;对物权法的落实，土地管理法的修改，“小产权房”问题的破解也将形成倒逼压力。</span> \r\n</p>\r\n<p>\r\n	<span style="color:#000000;font-size:16px;"><br />\r\n</span>\r\n</p>\r\n<p>\r\n	<span style="color:#000000;font-size:16px;"></span><span style="background-color:#e56600;color:#ffffff;font-size:18px;"><strong>&nbsp; &nbsp; &nbsp; 网店逾期不退货将遭罚</strong></span> \r\n</p>\r\n<p style="text-align:center;">\r\n	<span style="color:#000000;font-size:16px;"><img alt="" src="/data/upload/shop/editor/20150228195602_70740.jpg" /><br />\r\n</span>\r\n</p>\r\n<p>\r\n	<span style="color:#000000;font-size:16px;">　　据国家工商总局消息，《侵害消费者权益行为处罚办法》将于2015年3月15日起施行。</span> \r\n</p>\r\n<p>\r\n	<span style="color:#000000;font-size:16px;">　　《办法》对网络购物等非现场购物进行了规范。根据新规，采用网络、电视、电话、邮购等方式销售商品的经营者，如果收到消费者退货要求十五天后还不办理退货手续，或以消费者已拆封、查验影响商品完好为由拒绝退货的，视为故意拖延或者无理拒绝，将依法受到处罚。</span> \r\n</p>\r\n<p>\r\n	<span style="color:#000000;font-size:16px;">　　保护消费者个人信息免遭泄露也是《办法》的亮点。2014年中国排名第一的酒店机票预订网站“携程网”曾违规存储并泄露用户身份证号、银行卡号及支付密码等关键个人信息，一度引发民众恐慌。</span> \r\n</p>\r\n<p>\r\n	<span style="color:#000000;font-size:16px;">　　《办法》规定，未经消费者同意，经营者不能收集、使用以及向他人泄露、出售或提供其身份证件号、收入和财产状况、消费情况等个人信息，也不能向消费者发送商业性信息。</span> \r\n</p>\r\n<p>\r\n	<span style="color:#000000;font-size:16px;">　　此外，根据《办法》，以虚假的“清仓价”“甩卖价”“最低价”“优惠价”销售商品或者服务，现场说明和演示弄虚作假或引人误解，也要承担相应法律责任。</span> \r\n</p>\r\n<p>\r\n	<span style="color:#000000;font-size:16px;"><br />\r\n</span>\r\n</p>\r\n<p>\r\n	<span style="color:#000000;"><span style="background-color:#e56600;color:#ffffff;font-size:18px;"><strong>&nbsp; &nbsp; &nbsp; 起网名不能再“任性”</strong></span><span style="color:#ffffff;"><span style="background-color:#e56600;color:#ffffff;font-size:18px;"><strong></strong></span><span style="background-color:#e56600;color:#ffffff;font-size:18px;"><strong></strong></span></span></span> \r\n</p>\r\n<p style="text-align:center;">\r\n	<span style="color:#000000;font-size:16px;"><img alt="" src="/data/upload/shop/editor/20150228195621_63379.jpg" /><br />\r\n</span>\r\n</p>\r\n<p>\r\n	<span style="color:#000000;font-size:16px;">　　3月1日起《互联网用户账号名称管理规定》将正式施行，微博、微信、QQ、论坛等账号将被划上9条“底线”。</span> \r\n</p>\r\n<p>\r\n	<span style="color:#000000;font-size:16px;">　　中央网信办移动网络管理局局长徐丰透露，现在中国账号乱<span style="font-size:18px;"></span>象日益突出，有的假冒名人包括外国元首，如“普京”“奥巴马”，还有网民自名为“中纪委巡视组”，“花样百出，愈演愈烈”。</span> \r\n</p>\r\n<p>\r\n	<span style="color:#000000;font-size:16px;">　　根据规定，网民在互联网信息服务中注册使用的所有账号名称需遵守9条规矩，包括不得违反宪法和法律规定;不得危害国家安全，泄露国家秘密，颠覆国家政权，破坏国家统一;不得煽动民族仇恨、民族歧视，破坏民族团结;不得散布淫秽、色情、赌博、暴力、凶杀内容等。如有违反，账号将被限期改正、暂停使用直至注销。</span> \r\n</p>\r\n<p>\r\n	<span style="color:#000000;font-size:16px;">　　国家网信办副主任彭波表示，此次整治行动的一个目标是“看到别人上网的名称，是不恶心的，不乱的，是舒服的”，使网络空间更加清朗。</span> \r\n</p>\r\n<p>\r\n	<span style="color:#000000;font-size:16px;"><br />\r\n</span>\r\n</p>\r\n<p>\r\n	<span style="background-color:#e56600;color:#000000;font-size:18px;"><span style="background-color:#e56600;color:#ffffff;font-size:18px;"><strong>&nbsp; &nbsp; &nbsp;&nbsp;赴海南购物更实惠</strong></span></span> \r\n</p>\r\n<p style="text-align:center;">\r\n	<span style="color:#000000;font-size:16px;"><img alt="" src="/data/upload/shop/editor/20150228195707_74388.jpg" /><br />\r\n</span>\r\n</p>\r\n<p>\r\n	<span style="color:#000000;font-size:16px;">　　今年3月20日起，新的离岛免税购物政策将使游客赴海南购物更加实惠。</span> \r\n</p>\r\n<p>\r\n	<span style="color:#000000;font-size:16px;">　　根据财政部的公告，海南离岛免税商品再度扩围，新增零售包装的婴儿配方奶粉、咖啡、家用空气净化器等17种消费品。首饰、手表、香水、化妆品等10种热销商品单次购物数量限制也明显放宽。官方计划以此提高海南对游客的吸引力，加快其国际旅游岛建设。</span> \r\n</p>\r\n<p>\r\n	<span style="color:#000000;font-size:16px;"><br />\r\n</span>\r\n</p>\r\n<p>\r\n	<span style="background-color:#e56600;color:#ffffff;font-size:18px;"><strong>&nbsp; &nbsp; &nbsp; 纳税人有了唯一“识别号”</strong></span> \r\n</p>\r\n<p style="text-align:center;">\r\n	<span style="color:#000000;font-size:16px;"><img alt="" src="/data/upload/shop/editor/20150228195729_34169.jpg" /><br />\r\n</span>\r\n</p>\r\n<p>\r\n	<span style="color:#000000;font-size:16px;">　　国家税务总局发布《关于修改&lt;税务登记管理办法&gt;的决定》(国家税务总局令第36号)，规定新修订的《税务登记管理办法》自2015年3月1日起施行。新规明确了纳税人识别号的唯一性，将原“税务登记代码”的表述统一为“纳税人识别号”，纳税人识别号由省、自治区、直辖市和计划单列市国家税务局、地方税务局按照纳税人识别号代码行业标准联合编制，统一下发各地执行。</span> \r\n</p>\r\n<p>\r\n	<span style="color:#000000;font-size:16px;"><br />\r\n</span>\r\n</p>\r\n<p>\r\n	<span style="background-color:#e56600;color:#ffffff;font-size:18px;"><strong>&nbsp;&nbsp; &nbsp; &nbsp;北京：办婚育证明不用再回原籍</strong></span> \r\n</p>\r\n<p style="text-align:center;">\r\n	<span style="color:#000000;font-size:16px;"><img alt="" src="/data/upload/shop/editor/20150228195748_23227.jpg" /><br />\r\n</span>\r\n</p>\r\n<p>\r\n	<span style="color:#000000;font-size:16px;">　　北京市卫计委公布的《北京市外地来京人员生育服务联系单办理补充规定》，将于3月1日起施行。非京户籍职工办婚育证明不用回原籍去办理，进一步缓解外地来京人员办证难的问题。补充规定首次明确了婚育证明出具主体应该为本市工作单位。而户籍地有责任出具是否符合计划生育政策的证明;需要现居住地配合的，现居住地按照了解情况予以支持。现居住地不了解情况的，应向外省市发协查，在15个工作日后协查没有反馈的，可凭本人书面承诺为其出具在现居住地期间的婚育情况证明。</span> \r\n</p>\r\n<p>\r\n	<span style="color:#000000;font-size:16px;"><br />\r\n</span>\r\n</p>\r\n<p>\r\n	<span style="background-color:#e56600;color:#ffffff;font-size:18px;"><strong>&nbsp;&nbsp; &nbsp; &nbsp;北上广汉：以房养老保险逐月报账</strong></span> \r\n</p>\r\n<p style="text-align:center;">\r\n	<span style="color:#000000;font-size:16px;"><img alt="" src="/data/upload/shop/editor/20150228195807_23208.jpg" /><br />\r\n</span>\r\n</p>\r\n<p>\r\n	<span style="color:#000000;font-size:16px;">　　保监会发布《老年人住房反向抵押养老保险试点统计制度》，从2015年3月起，北京、上海、广州、武汉四地试点“以房养老保险”的险企需逐月上报业务推进工作。要求参与以房养老保险试点的险企自3月起详细报送各项经营指标，包括房产类型、房屋面积、土地到期时间、房产估值等基本情况。</span> \r\n</p>\r\n<p>\r\n	<span style="color:#000000;font-size:16px;"><br />\r\n</span>\r\n</p>\r\n<p>\r\n	<span style="background-color:#e56600;color:#ffffff;font-size:18px;"><strong>&nbsp;&nbsp; &nbsp; &nbsp;山东：征地最低补偿标准为市场价90%</strong></span> \r\n</p>\r\n<p style="text-align:center;">\r\n	<span style="color:#000000;font-size:16px;"><img alt="" src="/data/upload/shop/editor/20150228195836_23428.jpg" /><br />\r\n</span>\r\n</p>\r\n<p>\r\n	<span style="color:#000000;font-size:16px;">　　3月1日起，《山东省国有土地上房屋征收与补偿条例》将实施。</span> \r\n</p>\r\n<p>\r\n	<span style="color:#000000;font-size:16px;">　　被征收住宅房屋的最低补偿标准，一般设定为新建商品房市场价格的90%。这一规定体现出不同住宅房屋的补偿差异，防止造成补偿不平衡。另外，征收个人住宅，被征收人如果只有一套住宅房屋，且该房屋建筑面积低于45平方米的，房屋征收部门将对被征收人进行最低面积补偿，按照最低面积进行补偿所增加的费用，将由作出房屋征收决定的人民政府承担。</span> \r\n</p>\r\n<p>\r\n	<span style="color:#000000;font-size:16px;"><br />\r\n</span>\r\n</p>\r\n<p>\r\n	<span style="background-color:#e56600;color:#ffffff;font-size:18px;"><strong>&nbsp;&nbsp; &nbsp; &nbsp;河南：郑州四环内闯禁行黄标车将受处罚</strong></span> \r\n</p>\r\n<p style="text-align:center;">\r\n	<span style="color:#000000;font-size:16px;"><img alt="" src="/data/upload/shop/editor/20150228195858_87206.jpg" /><br />\r\n</span>\r\n</p>\r\n<p>\r\n	<span style="color:#000000;font-size:16px;">　　从2015年3月1日起，郑州市将对四环以内闯禁行的黄标车予以电子监控抓拍并处罚，警方提醒黄标车主不要在郑州市四环以内行驶。2015年1月1日起至2月28日为宣传公示期，从3月1日开始，将对在四环以内闯禁行的黄标车予以电子监控抓拍并处罚。</span> \r\n</p>\r\n<p>\r\n	<span style="color:#000000;font-size:16px;"><br />\r\n</span>\r\n</p>\r\n<p>\r\n	<span style="background-color:#e56600;color:#ffffff;font-size:18px;"><strong>&nbsp;&nbsp; &nbsp; &nbsp;浙江：公布低保家庭核定新标准</strong></span> \r\n</p>\r\n<p style="text-align:center;">\r\n	<span style="color:#000000;font-size:16px;"><img alt="" src="/data/upload/shop/editor/20150228195917_47218.jpg" /><br />\r\n</span>\r\n</p>\r\n<p>\r\n	<span style="color:#000000;font-size:16px;">　　浙江省民政厅等六部门印发《浙江省社会救助家庭经济状况认定办法》，自2015年3月1日起施行。《办法》指出申请社会救助家庭，需同时符合以下六种情形：认定为最低生活保障家庭;家庭人均收入低于当地同期最低生活保障标准;家庭人均货币财产低于当地同期3至4年最低生活保障标准之和;家庭成员名下无生活用机动车辆、船舶等;家庭成员名下无商铺、办公楼、厂房、酒店式公寓等;城镇居民家庭成员名下仅有1套住房或无房，或者有2套住房但人均建筑面积低于上年度人均住房建筑面积;县级以上政府规定的其他符合的情形。</span> \r\n</p>\r\n<p>\r\n	<span style="color:#000000;font-size:16px;"><br />\r\n</span>\r\n</p>\r\n<p>\r\n	<span style="background-color:#e56600;color:#ffffff;font-size:18px;"><strong>&nbsp;&nbsp; &nbsp; &nbsp;陕西：65岁以上优先挂号，免费进入旅游景点</strong></span> \r\n</p>\r\n<p style="text-align:center;">\r\n	<span style="color:#000000;font-size:16px;"><img alt="" src="/data/upload/shop/editor/20150228195938_18426.jpg" /><br />\r\n</span>\r\n</p>\r\n<p>\r\n	<span style="color:#000000;font-size:16px;">　　2015年3月1日起，《陕西省实施〈中华人民共和国老年人权益保障法〉办法》将施行。《办法》明确，老年人优待年龄线保持不变，仍以65周岁划定，达到年龄线的老人可享受景点免费、每年一次免费体检及就医优先等优待，并对老年人的社会保障、社会优待、社会服务等章节新增了诸多条款。</span> \r\n</p>\r\n<p style="text-align:center;">\r\n	<span style="color:#000000;font-size:16px;"><br />\r\n</span>\r\n</p>\r\n<span style="color:#000000;font-size:16px;"></span>', ' 今天，2015年2月的最后一天。 自2015年3月1日起，又有一大波新规将影响我们的生活：①不动产需统一登记;②网店逾期不退货将遭罚;③起网名不能再“任性”;④赴海南购物更实惠……房产、财税、工商等领域一批新政将密集实施，将深刻影响我们的生活。 不 动产需统一登记 《不动产', 127, 'B2B2C电商平台', '新法规，新政策', 1425121645, 1, 1, 0),
(69, 5, '', 1, 255, '电商开实体店这事儿...靠谱吗？', '04785412257806240_sm.jpg', '<p style="border-bottom:0px;text-align:center;border-left:0px;padding-bottom:0px;line-height:26px;background-color:#ffffff;margin-top:20px;padding-left:0px;padding-right:0px;font-family:微软雅黑;white-space:normal;margin-bottom:20px;color:#333333;font-size:16px;border-top:0px;border-right:0px;padding-top:0px;">\r\n	<img alt="" src="/data/upload/shop/editor/20150301160731_81224.jpg" /> \r\n</p>\r\n<p style="border-bottom:0px;border-left:0px;padding-bottom:0px;line-height:26px;background-color:#ffffff;margin-top:20px;padding-left:0px;padding-right:0px;font-family:微软雅黑;white-space:normal;margin-bottom:20px;color:#333333;font-size:16px;border-top:0px;border-right:0px;padding-top:0px;">\r\n	当传统的零售商也开始“触电”之后，电商不仅没有了优势，反而因为线下体验的短板，感到了竞争的压力。因此，布局线下，成为电商未来发展的重要一环。其中，建立体验中心、解决最后一公里问题、树立品牌形象成为三个电商Offline的重要诉求。\r\n</p>\r\n<p style="border-bottom:0px;border-left:0px;padding-bottom:0px;line-height:26px;background-color:#ffffff;margin-top:20px;padding-left:0px;padding-right:0px;font-family:微软雅黑;white-space:normal;margin-bottom:20px;color:#333333;font-size:16px;border-top:0px;border-right:0px;padding-top:0px;">\r\n	<span style="border-bottom:0px;border-left:0px;padding-bottom:0px;margin:0px;padding-left:0px;padding-right:0px;font-family:''Microsoft YaHei'', 微软雅黑;color:#3366ff;border-top:0px;border-right:0px;padding-top:0px;"><strong style="border-bottom:0px;border-left:0px;padding-bottom:0px;margin:0px;padding-left:0px;padding-right:0px;border-top:0px;border-right:0px;padding-top:0px;">在电商迅猛发展的冲击下，许多传统行业纷纷“触电”，做起了电商；而与此同时，一些在线上做得风生水起的电商却反其道而行之，开始开设实体店，布局线下。</strong></span> \r\n</p>\r\n<p style="border-bottom:0px;border-left:0px;padding-bottom:0px;line-height:26px;background-color:#ffffff;margin-top:20px;padding-left:0px;padding-right:0px;font-family:微软雅黑;white-space:normal;margin-bottom:20px;color:#333333;font-size:16px;border-top:0px;border-right:0px;padding-top:0px;">\r\n	2014年10月，亚马逊传出将在纽约最繁华的曼哈顿第七大道开设第一家线下实体店；11月，淘宝与京东几乎同一时间迈出线下布局的第一步，分别开设了“会员体验厅”和“京东帮服务店”。\r\n</p>\r\n<p style="border-bottom:0px;border-left:0px;padding-bottom:0px;line-height:26px;background-color:#ffffff;margin-top:20px;padding-left:0px;padding-right:0px;font-family:微软雅黑;white-space:normal;margin-bottom:20px;color:#333333;font-size:16px;border-top:0px;border-right:0px;padding-top:0px;">\r\n	实际上，国内外已有许多电商早已布局线下，因为即便是如日中天的电商行业，也难免有它先天不足之处：一是网络购物无法给用户带来更好的产品体验，二是电商一直致力于解决的“最后一公里”的问题。更为重要的是，当传统的零售商也开始“触电”之后，电商不仅没有了优势，反而因为线下体验的短板，感到了竞争的压力。因此，布局线下，成为电商未来发展的重要一环。其中，建立体验中心、解决最后一公里问题、树立品牌形象成为三个电商Offline的重要诉求。\r\n</p>\r\n<p style="border-bottom:0px;border-left:0px;padding-bottom:0px;line-height:26px;background-color:#ffffff;margin-top:20px;padding-left:0px;padding-right:0px;font-family:微软雅黑;white-space:normal;margin-bottom:20px;color:#333333;font-size:16px;border-top:0px;border-right:0px;padding-top:0px;">\r\n	<strong style="border-bottom:0px;border-left:0px;padding-bottom:0px;margin:0px;padding-left:0px;padding-right:0px;font-family:''Microsoft YaHei'', 微软雅黑;border-top:0px;border-right:0px;padding-top:0px;">体验中心</strong> \r\n</p>\r\n<p style="border-bottom:0px;border-left:0px;padding-bottom:0px;line-height:26px;background-color:#ffffff;margin-top:20px;padding-left:0px;padding-right:0px;font-family:微软雅黑;white-space:normal;margin-bottom:20px;color:#333333;font-size:16px;border-top:0px;border-right:0px;padding-top:0px;">\r\n	不可否认，电商凭借着传统行业无法比拟的优势发展迅猛，但网上购物的不足也十分明显，消费者在购物时只能凭借图片和文字介绍，看不到实物，无法获得切身的体验，也就难免会造成一定的误差。\r\n</p>\r\n<p style="border-bottom:0px;border-left:0px;padding-bottom:0px;line-height:26px;background-color:#ffffff;margin-top:20px;padding-left:0px;padding-right:0px;font-family:微软雅黑;white-space:normal;margin-bottom:20px;color:#333333;font-size:16px;border-top:0px;border-right:0px;padding-top:0px;">\r\n	在这方面，实体店的优势就凸显出来了。据2013年美国统计局报告显示，94%的零售业销售是在实体店内产生的，仅6%是来自网购。78%的消费者更喜欢在实体店内购物，而且他们花在实体店的时间是网上购物时间的6倍。德利多富公司（Wincor Nixdorf）零售总经理Martin Smethurst认为，亚马逊开实体店说明，商业街永远不会消失，消费者依然渴望能够触摸、感知到产品的购物体验，尤其是那些高科技以及高价产品。\r\n</p>\r\n<p style="border-bottom:0px;border-left:0px;padding-bottom:0px;line-height:26px;background-color:#ffffff;margin-top:20px;padding-left:0px;padding-right:0px;font-family:微软雅黑;white-space:normal;margin-bottom:20px;color:#333333;font-size:16px;border-top:0px;border-right:0px;padding-top:0px;">\r\n	有预测认为，未来的零售业，同质化强调功能性的产品将越来越没有竞争力，而唯有那些拥有一流用户体验的产品，将脱颖而出。<strong style="border-bottom:0px;border-left:0px;padding-bottom:0px;margin:0px;padding-left:0px;padding-right:0px;font-family:''Microsoft YaHei'', 微软雅黑;border-top:0px;border-right:0px;padding-top:0px;">在这个大趋势下，电商被倒逼着，从线上走到线下，开设实体店为消费者提供一个体验的场所，弥补自己的短板。</strong> \r\n</p>\r\n<p style="border-bottom:0px;border-left:0px;padding-bottom:0px;line-height:26px;background-color:#ffffff;margin-top:20px;padding-left:0px;padding-right:0px;font-family:微软雅黑;white-space:normal;margin-bottom:20px;color:#333333;font-size:16px;border-top:0px;border-right:0px;padding-top:0px;">\r\n	淘宝在广州南火车站开设的首个实体店“淘宝会员贵宾体验厅”，就承担着为用户提供体验的功能：280平方米的体验厅分为品牌交互区、互动体验区、餐食体验区、时空穿梭区以及会员休闲区，免费向淘宝会员开放，提供免费的Wifi，沙发躺椅。淘宝会员可以在体验之后，直接下单购物，利用手机进行支付。阿里巴巴相关人士表示，体验厅承载了集团旗下的创新产品和业务，以及淘宝、天猫的新业务体验、天猫魔盒、移动支付等内容。\r\n</p>\r\n<p style="border-bottom:0px;border-left:0px;padding-bottom:0px;line-height:26px;background-color:#ffffff;margin-top:20px;padding-left:0px;padding-right:0px;font-family:微软雅黑;white-space:normal;margin-bottom:20px;color:#333333;font-size:16px;border-top:0px;border-right:0px;padding-top:0px;">\r\n	美国网上首饰零售商BaubleBar也是较早从线上走到线下的电商平台，它发现，实体店里的体验让消费者有机会与产品和品牌产生直接的互动，这带来的不仅是更大的销售，还能大大地增加回头客。\r\n</p>\r\n<p style="border-bottom:0px;border-left:0px;padding-bottom:0px;line-height:26px;background-color:#ffffff;margin-top:20px;padding-left:0px;padding-right:0px;font-family:微软雅黑;white-space:normal;margin-bottom:20px;color:#333333;font-size:16px;border-top:0px;border-right:0px;padding-top:0px;">\r\n	欧洲电商Shopatron总经理John Pincott认为，虽然电商改变了消费者对购物方式的期待，但研究显示，消费者依然喜欢在实体店购物带来的便利和客户服务。对电商来说，开设实体店，让消费者在店内取货，不仅可以增加客流量，还可以让消费者有机会看到其他的产品，有机会带来额外的销售。\r\n</p>\r\n<p style="border-bottom:0px;border-left:0px;padding-bottom:0px;line-height:26px;background-color:#ffffff;margin-top:20px;padding-left:0px;padding-right:0px;font-family:微软雅黑;white-space:normal;margin-bottom:20px;color:#333333;font-size:16px;border-top:0px;border-right:0px;padding-top:0px;">\r\n	<strong style="border-bottom:0px;border-left:0px;padding-bottom:0px;margin:0px;padding-left:0px;padding-right:0px;font-family:''Microsoft YaHei'', 微软雅黑;border-top:0px;border-right:0px;padding-top:0px;">最后一公里</strong> \r\n</p>\r\n<p style="border-bottom:0px;border-left:0px;padding-bottom:0px;line-height:26px;background-color:#ffffff;margin-top:20px;padding-left:0px;padding-right:0px;font-family:微软雅黑;white-space:normal;margin-bottom:20px;color:#333333;font-size:16px;border-top:0px;border-right:0px;padding-top:0px;">\r\n	<span style="border-bottom:0px;border-left:0px;padding-bottom:0px;margin:0px;padding-left:0px;padding-right:0px;font-family:''Microsoft YaHei'', 微软雅黑;color:#3366ff;border-top:0px;border-right:0px;padding-top:0px;"><strong style="border-bottom:0px;border-left:0px;padding-bottom:0px;margin:0px;padding-left:0px;padding-right:0px;border-top:0px;border-right:0px;padding-top:0px;">除了产品体验的价值之外，“最后一公里”的配送，也成为各大电商巨头角力的竞技场。目前，用户到店自取成为大家普遍接受的“最后一公里”解决方案。</strong></span> \r\n</p>\r\n<p style="border-bottom:0px;border-left:0px;padding-bottom:0px;line-height:26px;background-color:#ffffff;margin-top:20px;padding-left:0px;padding-right:0px;font-family:微软雅黑;white-space:normal;margin-bottom:20px;color:#333333;font-size:16px;border-top:0px;border-right:0px;padding-top:0px;">\r\n	亚马逊将实体店的地址选在了帝国大厦和梅西百货旗舰店中间的曼哈顿第七大道34街，据数据显示，2013年，帝国大厦有430万的客流量，梅西百货旗舰店每年的购物者超过2000万。消费者在逛街购物的同时，也可以直接到亚马逊实体店，取走自己在亚马逊网上购买的商品。另据《华尔街日报》报道，亚马逊还希望把实体店打造成一个mini库房和售后服务点，消费者可以在这里办理退货、更换商品等。\r\n</p>\r\n<p style="border-bottom:0px;border-left:0px;padding-bottom:0px;line-height:26px;background-color:#ffffff;margin-top:20px;padding-left:0px;padding-right:0px;font-family:微软雅黑;white-space:normal;margin-bottom:20px;color:#333333;font-size:16px;border-top:0px;border-right:0px;padding-top:0px;">\r\n	目前，沃尔玛、家得宝、梅西百货以及Google和eBay等，都在尝试网上下单、到店取货这种方式，以解决当日送递服务问题。\r\n</p>\r\n<p style="border-bottom:0px;border-left:0px;padding-bottom:0px;line-height:26px;background-color:#ffffff;margin-top:20px;padding-left:0px;padding-right:0px;font-family:微软雅黑;white-space:normal;margin-bottom:20px;color:#333333;font-size:16px;border-top:0px;border-right:0px;padding-top:0px;">\r\n	而京东的“京东帮服务店”还是其渠道下沉的重要手段之一。目前，京东虽然在大城市已经是家喻户晓，但在网络相对不太发达的三四线甚至五六线城市，网购还有巨大的消费市场。据阿里研究院对农村电商的预测显示，2014年全国农村网购市场规模约为1800亿元，到2016年有望增长至4600亿元规模。\r\n</p>\r\n<p style="border-bottom:0px;border-left:0px;padding-bottom:0px;line-height:26px;background-color:#ffffff;margin-top:20px;padding-left:0px;padding-right:0px;font-family:微软雅黑;white-space:normal;margin-bottom:20px;color:#333333;font-size:16px;border-top:0px;border-right:0px;padding-top:0px;">\r\n	“京东帮服务店”可以从大家电入手，让众多农村消费者体验京东家电产品的服务模式，借助实体店的力量，加速在四五六线城市的物流提速，撬动这些地区的网购市场。\r\n</p>\r\n<p style="border-bottom:0px;border-left:0px;padding-bottom:0px;line-height:26px;background-color:#ffffff;margin-top:20px;padding-left:0px;padding-right:0px;font-family:微软雅黑;white-space:normal;margin-bottom:20px;color:#333333;font-size:16px;border-top:0px;border-right:0px;padding-top:0px;">\r\n	据一项Shop Visible调查显示，实体店灵活的取货和退货策略，可以促进销售。那些单纯的电商的销售为77%，而那些进行线下布局的电商的销售高达95%，其中18%的增长来自于额外的销售。\r\n</p>\r\n<p style="border-bottom:0px;border-left:0px;padding-bottom:0px;line-height:26px;background-color:#ffffff;margin-top:20px;padding-left:0px;padding-right:0px;font-family:微软雅黑;white-space:normal;margin-bottom:20px;color:#333333;font-size:16px;border-top:0px;border-right:0px;padding-top:0px;">\r\n	<strong style="border-bottom:0px;border-left:0px;padding-bottom:0px;margin:0px;padding-left:0px;padding-right:0px;font-family:''Microsoft YaHei'', 微软雅黑;border-top:0px;border-right:0px;padding-top:0px;">树立品牌形象</strong> \r\n</p>\r\n<p style="border-bottom:0px;border-left:0px;padding-bottom:0px;line-height:26px;background-color:#ffffff;margin-top:20px;padding-left:0px;padding-right:0px;font-family:微软雅黑;white-space:normal;margin-bottom:20px;color:#333333;font-size:16px;border-top:0px;border-right:0px;padding-top:0px;">\r\n	到现在，零售业已经从一个交易的时代，进入到一个关系的时代，消费者在购物的同时，还在寻求与交易平台建立一种长期、忠诚的联系。但对于电商平台来说，仅通过电脑和智能手机，是很难向消费者提供独特的品牌体验的。<strong style="border-bottom:0px;border-left:0px;padding-bottom:0px;margin:0px;padding-left:0px;padding-right:0px;font-family:''Microsoft YaHei'', 微软雅黑;border-top:0px;border-right:0px;padding-top:0px;">布局线下实体店，将消费者吸引到店内，给他们带来独特的体验，通过与消费者的互动，建立起信任持久的关系。</strong> \r\n</p>\r\n<p style="border-bottom:0px;border-left:0px;padding-bottom:0px;line-height:26px;background-color:#ffffff;margin-top:20px;padding-left:0px;padding-right:0px;font-family:微软雅黑;white-space:normal;margin-bottom:20px;color:#333333;font-size:16px;border-top:0px;border-right:0px;padding-top:0px;">\r\n	Warby Parker是美国一家网上的眼镜零售店，为了打造品牌形象，在美国开设了许多实体店，在这里，消费者可以试戴各种眼镜，做视力检测，还可以在一个照相亭里自拍，对比各种款式的眼镜。通过给消费者一个体验的空间，Warby Parker与消费者建立起紧密的联系，给消费者留下深刻的品牌印象。\r\n</p>\r\n<p style="border-bottom:0px;border-left:0px;padding-bottom:0px;line-height:26px;background-color:#ffffff;margin-top:20px;padding-left:0px;padding-right:0px;font-family:微软雅黑;white-space:normal;margin-bottom:20px;color:#333333;font-size:16px;border-top:0px;border-right:0px;padding-top:0px;">\r\n	2013年12月，美妆电商聚美优品进驻北京王府井，开设首家购物中心旗舰体验店，这条代表老北京文化的大街每天吸引着无数来自全国各地乃至世界各地的观光游客。外界认为，在这个繁华的地段开设旗舰体验店，必然要承受较大的线下实体成本，但聚美优品在这里选址，更大的意义在于，在北京最繁华的地段打了个实体广告。\r\n</p>\r\n<p style="border-bottom:0px;border-left:0px;padding-bottom:0px;line-height:26px;background-color:#ffffff;margin-top:20px;padding-left:0px;padding-right:0px;font-family:微软雅黑;white-space:normal;margin-bottom:20px;color:#333333;font-size:16px;border-top:0px;border-right:0px;padding-top:0px;">\r\n	<strong style="border-bottom:0px;border-left:0px;padding-bottom:0px;line-height:26px;background-color:#ffffff;margin:0px;padding-left:0px;padding-right:0px;font-family:''Microsoft YaHei'', 微软雅黑;white-space:normal;color:#333333;font-size:16px;border-top:0px;border-right:0px;padding-top:0px;">本文原载于梅花网，原文标题《电商开实体店这事儿…靠谱吗？》</strong> \r\n</p>', ' 当传统的零售商也开始“触电”之后，电商不仅没有了优势，反而因为线下体验的短板，感到了竞争的压力。因此，布局线下，成为电商未来发展的重要一环。其中，建立体验中心、解决最后一公里问题、树立品牌形象成为三个电商Offline的重要诉求。 在电商迅猛发展的冲击下，许多传统行业纷', 80, 'B2B2C电商平台', '电商，实体店，互联网', 1425197279, 1, 1, 0),
(70, 7, '', 1, 255, '通城首个“写手部落”落户B2B2C电商平台', '04788693221558042_sm.jpg', '<p style="text-align:center;">\r\n	<span style="color:#000000;font-size:18px;"><img alt="" src="/data/upload/shop/editor/20150305111600_78672.jpg" /><br />\r\n</span>\r\n</p>\r\n<p>\r\n	<span style="color:#000000;font-size:18px;">　　</span><span style="line-height:27px;color:#000000;font-size:18px;">【本网讯 吴清龙】</span><span style="line-height:1.5;color:#000000;font-size:18px;">3月4日，来自县内各行各业的一批笔杆子受邀相聚在位于通城的B2B2C电商平台总部，共同研讨如何开发、充实与利用电商平台上的文化空间，打造文商相济，相得益彰的新公共媒体，并将以B2B2C电商平台“汇生活”频道为依托，发起组建通城首个写手部落。</span> \r\n</p>\r\n<p style="text-align:center;">\r\n	<span style="line-height:1.5;"><img alt="" src="/data/upload/shop/editor/20150305111628_86228.jpg" /><br />\r\n</span>\r\n</p>\r\n<p>\r\n	<span style="color:#000000;font-size:18px;">　　作为通城第一个正式获批国家工信部经营性增值许可证的电子商务平台，B2B2C电商平台自成功上线并启动运营以来，得到了社会广泛关注，众多商家与品牌纷纷入驻，籍此进行产品展示与商品交易，成效显著，反响很好，为推进我县电商产业发挥了积极的引领作用，市县商务主管部门给予了充分肯定，并列为全市重点扶持的电商项目之一，中国电商协会也向B2B2C电商平台发出了入会邀请。</span> \r\n</p>\r\n<p style="text-align:center;">\r\n	<span style="color:#000000;"><img alt="" src="/data/upload/shop/editor/20150305111714_58460.jpg" /><br />\r\n</span>\r\n</p>\r\n<p>\r\n	<span style="color:#000000;font-size:18px;">　　为了进一步提高网站关注度与点击率，平台专门开辟了“汇生活”频道，增加网站的文化含量，促进文化交流，丰富内容，搞活形式，使B2B2C电商平台成为老百姓喜闻乐见的生活资讯网络平台。为确保频道稿源的数量与质量，特邀请县内活跃于各条战线的专兼职写手，共同构建一个写手部落，鼓励写手们深入社会，积极采写，题材包括趣闻逸事、百姓之声、原创文学、文摘作品、历史典故等等，旨在向广大网民提供丰富多彩的精神文化食粮，为实现通城文化繁荣与发展作出应有贡献。</span> \r\n</p>\r\n<p style="text-align:center;">\r\n	<span style="color:#000000;"><img alt="" src="/data/upload/shop/editor/20150305111750_77521.jpg" /><br />\r\n</span>\r\n</p>\r\n<p>\r\n	<span style="color:#000000;font-size:18px;">　　在听取B2B2C电商平台董事长吴绿荣的介绍与演示后，与会写手们纷纷表示，B2B2C电商平台此举具有现实而又深远的意义，一定会以通城写手部落作为自己的家园，尽心竭力，积极创作，踊跃投稿，增进交流与协作，携手并肩，为成功打造“汇生活”这一文化载体与品牌添砖加瓦。</span> \r\n</p>\r\n<p style="text-align:center;">\r\n	<span style="color:#000000;"><img alt="" src="/data/upload/shop/editor/20150305112859_41352.jpg" /><br />\r\n</span>\r\n</p>\r\n<p>\r\n	<span style="color:#000000;font-size:18px;">　　吴绿荣表示，搭建“汇生活”平台，是为了让百姓了解社会动态，方便办事，并丰富文化生活，“汇生活”来源于生活，回归于生活，将一切围绕百姓生活这一主题，切实做好服务。同时，成立写手部落是让广大写手借此充分展示自己的文笔与才华，B2B2C电商平台将采取多种合作方式，鼓励大家敢于担当，积极投稿，并以市场为导向，实现共建共享，互利多赢的目标。</span> \r\n</p>\r\n<p style="text-align:center;">\r\n	<span style="color:#000000;"><img alt="" src="/data/upload/shop/editor/20150305112029_23719.jpg" /><br />\r\n</span>\r\n</p>\r\n<p style="text-align:center;">\r\n	<img style="line-height:1.5;font-size:18px;" alt="" src="/data/upload/shop/editor/20150305112217_83828.jpg" /> \r\n</p>\r\n<p style="text-align:center;">\r\n	<br />\r\n</p>\r\n<p style="text-align:center;">\r\n	<br />\r\n</p>', ' 【本网讯 吴清龙】 3月4日，来自县内各行各业的一批笔杆子受邀相聚在位于通城的B2B2C电商平台总部，共同研讨如何开发、充实与利用电商平台上的文化空间，打造文商相济，相得益彰的新公共媒体，并将以B2B2C电商平台“汇生活”频道为依托，发起组建通城首个写手部落。 作为通城第一个', 271, 'B2B2C电商平台 吴清龙', '通城，写手部落，B2B2C电商平台', 1425525765, 1, 1, 0),
(71, 8, '', 1, 255, '一家视员工为亲人、给员工高工资的公司为什么倒闭？', '04788877835711476_sm.jpg', '<p>\r\n	<span style="color:#000000;font-size:16px;">　　【编者按】这是某老总在看到河南许昌胖东来百货倒闭后写的文章。对胖东来的经营理念和模式进行了反思。</span> \r\n</p>\r\n<p style="text-align:center;">\r\n	<span style="color:#000000;font-size:18px;"><img alt="" src="/data/upload/shop/editor/20150305162335_34587.jpg" /><br />\r\n</span>\r\n</p>\r\n<p>\r\n	<span style="color:#000000;font-size:16px;">　　“你给员工吃草，你将迎来一群羊;你给员工吃肉，你将迎来一群狼。”、“工资最高的时候成本最低”……这或许是胖东来风光无限时讲过的名言，也是我的好几个员工转发给我或者分享在朋友圈故意让我看到的一篇文章。</span> \r\n</p>\r\n<p>\r\n	<span style="color:#000000;font-size:16px;">　　我曾怀疑过，也曾动摇过，甚至为此提高了公司的福利待遇及奖励政策。</span> \r\n</p>\r\n<p>\r\n	<span style="color:#000000;font-size:16px;">　　仅仅1年，胖东来董事长于东来就发现自己错了。</span> \r\n</p>\r\n<p>\r\n	<span style="color:#000000;font-size:16px;">　　许昌胖东来的关店，也意味着河南最后一个本土商业品牌的倒掉。</span> \r\n</p>\r\n<p>\r\n	<span style="color:#000000;font-size:16px;">　　胖东来总部位于许昌市，旗下涵盖专业百货、电器、超市。鼎盛时期，胖东来百货在许昌市、新乡市等城市拥有30多家连锁店、7000多名员工。虽然规模不及沃尔玛、家乐福等知名大型连锁超市，但在业界的名气丝毫不逊于它们。</span> \r\n</p>\r\n<p>\r\n	<span style="color:#000000;font-size:16px;">　　它以反传统商业逻辑著称，以高薪水、高福利、自由、快乐闻名于世，曾被誉为“中国最好的店”，更有“百货业的海底捞”之称。他打破了国内零售业无假日的先例，宣布胖东来“每周二闭店休息”，据称胖东来商超的一个普通店长，每年都可以拿到年薪十几万以上。胖东来的工资高于同业30%以上。</span> \r\n</p>\r\n<p style="text-align:center;">\r\n	<span style="color:#000000;font-size:18px;"><img alt="" src="/data/upload/shop/editor/20150305162420_53415.jpg" /><br />\r\n</span>\r\n</p>\r\n<p>\r\n	<span style="color:#000000;font-size:18px;"><span style="font-size:16px;">　　经过查证，胖东来确实倒掉了，未来3年将会只保留时代广场店，其他店面全部关闭。在这个胜王败寇的年代，夸父传媒也和各位老板及员工聊一聊，</span><strong><span style="font-size:16px;">企业到底应该如何运营和管理，老板们还在企盼某一天员工会感恩回报吗?</span></strong></span> \r\n</p>\r\n<p>\r\n	<span style="color:#000000;font-size:16px;">　　胖东来如何倒闭的我并不清楚，成功的方法千千万万，失败的原因也千奇百怪。在之前褒扬胖东来的文章中不乏对我们作为老板的挖苦和讽刺，似乎其他老板都像是耍流氓，一面给员工吃草，一面想有一支狼的部队。但我知道，企业的基本义务是盈利，马云说过“企业家不赚钱是在犯罪”，我认为：企业赔钱才是在耍流氓。</span> \r\n</p>\r\n<p>\r\n	<span style="color:#000000;font-size:18px;"><span style="font-size:16px;">　　</span><strong><span style="color:#e56600;font-size:16px;">真正的狼，从来不是需要别人给他吃肉的。你用肉去喂出的狼，最终在你没肉喂他的时候把你吃掉。</span></strong><span style="font-size:16px;">当然，我不是说胖东来的所有员工都是这样，在企业最危难甚至倒闭的时候，一部分人还是站出来支持陈东来，但更多的人是选择了沉默、静观其变，甚至看笑话，还有的进行了上访、闹事……我要强调的是，即便是那些打条幅签名支持董事长陈东来的人，也只停留在精神上的鼓励和安慰!</span></span> \r\n</p>\r\n<p style="text-align:center;">\r\n	<span style="color:#000000;font-size:18px;"><img alt="" src="/data/upload/shop/editor/20150305162710_15852.jpg" /><br />\r\n</span>\r\n</p>\r\n<p>\r\n	<span style="color:#000000;font-size:18px;"><span style="font-size:16px;">　　</span><strong><span style="color:#e56600;font-size:16px;">在营销学上有一种现象叫做“习惯性接受”，就是当企业给消费者创造一种新的产品和服务时，消费者只会兴奋一段时间，时间久了就以此为标准，觉得这是最基本的东西。</span></strong><span style="font-size:16px;">对于其他达不到此标准的同行企业会嗤之以鼻。其实这是人类最常见的行为，好比微信上很火的一个段子，大意是一个人每周给一个乞丐10块钱，开始乞丐很感激，后来时间久了就习以为常，有一次这个人给了乞丐5块钱，乞丐问为何少了，这个人说自己刚找女朋友花销大，乞丐一巴掌打在这个人脸上，说：你他妈用我的钱去养女人。</span></span> \r\n</p>\r\n<p>\r\n	<span style="color:#000000;font-size:18px;"><span style="font-size:16px;">　　你把一个员工工资从5万涨到年薪10万，刚开始会兴奋感激一段时间，久了他会觉得自己身价至少10万，年薪20万还差不多。可能有人说如果我是胖东来的员工我一定不会这么做，那是你没站在那个位置上，</span><strong><span style="color:#e56600;font-size:16px;">如果说人和狼的区别的话，狼是会吃饱的，而人的欲望是无穷无尽的。</span></strong></span> \r\n</p>\r\n<p>\r\n	<span style="color:#000000;font-size:16px;">　　10月17日午后，于东来删除微博，撤销认证，并更名“走开了回到从前”，发布“许昌各部门员工，我把与许昌胖东来的遗留问题交接完，我不在是你们的成员，也不要再对我有什么要求，为了更好的将来，祝福你们!谢谢!你们曾经的东来哥!对不住的地方多理解吧!”。</span> \r\n</p>\r\n<p>\r\n	<span style="color:#000000;font-size:18px;"><span style="font-size:16px;">　　</span><strong><span style="color:#e56600;font-size:16px;">做企业不是做慈善，更不能用感情去经营，规则是基础，盈利是前提，制度是保障。</span></strong><span style="font-size:16px;">那些曾经以胖东来为标榜的人们，请你们体量一下自己的老板和公司，要知道，对于在你们心目中很牛逼的胖东来来说，赚钱也不是件很容易的事，老板愿意和你一起分享果实，你会和老板一起真正意义上承担失败吗?那些曾经转发胖东来文章给我、顶撞我最后辞职的员工们，你们现在过的好吗?</span></span> \r\n</p>\r\n<p>\r\n	<span style="font-size:16px;"><span style="line-height:27px;font-size:16px;">来源网络</span></span> \r\n</p>\r\n<p style="text-align:center;">\r\n	<br />\r\n</p>', ' 【编者按】这是某老总在看到河南许昌胖东来百货倒闭后写的文章。对胖东来的经营理念和模式进行了反思。 “你给员工吃草，你将迎来一群羊;你给员工吃肉，你将迎来一群狼。”、“工资最高的时候成本最低”……这或许是胖东来风光无限时讲过的名言，也是我的好几个员工转发给我', 138, 'B2B2C电商平台', '胖东来百货，高新，经营管理', 1425544083, 1, 1, 0);
INSERT INTO `cor_life_article` (`article_id`, `ac_id`, `article_url`, `article_show`, `article_sort`, `article_title`, `thumb`, `article_content`, `description`, `click`, `source`, `tag`, `article_time`, `is_head`, `is_best`, `is_hot`) VALUES
(72, 11, '', 1, 255, '出门是为了体面地回家', '04789782175088918_sm.jpg', '<p style="text-align:center;">\r\n	<span style="font-size:16px;"><img alt="" src="/data/upload/shop/editor/20150306173048_83471.jpg" /><br />\r\n</span>\r\n</p>\r\n<p>\r\n	<span style="color:#000000;font-size:16px;">　　想到了这个题目的时候，已经是凌晨12点啦，元宵节已过，年也算过完了。先抛个问题给大家思考一下：你是为了回家而出门，还是为了出门而回家?欢迎评论。</span> \r\n</p>\r\n<p>\r\n	<span style="color:#000000;font-size:16px;">　　元宵刚过，小城里的中青年朋友们或南下或北上又开始为着各自的梦想奔向远方，年前回家的时候满心欢喜，离开的时候也是荣光焕发。出门是为了回家，每个人都有一个衣锦还乡的愿望。当你启程前往，但愿你的旅途充满奇迹，充满发现。一百种生活，只希望你过上你想要的那一种。</span> \r\n</p>\r\n<p style="text-align:center;">\r\n	<span style="font-size:16px;"><img alt="" src="/data/upload/shop/editor/20150306173350_41632.jpg" /><br />\r\n</span>\r\n</p>\r\n<p>\r\n	<span style="color:#000000;font-size:16px;">　　出门和回家是个哲学问题。有人说人生的方向就只有两个：“一个是出门，一个是回家。”出门多半是指出远门，最远的门是走出国门。家这个概念往大了说，家乡，国家，往小了说就是家庭。既然是出的远门，回的家自然说的是回家乡，回国。这些说的都是人的活动，或者是普通人的活动，其实最重要的回家是回归。比如思想回归，比如传统回归。这就要上升到民族、国家这样的高度。</span> \r\n</p>\r\n<p style="text-align:center;">\r\n	<span style="font-size:16px;"><img alt="" src="/data/upload/shop/editor/20150306173115_20222.jpg" /><br />\r\n</span>\r\n</p>\r\n<p>\r\n	<span style="color:#000000;font-size:16px;">　　关于家，经常会和朋友聊到，我们国家特别喜欢盖房子，完全把房子当积木一样盖得遍地都是也不管朝向排列，只要有钱有地都盖成房子。家的概念都赋予在房子身上了，回家就是回到房子里。其实家的概念最重要的还是人，必须有家人才能称之为家。</span> \r\n</p>\r\n<p>\r\n	<span style="color:#000000;font-size:16px;">　　知道有多少人在十四到十六岁这个阶段(青春期即叛逆期)有过离家出走的念头或者经历。有多少人选择放弃学业，踏上南下北上的客车，离开的时候不忘掉下一句混不好不回来的誓言。念高三的你也正在咬牙坚持着，多少个日日夜夜不停地做题背重点。最终的目的也不过是考出去，开始接近你羡慕已久的自由。到外地上大学，或者到国外留学，这是学生时代的出门，当你面临工作的时候，可能会选择留在大城市，也可以选择回家乡工作。不管怎么选，若干年后又将建立新的家庭。</span> \r\n</p>\r\n<p style="text-align:center;">\r\n	<span style="font-size:16px;"><img alt="" src="/data/upload/shop/editor/20150306173139_46073.jpg" /><br />\r\n</span>\r\n</p>\r\n<p>\r\n	<span style="color:#000000;font-size:16px;">　　有的人出门是为了回家，有的人回家是为了出门。在元杂剧中有一首《当家诗》这样写道：早起开门七件事，柴米油盐酱醋茶。出门是为了这个家的日常开支生活所需，这样说来，天底下不会有不出门的人和思想或者存在的吧。同理，也就不会存在不回家的人和不回归的思想。</span> \r\n</p>\r\n<p>\r\n	<span style="color:#000000;font-size:16px;">　　家之后总会有种物是人非的感觉。关于回家，唐代诗人贺之章告老返回故乡浙江萧山在诗歌《回乡偶书》中就有“少小离家老大回，乡音未改鬓毛衰”这样的名句。年轻的时候出去，中年的时候回来，大多以后就不再出去。而年纪轻轻出去，同样在年轻的年纪回来了，多半是没混好，还会再一次出门，直到下次体面的回来。</span> \r\n</p>\r\n<p style="text-align:center;">\r\n	<span style="font-size:16px;"><img alt="" src="/data/upload/shop/editor/20150306173204_86626.jpg" /><br />\r\n</span>\r\n</p>\r\n<p>\r\n	<span style="color:#000000;font-size:16px;">　　我喜欢哲史，哲学这个东西不太好懂，给大家讲讲历史，这样比较好理解出门回家深度的概念。</span> \r\n</p>\r\n<p>\r\n	<span style="color:#000000;font-size:16px;">　　三皇五帝、秦皇汉武，诸子百家、琴棋书画。中华大地华夏五千年文明，长期居于世界第一大国有没有。那么从什么时候落后的呢?</span> \r\n</p>\r\n<p>\r\n	<span style="color:#000000;font-size:16px;">　　18世纪从英国发起的技术革命是技术发展史上的一次巨大革命，它开创了以机器代替手工劳动的时代。这不仅是一次技术改革，更是一场深刻的社会变革。这场革命是以工作机的诞生开始的，以蒸汽机作为动力机被广泛使用为标志的。这一次技术革命和与之相关的社会关系的变革，被称为第一次工业革命或者产业革命。从生产技术方面来说，工业革命使工厂制代替了手工工场，用机器代替了手工劳动;从社会关系来说，工业革命使依附于落后生产方式的自耕农阶级消失了，工业资产阶级和工业无产阶级形成和壮大起来。技术提高了资本家产生了，法国爆发了大革命。</span> \r\n</p>\r\n<p style="text-align:center;">\r\n	<span style="font-size:16px;"><img alt="" src="/data/upload/shop/editor/20150306173243_17336.jpg" /><br />\r\n</span>\r\n</p>\r\n<p>\r\n	<span style="color:#000000;font-size:16px;">　　中国从洋务运动开始学习西方，清廷洋务派官员抱着“师夷长技以制夷”目的和“自强”和“求富”的口号在全国展开工业运动。洋务运动引进了大量西方18世纪以后的科学技术成果，引入译入了大量各类西方著作文献，培养了第一批留学童生，打开了西学之门;学习近现代公司体制兴建了一大批工业及化学企业，开启了日后中国的工业发展和现代化之路。在甲午中日战争中，北洋舰队全军覆没，洋务运动也随之破产。</span> \r\n</p>\r\n<p style="text-align:center;">\r\n	<span style="font-size:16px;"><img alt="" src="/data/upload/shop/editor/20150306173304_59861.jpg" /><br />\r\n</span>\r\n</p>\r\n<p>\r\n	<span style="color:#000000;font-size:16px;">　　中国留学第一人叫容闳。容闳之所以被誉为“中国留学生之父”，乃是在于他所提出的幼童留学计划。至此，无数仁人志士开始奔赴他国，寻求救国良药。家里日子不好过，不出门是没有出路的。有人带回来了资本主义制度，改良不如革命推翻腐朽的封建。革命成功了，都民国了，可是命运依旧多喘，租界依旧林立。于是又有一批青年人出去了，之后带回了共产主义。他们出门是为了回家。</span> \r\n</p>\r\n<p style="text-align:center;">\r\n	<span style="font-size:16px;"><img alt="" src="/data/upload/shop/editor/20150306173431_22019.jpg" /><br />\r\n</span>\r\n</p>\r\n<p>\r\n	<span style="color:#000000;font-size:16px;">　　新中国建立后国家经历了各种辛酸的发展史，苦逼如朝鲜。曾经毁了自己所有的一切，直到改革开放走出国门，拥抱世界的时候速度惊人。全盘西化，搞活了经济。我们拥有东方文明却依赖着西方的智慧，这不科学。我们走出去三十多年了，国家强大了，这个时候是不是该回家找回自己的东西呢。今天据说是孔夫子生日，那么从儒家文化开始找回自己吧。诸子百家也必须一点一点找回来啊，最起码把那些好的容易理解的搞明白。出门是为了体面的回家，回家是为了更好的出门。（文/宇先生）</span> \r\n</p>\r\n<p style="text-align:center;">\r\n	<span style="font-size:16px;"><br />\r\n</span>\r\n</p>', ' 想到了这个题目的时候，已经是凌晨12点啦，元宵节已过，年也算过完了。先抛个问题给大家思考一下：你是为了回家而出门，还是为了出门而回家?欢迎评论。 元宵刚过，小城里的中青年朋友们或南下或北上又开始为着各自的梦想奔向远方，年前回家的时候满心欢喜，离开的时候也是荣光焕发。出', 517, 'B2B2C电商平台', '留学，出国，回归', 1425634564, 0, 1, 0),
(73, 10, '', 1, 255, '伏羲魂归幕阜山', '04790389350048767_sm.jpg', '<p>\r\n	<span style="font-size:16px;">　　<span style="color:#000000;">【</span></span><span style="color:#000000;font-size:16px;">编者按</span><span style="font-size:14px;"><span style="color:#000000;font-size:16px;">】</span><strong><span style="color:#e56600;font-size:16px;">寻访通城名人足迹，汇聚薪火相传通城文化</span></strong></span> \r\n</p>\r\n<p>\r\n	<span style="color:#000000;font-size:16px;">　　通城县别称银邑，汉为下隽县地，故简称隽，位于湖北省东南部，湘鄂赣三省交界处，是咸宁、岳阳、九江金三角中心交汇点。境内有杭瑞高速、武深高速、106国道、岳九铁路交叉过境;著名景点有“华中第一瀑”——白水岩瀑布，“江南药库”之称的药姑山，“道教第二十五洞天”的黄龙山，绝美九宫山，道家黄袍山等。</span> \r\n</p>\r\n<p>\r\n	<span style="color:#000000;font-size:16px;">　　通城县素有“茶叶之乡”、“牲猪之乡”、“建筑之乡”、“云母之乡”、“砂布王国”、“天然药库”、“鄂南明珠”等美誉。</span> \r\n</p>\r\n<p>\r\n	<span style="color:#000000;font-size:16px;">　　通城县远在龙山文化时期即有人居住。通城地居三省交界之处，其建城历史悠久，自西汉时期就设下隽县治。</span> \r\n</p>\r\n<p>\r\n	<span style="color:#000000;font-size:16px;">　　三省通衢的隽邑大地上，不仅有美丽动人的神话故事，也涌现了众多历史名人，演绎了一段段悲欢离合、荡气回肠的故事。有些随着历史的变迁，早已被人们淡忘，而有些被当代的人文墨客们编纂成册很好的保存了起来。为了让勤劳、睿智、朴实、善良的隽水儿女了解通城过去的人文轶事，特别将黎时忠、黎育林两位文人墨客编撰的《永恒的星光---名人足迹留通城》这本著作以连载的方式刊发在B2B2C电商平台站，书中不仅有通城远古时的神话传说，还有许多名人故事以及地名传说。让我们从这些珍贵的历史资料以及其中蕴含的人文养分汇聚成薪火相传的通城文化，融化为自强不息的通城精神。</span> \r\n</p>\r\n<p>\r\n	<span style="font-size:14px;"><br />\r\n</span>\r\n</p>\r\n<p style="text-align:center;">\r\n	　<span style="color:#000000;font-size:18px;"><strong>　伏羲魂归幕阜山</strong></span> \r\n</p>\r\n<div style="text-align:center;">\r\n	<span style="line-height:1.5;"></span><img style="line-height:1.5;" alt="" src="/data/upload/shop/editor/20150307102249_55508.jpg" /> \r\n</div>\r\n<p>\r\n	<span style="line-height:1.5;color:#000000;font-size:16px;">　　在鄂南通城，碰上下雨打雷闪电，有些乡野老人的口中，往往会说出一句这样的方言：“伏神雷公”在发威。</span> \r\n</p>\r\n<p>\r\n	<span style="color:#000000;font-size:16px;">　　在当地还流传一个这样的神话故事：远古荒洪时代，洪水淹天后，大地上人类濒临灭绝。只有两兄妹幸存了下来，要使人类不致灭绝，他俩就必须结为夫妻。但兄妹成婚是很难令人接受的，于是他们商量由天意来决定这件事。</span> \r\n</p>\r\n<p>\r\n	<span style="color:#000000;font-size:16px;">　　兄妹俩各自拿了一个大磨盘分别爬上一座高山巅，然后同时往下滚磨盘，如果磨合，就说明天意让他俩成婚。结果，磨盘滚到山下竟然合二为一了。于是，他俩顺天意成婚，人类从此得以延续。</span> \r\n</p>\r\n<p>\r\n	<span style="color:#000000;font-size:16px;">　　以上方言和神话故事里的男主人公，就是中华民族敬仰的人文始祖，居三皇之首的伏羲，又称宓羲、庖牺、包牺、牺皇、皇羲、太昊等。他根据天地万物的变化，发明创造了八卦，并教会了人们渔猎的方法。同时他还是中医学的创始人，在中华民族追求文明和进步的进程中，具有奠基和启蒙之功。</span> \r\n</p>\r\n<p>\r\n	<span style="color:#000000;font-size:16px;">　　关于伏羲的记载在古籍中常见，但说法不一。在一些古代画像中，伏羲散发披肩，身披鹿皮。相传伏羲蛇身人首，“蛇身”也就是“龙身”。</span> \r\n</p>\r\n<p>\r\n	<span style="color:#000000;font-size:16px;">　　因伏羲是中华民族敬仰的人文始祖，故华夏民族有“龙的传人”之说。</span> \r\n</p>\r\n<p>\r\n	<span style="color:#000000;font-size:16px;">　　有关他的传说，最具神秘色彩的是出生。他的母亲在一个名叫雷泽的地方，踩了一个巨人的脚印而怀孕12年生下他。这个雷泽据考证就在现今的天水市境内。随着部落的兼并和迁徙，伏羲所创立和倡导的古代文明沿渭水到黄河流域，与其它民族相融合，形成了以炎黄部落为核心，以伏羲文化为本体的华夏民族。有关他的种种神话传说，也由黄土高原蔓延到中原及南方大地， 鄂南通城也产生了相关的传说。</span> \r\n</p>\r\n<p>\r\n	<span style="color:#000000;font-size:16px;">　　通城的幕阜山可能与地下蕴藏的金属矿藏有关，多雷，古称雷公山。雷公即雷神，因此江南的先民将幕阜山视为雷神居住之所。雷神的形象是鹰嘴龙身，伏羲人首龙身，加之伏羲在雷泽的神奇出生，古老的先民们认为伏羲是雷神的儿子，幕阜山是伏羲的魂归之所，有时甚至把他等同雷神。先民们在幕阜山上建有伏羲坟墓，夏代开国之君禹，曾亲临拜谒伏羲，在山上曾建有规模恢宏的皇坛殿，内有48柱、48灯，供奉伏羲手托八卦的巨大神像。</span> \r\n</p>\r\n<p>\r\n	<span style="color:#000000;font-size:16px;">　　通城县境内的名山黄龙山的得名，传说也和伏羲有关。远古时期，这山中有口大潭，方圆的百姓都靠潭水生活。有一天夜里，一条黄龙从别处飞来，钻进了深潭里，在此地为非作歹，害得这一带百姓没法活，人都往外地逃。人祖伏羲正在八卦台推算八卦，掐指一算，知道有条黄龙在此作恶，把青龙拐杖变成了一条青龙，骑着它来了此潭。黄龙见到青龙，扑上前撕咬。两条龙打个天昏地暗，一直打了九九八十一天，青龙受了很重的伤。伏羲用吐沫在青龙身上画了一个八卦，青龙立刻力气大增，又和黄龙打了七七四十九天，终于将黄龙打败。伏羲为了防止黄龙再出来祸害人间，在黄龙身上画了一个八卦，将黄龙变成一座山，将青龙变成一座大青石，压在山顶。后来，人们就称此山为黄龙山，山顶上也就有了嶙峋的大青石。（待续）</span> \r\n</p>\r\n<span style="color:#000000;font-size:16px;"></span><span style="line-height:24px;font-size:12px;">　　<span style="font-size:14px;">注：作者 黎育林《永恒的星光----名人足迹留通城》 之一：伏羲魂归幕阜山 　团结出版社出版 定价35元</span></span> \r\n<p>\r\n	<span style="line-height:24px;font-size:14px;"><br />\r\n</span><span style="color:#000000;font-size:16px;">　　相关链接：<span style="color:#4c33e5;"><strong><a href="http://www.infol.com.cn/wap/index.php?act=life_article&amp;op=view&amp;id=74" target="_blank"><span style="color:#4c33e5;">《通城文化园地中的一株绿荫》</span></a></strong></span>——序黎时忠、黎育林《永恒的星光---名人足迹留通城》 &nbsp;姜卫东</span> \r\n</p>\r\n<div style="text-align:center;">\r\n	<span style="line-height:1.5;"></span><br />\r\n</div>', ' 【 编者按 】 寻访通城名人足迹，汇聚薪火相传通城文化 通城县别称银邑，汉为下隽县地，故简称隽，位于湖北省东南部，湘鄂赣三省交界处，是咸宁、岳阳、九江金三角中心交汇点。境内有杭瑞高速、武深高速、106国道、岳九铁路交叉过境;著名景点有“华中第一瀑”——白水岩瀑布，“江南', 217, 'B2B2C电商平台 黎育林', '伏羲,幕阜山,通城县', 1425695043, 0, 1, 0),
(74, 10, '', 1, 255, '通城文化园地中的一株绿荫', '04790391766535438_sm.jpg', '<p style="text-align:center;">\r\n	<span style="color:#000000;font-size:18px;"><strong><span style="color:#000000;font-size:18px;">通城文化园地中的一株绿荫</span></strong></span> \r\n</p>\r\n<p style="text-align:center;">\r\n	<span style="color:#000000;"><span style="color:#000000;font-size:16px;"><span style="line-height:24px;white-space:normal;font-size:14px;">&nbsp; &nbsp; &nbsp; &nbsp; &nbsp; &nbsp; &nbsp; &nbsp; &nbsp; &nbsp; &nbsp; &nbsp; &nbsp; &nbsp; &nbsp; &nbsp; &nbsp; &nbsp; &nbsp; &nbsp; &nbsp; &nbsp;序黎时忠、黎育林《永恒的星光---名人足迹留通城》</span></span></span> \r\n</p>\r\n<p style="text-align:center;">\r\n	<span style="line-height:1.5;color:#000000;font-size:16px;">姜卫东</span> \r\n</p>\r\n<p>\r\n	<span style="color:#000000;font-size:16px;">　　我爱读人物传记类书籍。传记或长或短，或褒或贬，薄薄几页纸就写尽传主一生颠沛流离，让人唏嘘喟叹，引发对人生和命运的思索。</span> \r\n</p>\r\n<p>\r\n	<span style="color:#000000;font-size:16px;">　　这并不是一本严格意义上的人物传记。书本收录凡47位名人，大多只选他们人生的一个片段加以详写，或者称之为“名人轶事”更为贴切，一如书名，只是名人们的一个“足迹”。</span> \r\n</p>\r\n<p>\r\n	<span style="color:#000000;font-size:16px;">　　但这47位名人却有一个共同的特征――与“通城”这个鄂南边陲小城有过一段际遇。是历史的机缘让他们与通城相遇，或生于斯，或葬于斯，或隐于斯，或战于斯，演绎了一段段悲欢离合、荡气回肠的故事。他们是通城历史长河的一组群像，镌刻在巍巍幕阜山北麓的崖壁上，遗览千年。</span> \r\n</p>\r\n<p>\r\n	<span style="color:#000000;font-size:16px;">　　古人云：“以史为镜，可以知兴替;以人为镜，可以明得失。”读此书此感尤深。“岳飞驻军史载天岳关”“李自成饮恨通城九宫山”“罗荣桓元帅起步在通城”等章节，读后有朝代更迭、天命人事的历史沧桑感。此外，书中对通城黄龙山、黄袍山、天岳关等景点多有描述，笔墨淡雅清新，读来如身临其境;对通城“九眼桥”“棺材山”“牮纸”等名称来历的考证有理有据、史料详实。这些珍贵的历史资料以及其中蕴含的人文养分，应该汇聚成薪火相传的通城文化，融化为自强不息的通城精神。</span> \r\n</p>\r\n<p>\r\n	<span style="color:#000000;font-size:16px;">　　我和作者之一的黎时忠老先生有过不多的几次交流，至今记忆犹新。黎老为官一任，造福一方，退休后仍笔耕不辍，以古稀之龄著等身之书，精神令晚辈钦慕。更难能可贵的是，他们以“家乡人”的赤子之心拾掇通城的历史文化碎片，并汇编成册，犹如在通城文化园地中植下了一株绿荫，留给后人一处在精神上可以“乘凉”的新地。</span> \r\n</p>\r\n<p>\r\n	<span style="color:#000000;font-size:16px;">　　通城是一块等待“植树”的沃土，“小家碧玉”经过精雕细琢，同样可以“倾国倾城”。近年来，我们瞄准目标，阔步前进，实施兴工强县、兴农富民、兴商活市、兴才聚力战略，山山水水找财路，富余劳力找出路，开辟了一条回归创业、集聚发展的特色之路，这得益于一大批“植树造荫”的人。</span> \r\n</p>\r\n<p>\r\n	<span style="color:#000000;font-size:16px;">　　前人植树，后人乘凉。我想，这就是对许多有志于做一些事情的人的最好褒奖。为官为业，当尽心竭力。与诸君共勉。</span> \r\n</p>\r\n<p>\r\n	<span style="color:#000000;font-size:16px;">　　是为序。</span> \r\n</p>\r\n<p>\r\n	<span style="color:#000000;font-size:16px;">　　注：序黎时忠、黎育林《永恒的星光---名人足迹留通城》</span> \r\n</p>\r\n<p>\r\n	<span style="color:#000000;font-size:16px;">　　2013年9月2日凌晨</span> \r\n</p>\r\n<p style="text-align:center;">\r\n	<span style="color:#000000;font-size:16px;"><img alt="" src="/data/upload/shop/editor/20150307102920_30385.jpg" /><br />\r\n</span>\r\n</p>', ' 通城文化园地中的一株绿荫 序黎时忠、黎育林《永恒的星光---名人足迹留通城》 姜卫东 我爱读人物传记类书籍。传记或长或短，或褒或贬，薄薄几页纸就写尽传主一生颠沛流离，让人唏嘘喟叹，引发对人生和命运的思索。 这并不是一本严格意义上的人物传记。书本收录凡47位名人，大多只', 116, 'B2B2C电商平台', '通城，名人', 1425695377, 0, 0, 0),
(75, 11, '', 1, 255, '借伞、取经、停车、合作，4个故事红遍朋友圈！', '04790570668636459_sm.png', '<p>\r\n	<span style="color:#000000;font-size:16px;">　　<strong><span style="font-size:18px;">1.借伞</span></strong></span> \r\n</p>\r\n<p style="text-align:center;">\r\n	<span style="color:#000000;font-size:16px;"><strong><span style="font-size:18px;"><img alt="" src="/data/upload/shop/editor/20150307152506_28262.png" /><br />\r\n</span></strong></span>\r\n</p>\r\n<p>\r\n	<span style="color:#000000;font-size:16px;">　　孔子有天外出，天要下雨，可是他没有雨伞，有人建议说：子夏有，跟子夏借。孔子一听就说：不可以，子夏这个人比较吝啬，我借的话，他不给我，别人会觉得他不尊重师长;给我，他肯定要心疼。</span> \r\n</p>\r\n<p>\r\n	<span style="color:#000000;font-size:16px;">　　<strong><span style="color:#009900;">——和人交往，要知道别人的短处和长处，不要用别人的短处来相处和考验，否则就会友谊不长久。</span></strong></span> \r\n</p>\r\n<p>\r\n	<span style="color:#000000;font-size:16px;"><strong><span style="color:#009900;"><br />\r\n</span></strong></span>\r\n</p>\r\n<p>\r\n	<span style="color:#000000;font-size:16px;">　　<strong><span style="font-size:18px;">2.取经</span></strong></span> \r\n</p>\r\n<p style="text-align:center;">\r\n	<span style="color:#000000;font-size:16px;"><img alt="" src="/data/upload/shop/editor/20150307152550_90158.png" /><br />\r\n</span>\r\n</p>\r\n<p>\r\n	<span style="color:#000000;font-size:16px;">　　一头马、一头驴听说唐僧要去西天取经，驴觉得此行困难重重，便放弃了;而马却立刻追随而去，经历九九八十一难，取回真经。驴问：兄弟，是不是很辛苦啊?马说：其实在我去西天这段时间，您走的路一点不比我少，而且还被蒙住眼睛，被人抽打。其实，我是怕混日子更累。</span> \r\n</p>\r\n<p>\r\n	<span style="color:#000000;font-size:16px;">　　<strong><span style="color:#009900;">——真正的累，来自于内心的无知与迷茫。</span></strong></span> \r\n</p>\r\n<p>\r\n	<span style="color:#000000;font-size:16px;"><strong><span style="color:#009900;"><br />\r\n</span></strong></span>\r\n</p>\r\n<p>\r\n	<span style="color:#000000;font-size:16px;">　　<strong><span style="font-size:18px;">3.停车</span></strong></span> \r\n</p>\r\n<p style="text-align:center;">\r\n	<span style="color:#000000;font-size:16px;"><strong><span style="font-size:18px;"><img alt="" src="/data/upload/shop/editor/20150307152625_16080.png" /><br />\r\n</span></strong></span>\r\n</p>\r\n<p>\r\n	<span style="color:#000000;font-size:16px;">　　瑞典沃尔沃总部有两千多个停车位，早到的人总是把车停在远离办公楼的地方，天天如此。问：“你们的泊位是固定的吗?”他们答：“我们到的比较早，有时间多走点路。晚到的同事或许会迟到，需要把车停在离办公楼近的地方。”</span> \r\n</p>\r\n<p>\r\n	<span style="color:#000000;font-size:16px;">　　<strong><span style="color:#009900;">——多为别人着想时，路才会走得更远。</span></strong></span> \r\n</p>\r\n<p>\r\n	<span style="color:#000000;font-size:16px;"><strong><span style="color:#009900;"><br />\r\n</span></strong></span>\r\n</p>\r\n<p>\r\n	<span style="color:#000000;font-size:16px;">　　<strong><span style="font-size:18px;">4.合作</span></strong></span> \r\n</p>\r\n<p style="text-align:center;">\r\n	<span style="color:#000000;font-size:16px;"><strong><span style="font-size:18px;"><img alt="" src="/data/upload/shop/editor/20150307152655_19997.jpg" /><br />\r\n</span></strong></span>\r\n</p>\r\n<p>\r\n	<span style="color:#000000;font-size:16px;">　　一日，夜深人静，锁叫醒了钥匙并埋怨道：“我每天辛辛苦苦为主人看守家门，而主人喜欢的却是你，总把你带在身边，真羡慕你啊!”</span> \r\n</p>\r\n<p>\r\n	<span style="color:#000000;font-size:16px;">　　而钥匙也不满地说：“你每天待在家里，舒舒服服的，多安逸啊!我每天跟着主人，日晒雨淋的，多辛苦啊!我更羡慕的是你!”</span> \r\n</p>\r\n<p>\r\n	<span style="color:#000000;font-size:16px;">　　一次，钥匙也想过一过安逸的生活，于是把自己藏了起来。主人出门后回家，不见了钥匙，气急之下把锁给砸了，并顺手扔进了垃圾堆里。进屋后，主人找到了钥匙，气愤地说：“锁也砸了，现在留着你还有什么用呢?”说完，把钥匙也扔进了垃圾堆里。</span> \r\n</p>\r\n<p>\r\n	<span style="color:#000000;font-size:16px;">　　在垃圾堆里相遇的锁和钥匙，不由感叹起来：“今天我们落得如此可悲的下场，都是因为过去，我们没有看到对方的价值与付出，而是这山望着那山高，彼此斤斤计较，相互妒忌和猜疑啊!”</span> \r\n</p>\r\n<p>\r\n	<span style="color:#000000;font-size:16px;">　　<strong><span style="color:#009900;">——很多时候，人与人之间的关系都是相互的，互相扯皮、争斗，只能是两败俱伤，唯有互相配合、相互欣赏、相互团结、相互支持、相互信任、相互珍惜，方能合作共赢。</span></strong></span> \r\n</p>\r\n<p style="text-align:center;">\r\n	<span style="color:#000000;font-size:16px;"><strong><span style="color:#009900;"><br />\r\n</span></strong></span>\r\n</p>', ' 1.借伞 孔子有天外出，天要下雨，可是他没有雨伞，有人建议说：子夏有，跟子夏借。孔子一听就说：不可以，子夏这个人比较吝啬，我借的话，他不给我，别人会觉得他不尊重师长;给我，他肯定要心疼。 ——和人交往，要知道别人的短处和长处，不要用别人的短处来相处和考验，否则就会友谊不长久。 2.取', 200, 'B2B2C电商平台', '', 1425713316, 0, 0, 0),
(76, 11, '', 1, 255, '诗歌赏析：当你老了', '04791285369614442_sm.jpg', '<div style="text-align:left;">\r\n	<span style="line-height:20px;background-color:#ffffff;font-family:''Microsoft YaHei'', ''Lucida Grande'', ''Lucida Sans Unicode'', Tahoma, Helvetica, Arial, sans-serif;color:#000000;font-size:16px;">　　当你老了，头白了，睡意昏沉，&nbsp;</span> \r\n</div>\r\n<div style="text-align:left;">\r\n	<span style="font-family:Microsoft YaHei, Lucida Grande, Lucida Sans Unicode, Tahoma, Helvetica, Arial, sans-serif;color:#666666;"><span style="line-height:20px;font-size:14px;"><br />\r\n</span></span>\r\n</div>\r\n<span style="line-height:20px;background-color:#ffffff;font-family:''Microsoft YaHei'', ''Lucida Grande'', ''Lucida Sans Unicode'', Tahoma, Helvetica, Arial, sans-serif;white-space:normal;color:#666666;font-size:14px;"><span style="color:#000000;font-size:16px;">　　炉火旁打盹，请取下这部诗歌，&nbsp;</span> </span> \r\n<div style="text-align:left;">\r\n	<span style="font-family:Microsoft YaHei, Lucida Grande, Lucida Sans Unicode, Tahoma, Helvetica, Arial, sans-serif;color:#666666;"><span style="line-height:20px;font-size:14px;"><br />\r\n</span></span>\r\n</div>\r\n<span style="line-height:20px;background-color:#ffffff;font-family:''Microsoft YaHei'', ''Lucida Grande'', ''Lucida Sans Unicode'', Tahoma, Helvetica, Arial, sans-serif;white-space:normal;color:#666666;font-size:14px;"><span style="color:#000000;font-size:16px;">　　慢慢读，回忆你过去眼神的柔和，&nbsp;</span> </span> \r\n<div style="text-align:left;">\r\n	<span style="font-family:Microsoft YaHei, Lucida Grande, Lucida Sans Unicode, Tahoma, Helvetica, Arial, sans-serif;color:#666666;"><span style="line-height:20px;font-size:14px;"><br />\r\n</span></span>\r\n</div>\r\n<span style="line-height:20px;background-color:#ffffff;font-family:''Microsoft YaHei'', ''Lucida Grande'', ''Lucida Sans Unicode'', Tahoma, Helvetica, Arial, sans-serif;white-space:normal;color:#666666;font-size:14px;"><span style="color:#000000;font-size:16px;">　　回想他们昔日浓重的阴影;&nbsp;</span> </span> \r\n<div style="text-align:left;">\r\n	<span style="font-family:Microsoft YaHei, Lucida Grande, Lucida Sans Unicode, Tahoma, Helvetica, Arial, sans-serif;color:#666666;"><span style="line-height:20px;font-size:14px;"><br />\r\n</span></span>\r\n</div>\r\n<span style="line-height:20px;background-color:#ffffff;font-family:''Microsoft YaHei'', ''Lucida Grande'', ''Lucida Sans Unicode'', Tahoma, Helvetica, Arial, sans-serif;white-space:normal;color:#666666;font-size:14px;"><span style="color:#000000;font-size:16px;">　　多少人爱你青春欢畅的时辰，&nbsp;</span> </span> \r\n<div style="text-align:left;">\r\n	<span style="font-family:Microsoft YaHei, Lucida Grande, Lucida Sans Unicode, Tahoma, Helvetica, Arial, sans-serif;color:#666666;"><span style="line-height:20px;font-size:14px;"><br />\r\n</span></span>\r\n</div>\r\n<span style="line-height:20px;background-color:#ffffff;font-family:''Microsoft YaHei'', ''Lucida Grande'', ''Lucida Sans Unicode'', Tahoma, Helvetica, Arial, sans-serif;white-space:normal;color:#666666;font-size:14px;"><span style="color:#000000;font-size:16px;">　　爱慕你的美丽，假意或真心，&nbsp;</span> </span> \r\n<div style="text-align:left;">\r\n	<span style="font-family:Microsoft YaHei, Lucida Grande, Lucida Sans Unicode, Tahoma, Helvetica, Arial, sans-serif;color:#666666;"><span style="line-height:20px;font-size:14px;"><br />\r\n</span></span>\r\n</div>\r\n<span style="line-height:20px;background-color:#ffffff;font-family:''Microsoft YaHei'', ''Lucida Grande'', ''Lucida Sans Unicode'', Tahoma, Helvetica, Arial, sans-serif;white-space:normal;color:#666666;font-size:14px;"><span style="color:#000000;font-size:16px;">　　只有一个人爱你那朝圣者的灵魂，&nbsp;</span> </span> \r\n<div style="text-align:left;">\r\n	<span style="font-family:Microsoft YaHei, Lucida Grande, Lucida Sans Unicode, Tahoma, Helvetica, Arial, sans-serif;color:#666666;"><span style="line-height:20px;font-size:14px;"><br />\r\n</span></span>\r\n</div>\r\n<span style="line-height:20px;background-color:#ffffff;font-family:''Microsoft YaHei'', ''Lucida Grande'', ''Lucida Sans Unicode'', Tahoma, Helvetica, Arial, sans-serif;white-space:normal;color:#666666;font-size:14px;"><span style="color:#000000;font-size:16px;">　　爱你衰老了的脸上痛苦的皱纹;&nbsp;</span> </span> \r\n<div style="text-align:left;">\r\n	<span style="font-family:Microsoft YaHei, Lucida Grande, Lucida Sans Unicode, Tahoma, Helvetica, Arial, sans-serif;color:#666666;"><span style="line-height:20px;font-size:14px;"><br />\r\n</span></span>\r\n</div>\r\n<span style="line-height:20px;background-color:#ffffff;font-family:''Microsoft YaHei'', ''Lucida Grande'', ''Lucida Sans Unicode'', Tahoma, Helvetica, Arial, sans-serif;white-space:normal;color:#666666;font-size:14px;"><span style="color:#000000;font-size:16px;">　　垂下头来，在红光闪耀的炉子旁，&nbsp;</span> </span> \r\n<div style="text-align:left;">\r\n	<span style="font-family:Microsoft YaHei, Lucida Grande, Lucida Sans Unicode, Tahoma, Helvetica, Arial, sans-serif;color:#666666;"><span style="line-height:20px;font-size:14px;"><br />\r\n</span></span>\r\n</div>\r\n<span style="line-height:20px;background-color:#ffffff;font-family:''Microsoft YaHei'', ''Lucida Grande'', ''Lucida Sans Unicode'', Tahoma, Helvetica, Arial, sans-serif;white-space:normal;color:#666666;font-size:14px;"><span style="color:#000000;font-size:16px;">　　凄然地轻轻诉说那爱情的消逝，&nbsp;</span> </span> \r\n<div style="text-align:left;">\r\n	<span style="font-family:Microsoft YaHei, Lucida Grande, Lucida Sans Unicode, Tahoma, Helvetica, Arial, sans-serif;color:#666666;"><span style="line-height:20px;font-size:14px;"><br />\r\n</span></span>\r\n</div>\r\n<span style="line-height:20px;background-color:#ffffff;font-family:''Microsoft YaHei'', ''Lucida Grande'', ''Lucida Sans Unicode'', Tahoma, Helvetica, Arial, sans-serif;white-space:normal;color:#666666;font-size:14px;"><span style="color:#000000;font-size:16px;">　　在头顶的山上它缓缓踱着步子，&nbsp;</span> </span> \r\n<div style="text-align:left;">\r\n	<span style="font-family:Microsoft YaHei, Lucida Grande, Lucida Sans Unicode, Tahoma, Helvetica, Arial, sans-serif;color:#666666;"><span style="line-height:20px;font-size:14px;"><br />\r\n</span></span>\r\n</div>\r\n<span style="line-height:20px;background-color:#ffffff;font-family:''Microsoft YaHei'', ''Lucida Grande'', ''Lucida Sans Unicode'', Tahoma, Helvetica, Arial, sans-serif;white-space:normal;color:#666666;font-size:14px;"><span style="color:#000000;font-size:16px;">　　在一群星星中间隐藏着脸庞。&nbsp;</span> </span> \r\n<div style="text-align:left;">\r\n	<span style="font-family:Microsoft YaHei, Lucida Grande, Lucida Sans Unicode, Tahoma, Helvetica, Arial, sans-serif;color:#666666;"><span style="line-height:20px;font-size:14px;"><br />\r\n</span></span>\r\n</div>\r\n<span style="line-height:20px;background-color:#ffffff;font-family:''Microsoft YaHei'', ''Lucida Grande'', ''Lucida Sans Unicode'', Tahoma, Helvetica, Arial, sans-serif;white-space:normal;color:#666666;font-size:14px;"><span style="color:#000000;font-size:16px;">　　——1893&nbsp;</span> </span> \r\n<div style="text-align:left;">\r\n	<span style="font-family:Microsoft YaHei, Lucida Grande, Lucida Sans Unicode, Tahoma, Helvetica, Arial, sans-serif;color:#666666;"><span style="line-height:20px;font-size:14px;"><br />\r\n</span></span>\r\n</div>\r\n<img style="border-bottom:medium none;text-align:left;border-left:medium none;padding-bottom:0px;line-height:20px;background-color:#ffffff;margin:0px;padding-left:0px;padding-right:0px;display:block;font-family:''Microsoft YaHei'', ''Lucida Grande'', ''Lucida Sans Unicode'', Tahoma, Helvetica, Arial, sans-serif;max-width:720px;white-space:normal;color:#666666;font-size:14px;border-top:medium none;border-right:medium none;padding-top:0px;" class="pic" alt="image" src="http://www.infol.com.cn/data/upload/circle/theme/9/9/49/04791279375325026.jpg" /><br style="padding-bottom:0px;line-height:20px;background-color:#ffffff;margin:0px;padding-left:0px;padding-right:0px;font-family:''Microsoft YaHei'', ''Lucida Grande'', ''Lucida Sans Unicode'', Tahoma, Helvetica, Arial, sans-serif;white-space:normal;color:#666666;font-size:14px;padding-top:0px;" />\r\n<span style="line-height:20px;background-color:#ffffff;font-family:''Microsoft YaHei'', ''Lucida Grande'', ''Lucida Sans Unicode'', Tahoma, Helvetica, Arial, sans-serif;white-space:normal;color:#000000;font-size:14px;">　　威廉·巴特勒·叶芝 William Butler Yeats (1865～1939)是爱尔兰诗人、剧作家，著名的神秘主义者。叶芝是“爱尔兰文艺复兴运动”的领袖，也是艾比剧院(Abbey Theatre)的创建者之一。其诗吸收浪漫主义、唯美主义、神秘主义、象征主义和玄学诗的精华，几经变革，最终熔炼出独特的风格。其艺术被视为英语诗从传统到现代过渡的缩影。艾略特曾誉之为“二十世纪最伟大的英语诗人”。</span>', ' 当你老了，头白了，睡意昏沉， 炉火旁打盹，请取下这部诗歌， 慢慢读，回忆你过去眼神的柔和， 回想他们昔日浓重的阴影; 多少人爱你青春欢畅的时辰， 爱慕你的美丽，假意或真心， 只有一个人爱你那朝圣者的灵魂， 爱你衰老了的脸上痛苦的皱纹; 垂下头来，在红光闪耀的炉子旁， 凄然地轻轻诉说那爱', 23, 'B2B2C电商平台', '诗歌，威廉·巴特勒·叶芝', 1425784557, 0, 0, 0),
(77, 12, '', 1, 255, '坚持梦想', '04791287662477706_sm.jpg', '<span style="font-family:KaiTi_GB2312;color:#000000;font-size:24px;"><strong>&nbsp;</strong></span> \r\n<p style="text-align:center;" class="MsoNormal">\r\n	<span style="font-family:KaiTi_GB2312;color:#000000;font-size:24px;"><strong>儿时的梦想悄悄</strong></span> \r\n</p>\r\n<p style="text-align:center;" class="MsoNormal">\r\n	<span style="font-family:KaiTi_GB2312;color:#000000;font-size:24px;"><strong>消失在成长路上</strong></span> \r\n</p>\r\n<p style="text-align:center;" class="MsoNormal">\r\n	<span style="font-family:KaiTi_GB2312;color:#000000;font-size:24px;"><strong>来不及回想</strong></span> <span style="font-family:KaiTi_GB2312;color:#000000;font-size:24px;"><strong>已没了方向</strong></span> \r\n</p>\r\n<p style="text-align:center;" class="MsoNormal">\r\n	<span style="font-family:KaiTi_GB2312;color:#000000;font-size:24px;"><strong>是什么让你遗忘</strong></span> \r\n</p>\r\n<p style="text-align:center;" class="MsoNormal">\r\n	<span style="font-family:KaiTi_GB2312;color:#000000;font-size:24px;"><strong>当初的梦想</strong></span> \r\n</p>\r\n<p style="text-align:center;" class="MsoNormal">\r\n	<span style="font-family:KaiTi_GB2312;color:#000000;font-size:24px;"><strong>不管怎样你仍要坚强</strong></span> \r\n</p>\r\n<p style="text-align:center;" class="MsoNormal">\r\n	<span style="font-family:KaiTi_GB2312;color:#000000;font-size:24px;"><strong>成功的道路很长很长</strong></span> \r\n</p>\r\n<p style="text-align:center;" class="MsoNormal">\r\n	<span style="font-family:KaiTi_GB2312;color:#000000;font-size:24px;"><strong>没人短时间实现愿望</strong></span> \r\n</p>\r\n<p style="text-align:center;" class="MsoNormal">\r\n	<span style="font-family:KaiTi_GB2312;color:#000000;font-size:24px;"><strong>你需一如既往</strong></span> <span style="font-family:KaiTi_GB2312;color:#000000;font-size:24px;"><strong>坚持信仰</strong></span> \r\n</p>\r\n<p style="text-align:center;" class="MsoNormal">\r\n	<span style="font-family:KaiTi_GB2312;color:#000000;font-size:24px;"><strong>虽暂时只能孤芳自赏</strong></span> \r\n</p>\r\n<p style="text-align:center;" class="MsoNormal">\r\n	<span style="font-family:KaiTi_GB2312;color:#000000;font-size:24px;"><strong>但你仍要坚持理想</strong></span> \r\n</p>\r\n<p style="text-align:center;" class="MsoNormal">\r\n	<span style="font-family:KaiTi_GB2312;color:#000000;font-size:24px;"><strong>成长的路上泪水打湿衣裳</strong></span> \r\n</p>\r\n<p style="text-align:center;" class="MsoNormal">\r\n	<span style="font-family:KaiTi_GB2312;color:#000000;font-size:24px;"><strong>请相信明天还有太阳</strong></span> \r\n</p>\r\n<p style="text-align:center;" class="MsoNormal">\r\n	<span style="font-family:KaiTi_GB2312;color:#000000;font-size:24px;"><strong>一定要把它念念不忘</strong></span> \r\n</p>\r\n<p style="text-align:center;" class="MsoNormal">\r\n	<span style="font-family:KaiTi_GB2312;color:#000000;font-size:24px;"><strong>因为有一天必有回响</strong></span> \r\n</p>\r\n<p style="text-align:center;" class="MsoNormal">\r\n	<span style="font-family:KaiTi_GB2312;color:#000000;font-size:24px;"><strong>成长的路上容易迷失方向</strong></span> \r\n</p>\r\n<p style="text-align:center;" class="MsoNormal">\r\n	<span style="font-family:KaiTi_GB2312;color:#000000;font-size:24px;"><strong>请不要弄丢了你的理想</strong></span> \r\n</p>\r\n<p style="text-align:center;" class="MsoNormal">\r\n	<span style="font-family:KaiTi_GB2312;color:#000000;font-size:24px;"><strong>一定要把它好好铭记珍藏</strong></span> \r\n</p>\r\n<p style="text-align:center;" class="MsoNormal">\r\n	<span style="font-family:KaiTi_GB2312;color:#000000;font-size:24px;"><strong>因为有一天你会实现梦想</strong></span> \r\n</p>\r\n<p style="text-align:center;" class="MsoNormal">\r\n	<img alt="" src="/data/upload/shop/editor/20150319111917_79595.jpg" width="500" height="500" /><span style="font-family:KaiTi_GB2312;font-size:24px;"></span> \r\n</p>\r\n<p style="text-align:center;" class="MsoNormal">\r\n	<span style="font-family:宋体;font-size:8.5pt;"></span>\r\n</p>\r\n<p style="text-align:left;" class="MsoNormal">\r\n	<span style="font-family:宋体;font-size:8.5pt;"><span style="font-family:KaiTi_GB2312;color:#000000;font-size:24px;"><strong>注：</strong></span><span></span></span> \r\n</p>\r\n<p style="text-align:left;" class="MsoNormal">\r\n	<span style="font-family:宋体;font-size:8.5pt;"><span style="font-family:KaiTi_GB2312;font-size:24px;"><strong><span style="color:#000000;">　</span><span style="color:#000000;font-size:16px;">本文写于</span></strong></span><span style="font-family:KaiTi_GB2312;color:#000000;font-size:16px;"><strong>2011</strong></span><span style="font-family:KaiTi_GB2312;color:#000000;font-size:16px;"><strong>年通城遭遇百年一遇的洪水时期，为了安慰遭遇洪灾的年轻学生朋友而写。仅以此文献给为了梦想，正在奋斗中的青年，愿你们都能实现自己的梦想。</strong></span><span></span></span> \r\n</p>\r\n<p style="text-align:left;" class="MsoNormal">\r\n	<span style="font-family:宋体;font-size:8.5pt;"><span style="font-family:KaiTi_GB2312;color:#000000;font-size:16px;"><strong>　　很多人都经历了常人难以想象的挫折和困扰，但他们却没有被生活打倒，反而继续活得风生水起，热热闹闹。宇先生要告诉你：我们都曾是弱小的背影，最后都会成为给别人依靠的肩膀。正如我温暖你们一样。</strong></span><span></span></span> \r\n</p>\r\n<p style="text-align:left;" class="MsoNormal">\r\n	<span style="font-family:宋体;font-size:8.5pt;"><span style="font-family:KaiTi_GB2312;color:#000000;font-size:16px;"><strong>　　有的人拍不出未来，他依旧在努力坚持，有的人跳不出未来，他却从未想过放弃，有些人虽然看似没有方向，却思路清晰，尽管很多时候只能一个人静静地在角落抽着烟。很多个夜大家都是孤独的，手里握着手机不停地刷屏聊天，说着各种能引发笑点和共鸣的话。宇先生也只能安慰一句：看不清未来，就把握好现在。</strong></span><span></span></span> \r\n</p>\r\n<p style="text-align:center;">\r\n	<br />\r\n</p>\r\n<p style="text-align:left;" class="MsoNormal">\r\n	<br />\r\n</p>', ' 儿时的梦想悄悄 消失在成长路上 来不及回想 已没了方向 是什么让你遗忘 当初的梦想 不管怎样你仍要坚强 成功的道路很长很长 没人短时间实现愿望 你需一如既往 坚持信仰 虽暂时只能孤芳自赏 但你仍要坚持理想 成长的路上泪水打湿衣裳 请相信明天还有太阳 一定要把它念念', 61, 'B2B2C电商平台 宇先生', '通城，青年，理想，梦想，', 1425784782, 0, 1, 0);
INSERT INTO `cor_life_article` (`article_id`, `ac_id`, `article_url`, `article_show`, `article_sort`, `article_title`, `thumb`, `article_content`, `description`, `click`, `source`, `tag`, `article_time`, `is_head`, `is_best`, `is_hot`) VALUES
(78, 7, '', 1, 255, '焦点丨两会大佬秀，9大科技巨头关于互联网都说了啥？', '04791292963360923_sm.png', '<p style="box-sizing:border-box !important;text-align:left;padding-bottom:0px;line-height:1.6;margin-top:0px;min-height:1em;padding-left:0px;padding-right:0px;max-width:100%;white-space:pre-wrap;margin-bottom:20px;clear:both;padding-top:0px;">\r\n	<span style="line-height:1.5;color:#000000;font-size:16px;">　　互联网行业的大佬在两会中，提出的很多关于互联网金融、对创业者的扶持、互联网与民生之间的关系等发言和提案，都有什么?以及为何没有马云呢?</span> \r\n</p>\r\n<div style="text-align:center;">\r\n	<img alt="" src="/data/upload/shop/editor/20150308113052_91430.png" /><br />\r\n</div>\r\n<p>\r\n	<span style="color:#000000;font-size:16px;">　　每年两会都是一次互联网江湖与庙堂的对话“表演”。今年两会共有两千多名政协委员和接近三千名人大代表参与，其中互联网行业的代表和委员越来越多，这个行业的影响力和重要性正在逐步提高，越来越多有关互联网产业的提案、议案在两会上提出。一般来说，互联网行业的大佬聚焦于直接和自己利益相关的领域，所以关于互联网金融、对创业者的扶持、互联网与民生之间的关系等都会有一些提案提出，钛媒体编辑整理了这一周两会上，跟互联网相关的大佬提案与言论：</span> \r\n</p>\r\n<p>\r\n	<span style="color:#000000;font-size:16px;">　　<span style="color:#4c33e5;font-size:18px;"><strong>■</strong></span><strong><span style="color:#4c33e5;">马化腾：用移动互联网防止雾霾</span></strong></span> \r\n</p>\r\n<p>\r\n	<span style="color:#000000;font-size:16px;">　　两会之前，柴静的《穹顶之下》用互联网的方式已经做了预热，同样今年两会中腾讯CEO马化腾的提案一经曝光，引起了大众的热烈讨论。他表示，随着移动互联网、大数据、云计算、物联网与人工智能等新技术的快速发展，各行业现在都在围绕互联网做融合创新，不仅有助产业升级，还能促进大众创业，极大方便人民生活。“政府部门应当加快移动互联网在民生领域的普及和应用，把‘人与公共服务’通过数字化的方式全面连接起来，有助于解决看病难、教育资源不均衡以及防治雾霾等新老重大民生问题。”</span> \r\n</p>\r\n<p>\r\n	<span style="color:#000000;font-size:16px;">　　更多详情还可看钛媒体相关文章：《马化腾两会问答：腾讯只做两个事，一个连接器，一个内容产业》</span> \r\n</p>\r\n<p>\r\n	<span style="color:#000000;font-size:16px;"><br />\r\n</span>\r\n</p>\r\n<p>\r\n	<span style="color:#000000;font-size:16px;">　　<span style="color:#4c33e5;"><strong>■李彦宏：设立国家层面的“中国大脑”计划</strong></span></span> \r\n</p>\r\n<p>\r\n	<span style="color:#000000;font-size:16px;">　　百度CEO李彦宏在今年两会提出设立国家层面的“中国大脑”计划。以智能人机交互、大数据分析预测、自动驾驶，智能医疗诊断，智能无人机，军民机器人技术等为重要研究领域;支持有能力的企业搭建人工智能基础资源和公共服务平台，面向不同研究领域开放平台资源，高效对接社会资源，依托统一平台协同创新。距离百度成立IDL研究院已经过去了两年，而百度的财报显示，从2013年开始，百度的研发费用大幅提升。</span> \r\n</p>\r\n<p>\r\n	<span style="color:#000000;font-size:16px;">　　更多详情看钛媒体相关文章：《“中国大脑”背后，是人工智能的技术革新》</span> \r\n</p>\r\n<p>\r\n	<span style="color:#000000;font-size:16px;"><br />\r\n</span>\r\n</p>\r\n<p>\r\n	<span style="color:#000000;font-size:16px;">　　<span style="color:#4c33e5;"><strong>■雷军：把互联网纳入国家战略</strong></span></span> \r\n</p>\r\n<p>\r\n	<span style="color:#000000;font-size:16px;">　　小米科技的董事长兼CEO雷军则在今年的提议中，建议把互联网纳入国家战略，更好地把握互联网的时机待遇，用互联网来更快的推动传统产业的转型升级。且他通过三点来阐述了自己的观点：</span> \r\n</p>\r\n<p>\r\n	<span style="color:#000000;font-size:16px;">　　1、经过过去十五年的发展，中国互联网行业已经具备相当大的规模，在全球前五的互联网公司中，三家美国公司，两家中国公司;全球前七，四家美国公司，三家中国公司。中国已经领先了日本韩国欧洲等发达国家，这是非常巨大的进步。</span> \r\n</p>\r\n<p>\r\n	<span style="color:#000000;font-size:16px;">　　2、过去的互联网主要涉足的领域是传媒、软件、游戏和零售等行业，而近几年开始渗透更多的传统企业。小米就是通过互联网涉足手机行业，在2011年10月上市，第一年2012年126.5亿，预计到今年600-700亿，明年有比较大把握过千亿。这就是互联网的威力。</span> \r\n</p>\r\n<p>\r\n	<span style="color:#000000;font-size:16px;">　　3、要把握移动互联网的巨大机遇，如今所有的互联网公司都在努力抢分移动互联网这块新蛋糕，没有移动互联网，就没有未来。目前最成功的莫属腾讯，做微信至今三年，目前已经超过四亿活跃用户，市值也从500亿美元涨到1500亿，是目前最大的赢家。</span> \r\n</p>\r\n<p>\r\n	<span style="color:#000000;font-size:16px;">　　更多详情见钛媒体相关文章《雷军两会建议：加快制定智能家居行业标准，促进互联网跨界融合》</span> \r\n</p>\r\n<p>\r\n	<span style="color:#000000;font-size:16px;"><br />\r\n</span>\r\n</p>\r\n<p>\r\n	<span style="color:#000000;font-size:16px;">　　<span style="color:#4c33e5;"><strong>■张近东：屏蔽网络假冒伪劣</strong></span></span> \r\n</p>\r\n<p>\r\n	<span style="color:#000000;font-size:16px;">　　苏宁的董事长张近东在2014年两会就提交过有关电子发票的提案，并得到了国家相关部门的积极回应。而今年他的提案目的性可能就比较强了，今年他带来了6个提案，主要围绕消费者权益和行业发展，其中一个包括“屏蔽网络假冒伪劣”，不知刚刚与工商局就假货问题周旋之后的阿里巴巴作何感想。</span> \r\n</p>\r\n<p>\r\n	<span style="color:#000000;font-size:16px;">　　屏蔽网络假冒伪劣，无疑是全社会关注的焦点问题。根据数据显示，去年中国网上零售同比增幅达到49.7%，远远高于社会消费品零售总额的增幅，而随着移动互联网的应用普及，网络购物将必然保持长期快速的增长。而伴随这网络购物的发展，假冒伪劣侵权等违法行为的存在也越来越多，严重损害着消费者权利和产权人利益。</span> \r\n</p>\r\n<p>\r\n	<span style="color:#000000;font-size:16px;"><br />\r\n</span>\r\n</p>\r\n<p>\r\n	<span style="color:#000000;font-size:16px;">　　<span style="color:#4c33e5;"><strong>■刘庆峰：利用大数据提升政府效率</strong></span></span> \r\n</p>\r\n<p>\r\n	<span style="color:#000000;font-size:16px;">　　科大讯飞CEO刘庆峰表示，据海外数据公司统计，普通人每天看150次手机，手机已经成为人类的“第六器官”。因此，可以通过信息化的方式来提升政府效率。提高效率需要利用新的技术手段和新的社会行为方式，在互联网时代，利用大数据来提升服务已经见到了很好的成效。例如安徽省委省政府在全省推建的社会管理信息化，通过打通政府十几个部门的数据，就可以使一线的服务窗口从8-10个缩减到2-3个，办事流程从10-30天减少到1-3天。</span> \r\n</p>\r\n<p>\r\n	<span style="color:#000000;font-size:16px;"><br />\r\n</span>\r\n</p>\r\n<p>\r\n	<span style="color:#000000;font-size:16px;">　　<span style="color:#4c33e5;"><strong>■奚国华：从国家层面推广TD-LTE</strong></span></span> \r\n</p>\r\n<p>\r\n	<span style="color:#000000;font-size:16px;">　　中国移动董事长奚国华建议，利用政府间合作平台推广TD-LTE，通过外交手段减少和消除境外贸易壁垒，为中国企业境外贸易和投资争取更开放和公平的环境。</span> \r\n</p>\r\n<p>\r\n	<span style="color:#000000;font-size:16px;">　　截至2015年1月，中国移动已部署超过77万个TD-LTE基站，占全球4G基站总数的40%以上，建成全球最大4G网络，基本实现全国县级以上城市和发达乡镇覆盖。TD-LTE用户数超过1亿，仅一年时间就实现了2G时代十年、3G时代四年的用户规模。目前，中国移动4G用户数仍在激增，有望2015年底达到2.5亿。</span> \r\n</p>\r\n<p>\r\n	<span style="color:#000000;font-size:16px;">　　全球范围内移动互联网的迅猛发展极大刺激了用户对移动通信网络的需求。全球移动通信用户数已达70亿，而4G用户仅4亿多。全球已经规划的频谱中TDD频谱占50%以上，如果推广得力，TD-LTE海外市场将远远大于国内。国内4G成功商用后，TD-LTE“走出去”是必然选择。一是通过国际竞争提升我国通信产业核心竞争力，带动网络、终端、芯片等相关企业进军国际市场，推动我国通信产业向全球价值链高端升级转型。TD-LTE占领更多国际市场，有助于提升中国在移动通信领域的话语权，为后续引领5G打下坚实基础。二是通过增加出口转移通信制造业产能，拉动国内经济发展。据保守预测，TD-LTE“走出去”5年内可实现4000亿通信制造业出口额，间接拉动国民经济增长达两万亿元，增加国内就业岗位近80万个。</span> \r\n</p>\r\n<p>\r\n	<span style="color:#000000;font-size:16px;"><br />\r\n</span>\r\n</p>\r\n<p>\r\n	<span style="color:#000000;font-size:16px;">　　<span style="color:#4c33e5;"><strong>■李书福：应向打车软件收税</strong></span></span> \r\n</p>\r\n<p>\r\n	<span style="color:#000000;font-size:16px;">　　吉利集团董事长李书福提出“关于加强信息化技术下经营交易税收管理”的提案，根据“专车”无出租车票的经历启发，认为应向打车软件收税，对乘客负责的同时，实现同一行业内税收方面的“公平竞争”。在税收法律和政策规定上必须一视同仁、公平对待;并应强化完善税务系统针对信息商务交易平台及经营者的税收管理实施方案。</span> \r\n</p>\r\n<p>\r\n	<span style="color:#000000;font-size:16px;">　　李书福认为，现阶段颇受争议的各种专车服务，一方面它以价格和优质服务吸引顾客，而另一方面，由于处于税收盲区，它可以通过现金付款交易及司机现金收入避税来体现竞争优势。现在由于经营此类交易，在很大程度上处于税收盲区内不需要缴税，可以不开具发票，可以名正言顺地偷税。</span> \r\n</p>\r\n<p>\r\n	<span style="color:#000000;font-size:16px;">　　提案建议，主管网络信息技术下商务经营的相关部门应强化对信息商务平台税收的管理和监督，制定并完善相应的法律法规体系;同时建议要加快制订信息网络交易的税收管理制度，最大限度地遏制经营者利用信息网络特点和漏洞进行偷、逃、避、骗税的行为，网络交易与传统贸易都是商业销售行为，只是交易形式和载体不同。</span> \r\n</p>\r\n<p>\r\n	<span style="color:#000000;font-size:16px;"><br />\r\n</span>\r\n</p>\r\n<p>\r\n	<span style="color:#000000;font-size:16px;">　　<span style="color:#4c33e5;"><strong>■马蔚华：加快出台P2P行业监管政策</strong></span></span> \r\n</p>\r\n<p>\r\n	<span style="color:#000000;font-size:16px;">　　永隆银行董事长、招商银行前行长马蔚华近日在其提交的提案称，P2P平台倒闭与跑路之风等乱象愈演愈烈的重要原因之一是监管的暂时缺失，有必要加快出台P2P行业的监管政策。</span> \r\n</p>\r\n<p>\r\n	<span style="color:#000000;font-size:16px;">　　马蔚华认为，P2P行业乱象已经造成社会资源的严重浪费，监管政策亟待落实，此外，P2P行业是新生事物，需要一定的包容来鼓励其创新与发展，避免监管过度、过紧而导致行业发展失去活力。他的建议主要有3点：(1)制订并实施P2P网络借贷平台的准入和退出规则;(2)对P2P网络借贷平台的运营进行监管;(3)对P2P网络借贷平台的信息披露进行监管。</span> \r\n</p>\r\n<p>\r\n	<span style="color:#000000;font-size:16px;"><br />\r\n</span>\r\n</p>\r\n<p>\r\n	<span style="color:#000000;font-size:16px;">　　<span style="color:#4c33e5;"><strong>■杨元庆：中国企业的国际化和品牌建设至关重要</strong></span></span> \r\n</p>\r\n<p>\r\n	<span style="color:#000000;font-size:16px;">　　联想集团董事长兼CEO杨元庆在政协小组现场发言时表示，想提一个建议，就是国家在制定、推进自己的发展战略时，应该把推动我们企业的国际化和品牌建设放在一个重要的位置上。比如在推进“一带一路”的战略时，是不是可以考虑不仅仅规划建设物理的高速公路/铁路，也应该包括信息的高速路，在推进建设的过程中，把我们好的产品，好的服务也一起带出去，像华为、中兴的网络设备，联想、浪潮的服务器、存储，阿里的电商，当然还有我们的金融和电信行业。</span> \r\n</p>\r\n<p>\r\n	<span style="color:#000000;font-size:16px;">　　要打造品牌，提高我们的发展质量，改善人民生活素质，还有一点非常重要，就是要塑造创新的氛围和打造公平健康的市场环境，彻底摈弃山寨之风、拿来主义。</span> \r\n</p>\r\n<p>\r\n	<span style="color:#000000;font-size:16px;">　　文章@020观察</span> \r\n</p>\r\n<div style="text-align:center;">\r\n	<br />\r\n</div>', ' 互联网行业的大佬在两会中，提出的很多关于互联网金融、对创业者的扶持、互联网与民生之间的关系等发言和提案，都有什么?以及为何没有马云呢? 每年两会都是一次互联网江湖与庙堂的对话“表演”。今年两会共有两千多名政协委员和接近三千名人大代表参与，其中互联网行业的代表', 84, 'B2B2C电商平台', '两会，互联网，科技，电子商务', 1425785632, 1, 1, 0),
(79, 3, '', 1, 255, '通城第一奇人谭国荣 篾竹编字画畅销海内外', '04792317734396081_sm.jpg', '<p style="text-align:center;">\r\n	<span style="color:#000000;font-size:16px;"><img alt="" src="/data/upload/shop/editor/20150309155640_31228.jpg" /><br />\r\n</span>\r\n</p>\r\n<p>\r\n	<span style="color:#000000;font-size:16px;">　　</span><span style="line-height:1.5;color:#000000;font-size:16px;">【本网讯 刘健平 卢华 皮江星】</span><span style="line-height:1.5;color:#000000;font-size:16px;">　谭国荣是一位篾竹匠，但他和别的篾竹匠又不同。</span> \r\n</p>\r\n<p>\r\n	<span style="color:#000000;font-size:16px;">　　每一根篾条到了谭国荣的手中，仿佛就成了一个舞者，跳出一支支曼妙优雅的舞蹈。他用篾条编的毛主席诗词《沁春·雪》，形象逼真;用篾条编的国画《熊猫戏竹》，栩栩如生。</span> \r\n</p>\r\n<p>\r\n	<span style="color:#000000;font-size:16px;">　　多年的纯熟的技艺使他编制的速度非常快。为了赶制一批销往欧洲的小灯笼订单，他创造了一个小时编制100个的记录，平均每36秒编制一个。</span> \r\n</p>\r\n<p>\r\n	<span style="color:#000000;font-size:16px;">　　谭国荣自豪地告诉记者，能用篾竹编字画，既有速度，又有质量，他是通城县第一人。</span> \r\n</p>\r\n<p>\r\n	<span style="color:#000000;font-size:16px;">　　昨日，记者来到通城县隽水镇白沙社区李家塘村，见证63岁的竹制品艺人谭国荣的传奇。</span> \r\n</p>\r\n<p style="text-align:center;">\r\n	<span style="color:#000000;font-size:16px;"><img alt="" src="/data/upload/shop/editor/20150309155656_40577.jpg" /><br />\r\n</span>\r\n</p>\r\n<p>\r\n	<span style="color:#000000;font-size:16px;">　　<strong><span style="font-size:18px;">兴趣 痴迷竹艺</span></strong></span> \r\n</p>\r\n<p>\r\n	<span style="color:#000000;font-size:16px;">　　不管是编制农家常用的家具和用具，还是编制字画，最重要的基本功就是劈篾。</span> \r\n</p>\r\n<p>\r\n	<span style="color:#000000;font-size:16px;">　　在谭国荣家的前院里，记者有幸看到了他劈篾的整个过程。他从后院里拿出一根毛竹，将毛竹的根部锯掉，用篾刀把毛竹的结节刮平，然后根据竹器的要求，锯成三截，接着用篾刀把竹子整截地剖开，只听到“咔嚓”一声，竹节破裂，一截竹子分成了两片，36刀之后，一截碗口粗的竹子变成了72根细约头发丝的小竹片。</span> \r\n</p>\r\n<p>\r\n	<span style="color:#000000;font-size:16px;">　　“一根竹片，少则剖剥取用两三层篾片，多则可以剖剥十多层篾片，再将篾片劈成条条篾丝，这就是编制字画所需要的材料。”谭国荣说。</span> \r\n</p>\r\n<p style="text-align:center;">\r\n	<span style="color:#000000;font-size:16px;"><img alt="" src="/data/upload/shop/editor/20150309155823_79027.jpg" /><br />\r\n</span>\r\n</p>\r\n<p>\r\n	<span style="color:#000000;font-size:16px;">　　记者注意到，有的篾丝甚至削得像龙须草那样薄，着实令人叹为观止。</span> \r\n</p>\r\n<p>\r\n	<span style="color:#000000;font-size:16px;">　　“师傅领进门，修行靠个人，师傅只教我们尺寸，其他的要靠自己摸索和领悟。”记者询问起劈篾的诀窍时，谭国荣笑着说，“劈篾是整个编制竹篾器过程中最重要的环节，没有两、三年的学习，根本达不到篾如发丝的境界。</span> \r\n</p>\r\n<p>\r\n	<span style="color:#000000;font-size:16px;">　　少年时代的谭国荣就有从事篾竹匠行业的天赋，16岁那年，他看见村里的老篾竹匠在编制竹篮、箩筐、簸箕时，他回到家里能够模仿着做出来，拿到集市上售卖，成了抢手货，解决了一家六口的口粮。</span> \r\n</p>\r\n<p>\r\n	<span style="color:#000000;font-size:16px;">　　18岁拜师学艺，谭国荣刻苦勤奋加上自己的天赋，2年后，他的编制技艺青出于蓝胜于蓝，超过了师傅。</span> \r\n</p>\r\n<p>\r\n	<span style="color:#000000;font-size:16px;">　　1976年，24岁的谭国荣被招进通城县竹木民间工艺厂，由于手艺出色，又调入外贸公司，专门负责竹制品出口工作，同时分管产品创样，传授技术等。</span> \r\n</p>\r\n<p style="text-align:center;">\r\n	<span style="color:#000000;font-size:16px;"><img alt="" src="/data/upload/shop/editor/20150309155722_30083.jpg" /><br />\r\n</span>\r\n</p>\r\n<p>\r\n	<span style="color:#000000;font-size:16px;">　　<strong><span style="font-size:18px;">成就 传技非洲</span></strong></span> \r\n</p>\r\n<p>\r\n	<span style="color:#000000;font-size:16px;">　　1984年春季广交会，谭国荣的10件作品，深受外商青睐，赢得了一笔大订单，净赚1万多元。为表彰他的突出贡献，当时，县政府还奖给他一辆飞鸽牌自行车。此后，在他的带领下，通城的竹木民间工艺厂有了快速的发展，一下子达到10多家，每年对外出口竹制品总额在100万元以上。</span> \r\n</p>\r\n<p>\r\n	<span style="color:#000000;font-size:16px;">　　“这件事已过去了30年，但我依然记忆犹新。”他感慨地说，对此，那怕公司、企业几经改制，他将自己的青春年华全部奉献给了通城的竹木制品事业。</span> \r\n</p>\r\n<p style="text-align:center;">\r\n	<span style="color:#000000;font-size:16px;"><img alt="" src="/data/upload/shop/editor/20150309155852_44675.jpg" /><br />\r\n</span>\r\n</p>\r\n<p>\r\n	<span style="color:#000000;font-size:16px;">　　2004年，52岁的谭国荣迎来了人生第一次出国的机会。当年，武汉国际经济技术合作公司接到了要派几个人到几内亚比绍执行竹藤编技术合作项目的任务，该公司找到省外贸，省外贸直接推荐了谭国荣，就这样，谭国荣登上了飞往几内亚比绍的班机。</span> \r\n</p>\r\n<p>\r\n	<span style="color:#000000;font-size:16px;">　　由于工作认真负责，技术过硬，谭国荣被武汉国际经济技术合作公司聘任为援几内亚比绍第三期竹藤编技术合作项目组组长。</span> \r\n</p>\r\n<p>\r\n	<span style="color:#000000;font-size:16px;">　　到达几内亚比绍后，谭国荣将自己的技术毫无保留地传授给企业同事和非洲的朋友，并带领大家一起开展竹藤编技术合作项目工作，经过半年的努力，竹藤编技术取得了突破性的进展。</span> \r\n</p>\r\n<p>\r\n	<span style="color:#000000;font-size:16px;">　　出色的技艺，过硬的本领，让谭国荣在几内亚比绍名声大震。听说中国的竹编技术专家来到几内亚比绍援助合作项目，仰慕中国传统工艺的该国财政部长特地到谭国荣所在的生产车间参观。</span> \r\n</p>\r\n<p style="text-align:center;">\r\n	<span style="color:#000000;font-size:16px;"><img alt="" src="/data/upload/shop/editor/20150309155919_62344.jpg" /><br />\r\n</span>\r\n</p>\r\n<p>\r\n	<span style="color:#000000;font-size:16px;">　　该国财政部长到达生产车间时，谭国荣正在为一对高1.5米、宽0.4米的大型竹制花瓶刷漆。为编制这一对大型的精美的竹制花瓶，谭国荣整整花了一个月的时间。</span> \r\n</p>\r\n<p>\r\n	<span style="color:#000000;font-size:16px;">　　该国财政部长在这对花瓶前足足观看了5分钟。在参观结束时，他向企业的负责人提出购买这对竹制花瓶的请求，理由是这对竹制花瓶做得太精美了，并连连称赞谭国荣的手艺好。最终，这对竹制花瓶以企业的名义赠送给了这位财政部长。</span> \r\n</p>\r\n<p>\r\n	<span style="color:#000000;font-size:16px;">　　在几内亚比绍的两年时间里，谭国荣带领同事们攻坚克难，不仅克服了竹藤编技术上的难题，而且将他的篾制品艺术留在了非洲。</span> \r\n</p>\r\n<p style="text-align:center;">\r\n	<span style="color:#000000;font-size:16px;"><img alt="" src="/data/upload/shop/editor/20150309155740_82306.jpg" /><br />\r\n</span>\r\n</p>\r\n<p>\r\n	<span style="color:#000000;font-size:16px;">　　<strong><span style="font-size:18px;">希冀 盼传承竹艺</span></strong></span> \r\n</p>\r\n<p>\r\n	<span style="color:#000000;font-size:16px;">　　“爸，爷爷的字写得好，他给你留下的就只有挂在客厅里的三幅字画。你的篾竹编制手艺好，能不能给我们几兄弟留点东西?”去年端午节，一家人围在桌上吃饭提议。</span> \r\n</p>\r\n<p>\r\n	<span style="color:#000000;font-size:16px;">　　孩子们的提议触动了谭国荣的心，“趁自己现在还有精力，应该要把这项传统的手艺传承下去，但是三个儿子没有一个人喜欢竹艺。”</span> \r\n</p>\r\n<p>\r\n	<span style="color:#000000;font-size:16px;">　　不久，他上街买东西，路过一家十字绣店时，看到了一幅《万马奔腾》的十字绣作品。“这幅图蛮精致的，挂在客厅里也好看，刺绣我不会，我能不能用细小的篾竹编字画呢?”这个灵感在谭国荣的脑海里一闪而过后，他立刻已下定了决心。</span> \r\n</p>\r\n<p style="text-align:center;">\r\n	<span style="color:#000000;font-size:16px;"><img alt="" src="/data/upload/shop/editor/20150309160020_95138.jpg" /><br />\r\n</span>\r\n</p>\r\n<p>\r\n	<span style="color:#000000;font-size:16px;">　　从那以后，谭国荣每天坐在客厅里用篾竹编字画。路人看过谭国荣编的字画，纷纷称赞：“太神奇了，这样的作品，还是第一次看见。”</span> \r\n</p>\r\n<p>\r\n	<span style="color:#000000;font-size:16px;">　　经过半年的努力，谭国荣已完成了12件作品，有毛主席诗词《沁园春·雪》，国画《熊猫戏竹》、《麒麟图》、字画《天道酬勤》等。</span> \r\n</p>\r\n<p>\r\n	<span style="color:#000000;font-size:16px;">　　昨日，记者走谭国荣家的进客厅时，他正在编制新的作品《同圆一个中国梦》，桌上备有白色竹丝和黑色竹丝两种材料。</span> \r\n</p>\r\n<p>\r\n	<span style="color:#000000;font-size:16px;">　　他将《同圆一个中国梦》的纸质书画稿牢牢固定在木板上，这样能起到塑形、不走样的作用。编织时，他将白色竹丝横铺在书画稿上，然后将一根白色竹丝拉过来拉过去，还不时用直尺进行敲打，不一会儿，白底就渐渐出来了。</span> \r\n</p>\r\n<p style="text-align:center;">\r\n	<span style="color:#000000;font-size:16px;"><img alt="" src="/data/upload/shop/editor/20150309160159_28550.jpg" /><br />\r\n</span>\r\n</p>\r\n<p>\r\n	<span style="color:#000000;font-size:16px;">　　“在编字的时候，这个拉的竹丝要换成黑色的，这样才能跟纸质书画稿保持一致。”谭国荣说。</span> \r\n</p>\r\n<p>\r\n	<span style="color:#000000;font-size:16px;">　　话毕，只见他手指翻飞，三十多根细小的竹丝在他的手中挥动着，像跳舞一样，快而不乱。记者看得眼花缭乱时，这双结满老茧的手已经将“同”字编好了。轻轻一摸，表面光滑平整，与手写的“同”字一模一样。</span> \r\n</p>\r\n<p>\r\n	<span style="color:#000000;font-size:16px;">　　“随着人们环保意识的增强，篾制品又逐渐有了一定的市场，篾竹制工艺品也重新受到人们的欢迎。现在会这门手艺的人太少了，年轻人几乎没有，我希望有更多的年轻人能够将这门手艺传承下去。”谭国荣眼中充满企盼。</span> \r\n</p>\r\n<p>\r\n	<span style="color:#000000;font-size:16px;">　　<strong><span style="color:#e56600;">为我们通城骄傲，为第一艺人转起!</span></strong><span style="line-height:1.5;"></span> </span>\r\n</p>\r\n<p style="text-align:center;">\r\n	<span style="color:#000000;font-size:16px;"></span>&nbsp;\r\n</p>', ' 【本网讯 刘健平 卢华 皮江星】 谭国荣是一位篾竹匠，但他和别的篾竹匠又不同。 每一根篾条到了谭国荣的手中，仿佛就成了一个舞者，跳出一支支曼妙优雅的舞蹈。他用篾条编的毛主席诗词《沁春·雪》，形象逼真;用篾条编的国画《熊猫戏竹》，栩栩如生。 多年的纯熟的技艺使他编制的', 1846, 'B2B2C电商平台', '通城县，艺人，谭国荣，篾竹字画', 1425888158, 1, 1, 0),
(80, 7, '', 1, 255, '通城好男人——照顾瘫痪妻子11年不离不弃', '04792330611852732_sm.jpeg', '<p>\r\n	<span style="color:#000000;font-size:16px;">　　2004年7月31日，在中国人寿保险上班的邱智良女士到通山出差，不慎发生意外，导致高位截瘫。由于当地医院条件有限，邱智良先后被转往多家医院，医院共下过9次病危通知书。但面对一份份沉重的“命运判决”，邱智良的丈夫羿坚平始终没有放弃，他坚信：只要坚持下去，妻子就一定能好起来。</span> \r\n</p>\r\n<p>\r\n	<span style="color:#000000;font-size:16px;">　　随后，羿坚平一边照顾妻子，一边上网查找治疗高位截瘫的相关信息。当得知上海的一位专家具有多年治疗该病的丰富经验时，羿坚平连夜赶往上海，第二天便为妻子办理了转院手续。</span> \r\n</p>\r\n<p>\r\n	<span style="color:#000000;font-size:16px;">　　“在上海的三个月里，他没有睡过一个好觉，实在困了，就在租来的凳子上眯一下，打个盹。”回想那段时光，邱智良含着眼泪说，我知道，他的全部心思都用在了我的治疗上。</span> \r\n</p>\r\n<p>\r\n	<span style="color:#000000;font-size:16px;">　　功夫不负有心人。经过两次成功的手术，邱智良的病情逐渐好转，虽然肢体仍然不能运动，但最终脱离了生命危险。</span> \r\n</p>\r\n<p>\r\n	<span style="color:#000000;font-size:16px;">　　出院时，医生给出建议：要进行长期的康复治疗，要经常为她按摩肢体，以免肌肉萎缩。</span> \r\n</p>\r\n<p>\r\n	<span style="color:#000000;font-size:16px;">　　11年来，除了上班，羿坚平基本都呆在家里，不仅为妻子洗衣做饭，还帮她翻身按摩，一旦被褥被大小便浸湿，他就会马上更换清洗，以免妻子染上褥疮。</span> \r\n</p>\r\n<p>\r\n	<span style="color:#000000;font-size:16px;">　　多年的高负荷运转和长期的睡眠不足让羿坚平的身体有些“吃不消”。如今，羿坚平患上了高血压、高血脂等疾病，经常会出现头晕的状况。</span> \r\n</p>\r\n<p>\r\n	<span style="color:#000000;font-size:16px;">　　“康复治疗是一个漫长的过程，也许是一辈子，但只要我还在，我就是她的手、她的腿。羿坚平坚定地说。</span> \r\n</p>\r\n<p>\r\n	<span style="color:#000000;font-size:16px;">　　<strong><span style="color:#e56600;">为我们通城好男人点赞!</span></strong><span style="line-height:1.5;"></span> </span>\r\n</p>\r\n<p style="text-align:center;">\r\n	<span style="color:#000000;font-size:16px;"><br />\r\n</span>\r\n</p>', ' 2004年7月31日，在中国人寿保险上班的邱智良女士到通山出差，不慎发生意外，导致高位截瘫。由于当地医院条件有限，邱智良先后被转往多家医院，医院共下过9次病危通知书。但面对一份份沉重的“命运判决”，邱智良的丈夫羿坚平始终没有放弃，他坚信：只要坚持下去，妻子就一定能好起来。 随', 664, 'B2B2C电商平台 皮江星', '通城县，好男人', 1425889106, 0, 0, 0),
(81, 11, '', 1, 255, '教你异地恋如何修成正果 让感情只升不降！', '04792338541398710_sm.jpg', '<p style="text-align:center;">\r\n	<span style="color:#000000;font-size:16px;"><img alt="" src="/data/upload/shop/editor/20150309163241_79194.jpg" /><br />\r\n</span>\r\n</p>\r\n<p>\r\n	<span style="color:#000000;font-size:16px;">　　过完年，通城年轻的男男女女有人选择了远方，有人留在了家乡，异地恋就此产生。异地恋情是感情中最难维持的，尽管失败的例子有很多，但是不代表异地恋就一定会失败，只要双方把握住维持异地恋的技巧以及对彼此感情的信任，保证爱情会长长久久，下面小编为大家推荐几条维持异地恋的方法，异地的你们值得一看哦。</span> \r\n</p>\r\n<p style="text-align:center;">\r\n	<span style="color:#000000;font-size:16px;"><img alt="" src="/data/upload/shop/editor/20150309163603_26152.jpg" /><br />\r\n</span>\r\n</p>\r\n<p>\r\n	<span style="color:#000000;font-size:16px;">　　<strong><span style="color:#e56600;font-size:18px;">坚信彼此的感情</span></strong></span> \r\n</p>\r\n<p>\r\n	<span style="color:#000000;font-size:16px;">　　许多异地恋的朋友们都会担心同一个问题，长时间不见面会不会使感情变淡呢?由于异地又不了解对方的情况下，容易产生猜疑或是不信任等问题，因此双方一定要对自己的感情有信心，不要因为不必要的小问题而导致吵闹或是分手，如果自己都对自己的感情都不坚信，那么还有什么好维持的呢?</span> \r\n</p>\r\n<p style="text-align:center;">\r\n	<span style="color:#000000;font-size:16px;"><img alt="" src="/data/upload/shop/editor/20150309163641_35447.jpg" /><br />\r\n</span>\r\n</p>\r\n<p>\r\n	<span style="color:#000000;font-size:16px;">　　<strong><span style="color:#e56600;font-size:18px;">相互信任</span></strong></span> \r\n</p>\r\n<p>\r\n	<span style="color:#000000;font-size:16px;">　　分隔两地的彼此，见不到对也不知道对方怎么样，难免会产生很多的疑问或是猜忌，总是会问东问西的，这时你需要非常的耐心，对方只是在关心你千万不要认为是在查岗，不然会引起争吵，那就得不偿失了，爱是建立在理解和信任的基础上，不要轻易的怀疑自己的另一半而是要像信任自己最初的选择一样。</span> \r\n</p>\r\n<p style="text-align:center;">\r\n	<span style="color:#000000;font-size:16px;"><img alt="" src="/data/upload/shop/editor/20150309163708_50454.jpg" /><br />\r\n</span>\r\n</p>\r\n<p>\r\n	<span style="color:#000000;font-size:16px;">　　<strong><span style="color:#e56600;font-size:18px;">多多进行沟通</span></strong></span> \r\n</p>\r\n<p>\r\n	<span style="color:#000000;font-size:16px;">　　距离的问题，导致了彼此不能经常见面，因此沟通成为彼此感情交流的一个桥梁。电话或是视频时彼此可以交流自己的所闻所见以及送上关心的话语，都能拉近彼此感情，千万不要觉得麻烦或是不耐烦，不然对方会胡思乱想，不利于感情的长期发展，一定要记住一段成功的感情一定是建立在沟通上的。</span> \r\n</p>\r\n<p style="text-align:center;">\r\n	<span style="color:#000000;font-size:16px;"><img alt="" src="/data/upload/shop/editor/20150309163738_14982.jpg" /><br />\r\n</span>\r\n</p>\r\n<p>\r\n	<span style="color:#000000;font-size:16px;">　　<strong><span style="color:#e56600;font-size:18px;">多多见面</span></strong></span> \r\n</p>\r\n<p>\r\n	<span style="color:#000000;font-size:16px;">　　经常见面对维系异地恋感情来说是至关重要的，最好是能两个星期或一个月见上一次，隔一段时间见一次面避免了天天见面会产生的厌恶感反而会让人更加珍惜彼此见面的机会与时间，更有利于异地恋感情的升温。</span> \r\n</p>\r\n<p style="text-align:center;">\r\n	<span style="color:#000000;font-size:16px;"><img alt="" src="/data/upload/shop/editor/20150309163834_83539.jpg" /><br />\r\n</span>\r\n</p>\r\n<p>\r\n	<span style="color:#000000;font-size:16px;">　　<span style="color:#e56600;font-size:18px;"><strong>制造浪漫与惊喜</strong></span></span> \r\n</p>\r\n<p>\r\n	<span style="color:#000000;font-size:16px;">　　长久的感情磨合必定少不了浪漫与惊喜了，这是电话与视频都不能做到的，特别是在生日或是特殊节日的时候，自己却不能陪伴在对方身边的时候，就应该精心准备一份礼物，来满足一下对方在朋友面前的小小虚荣心。或是在不经意出现在对方的面前，一定会让对方感动的稀里糊涂，这样感情不就不知不觉的得到提升了嘛。</span> \r\n</p>\r\n<p style="text-align:center;">\r\n	<span style="color:#000000;font-size:16px;"><img alt="" src="/data/upload/shop/editor/20150309163900_24716.jpg" width="600" height="398" /><br />\r\n</span>\r\n</p>\r\n<p>\r\n	<span style="color:#000000;font-size:16px;">　　<strong><span style="color:#e56600;font-size:18px;">学会表达情感</span></strong></span> \r\n</p>\r\n<p>\r\n	<span style="color:#000000;font-size:16px;">　　通过电话、视频、邮件等通讯工具来表达内心的情感、表明自己对待感情的态度，让对方放心，当自己表达出感情的时候，对方能够体会到你对感情的付出以及努力，从而增强了彼此感情的温度，让彼此沉浸于爱的美妙中。</span> \r\n</p>\r\n<p>\r\n	<span style="color:#000000;font-size:16px;">　　<strong><span style="color:#e56600;">愿天下有情人终成眷属!</span></strong><span style="line-height:1.5;color:#e56600;"><strong></strong></span> </span>\r\n</p>\r\n<p style="text-align:center;">\r\n	<span style="color:#000000;font-size:16px;"><br />\r\n</span>\r\n</p>', ' 过完年，通城年轻的男男女女有人选择了远方，有人留在了家乡，异地恋就此产生。异地恋情是感情中最难维持的，尽管失败的例子有很多，但是不代表异地恋就一定会失败，只要双方把握住维持异地恋的技巧以及对彼此感情的信任，保证爱情会长长久久，下面小编为大家推荐几条维持异地恋的方法，', 160, 'B2B2C电商平台 宇先生', '异地恋,爱情,情感', 1425890392, 0, 0, 0),
(82, 7, '', 1, 255, '抓紧农时购苗木', '04793185613957689_sm.jpg', '<p>\r\n	<br />\r\n</p>\r\n<p style="text-align:center;">\r\n	<span style="color:#000000;font-size:16px;"><img alt="" src="/data/upload/shop/editor/20150310160122_61072.jpg" /><br />\r\n</span>\r\n</p>\r\n<p>\r\n	<span style="color:#000000;font-size:16px;">　　【本网讯 皮江星】 昨日，通城县石南镇农民在柳峦堤苗木市场选购苗木。</span> \r\n</p>\r\n<p>\r\n	<span style="color:#000000;font-size:16px;">　　进入春季，通城县农民抓住时机植树造林，油茶、柑桔、葡萄、桂花、雪松、红豆杉等优质树苗需求旺盛。</span> \r\n</p>\r\n<p>\r\n	<br />\r\n</p>', ' 【本网讯 皮江星】 昨日，通城县石南镇农民在柳峦堤苗木市场选购苗木。 进入春季，通城县农民抓住时机植树造林，油茶、柑桔、葡萄、桂花、雪松、红豆杉等优质树苗需求旺盛。 ', 14, 'B2B2C电商平台', '植树，造林，苗木', 1425974574, 0, 0, 0),
(83, 7, '', 1, 255, '通城春耕备耕早谋划早行动', '04793188280069664_sm.jpg', '<p style="text-align:center;">\r\n	<strong><span style="color:#000000;font-size:18px;">通城春耕备耕早谋划早行动</span></strong> \r\n</p>\r\n<p style="text-align:center;">\r\n	<span style="color:#000000;font-size:16px;">已建立11个水稻集中育秧基地</span> \r\n</p>\r\n<p>\r\n	<span style="color:#000000;font-size:16px;"><br />\r\n</span>\r\n</p>\r\n<p>\r\n	<span style="color:#000000;font-size:16px;">　　【本网讯　程慧 皮江星 徐智慧】 16日，通城县沙堆镇农技服务中心内，一叠叠秧盘依墙边堆放，一架架插秧机停靠院内，农技人员正整理农资，为春耕做准备。</span> \r\n</p>\r\n<p>\r\n	<span style="color:#000000;font-size:16px;">　　“在去年8万个秧盘的基础上，我们今年又购进了3万个新盘，供苗面积也从去年的4000亩增加到5500亩。”中心主任周文介绍，我们主要培育两个品种的水稻秧苗，目前已储备了10000多斤种子和50多吨营养土。</span> \r\n</p>\r\n<p>\r\n	<span style="color:#000000;font-size:16px;">　　记者在现场了解到，该中心以订单生产为主要经营模式，除按每亩低于市场价50至60元的价格为农户供苗外，中心农技人员还将在春耕开始后，全程机械化助农插秧，真正让老百姓得实惠，为当地农户省工省钱。</span> \r\n</p>\r\n<p>\r\n	<span style="color:#000000;font-size:16px;">　　2月以来，为确保春耕生产的顺利进行，通城县早谋划、早行动，全面部署春耕备耕工作。针对去年冬季气温偏高、今年立春较早的气候特点，县农业部门结合当前春季作物的生长特性，积极做好春耕农资储备等各项工作，同时，抓好中耕追肥和病虫防控，并组织专家和农技人员，深入生产一线，查苗情、查墒情、查病虫情，指导农户加强田管。</span> \r\n</p>\r\n<p>\r\n	<span style="color:#000000;font-size:16px;">　　据悉，该县农业部门已在全县范围内建立了11个水稻集中育秧基地，所产秧苗可供6万亩大田栽插。</span> \r\n</p>', ' 通城春耕备耕早谋划早行动 已建立11个水稻集中育秧基地 【本网讯 程慧 皮江星 徐智慧】 16日，通城县沙堆镇农技服务中心内，一叠叠秧盘依墙边堆放，一架架插秧机停靠院内，农技人员正整理农资，为春耕做准备。 “在去年8万个秧盘的基础上，我们今年又购进了3万个新盘，供苗面积也从去', 10, 'B2B2C电商平台', '通城，春耕', 1425974849, 0, 0, 0),
(84, 3, '', 1, 255, '改变，从回家的路开始', '04793190230896175_sm.jpg', '<p>\r\n	<span style="color:#000000;font-size:16px;">　　【本网讯　程慧 皮江星 徐智慧】 2月21日，大年初三，天气正暖，葛伟民开着小汽车，领着妻儿，回到了阔别一年的老家——通城县塘湖镇南虹村。</span> \r\n</p>\r\n<p>\r\n	<span style="color:#000000;font-size:16px;">　　今年32岁的葛伟民2005年毕业于湖北大学，之后一直在武汉从事软件开发工作。经过近十年的打拼，他已经在武汉站稳了脚跟，不仅结了婚、买了房，而且还拥有一辆价值不菲的小汽车，日子过得有滋有味。</span> \r\n</p>\r\n<p>\r\n	<span style="color:#000000;font-size:16px;">　　“咦?鲤黄公路什么时候又翻修了?”一进塘湖镇，葛伟民便被眼前干净宽阔的新公路所吸引。</span> \r\n</p>\r\n<p>\r\n	<span style="color:#000000;font-size:16px;">　　以前，每次回老家，最让他发愁的就是进村的这条路了。“这路什么时候可以修一下，到处坑坑洼洼，太难走了。”妻子方施每走一次都会抱怨一次。</span> \r\n</p>\r\n<p>\r\n	<span style="color:#000000;font-size:16px;">　　但如今，小汽车行驶在新修的公路上，又平、又稳、又快，葛伟民心里特别舒畅。</span> \r\n</p>\r\n<p>\r\n	<span style="color:#000000;font-size:16px;">　　始建于1999年的鲤黄公路是塘湖镇4.2万人出行的必经之路。从最初的土路到水泥路，再从水泥路到沥青路，十多年的回乡旅程里，葛伟民见证了鲤黄公路的一次次改变。</span> \r\n</p>\r\n<p>\r\n	<span style="color:#000000;font-size:16px;">　　去年，该镇积极争取县交通局项目资金400余万元，对8公里长的路面进行了改造升级，整个工程于去年底完工，极大地方便了村民出行。</span> \r\n</p>\r\n<p>\r\n	<span style="color:#000000;font-size:16px;">　　“今年回家的感觉和往年不一样了，家乡越变越漂亮，村民的生活条件也越来越好，这让我对家乡的发展充满信心。”葛伟民说，过几年打算回家创业，这样既可以多陪陪年迈的父母，也可以为家乡的发展出一份力，尽一份责。</span> \r\n</p>', ' 【本网讯 程慧 皮江星 徐智慧】 2月21日，大年初三，天气正暖，葛伟民开着小汽车，领着妻儿，回到了阔别一年的老家——通城县塘湖镇南虹村。 今年32岁的葛伟民2005年毕业于湖北大学，之后一直在武汉从事软件开发工作。经过近十年的打拼，他已经在武汉站稳了脚跟，不仅结了婚、买了房，而', 17, 'B2B2C电商平台', '通城县，塘湖镇', 1425975035, 0, 0, 0),
(85, 7, '', 1, 255, '通城推进绿色崛起', '04793192452269538_sm.jpg', '<p style="text-align:center;">\r\n	<span style="color:#000000;font-size:16px;">壮大产业 凸显特色 全域规划</span> \r\n</p>\r\n<p style="text-align:center;">\r\n	<span style="color:#000000;font-size:24px;"><strong>通城推进绿色崛起</strong></span> \r\n</p>\r\n<p>\r\n	<span style="color:#000000;font-size:16px;"><br />\r\n</span>\r\n</p>\r\n<p>\r\n	<span style="color:#000000;font-size:16px;">　　【本网讯　程慧 皮江星 徐智慧】 2月28日，通城县召开三级干部大会，提出以提高经济发展质量和效益为中心，坚定绿色发展，在推进小康通城建设中实现绿色崛起。</span> \r\n</p>\r\n<p>\r\n	<span style="color:#000000;font-size:16px;">　　通城确定今年经济发展目标：力争地区生产总值增长11%，全社会固定资产投资增长20%，规模工业增加值增长13%。</span> \r\n</p>\r\n<p>\r\n	<span style="color:#000000;font-size:16px;">　　围绕绿色崛起，该县将重点推动倍增工程实施，实现涂附磨具、电子信息向40亿元，陶瓷建材、食品饮品向20亿元，医药物流向10亿元产业目标迈进;深入实施小微企业成长工程，发展产业联盟，建立行业协会，扎实解决制约行业发展的问题;积极推行主题招商、产业链招商等招商引资工程，引导外部资本参与该县产业转型升级和区域协调发展。</span> \r\n</p>\r\n<p>\r\n	<span style="color:#000000;font-size:16px;">　　围绕三年18万亩绿化规划目标，该县将以油茶为重点，以连片基地为方向，加快推进武深高速、杭瑞高速连接线、106国道等主干道景观带建设，加快推进四大水系、六大水库等保护林和水源涵养林建设，推进集镇村庄绿色全覆盖，深入实施绿满鄂南行动，壮大特色板块，建设美丽通城。</span> \r\n</p>\r\n<p>\r\n	<span style="color:#000000;font-size:16px;">　　同时，该县积极推动发展规划向中心镇扩展，主导产业向中心镇辐射，公共服务向中心镇延伸，在城乡一体中实现同频发展;坚持兴业强镇，发挥经济开发区龙头带动作用，在产城融合中实现同步崛起。</span> \r\n</p>', ' 壮大产业 凸显特色 全域规划 通城推进绿色崛起 【本网讯 程慧 皮江星 徐智慧】 2月28日，通城县召开三级干部大会，提出以提高经济发展质量和效益为中心，坚定绿色发展，在推进小康通城建设中实现绿色崛起。 通城确定今年经济发展目标：力争地区生产总值增长11%，全社会固定资产投资', 12, 'B2B2C电商平台', '通城，三级干部大会，', 1425975256, 0, 0, 0),
(86, 7, '', 1, 255, '开足马力生产', '04793193999239354_sm.jpg', '<p style="text-align:center;">\r\n	<span style="color:#000000;font-size:16px;"><img alt="" src="/data/upload/shop/editor/20150310161700_99879.jpg" /><br />\r\n</span>\r\n</p>\r\n<p>\r\n	<span style="color:#000000;font-size:16px;">　　【本网讯　程慧 皮江星 徐智慧】 4日，湖北(通城)三赢兴科技有限公司COB百级无尘车间内，身穿防静电除尘服的技术人员正全身心投入生产。</span> \r\n</p>\r\n<p>\r\n	<span style="color:#000000;font-size:16px;">　　“假期一过，我们的工人就全部返岗，所有车间都已开足马力，赶制订单。”该公司负责人告诉记者，这家以生产高端手机内置摄像模组为主的企业，产品主要销往索尼、华硕、三星等国际著名企业，目前公司月产高清摄像头已达850万个。</span> \r\n</p>', ' 【本网讯 程慧 皮江星 徐智慧】 4日，湖北(通城)三赢兴科技有限公司COB百级无尘车间内，身穿防静电除尘服的技术人员正全身心投入生产。 “假期一过，我们的工人就全部返岗，所有车间都已开足马力，赶制订单。”该公司负责人告诉记者，这家以生产高端手机内置摄像模组为主的企业，产品', 22, 'B2B2C电商平台', '通城，三赢兴科技有限公司', 1425975427, 0, 0, 0);
INSERT INTO `cor_life_article` (`article_id`, `ac_id`, `article_url`, `article_show`, `article_sort`, `article_title`, `thumb`, `article_content`, `description`, `click`, `source`, `tag`, `article_time`, `is_head`, `is_best`, `is_hot`) VALUES
(87, 7, '', 1, 255, '通城县隆重举行庆3.8“关爱女性健康 促进家庭幸福”义诊咨询活动', '04793241805274208_sm.png', '<p style="text-align:center;" class="MsoNormal">\r\n	<span style="color:#000000;font-size:16px;"><strong><span style="font-size:18px;">通城县2015年庆3.8妇女节“关爱女性健康 促进家庭幸福”</span></strong> </span>\r\n</p>\r\n<p style="text-align:center;">\r\n	<strong><span style="color:#000000;font-size:18px;">义诊咨询活动在湖北瀛通和瀛新电子隆重举行</span></strong> \r\n</p>\r\n<br />\r\n<p class="MsoNormal">\r\n	<span style="color:#000000;font-size:16px;"></span><span style="line-height:1.5;color:#000000;font-size:16px;">　　2015年3月8日，由通城县卫生和计生局、县妇幼保健计划生育服务中心、县疾病预防控制中心举办，湖北瀛通和瀛新电子公司协办，庆3.8妇女节“关爱女性健康、促进家庭幸福”妇女“两癌”免费咨询检查项目宣传活动在瀛通隆重开展。“两癌”免费检查项目是一项普惠于民、关爱妇女的实际举措。县妇联、县卫生和计生局等相关领导，妇保专家，新闻媒体，湖北瀛通电子女职工1000余人出席活动。活动由赢通电子工会主席胡三保主持、总经理邱武同志到场致欢迎词。</span> \r\n</p>\r\n<p class="MsoNormal">\r\n	<br />\r\n</p>\r\n<div style="text-align:center;">\r\n	<img alt="" src="/data/upload/shop/editor/20150310164003_92586.png" /><br />\r\n</div>\r\n<p style="text-align:center;">\r\n	<span style="color:#000000;font-size:16px;">(图1湖北瀛通和瀛新电子公司总经理邱武先生致欢迎词)</span> \r\n</p>\r\n<p>\r\n	<span style="color:#000000;font-size:16px;">　　妇保专家李珊主任在活动现场向大家介绍，今天举办的宣传活动，就是要进一步扩大项目的覆盖面，把国家的重大卫生公共服务项目、卫生健康优惠政策及妇女健康知识宣传到基层、宣传到广大妇女群众中，妇女“两癌”免费检查项目是直接惠及妇女的民生工程，更是情系妇女姐妹的关爱工程。活动开展以来，得到了各级部门的高度重视和大力支持，深受广大妇女群众的拥护和欢迎，也赢得了社会各界的广泛关注和高度赞誉。</span> \r\n</p>\r\n<p style="text-align:center;">\r\n	<span style="color:#000000;font-size:16px;"><img alt="" src="/data/upload/shop/editor/20150310164021_82723.png" /><br />\r\n</span>\r\n</p>\r\n<p style="text-align:center;">\r\n	<span style="color:#000000;font-size:16px;">(图2开展活动现场)</span> \r\n</p>\r\n<p style="text-align:center;">\r\n	<span style="color:#000000;font-size:16px;"><img alt="" src="/data/upload/shop/editor/20150310164039_53634.png" /><br />\r\n</span>\r\n</p>\r\n<p style="text-align:center;">\r\n	<span style="color:#000000;font-size:16px;">(图3妇女员工在观看展板情形)</span> \r\n</p>\r\n<p style="text-align:center;">\r\n	<span style="color:#000000;font-size:16px;"><img alt="" src="/data/upload/shop/editor/20150310164054_72605.png" /><br />\r\n</span>\r\n</p>\r\n<p style="text-align:center;">\r\n	<span style="color:#000000;font-size:16px;">(图4现场发放宣传资料)</span> \r\n</p>\r\n<p>\r\n	<span style="color:#000000;font-size:16px;">　　这次“两癌”免费检查宣传活动在湖北瀛通电子开展，得到了公司全体领导的大力支持，活动共计发放宣传资料《妇女健康知识宣传册》2000册，“五免一补”宣传折页2000份、孕产期保健宣传折页2000份、发放安全套4000只、摆放宣传展板12宣块，挂宣传横幅一条、此次活动免费检查宫颈癌项目300余人、乳腺癌项目300余人。其中发现宫颈炎100余人、宫颈息肉40余人、阴道炎100余人、乳腺增生100余人、乳腺纤维瘤10余人，并全部进行治疗处理。本次宣传采取丰富多彩的活动形式，实实在在的教育内容，让广大妇女受益匪浅，全方位、多侧面的普及了乳腺癌、宫颈癌的防治知识，将“早发现、早诊断、早治疗，让妇女远离疾病困扰”的健康观念更加的深入人心。有效地提高妇女健康意识，帮助部分贫困妇女解决看病难问题。</span> \r\n</p>\r\n<p style="text-align:center;">\r\n	<span style="color:#000000;font-size:16px;"><img alt="" src="/data/upload/shop/editor/20150310164111_36353.png" /><br />\r\n</span>\r\n</p>\r\n<p style="text-align:center;">\r\n	<span style="color:#000000;font-size:16px;">(图5工作人员发放安全套)</span> \r\n</p>\r\n<p>\r\n	<span style="color:#000000;font-size:16px;">　　供稿：通城县疾控中心健康教育所 李卫东&nbsp;</span><span style="line-height:1.5;color:#000000;font-size:16px;">通城县妇幼保计生服务中心 李 珊</span><span style="line-height:1.5;font-size:16px;"></span> \r\n</p>', ' 通城县2015年庆3.8妇女节“关爱女性健康 促进家庭幸福” 义诊咨询活动在湖北瀛通和瀛新电子隆重举行 2015年3月8日，由通城县卫生和计生局、县妇幼保健计划生育服务中心、县疾病预防控制中心举办，湖北瀛通和瀛新电子公司协办，庆3.8妇女节“关爱女性健康、促进家庭幸福”妇女', 144, 'B2B2C电商平台', '通城，三八妇女节，义诊，关爱女性', 1425976330, 0, 0, 0),
(88, 7, '', 1, 255, '崇阳、通城两县商务局领导一行七人前往B2B2C电商平台调研座谈', '04793304402002832_sm.jpg', '<p style="text-align:center;">\r\n	<span style="color:#000000;font-size:16px;"><img alt="" src="/data/upload/shop/editor/20150310192210_56996.jpg" /><br />\r\n</span>\r\n</p>\r\n<p>\r\n	<span style="color:#000000;font-size:16px;">　　【本网讯】3月10日下午，来自崇阳、通城两县的商务局领导一行七人前往B2B2C电商平台调研，详细了解公司发展及旗下电子商务平台B2B2C电商平台运营情况。</span> \r\n</p>\r\n<p>\r\n	<span style="color:#000000;font-size:16px;">　　通城县商务局分管电子商务副局长刘妮娜和内贸股长李玉霞，陪同崇阳县商务局副局长甘新地一行实地考察了B2B2C电商平台总部建设情况，了解公司发展动态以及运营中的难题。座谈会上B2B2C电商平台负责人吴绿荣就建设一个有文化的购物商城，网站招商运营及2015年战略部署工作作了详细汇报。</span> \r\n</p>\r\n<p style="text-align:center;">\r\n	<span style="color:#000000;font-size:16px;"><img alt="" src="/data/upload/shop/editor/20150310192142_90472.jpg" /><br />\r\n</span>\r\n</p>\r\n<p>\r\n	<span style="color:#000000;font-size:16px;">　　调研组领导对B2B2C电商平台立足通城试验田，面向全国推进的<strong><span style="color:#e56600;">“电商+店商”双平台运营模式，打造有文化的O2O购物商城</span></strong>所做的努力和成绩给予了充分肯定，并表示电商这一新兴产业已纳入通城县域经济发展战略规划，希望B2B2C电商平台牢牢把握机遇，一如既往发挥实干精神，勇于探索，积累成功经验，为通城电商发展找准突破口，起到示范引领作用。</span> \r\n</p>\r\n<p>\r\n	<span style="color:#000000;font-size:16px;">　　B2B2C电商平台负责人衷心感谢调研组的肯定和指导，并表示将以这次调研座谈会为动力，优化资源配置，整合异业联盟，突破运营瓶颈，打造品牌效应，为推动通城电商发展积极探索，为通城新兴产业做出示范效应。</span> \r\n</p>\r\n<p style="text-align:center;">\r\n	<span style="color:#000000;font-size:16px;"><br />\r\n</span>\r\n</p>', ' 【本网讯】3月10日下午，来自崇阳、通城两县的商务局领导一行七人前往B2B2C电商平台调研，详细了解公司发展及旗下电子商务平台B2B2C电商平台运营情况。 通城县商务局分管电子商务副局长刘妮娜和内贸股长李玉霞，陪同崇阳县商务局副局长甘新地一行实地考察了B2B2C电商平台总部', 340, 'B2B2C电商平台', '通城县，崇阳县，商务局，B2B2C电商平台', 1425986750, 1, 1, 0),
(89, 12, '', 1, 255, '原创诗歌赏析：赠B2B2C电商平台创办人吴绿荣先生', '04793861088916885_sm.jpg', '<p style="text-align:center;">\r\n	<span style="color:#000000;font-size:18px;"><img alt="" src="/data/upload/shop/editor/20150311104907_50981.jpg" /><br />\r\n</span>\r\n</p>\r\n<p style="text-align:left;">\r\n	<span style="color:#000000;font-size:18px;"><strong style="white-space:normal;"><span style="color:#e56600;font-size:18px;">　　借此机会，再次对<span style="color:#4c33e5;">隽水寄宿中学夏世雄老师</span>致敬!感谢对B2B2C电商平台的赠诗。</span></strong><br />\r\n</span>\r\n</p>\r\n<p style="text-align:center;">\r\n	<span style="color:#000000;font-size:18px;"><br />\r\n</span>\r\n</p>\r\n<p style="text-align:center;">\r\n	<span style="color:#000000;font-size:18px;"><strong>七律•赠吴绿荣先生</strong></span> \r\n</p>\r\n<p style="text-align:center;">\r\n	<span style="color:#000000;font-size:18px;">绿水青山带笑容，荣华富贵伴君行。</span> \r\n</p>\r\n<p style="text-align:center;">\r\n	<span style="color:#000000;font-size:18px;">昔日电台做编缉，今朝网络当能人。</span> \r\n</p>\r\n<p style="text-align:center;">\r\n	<span style="color:#000000;font-size:18px;">滚滚浪淘下商海，B2B2C电商平台定网名。</span> \r\n</p>\r\n<p style="text-align:center;">\r\n	<span style="color:#000000;font-size:18px;">过往云烟阴霾散，从此阳光照雁程。</span> \r\n</p>\r\n<p style="text-align:center;">\r\n	<span style="color:#000000;font-size:18px;"><img alt="" src="/data/upload/shop/editor/20150311195246_11496.jpg" /><br />\r\n</span>\r\n</p>\r\n<p style="text-align:left;">\r\n	<span style="color:#000000;font-size:18px;"><span style="font-size:12px;"></span><br />\r\n</span>\r\n</p>\r\n<p style="text-align:center;">\r\n	<span style="color:#000000;font-size:18px;"><strong><span style="color:#000000;">七律 </span></strong><strong style="text-align:center;line-height:27px;white-space:normal;font-size:18px;"><span style="color:#000000;">•</span></strong><strong><span style="color:#000000;">通城网络购物天堂B2B2C电商平台</span></strong> </span>\r\n</p>\r\n<p style="text-align:center;">\r\n	<span style="color:#000000;font-size:18px;">网络名人吴绿荣</span> \r\n</p>\r\n<p style="text-align:center;">\r\n	<span style="color:#000000;font-size:18px;">回报桑梓返通城</span> \r\n</p>\r\n<p style="text-align:center;">\r\n	<span style="color:#000000;font-size:18px;">巧借互联谋发展</span> \r\n</p>\r\n<p style="text-align:center;">\r\n	<span style="color:#000000;font-size:18px;">B2B2C电商平台定网名</span> \r\n</p>\r\n<p style="text-align:center;">\r\n	<span style="color:#000000;font-size:18px;">休闲娱乐广交友</span> \r\n</p>\r\n<p style="text-align:center;">\r\n	<span style="color:#000000;font-size:18px;">绿色购物最怡情</span> \r\n</p>\r\n<p style="text-align:center;">\r\n	<span style="color:#000000;font-size:18px;">若君光顾哈哈网</span> \r\n</p>\r\n<p style="text-align:center;">\r\n	<span style="color:#000000;font-size:18px;">保你大发乐升平</span><span style="line-height:1.5;"></span> \r\n</p>\r\n<p style="text-align:center;">\r\n	<img style="text-align:center;line-height:1.5;" alt="" src="/data/upload/shop/editor/20150311105119_43708.jpg" /> \r\n</p>\r\n<p style="text-align:left;">\r\n	<br />\r\n</p>\r\n<p style="text-align:center;">\r\n	<span style="color:#000000;font-size:18px;"><strong>七律•赠杨锋宇先生</strong></span> \r\n</p>\r\n<p style="text-align:center;">\r\n	<span style="color:#000000;font-size:18px;">锋发韵流世无双，宇广气豪纵疏狂。</span> \r\n</p>\r\n<p style="text-align:center;">\r\n	<span style="color:#000000;font-size:18px;">离别通城抒大志，扎根深圳创业忙。</span> \r\n</p>\r\n<p style="text-align:center;">\r\n	<span style="color:#000000;font-size:18px;">趣倾潇洒商海醉，情迷歌舞日月长。</span> \r\n</p>\r\n<p style="text-align:center;">\r\n	<span style="color:#000000;font-size:18px;">满腔侠义功勋著，衣锦还乡谱华章。</span> \r\n</p>\r\n<p style="text-align:center;">\r\n	<img style="line-height:1.5;" alt="" src="/data/upload/shop/editor/20150311105503_43826.jpeg" /> \r\n</p>\r\n<p style="text-align:left;">\r\n	<br />\r\n</p>\r\n<p>\r\n	<strong><span style="color:#e56600;font-size:18px;">　　借此机会，再次对<span style="color:#4c33e5;">隽水寄宿中学夏世雄老师</span>致敬!感谢对B2B2C电商平台的赠诗。</span></strong><span style="line-height:1.5;color:#e56600;font-size:18px;"><strong></strong></span> \r\n</p>\r\n<p style="text-align:center;">\r\n	<strong><span style="color:#e56600;font-size:18px;"><br />\r\n</span></strong>\r\n</p>', ' 借此机会，再次对 隽水寄宿中学夏世雄老师 致敬!感谢对B2B2C电商平台的赠诗。 七律•赠吴绿荣先生 绿水青山带笑容，荣华富贵伴君行。 昔日电台做编缉，今朝网络当能人。 滚滚浪淘下商海，B2B2C电商平台定网名。 过往云烟阴霾散，从此阳光照雁程。 七律 • 通城网络购物天堂B2B2C', 130, 'B2B2C电商平台  夏世雄', '原创文学，诗歌，B2B2C电商平台', 1426042200, 0, 1, 0),
(90, 12, '', 1, 255, '原创诗歌赏析：七律·通城', '04793874677545552_sm.jpg', '<p style="text-align:center;">\r\n	<span style="color:#000000;font-size:18px;"><img alt="" src="/data/upload/shop/editor/20150311111602_47092.jpg" /><br />\r\n</span>\r\n</p>\r\n<p style="text-align:center;">\r\n	<span style="color:#000000;font-size:18px;"><br />\r\n</span>\r\n</p>\r\n<p style="text-align:center;">\r\n	<span style="color:#000000;font-size:18px;"><strong>七律·通城</strong></span> \r\n</p>\r\n<p style="text-align:center;">\r\n	<span style="color:#000000;font-size:18px;">人来车往漫天尘</span> \r\n</p>\r\n<p style="text-align:center;">\r\n	<span style="color:#000000;font-size:18px;">高楼林立日月新</span> \r\n</p>\r\n<p style="text-align:center;">\r\n	<span style="color:#000000;font-size:18px;">公交便宜乘客少</span> \r\n</p>\r\n<p style="text-align:center;">\r\n	<span style="color:#000000;font-size:18px;">麻木价高业兴隆</span><span style="line-height:1.5;font-size:18px;"></span> \r\n</p>\r\n<p style="text-align:center;">\r\n	<span style="color:#000000;font-size:18px;">银山广场泽福地</span> \r\n</p>\r\n<p style="text-align:center;">\r\n	<span style="color:#000000;font-size:18px;">隽水河堤筑长城</span> \r\n</p>\r\n<p style="text-align:center;">\r\n	<span style="color:#000000;font-size:18px;">莫道国语说不好</span> \r\n</p>\r\n<p style="text-align:center;">\r\n	<span style="color:#000000;font-size:18px;">只缘我是通城人</span> \r\n</p>\r\n<p style="text-align:center;">\r\n	<span style="color:#000000;font-size:18px;"><img alt="" src="/data/upload/shop/editor/20150311111352_82377.jpg" /><br />\r\n</span>\r\n</p>', ' 七律·通城 人来车往漫天尘 高楼林立日月新 公交便宜乘客少 麻木价高业兴隆 银山广场泽福地 隽水河堤筑长城 莫道国语说不好 只缘我是通城人 ', 39, 'B2B2C电商平台  夏世雄', '诗歌，原创文学，通城', 1426043641, 0, 0, 0),
(91, 12, '', 1, 255, '原创诗歌赏析：七律·感悟人生', '04793882512761837_sm.jpg', '<p style="text-align:center;">\r\n	<span style="color:#000000;font-size:18px;"><strong><img alt="" src="/data/upload/shop/editor/20150311112327_98818.jpg" /><br />\r\n</strong></span>\r\n</p>\r\n<p style="text-align:center;">\r\n	<span style="color:#000000;font-size:18px;"><strong>七律·感悟人生</strong></span> \r\n</p>\r\n<p style="text-align:center;">\r\n	<span style="color:#000000;font-size:18px;">几度风雨几度秋</span> \r\n</p>\r\n<p style="text-align:center;">\r\n	<span style="color:#000000;font-size:18px;">岁不饶人见白头</span> \r\n</p>\r\n<p style="text-align:center;">\r\n	<span style="color:#000000;font-size:18px;">抚育孩子半世累</span> \r\n</p>\r\n<p style="text-align:center;">\r\n	<span style="color:#000000;font-size:18px;">培养学生空名留</span> \r\n</p>\r\n<p style="text-align:center;">\r\n	<span style="color:#000000;font-size:18px;">气虑骨瘦精神减</span> \r\n</p>\r\n<p style="text-align:center;">\r\n	<span style="color:#000000;font-size:18px;">才尽心空述著休</span> \r\n</p>\r\n<p style="text-align:center;">\r\n	<span style="color:#000000;font-size:18px;">世上凡人终老去</span> \r\n</p>\r\n<p style="text-align:center;">\r\n	<span style="color:#000000;font-size:18px;">功名且待后生求</span> \r\n</p>\r\n<p style="text-align:center;">\r\n	<span style="color:#000000;font-size:18px;"><img alt="" src="/data/upload/shop/editor/20150311112348_15210.jpg" /><br />\r\n</span>\r\n</p>', ' 七律·感悟人生 几度风雨几度秋 岁不饶人见白头 抚育孩子半世累 培养学生空名留 气虑骨瘦精神减 才尽心空述著休 世上凡人终老去 功名且待后生求 ', 43, 'B2B2C电商平台  夏世雄', '原创文学，诗歌，通城，感悟人生', 1426044262, 0, 0, 0),
(92, 7, '', 1, 255, '两会释放信号，2015 年中国将发生七大巨变，与你息息相关！', '04794042423306519_sm.jpg', '<p>\r\n	<span style="color:#000000;font-size:16px;">　　<strong><span style="color:#e56600;">其一、房价不可能涨，只会慢慢降下来</span></strong></span> \r\n</p>\r\n<p>\r\n	<span style="color:#000000;font-size:16px;">　　世界上任何发达国家都是靠高端制造业和文化产业支撑经济的，唯有中国前十几年一直靠房地产拉动经济。</span> \r\n</p>\r\n<p>\r\n	<span style="color:#000000;font-size:16px;">　　这种发展模式的恶果现在已经显现了。过高的房价不仅打压了中国制造业和文化产业，打得一病不起。依赖房地产，使得地方政府无所作为，靠卖地过日子。</span> \r\n</p>\r\n<p>\r\n	<span style="color:#000000;font-size:16px;">　　房地产不可持续发展，开发商的好日子也到头了。</span> \r\n</p>\r\n<div style="text-align:center;">\r\n	<img alt="" src="/data/upload/shop/editor/20150311154457_10326.jpg" /><br />\r\n</div>\r\n<p>\r\n	<span style="color:#000000;font-size:16px;">　　但是，前十几年，与其说是老百姓卖房，不如说是银行卖房。由是，国家最近虽然出台了允许银行破产的规定，但是不可能一下子让他们都破产。房价不可能一下子降下来。要是房价一降到底，银行就会大部分破产，中国经济就会走入死路。</span> \r\n</p>\r\n<p>\r\n	<span style="color:#000000;font-size:16px;">　　只能说，房价慢慢降，给个几年的期限。或者通过物价上涨，让票子变毛，让房子的实际价值降低。</span> \r\n</p>\r\n<p>\r\n	<span style="color:#000000;font-size:16px;"><br />\r\n</span>\r\n</p>\r\n<p>\r\n	<span style="color:#000000;font-size:16px;">　　<strong><span style="color:#e56600;">其二、公务员日子不好过，饭碗也不再是铁的</span></strong></span> \r\n</p>\r\n<p>\r\n	<span style="color:#000000;font-size:16px;">　　今后，随着中国高压反腐败和整党整风，公务员队伍将会越来越干净。相对干净。</span> \r\n</p>\r\n<p>\r\n	<span style="color:#000000;font-size:16px;">　　公务员下岗潮即将来到。即使呆在体制内，也不是油水多多。但是，这个队伍是国家的执政根基，这个队伍没有一点吸引力，如何治理国家?</span> \r\n</p>\r\n<div style="text-align:center;">\r\n	<img alt="" src="/data/upload/shop/editor/20150311154539_91633.jpg" /><br />\r\n</div>\r\n<p>\r\n	<span style="color:#000000;font-size:16px;">　　因此，只要好好干，不贪不占，奉公守法的公务员，生活在体制内还是稳定的，只是不像从前那样有吸引力了。</span> \r\n</p>\r\n<p>\r\n	<span style="color:#000000;font-size:16px;"><br />\r\n</span>\r\n</p>\r\n<p>\r\n	<span style="color:#000000;font-size:16px;">　　<strong><span style="color:#e56600;">其三、大学生毕业即失业是常态，至少五年没有变化</span></strong></span> \r\n</p>\r\n<p>\r\n	<span style="color:#000000;font-size:16px;">　　现年一年毕业700多万大学生，加上往年没有找到工作的大学生，大学生就业的压力是很大的，也是解决不了的问题。</span> \r\n</p>\r\n<p>\r\n	<span style="color:#000000;font-size:16px;">　　一是十几年的高房价打得制造业和文化产业一病不起，而高端制造业和文化产业是最需要大学生的。一方面是大学生多了，一方面是岗位少了。</span> \r\n</p>\r\n<div style="text-align:center;">\r\n	<img alt="" src="/data/upload/shop/editor/20150311154607_89035.jpg" /><br />\r\n</div>\r\n<p>\r\n	<span style="color:#000000;font-size:16px;">　　大学生就业是个难题，而且是五年解决不了的难题，谁也没法。五年没有啥变化。虽然房地产降温了，但高端制造业复苏和文化产业兴起，可不是三年五年能够解决的，甚至十年也不容易，那么，在哪里找到吸纳大学生的岗位呢?因此，大学生就业难是个常态。</span> \r\n</p>\r\n<p>\r\n	<span style="color:#000000;font-size:16px;"><br />\r\n</span>\r\n</p>\r\n<p>\r\n	<span style="color:#000000;font-size:16px;">　　<strong><span style="color:#e56600;">其四、全民创业新时代来到了，小微企业遍地开花</span></strong></span> \r\n</p>\r\n<p>\r\n	<span style="color:#000000;font-size:16px;">　　即使在英法美日这些发达国家，大企业吸纳就业人口也不超过20%，非洲国家95%以上的就业人口都在小微企业就业。</span> \r\n</p>\r\n<p>\r\n	<span style="color:#000000;font-size:16px;">　　从前中国在这方面是个误区——精力都放在了大企业上。现在反醒过来了，大力发展小微企业，以创业带动就业才是吸纳就业人口的主要方向。</span> \r\n</p>\r\n<p>\r\n	<span style="color:#000000;font-size:16px;">　　2015年之后，房地产的降温，将会出现农民工返乡潮;大学生这么多，也要岗位。如何办?</span> \r\n</p>\r\n<div style="text-align:center;">\r\n	<img alt="" src="/data/upload/shop/editor/20150311154720_16888.jpg" /><br />\r\n</div>\r\n<p>\r\n	<span style="color:#000000;font-size:16px;">　　现有的岗位都是人满为患，只能再造岗位。国家将会鼓励创业，鼓励发展小微企业。政策上有优惠，审批门槛低。</span> \r\n</p>\r\n<p>\r\n	<span style="color:#000000;font-size:16px;">　　最近，我到北京海淀区注册一个文化公司，不到一个月就搞定了，不到一万块钱，啥都算下来。当月，仅在北京的这个海淀区注册的公司就有2000多家。全北京有多少?全国有多少?</span> \r\n</p>\r\n<p>\r\n	<span style="color:#000000;font-size:16px;">　　今后，国家不再提大学生就业的事情，而是提大学生创业，全民创业。</span> \r\n</p>\r\n<p>\r\n	<span style="color:#000000;font-size:16px;"><br />\r\n</span>\r\n</p>\r\n<p>\r\n	<span style="color:#000000;font-size:16px;">　　<strong><span style="color:#e56600;">其五、网络让有些企业死，也让有些企业活</span></strong></span> \r\n</p>\r\n<p>\r\n	<span style="color:#000000;font-size:16px;">　　2007年，我们国家才二亿多网民，现在是七亿多。中国不再是互联网时代，而是移动互联网时代，拿着手机随时可以阅读和接收信息。人人都是一个杂志社和报社。</span> \r\n</p>\r\n<p>\r\n	<span style="color:#000000;font-size:16px;">　　传统的电视台、杂志、报纸等传媒业更加难过，甚至关门。十几年前，只要是书，通过出版社出版，放在书店里就能卖几十万本，现在怎么样?</span> \r\n</p>\r\n<p>\r\n	<span style="color:#000000;font-size:16px;">　　除了郎咸平的书能卖几十万，一般的书只能卖上三五千，八千本就可称为畅销书。何况，郎咸平也是靠网络出名的，是他的网络粉丝去买书。</span> \r\n</p>\r\n<p>\r\n	<span style="color:#000000;font-size:16px;">　　说白了，今后凡是在网络上出了名的，他们的书还好卖。离开了这一条——网络名气，连鲁迅活到今天也没法。</span> \r\n</p>\r\n<p>\r\n	<span style="color:#000000;font-size:16px;">　　可以说传统的传媒业，现在已经被网络打得落花流水。一切可以网络化的东西，如果你没有通过网络去经营，你就要完蛋。沃尔玛、国美、苏宁电器……几乎所有的零售业巨头都焦头烂额，关门闭店的多多。网上一查便知。</span> \r\n</p>\r\n<p>\r\n	<span style="color:#000000;font-size:16px;">　　跟随马云的脚步，凡是你经营的行业能够很好地利用互联网，你的日子将会一天天好过。十年内，该互联网化的行业你没有做，你就死!想办法让自己的行业互联网化，你就活!就这么简单。</span> \r\n</p>\r\n<div style="text-align:center;">\r\n	<img alt="" src="/data/upload/shop/editor/20150311154753_18629.jpg" /><br />\r\n</div>\r\n<p>\r\n	<span style="color:#000000;font-size:16px;"><br />\r\n</span>\r\n</p>\r\n<p>\r\n	<span style="color:#000000;font-size:16px;">　　<strong><span style="color:#e56600;">其六、毛泽东思想和社会主义道路，将是宣传的主旋律</span></strong></span> \r\n</p>\r\n<p>\r\n	<span style="color:#000000;font-size:16px;">　　思想领域的打左灯，不仅打，而且在大打。这是肯定的。经济上也会向左转，但是，不可能太快。因为，搞资本主义，西方国家干了几百年，有成熟经验，但社会主义是个新生事物，没有现成的套路。包括毛泽东的前三十年，在社会主义道路上也是探索，大方向没错，操作上还是有值得探索的地方。</span> \r\n</p>\r\n<p>\r\n	<span style="color:#000000;font-size:16px;">　　因此，经济上的左转是非常慎重的。何况，私有化形成的既得利益集团难以破解，不可能一下子回到前三十年的公有制状态。</span> \r\n</p>\r\n<p>\r\n	<span style="color:#000000;font-size:16px;">　　不管如何说，经济上的自由主义是要受到批判和遏制的。</span> \r\n</p>\r\n<div style="text-align:center;">\r\n	<img alt="" src="/data/upload/shop/editor/20150311154822_53612.jpg" /><br />\r\n</div>\r\n<p>\r\n	<span style="color:#000000;font-size:16px;"><br />\r\n</span>\r\n</p>\r\n<p>\r\n	<span style="color:#000000;font-size:16px;">　　<strong><span style="color:#e56600;">其七、网络将会更加自由，但是不能冲破底线</span></strong></span> \r\n</p>\r\n<p>\r\n	<span style="color:#000000;font-size:16px;">　　说实在话，这些年，言论是比原来放宽多了。这么大的中国，庞大的中国官场队伍，这么多的中国问题，要光靠党的媒体来发现和解决，不可能的，而网络正好给了这个机会。共产党决不会放弃网络这个不花钱的监管队伍。无处不监管，无时不监管，无人不监管。</span> \r\n</p>\r\n<div style="text-align:center;">\r\n	<img alt="" src="/data/upload/shop/editor/20150311154839_52541.jpg" /><br />\r\n</div>\r\n<p>\r\n	<span style="color:#000000;font-size:16px;">　　尽管网络上言论自由，但是还是有底线的。底线是什么?这个不好说。如果大家都知道底线，那么微信微博博客也不会经常有人被封了。不能因为一些人的博客微信微博被封就说言论没有原来自由，这不客观。要对比过去。有自由，但不能越底线。(文章整理于网络)</span> \r\n</p>\r\n<p style="text-align:center;">\r\n	<span style="color:#000000;font-size:16px;"><br />\r\n</span>\r\n</p>', ' 其一、房价不可能涨，只会慢慢降下来 世界上任何发达国家都是靠高端制造业和文化产业支撑经济的，唯有中国前十几年一直靠房地产拉动经济。 这种发展模式的恶果现在已经显现了。过高的房价不仅打压了中国制造业和文化产业，打得一病不起。依赖房地产，使得地方政府无所作为，靠卖', 70, 'B2B2C电商平台', '两会，民生', 1426060280, 1, 1, 0),
(93, 11, '', 1, 255, '老驴死里逃生的故事，看后你会得到很多！', '04794098043359191_sm.jpg', '<p style="text-align:center;">\r\n	<span style="color:#000000;font-size:16px;"><img alt="" src="/data/upload/shop/editor/20150311172349_16248.jpg" width="500" height="589" /><br />\r\n</span>\r\n</p>\r\n<p>\r\n	<span style="color:#000000;font-size:16px;">　　一天，一个农民的驴子掉到了枯井里。那可怜的驴子在井里凄惨地叫了好几个钟头，农民在井口急得团团转，就是没办法把它救起来。最后，他断然认定：驴子已经老了，这口枯井也该填起来了，不值得花这么大的精力去救驴子。</span> \r\n</p>\r\n<p>\r\n	<span style="color:#000000;font-size:16px;">　　农民把所有的邻居都请来帮他填井。大家抓起铁锹，开始往井里填土。</span> \r\n</p>\r\n<p>\r\n	<span style="color:#000000;font-size:16px;">　　驴子很快就意识到发生了什么事，起初，它只是在井里恐慌地大声哭叫。不一会儿，令大家都很不解的是，它居然安静下来。几锹土过后，农民终于忍不住朝井下看，眼前的情景让他惊呆了。</span> \r\n</p>\r\n<p>\r\n	<span style="color:#000000;font-size:16px;">　　每一铲砸到驴子背上的土，它都作了出人意料的处理：迅速地抖落下来，然后狠很地用脚踩紧。 就这样，没过多久，驴子竟把自己升到了井口。它纵身跳了出来，快步跑开了。在场的每一个人都惊诧不已。</span> \r\n</p>\r\n<p style="text-align:center;">\r\n	<span style="color:#000000;font-size:16px;"><img alt="" src="/data/upload/shop/editor/20150311172423_70117.jpg" /><br />\r\n</span>\r\n</p>\r\n<p>\r\n	<span style="color:#000000;font-size:16px;">　　<strong><span style="color:#009900;">启示:</span></strong></span> \r\n</p>\r\n<p>\r\n	<span style="color:#000000;font-size:16px;">　　<span style="color:#009900;"><strong>其实，生活也是如此。各种各样的困难和挫折，会如尘土一般落到我们的头上，要想从这苦难的枯井里脱身逃出来，走向人生的成功与辉煌，办法只有一个，那就是：将它们统统都抖落在地，重重地踩在脚下。因为，生活中我们遇到的每一个困难，每一次失败，其实都是人生历程中的一块垫脚石。</strong></span></span> \r\n</p>\r\n<p style="text-align:center;">\r\n	<span style="color:#000000;font-size:16px;"><span style="color:#009900;"><strong><br />\r\n</strong></span></span>\r\n</p>', ' 一天，一个农民的驴子掉到了枯井里。那可怜的驴子在井里凄惨地叫了好几个钟头，农民在井口急得团团转，就是没办法把它救起来。最后，他断然认定：驴子已经老了，这口枯井也该填起来了，不值得花这么大的精力去救驴子。 农民把所有的邻居都请来帮他填井。大家抓起铁锹，开始往井里填土。', 81, 'B2B2C电商平台', '死里逃生，励志', 1426065900, 0, 0, 0),
(94, 7, '', 1, 255, '植树节之际，通城县2000余名干部职工为我县再添新绿', '04794727063657517_sm.jpg', '<p>\r\n	<span style="color:#000000;font-size:16px;">　　【本网讯 &nbsp;皮江星】 &nbsp;植树节来临之际，我县100多家部门单位2000余名干部职工，前往四庄乡上坪村开展义务植树活动，为“绿满通城”添新绿，当天上午共新栽油茶苗20000多株，绿化面积近1000余亩。</span> \r\n</p>\r\n<p style="text-align:center;">\r\n	<span style="color:#000000;font-size:16px;"><img alt="" src="/data/upload/shop/editor/20150311173321_34521.jpg" /><br />\r\n</span>\r\n</p>\r\n<p style="text-align:center;">\r\n	<span style="color:#000000;font-size:14px;">1、图为县委书记姜卫东(左)与县长来华雄(右)一道栽植油茶树</span> \r\n</p>\r\n<p style="text-align:center;">\r\n	<span style="color:#000000;font-size:14px;"><img alt="" src="/data/upload/shop/editor/20150311173424_54656.jpg" /><br />\r\n</span>\r\n</p>\r\n<p style="text-align:center;">\r\n	<span style="color:#000000;font-size:14px;">2、图为县委常委、宣传部部长吴自强(右)与县委宣传部机关干部一道栽植油茶树</span> \r\n</p>\r\n<p style="text-align:center;">\r\n	<span style="color:#000000;font-size:14px;"><img alt="" src="/data/upload/shop/editor/20150311173457_26116.jpg" /><br />\r\n</span>\r\n</p>\r\n<p style="text-align:center;">\r\n	<span style="color:#000000;font-size:14px;">3、图为县委宣传部机关干部在栽植油茶树</span> \r\n</p>\r\n<p style="text-align:center;">\r\n	<span style="color:#000000;font-size:14px;"><img alt="" src="/data/upload/shop/editor/20150311173734_30052.jpg" /><br />\r\n</span>\r\n</p>\r\n<p style="text-align:center;">\r\n	<span style="color:#000000;font-size:14px;">4、图为县金融系统机关干部在栽植油茶树</span> \r\n</p>\r\n<p style="text-align:center;">\r\n	<span style="color:#000000;font-size:14px;"><br />\r\n</span>\r\n</p>\r\n<p style="text-align:center;">\r\n	<span style="color:#000000;font-size:14px;"><br />\r\n</span>\r\n</p>', ' 【本网讯 皮江星】 植树节来临之际，我县100多家部门单位2000余名干部职工，前往四庄乡上坪村开展义务植树活动，为“绿满通城”添新绿，当天上午共新栽油茶苗20000多株，绿化面积近1000余亩。 1、图为县委书记姜卫东(左)与县长来华雄(右)一道栽植油茶树 2、图为县委常委、宣传部', 63, 'B2B2C电商平台', '植树节，通城县，植树造林', 1426066710, 0, 0, 0);
INSERT INTO `cor_life_article` (`article_id`, `ac_id`, `article_url`, `article_show`, `article_sort`, `article_title`, `thumb`, `article_content`, `description`, `click`, `source`, `tag`, `article_time`, `is_head`, `is_best`, `is_hot`) VALUES
(95, 7, '', 1, 255, '下岗潮＋破产潮：2015国人面临改革开放后第三次命运大转折！', '04794118715777090_sm.jpg', '<p style="box-sizing:border-box !important;text-align:center;padding-bottom:0px;line-height:24px;background-color:#ffffff;margin-top:0px;min-height:1em;padding-left:0px;padding-right:0px;font-family:''Helvetica Neue'', Helvetica, ''Hiragino Sans GB'', ''Microsoft YaHei'', Î¢ÈíÑÅºÚ, Arial, sans-serif;max-width:100%;white-space:pre-wrap;margin-bottom:0px;color:#3e3e3e;clear:both;font-size:15px;padding-top:0px;">\r\n	<img alt="" src="/data/upload/shop/editor/20150311180158_69479.jpg" /> \r\n</p>\r\n<p>\r\n	<br />\r\n</p>\r\n<p>\r\n	<span style="color:#000000;font-size:16px;">　　【导语】 <span style="color:#009900;">国家统计局数据显示：2015年1月制造业PMI指数跌破荣枯线，跌至49.8，为最近28个月的最低点。越来越多的头牌外资企业开始加速撤离中国。中国面临着制造业倒闭潮和失业潮双面夹击的局面，中国人迎来改开后第三次命运大转折。</span></span> \r\n</p>\r\n<p>\r\n	<span style="color:#000000;font-size:16px;"><span style="color:#009900;"><br />\r\n</span></span>\r\n</p>\r\n<p>\r\n	<span style="color:#000000;font-size:16px;">　　1978年，劫后余生的中国人迎来了改革开放，小岗村和全国各地的农民们通过大包干改变了忍饥挨冻的命运;李克强、张艺谋、李东生等知识青年通过高考或者返城实现了人生的华丽变身。这一年被称作改革元年，中国人迎来了第一次命运大转折。</span> \r\n</p>\r\n<p>\r\n	<span style="color:#000000;font-size:16px;">　　1989年后，西方制裁加上苏东剧变，是继续改革开放还是退回到原点，改革力量与左派力量僵持不下。直到1992年邓小平发表南巡讲话，僵局才被打破，改革派占据上风，姓资姓社的问题被搁置一边。南巡讲话之后，世界五百强企业纷至沓来，南下“打工潮”汹涌澎湃，数千万草根阶层的命运由此发生改变。部分人从草根一跃成为亿万身家的老板，很多业务员或蓝领精英甚至可拿到10K以上的月薪。</span> \r\n</p>\r\n<p>\r\n	<span style="color:#000000;font-size:16px;">　　进入2015年，越来越多的头牌外资企业开始加速撤离中国。外资撤离除了撤走巨额投资，这些企业庞大的海外市场也一并带走，中国面临着制造业倒闭潮和失业潮双面夹击的局面，中国人迎来改开后第三次命运大转折。</span> \r\n</p>\r\n<p>\r\n	<span style="color:#000000;font-size:16px;"><br />\r\n</span>\r\n</p>\r\n<p>\r\n	<span style="color:#000000;font-size:16px;">　　<strong><span style="color:#009900;">今年计划撤离中国的头牌外企</span></strong></span> \r\n</p>\r\n<p>\r\n	<span style="color:#000000;font-size:16px;">　　2014年12月17日，微软宣布将在春节前关闭位于北京及东莞的诺基亚手机工厂。关闭中国工厂后，部分设备被转移到越南河内工厂。</span> \r\n</p>\r\n<p>\r\n	<span style="color:#000000;font-size:16px;">　　松下将把立式洗衣机和微波炉生产从中国转移至位于静冈县和神户市的工厂。</span> \r\n</p>\r\n<p>\r\n	<span style="color:#000000;font-size:16px;">　　夏普计划在栃木县矢板市工厂和大阪府八尾市工厂分别生产更多机型的液晶电视和冰箱，推进回迁。</span> \r\n</p>\r\n<p>\r\n	<span style="color:#000000;font-size:16px;">　　日本大金工业公司董事长井上礼之7日表示，计划进一步把投放日本国内市场的家用空调生产从中国迁回位于滋贺县的工厂。</span> \r\n</p>\r\n<p>\r\n	<span style="color:#000000;font-size:16px;">　　TDK预计也将把部分电子零部件的生产从中国转移至秋田县等地的工厂。</span> \r\n</p>\r\n<p>\r\n	<span style="color:#000000;font-size:16px;">　　此外，优衣库、耐克、富士康、船井电机、歌乐、三星等世界知名企业也纷纷在东南亚和印度开设新厂，加快了撤离中国的步伐。</span> \r\n</p>\r\n<p>\r\n	<span style="color:#000000;font-size:16px;"><br />\r\n</span>\r\n</p>\r\n<p>\r\n	<span style="color:#000000;font-size:16px;">　　<strong><span style="color:#009900;">外资企业集体跑路原因何在?</span></strong></span> \r\n</p>\r\n<p>\r\n	<span style="color:#000000;font-size:16px;">　　外资企业忍痛放弃在中国深耕多年的产业链，忍着解散员工需要支付巨额赔偿的痛苦，断然撤离中国，显然是事出有因。主要原因大致可归纳为如下几点：</span> \r\n</p>\r\n<p>\r\n	<span style="color:#000000;font-size:16px;">　　<span style="color:#4c33e5;">1、人工成本高涨，中国失去吸引外资的最大优势</span></span> \r\n</p>\r\n<p>\r\n	<span style="color:#000000;font-size:16px;">　　2001年产业工人工资五六百元，不仅低于东南亚国家，而且是欧美日等发达国家工人工资的1/20-1/30。现在工资普遍达到三、四千元，五险一金”更是占到工资总额的40%-50%，企业负担沉重。比如外企要养一名月薪10000的员工，实际上企业每个月需要为这名员工支付14628元。中国大陆不仅工资远高于东南亚，而且社保缴费是东南亚国家的4.6倍。</span> \r\n</p>\r\n<p>\r\n	<span style="color:#000000;font-size:16px;">　　<span style="color:#4c33e5;">2、老一代工人基础教育扎实，颇具忍耐与服从精神，新一代则迥然不同</span></span> \r\n</p>\r\n<p>\r\n	<span style="color:#000000;font-size:16px;">　　上世纪90年代，外资企业之所以抛弃东南亚而选择到中国投资，一个主要优势在于第一代农民工特别能吃苦耐劳，而且具备老板们非常看重的忍耐与服从精神。加上1980-1990年中国实行科教兴国战略，为社会培养出了一大批基础教育非常扎实的产业工人。而新一代的工人则迥然不同，不服从安排、不肯吃苦、好逸恶劳、容易冲动等特质已成为他们的新标签。近年来，年轻工人因为被主管批评几句便举刀相向的报道屡屡见诸报端。</span> \r\n</p>\r\n<p>\r\n	<span style="color:#000000;font-size:16px;">　　<span style="color:#4c33e5;">3、罢工等经营风险越来越大</span></span> \r\n</p>\r\n<p>\r\n	<span style="color:#000000;font-size:16px;">　　由于新一代产业工人注重维护自身权益，且多以自我为中心、好冲动，导致企业经营风险日益加大。</span> \r\n</p>\r\n<p>\r\n	<span style="color:#000000;font-size:16px;">　　2012年12月在广东汕头陈店一家制衣厂打工的26岁湖南青年刘某，因为被工厂老板押着3000元薪水要不回来，点燃了打工的厂房，导致14名无辜者死亡。</span> \r\n</p>\r\n<p>\r\n	<span style="color:#000000;font-size:16px;">　　2014年9月10日，东莞台资苹果代工厂万士达中秋不发月饼和奖金，导致数千工人举行罢工并堵塞公路的事件。</span> \r\n</p>\r\n<p>\r\n	<span style="color:#000000;font-size:16px;">　　2014年10月，印尼金东纸业800选纸工人因为未上调工资发生罢工事件，员工堵住厂门导致生产停工。直到资方被迫答应工人条件后，罢工事件才得以平息。</span> \r\n</p>\r\n<p>\r\n	<span style="color:#000000;font-size:16px;">　　<span style="color:#4c33e5;">4、地缘政治风险加大、政治风波不断</span></span> \r\n</p>\r\n<p>\r\n	<span style="color:#000000;font-size:16px;">　　随着中国的崛起，与周边国家的摩擦越来越剧烈。南海局势升温、钓鱼岛事件的发酵，导致国内政治风波不断。反日游行时打砸日车的行为令在华外资企业胆战心惊。万士达罢工工人甚至提出收复台湾等七点要求，数月之后台湾总公司胜华科技宣布大陆的三家大型工厂破产倒闭。</span> \r\n</p>\r\n<p>\r\n	<span style="color:#000000;font-size:16px;">　　<span style="color:#4c33e5;">5、纳税优惠政策取消，吸引力进一步缩减</span></span> \r\n</p>\r\n<p>\r\n	<span style="color:#000000;font-size:16px;">　　2007年出台的《企业所得税》法，外企税收从15%提升到25%，也是导致外资撤离的一个因素。</span> \r\n</p>\r\n<p>\r\n	<span style="color:#000000;font-size:16px;"><br />\r\n</span>\r\n</p>\r\n<p>\r\n	<span style="color:#000000;font-size:16px;">　　<strong><span style="color:#009900;">外资撤离对中国制造行业的影响究竟有多大?</span></strong></span> \r\n</p>\r\n<p>\r\n	<span style="color:#000000;font-size:16px;">　　上述知名外资企业的撤离对于那些为之提供配套产品或服务的中国制造业来说，无疑是釜底抽薪。一旦外资撤离，为这些企业提供包装印刷、电子电器、五金模具、化工产品等产品的制造企业将面临订单锐减和产能严重过剩的困境。</span> \r\n</p>\r\n<p>\r\n	<span style="color:#000000;font-size:16px;">　　外资撤走对中国制造业影响之大，可能超乎多数国人的想象。笔者还记得2002年参加日本索尼公司在深圳罗湖香格里拉大酒店举办的索尼绿色环保标准SS-00259推介大会，到场的供应商多达五百家，均是直接或间接为索尼产品供货的企业。品牌外资企业的影响范围之广，由此可见了一斑。</span> \r\n</p>\r\n<p>\r\n	<span style="color:#000000;font-size:16px;">　　严酷的事实也正在告诉我们，外资撤离的影响大到不可想象。2013年9月，高峰期多达7000人的包装印刷企业东莞快联达因为客户订单转移到东南亚，导致老板直接放弃工厂。2014年，中国最大的手袋厂之一理文手袋声称，由于公司订单被转移到菲律宾等东南亚国家，2014年公司利润剧减55%。微软宣布诺基亚春节前将关闭中国工厂，其供应商苏州闳晖科技也应声倒闭。</span> \r\n</p>\r\n<p>\r\n	<span style="color:#000000;font-size:16px;">　　经过二十年发展，当2008年中国取消外资优惠政策的时候，国内的内需市场已经繁荣起来，多多少少还有一些底气。但是经过房地产大跃进、政府印钞、铁公基投资和贫富分化等的扫荡，中国的内需市场已是疲态尽显。如果此时外资企业撤走，外需市场将大大受损，这对中国制造业来说，是无法承受的。</span> \r\n</p>\r\n<p>\r\n	<span style="color:#000000;font-size:16px;"><br />\r\n</span>\r\n</p>\r\n<p>\r\n	<span style="color:#000000;font-size:16px;">　　<strong><span style="color:#009900;">外资不在，失业潮的幽灵将在神州大地游荡。</span></strong></span> \r\n</p>\r\n<p>\r\n	<span style="color:#000000;font-size:16px;">　　2010年，时任国务院副总理张德江指出，中国有4500万人的就业机会来自外资企业。如果算上间接为这些外资企业提供配套的上下游企业，外资提供的就业机会数以亿计。</span> \r\n</p>\r\n<p>\r\n	<span style="color:#000000;font-size:16px;">　　2014年3樱达电器突然倒闭，1000多名员工失业。联建科技辉煌时有员工两万多人，倒闭时3000多名员工失业。万事达公司和联胜公司两家工厂倒闭造成7000人失业。诺基亚手机零部件供应商闳晖科技宣布关门停产，该公司数千名员工失业。</span> \r\n</p>\r\n<p>\r\n	<span style="color:#000000;font-size:16px;">　　近来，东莞市奥思睿德老板欠债1.35亿元跑路，400员工失业。东莞兆信通讯因资金链断裂倒闭，1000多名员工失业。诺基亚春节前关停东莞和北京工厂，届时又将有9000人失业。</span> \r\n</p>\r\n<p>\r\n	<span style="color:#000000;font-size:16px;">　　这些外资企业的关停或倒闭，间接造成的失业人数更是不可估量。以包装印刷业为例，东莞的快联达包装，2007年员工达到7000人，2013年9月突然倒闭时仅余1700名员工。中大印刷在高峰时期也高达6000人，到2014年1月发生罢工时，人数仅1200人。2013年罢工的港资深圳华彩印刷厂，2008年高达一万人，到罢工时仅余3000人。皖北最大的包装企业亨浩彩印倒闭致500多人失业，福建千帆纸业倒闭造成1000多人失业，上海力天倒闭至400人失业。</span> \r\n</p>\r\n<p>\r\n	<span style="color:#000000;font-size:16px;">　　外资撤离、外需崩塌;四座大山、内需不振，2015年的中国制造业，肯定要面临更大挑战。若放任倒闭潮、失业潮在神州大地肆虐，在住房、教育、医疗、养老四座大山的压迫下，很多中国人的命运将被改写。</span> \r\n</p>\r\n<p>\r\n	<span style="color:#000000;font-size:16px;"><br />\r\n</span>\r\n</p>\r\n<p>\r\n	<span style="color:#000000;font-size:16px;">　　<strong><span style="color:#009900;">这个冬天对中国制造业来说更加寒冷</span></strong></span> \r\n</p>\r\n<p>\r\n	<span style="color:#000000;font-size:16px;">　　也许有的读者会问，利润下降我懂，但PMI是什么意思?所谓PMI，是英文PurchasingManagers'' Index的缩写，翻译成中文是“采购经理指数”。这是衡量制造业或服务业，当前和今后一个时期运行状态的重要经济指标。我刚刚说的PMI，指的是制造业的。</span> \r\n</p>\r\n<p>\r\n	<span style="color:#000000;font-size:16px;">　　中国目前有两个制造业采购经理指数：一个被称为“官方指数”，由中国物流与采购联合会和国家统计局发布;一个被称为“汇丰指数”，由汇丰银行与英国研究公司Markit 集团编制发布。</span> \r\n</p>\r\n<p>\r\n	<span style="color:#000000;font-size:16px;">　　汇丰PMI和官方PMI走势差距比较大，一般来说官方数据比汇丰数据更好看一些。对此，新华社曾经解释说，官方PMI的企业样本中大企业、国企多，而汇丰PMI中小企业权重大。但这只是原因之一，另外一个重要的原因，应该是官方数据更“讲政治”。</span> \r\n</p>\r\n<p>\r\n	<span style="color:#000000;font-size:16px;">　　现在问题来了：一个偏重于大企业、国有企业的指数，一个讲政治的指数，都跌出了28个月新低，跌破了荣枯线，这只能说明制造业真的是到了非常困难的时候。</span> \r\n</p>\r\n<p>\r\n	<span style="color:#000000;font-size:16px;">　　众所周知，几年前中国制造业还非常NB，跨国公司纷纷将工厂迁移到中国，怎么转眼之间就“年老色衰”了呢?其实最大的祸根，是因为人民币对内贬值、对外升值。在这种背景下，表面上看工人工资不断上涨，但因为国内生活成本不断上升，工人生活水平并没有得到实质性提升。但以美元计价的中国劳动力成本，几乎在过去六七年翻番。由于缺乏知识产权保护、政府干预过多、税负偏重，“中国制造”转型升级缓慢，在国际产业链中的位置长期得不到提升，所以当你的劳动力成本上升后，产品就不再具有竞争力。</span> \r\n</p>\r\n<p>\r\n	<span style="color:#000000;font-size:16px;">　　那么，为什么国家坚持走人民币对内贬值、对外升值的道路?因为这样有利于维持人民币计价资产的泡沫，对房地产行业发展和加速城镇化有利。想想看，为什么过去10年中国人拼命买房子?因为房价涨得快，你买了就发财，不买就被洗牌，社会阶层就会下移。资产泡沫成为推动城镇化发展的最重要力量，地方政府在这个过程中可以获取大量土地收入，可以拉动GDP，官员们于公于私都获得了大丰收。</span> \r\n</p>\r\n<p>\r\n	<span style="color:#000000;font-size:16px;">　　但走到今天，资产泡沫的游戏越来越难以玩下去了。因为房子真的是过剩了，靠资产泡沫已经无法推动土地交易，让政府获取超额收益，也很难拉动GDP了。所以，利益的天平需要也必须向制造业倾斜了。</span> \r\n</p>\r\n<p>\r\n	<span style="color:#000000;font-size:16px;">　　但诡异的事情又出现了：为了让资金流入实业，但又不提高企业负债率，不增加银行风险，国家希望通过振兴股市来达到目标。但问题是，IPO注册制改革需要时间，至少还要半年才能实施，但股市已经被“打激素”搞活了。结果资金不仅没有进入实业，连制造业的资金都“倒流”进入股市投机，2013年到2014年的炒钱游戏，从信托、理财转移到了炒股上。制造业在最近一两个月，继续呈现失血的态势。</span> \r\n</p>\r\n<p>\r\n	<span style="color:#000000;font-size:16px;">　　未来怎么办?只有两个解决方案：第一，让人民币适度贬值，把高估的汇率降下来;第二，抓紧IPO注册制改革，尽快实施，而且是毫无保留的实施，如果还要保留“特色”，那只能再次把股市搞成一个“权贵嘉年华”。</span> \r\n</p>\r\n<p>\r\n	<span style="color:#000000;font-size:16px;">　　<strong><span style="color:#009900;">总之，制造业已经成为国运的重要标志。不振兴、搞活制造业，中国就不会真正有未来。</span></strong></span> \r\n</p>\r\n<p>\r\n	<span style="color:#000000;font-size:16px;"><strong><span style="color:#009900;">&nbsp; &nbsp; &nbsp; （</span></strong><span style="color:#000000;">文章源于网络）</span></span> \r\n</p>\r\n<p style="text-align:center;">\r\n	<span style="color:#000000;font-size:16px;"><strong><span style="color:#009900;"><br />\r\n</span></strong></span>\r\n</p>\r\n<p>\r\n	<br />\r\n</p>', ' 【导语】 国家统计局数据显示：2015年1月制造业PMI指数跌破荣枯线，跌至49.8，为最近28个月的最低点。越来越多的头牌外资企业开始加速撤离中国。中国面临着制造业倒闭潮和失业潮双面夹击的局面，中国人迎来改开后第三次命运大转折。 1978年，劫后余生的中国人迎来了改革开放，小岗', 397, 'B2B2C电商平台', '下岗，改革，破产', 1426068228, 1, 1, 0),
(96, 10, '', 1, 255, '《名人足迹留通城》之二  蚩尤迹遗陈家洲', '04794726762717621_sm.jpg', '<p>\r\n	<span style="color:#000000;font-size:16px;">　　蚩尤是上古时代九黎族部落酋长，中国神话中的战神。传说蚩尤有八只脚，三头六臂，铜头铁额，刀枪不入;善于使用刀、斧、戈作战，不死不休，勇猛无比;曾与炎帝大战，后把炎帝打败，于是炎帝与黄帝一起联合起来战蚩尤。蚩尤率八十一个兄弟举兵与黄帝争天下，在涿鹿展开激战。 黄帝不能力敌，请天神助其破之，杀得天昏地暗，血流成河。蚩尤被黄帝所杀，帝斩其首葬之，首级化为血枫林。 但他勇猛的形象仍然让人畏惧，黄帝把他的形象画在军旗上，用来鼓励自己的军队勇敢作战，诸侯见蚩尤像不战而降。</span> \r\n</p>\r\n<div style="text-align:center;">\r\n	<img alt="" src="http://www.infol.com.cn/data/upload/circle/theme/10/0/50/04794637268050940.png" width="268" height="319" /> \r\n</div>\r\n<p>\r\n	<span style="color:#000000;font-size:16px;">　　九黎族部落在远古时代和“三苗”、“南蛮”有着密切的一脉相承的关系，在我国长江中下游和黄河下游一带， 经过世世代代的生息繁衍 ，借助优越的地理条件，不断地辛勤开拓，使生产力不断提高，社会经济不断发展，一跃而成为雄踞东方的强大部落，并且最早进入中原。地处长江中游南岸的幕阜山区通城县，正是九黎、三苗、南蛮的区域。《史记•吴起列传》就有记：“昔三苗之居，左洞庭，右彭蠡”，洞庭即今日洞庭湖，彭蠡即今鄱阳湖，而这正是湘鄂赣三省边陲的幕阜山区通城的范围。</span> \r\n</p>\r\n<div style="text-align:center;">\r\n	<img alt="" src="http://www.infol.com.cn/data/upload/circle/theme/10/0/50/04794638204589288.jpg" width="420" height="330" /> \r\n</div>\r\n<p>\r\n	<span style="color:#000000;font-size:16px;">　　在幕阜山区通城的黄龙山的北面铁门栈峡谷下，现在还有一个叫陈家洲的村子，有一壮观的滚石阵景观，显示出远古九黎蚩尤部落的战争活动遗迹。发源于黄龙山北麓的河水流出山中峡谷后，流入地势平缓的陈家洲，在绵延五六里的河床和田野里，散布着无数的石头，圆圆滚滚，大的比磨盘还大，小的也有脸盆那般。这样蔚为壮观的石头阵，它的来历颇令人困惑。若说是水流的冲击造成的话，理应是一些细小的圆形卵石。若说是山上的大石被水流冲落下来而成，那也应是偶尔少数几块，不可能这样绵延数里。 这里的石头阵是怎样形成的呢?</span><span style="line-height:1.5;font-size:16px;"></span> \r\n</p>\r\n<p style="text-align:center;">\r\n	<span style="line-height:1.5;font-size:16px;"><img alt="" src="http://www.infol.com.cn/data/upload/circle/theme/10/0/50/04794638306945935.jpg" width="400" height="285" /><br />\r\n</span>\r\n</p>\r\n<p>\r\n	<span style="color:#000000;font-size:16px;">　　人们为解开这个谜而产生了传说，一个叫陈洞泉的得道道人，想在黄龙山北麓的铁门栈峡谷堵住河水建一座湖，于是使出法术，在山北将石头变成一只只肥猪，往铁门栈赶。观音菩萨知道此事后，变成村妇，提一只竹篮，见陈洞泉赶着一群猪来，便用竹篮提起满篮的水。陈见了感到奇怪，问：“大嫂，你的竹篮怎么能提水呢? ”一语道破天机，观音菩萨手中竹篮里的水全漏光了。观音笑着说：“我的竹篮不能盛水，你的石头又怎么能变成猪赶呢? ”话音刚落，那群猪便变成满河的圆石头。传说当然不可信， 近来有人考据上古时期历史，黄龙山是蚩尤的九黎部落属地，黄帝和蚩尤两部落争战时，曾在此展开过战斗。蚩尤部落凭着黄龙山的天险，备足了滚石、擂木等武器，使黄帝部落进入到陈家洲一带的兵马无法逾越黄龙山北麓的铁门栈峡谷。黄帝部落冲上去的人马，被驻守在山上的蚩尤部用无数的滚石和擂木击成肉泥，鲜血染红了峡谷里的河水，至今该铁门栈峡谷附近还有一个村子，叫红源村。而陈家洲这绵延数里满河床的圆形石阵，可能是战争使用的滚石。滚石又称擂石，是古代的一种球形攻击武器，堆放在城墙和要隘之处，敌人进攻时从上滚下打击之。陈家洲正好处于铁门栈的下面，圆形石头的大小，做为武器来看正适中。根据历史推测，这滚石阵极可能是上古时期蚩尤九黎部落和黄帝部落战争的遗物。</span> \r\n</p>\r\n<p>\r\n	<span style="color:#000000;font-size:16px;">　　注：《永恒的星光----名人足迹留通城》之二 蚩尤迹遗陈家洲 作者 黎育林 团结出版社出版 定价35元</span> \r\n</p>\r\n<br />', ' 蚩尤是上古时代九黎族部落酋长，中国神话中的战神。传说蚩尤有八只脚，三头六臂，铜头铁额，刀枪不入;善于使用刀、斧、戈作战，不死不休，勇猛无比;曾与炎帝大战，后把炎帝打败，于是炎帝与黄帝一起联合起来战蚩尤。蚩尤率八十一个兄弟举兵与黄帝争天下，在涿鹿展开激战。 黄帝不能力敌，请', 91, 'B2B2C电商平台  黎育林', '通城，通城名人，蚩尤，陈家湾', 1426127993, 0, 1, 0),
(97, 10, '', 1, 255, '通城有你不知道的传说：大禹降龙铁柱港', '04794726492415040_sm.jpg', '<p>\r\n	<span style="color:#000000;font-size:16px;">　　通城县隽水镇辖地有一条叫铁柱港的河流，通城与崇阳以此为界，河的南岸，以河得名铁柱村。却说很久以前，铁柱港河清澈深遂，人们赖此航运捕鱼，过着美满幸福的生活。河边有一聂姓人家，生有一子，名龙。这聂龙自小爱在河中戏嬉。</span> \r\n</p>\r\n<div style="text-align:center;">\r\n	<img alt="" src="http://www.infol.com.cn/data/upload/circle/theme/9/9/49/04794673313491695.jpg" width="344" height="220" /> \r\n</div>\r\n<p>\r\n	<span style="color:#000000;font-size:16px;">　　六月的一天，娇阳似火，聂龙正与村里的孩子在河中玩水，忽然雷声隆隆电光闪闪，河上游大水滚滚而下，同村的孩子知道这俗声“干大水”的厉害，慌忙爬上崖边，但聂龙却遨游水中，无所畏惧。这时，河中一个大而圆的水泡，带着闪闪红光向聂龙漂来。聂龙刚好潜泳完，伸出头换气，一口将大水泡吞下。心里感到一些不快，便爬上岸来。同村的小伙伴，见聂龙如此大胆，敢在滔天大水之中游泳，大加称赞。聂龙便说：“这河水算得了什么?我要是一条龙就要把崇阳变成海，通城变成滩，在大海里游水那才有味呢?”却说聂龙自吞下河中的大水泡后，身体发生了极大的变化，头上逐渐伸出两只角，身上长出一身龙鳞。原来聂龙在河中吞下的是一颗龙丹。这聂龙自身体发生变化后，便白天黑夜离不开水，每在水中游一次，河水便向崇阳方向泛滥一次，河的宽度与日俱增，崇阳民众苦不堪言。</span> \r\n</p>\r\n<div style="text-align:center;">\r\n	<img alt="" src="http://www.infol.com.cn/data/upload/circle/theme/9/9/49/04794673325165277.jpg" width="599" height="234" /> \r\n</div>\r\n<p>\r\n	<span style="color:#000000;font-size:16px;">　　一日，大禹治水途经此地，见河北岸崇阳老百姓正纷纷携妻带子游离他乡。知为聂龙作怪，有心为民除害，制服聂龙。这聂龙正自得意之时，不知两岸人民对他恨之入骨，背地里均称他为“孽龙”。一日，又值山洪大发，河水猛涨，这“孽龙”跳入河中笑曰：“崇阳变成大海，通城变成河滩之日到矣。”正待使出浑身解数兴风作浪之时，忽闻天空一声大喝：“聂龙，上苍本意让你化作善龙，治理水犯，保一方之安宁，你却违旨作恶，该当何罪!”“孽龙”举头望去，见大禹站在山顶，便迫不及待作法施为。大禹见此情，便将一铁棒抛向聂龙，将其锁入地下，铁柱港的旁边涌出了一股清泉。恶龙即除，两岸人民又过上了幸福美满的生活。为了感谢大禹除恶大恩，人们将铁柱镇恶龙的地方改名叫铁柱港。如今镇龙铁柱已化作铁柱山耸立河边，但清泉尚存，世代哺育着两岸人们。</span> \r\n</p>\r\n<p style="text-align:center;">\r\n	<span style="color:#000000;font-size:16px;"><br />\r\n</span>\r\n</p>', ' 通城县隽水镇辖地有一条叫铁柱港的河流，通城与崇阳以此为界，河的南岸，以河得名铁柱村。却说很久以前，铁柱港河清澈深遂，人们赖此航运捕鱼，过着美满幸福的生活。河边有一聂姓人家，生有一子，名龙。这聂龙自小爱在河中戏嬉。 六月的一天，娇阳似火，聂龙正与村里的孩子在河中玩水，忽然雷', 167, 'B2B2C电商平台  宇先生', '通城，铁柱港，大禹', 1426128589, 0, 0, 0),
(98, 3, '', 1, 255, '一生悬壶济世，祖传秘方治愈血管瘤却分文不取！为通城赤脚医生转起！', '04794870366403547_sm.jpg', '<p style="text-align:center;">\r\n	<span style="color:#000000;font-size:16px;"><img alt="" src="/data/upload/shop/editor/20150312144428_40011.jpg" /><br />\r\n</span>\r\n</p>\r\n<p>\r\n	<span style="color:#000000;font-size:16px;">　　</span><span style="line-height:24px;color:#000000;font-size:16px;">【本网讯 &nbsp;</span><span style="line-height:24px;color:#000000;font-size:16px;">程慧</span><span style="line-height:24px;color:#000000;font-size:16px;">】 &nbsp;</span><span style="color:#000000;font-size:16px;">承父亲遗志，他悬壶济世，救死扶伤，常常分文不取；面对洪魔，他毫无惧色，跳入湍急的洪水，救起处于险境的孕妇；扶贫助弱，他把困难老人当做自己的亲人，嘘寒问暖，时常送吃送穿。</span> \r\n</p>\r\n<p>\r\n	<span style="color:#000000;font-size:16px;">　　<strong><span style="color:#4c33e5;">他就是通城县商务局退休干部徐大洲，一位当地颇有名气的“赤脚医生”。</span></strong></span> \r\n</p>\r\n<p>\r\n	<span style="color:#000000;font-size:16px;">　　“我治病救人不以盈利为目的，只是想真心实意为老百姓做点事。”9日进行的采访中，徐大洲的一句话给记者留下了深刻的印象。</span> \r\n</p>\r\n<p>\r\n	<span style="color:#000000;font-size:16px;">　　2004年，武汉市民杜女士出生不久的女儿不幸患上血管瘤，虽寻遍各大医院，但均无法治好。万般无奈之下，杜女士向媒体求助，寻民间医术治疗。</span> \r\n</p>\r\n<p>\r\n	<span style="color:#000000;font-size:16px;">　　从报纸上了解到这一情况后，徐大洲迅速与杜女士取得联系，当即表示愿意用祖传药方，全程免费为孩子治病。</span> \r\n</p>\r\n<p>\r\n	<span style="color:#000000;font-size:16px;">　　“中草药要保证好的疗效，其配制所需的每一味药材都必须新鲜。”徐大洲介绍，在给孩子治疗的四年时间里，只要孩子的药吃完了，他就会独自一人到深山密林里采集药材，然后制成药膏，托客车司机带往武汉。</span> \r\n</p>\r\n<p>\r\n	<span style="color:#000000;font-size:16px;">　　2008年，在徐大洲的精心治疗下，孩子额头上的血管瘤彻底消失了，患处也没有留下任何疤痕。杜女士十分感动，提出要付治疗款并给予额外的感谢，但徐大洲坚决不收。</span> \r\n</p>\r\n<p>\r\n	<span style="color:#000000;font-size:16px;">　　2011年6月，通城遭遇百年一遇的洪灾。由于徐大洲所居住的轻工业局宿舍地势低洼，肆虐的洪水很快漫过一楼，达到4米多深，而且水势越来越大。</span> \r\n</p>\r\n<p>\r\n	<span style="color:#000000;font-size:16px;">　　当时，一楼一名快临产的孕妇正绝望无助地趴在窗户上，徐大洲见状，立即跳入水中，安全地把孕妇送到了对面二楼;考虑到宿舍附近居住的老人较多，徐大洲再次下水，救起药店里的两位老人，并送至安全地带。</span> \r\n</p>\r\n<p>\r\n	<span style="color:#000000;font-size:16px;">　　徐大洲还有扶贫助弱的习惯。</span> \r\n</p>\r\n<p>\r\n	<span style="color:#000000;font-size:16px;">　　几年前，徐大洲得知马港镇一位80多岁的独居老人，因为双目失明，无亲无靠，生活极其困难，他立即前往探望，此后，他坚持看望老人多年，每次都要带上吃的用的;镇里还有一位59岁的聋哑人，至今仍单身一人，徐大洲为了与其谈心交流，还专门学会了哑语。</span> \r\n</p>\r\n<p>\r\n	<span style="color:#000000;font-size:16px;">　　“我是一名老党员，当老百姓遇到困难的时候，我做些力所能及的事情是应该的。”秉持一颗无私的医者仁心，多年来，徐大洲以精湛的医术和高尚的品德，被群众广为称颂。</span> \r\n</p>\r\n<p>\r\n	<span style="color:#000000;font-size:16px;"><span style="color:#e56600;font-size:16px;"><strong>　　时至今日，悬壶济世、救死扶伤却分文不取，说实在的，真的不多了。</strong></span> </span>\r\n</p>\r\n<p>\r\n	<span style="color:#e56600;font-size:16px;"><strong>　　朋友们，让我们为咱通城的徐医生默默转起!</strong></span><span style="line-height:1.5;color:#e56600;font-size:16px;"><strong></strong></span> \r\n</p>\r\n<p style="text-align:center;">\r\n	<br />\r\n</p>', ' 【本网讯 程慧 】 承父亲遗志，他悬壶济世，救死扶伤，常常分文不取；面对洪魔，他毫无惧色，跳入湍急的洪水，救起处于险境的孕妇；扶贫助弱，他把困难老人当做自己的亲人，嘘寒问暖，时常送吃送穿。 他就是通城县商务局退休干部徐大洲，一位当地颇有名气的“赤脚医生”。 “我治病救人不以盈利', 134, 'B2B2C电商平台', '通城，医生，徐大洲', 1426128929, 1, 1, 0),
(99, 7, '', 1, 255, '通城建设文化“八大工程”', '04794731284099992_sm.jpg', '<p style="text-align:center;">\r\n	<span style="color:#000000;font-size:16px;"><img alt="" src="/data/upload/shop/editor/20150312105654_81655.jpg" /><br />\r\n</span>\r\n</p>\r\n<p>\r\n	<span style="color:#000000;font-size:16px;">　　【本网讯 &nbsp;皮将星 卢华】 &nbsp;“让拍打舞舞出瑶韵，让提琴戏唱出楚风，让楚天瓷都焕发新彩……”3月2日，通城县召开宣传思想文化工作会议，着力推进“八大工程”建设。</span> \r\n</p>\r\n<p>\r\n	<span style="color:#000000;font-size:16px;">　　今年，该县将突出建思想、固阵地、强文化、增活力四大工作重点，着力推进“八大工程”。即抓好社会主义核心价值观的践行工程，全面完成文化“五个一”工程，抓好以“八百壮士”为重点的纪念抗战胜利70周年系列活动宣教工程，继续推进农村精神文明建设“一五一十”工程，实施广播“村村响”覆盖工程，推进公共文化设施建设工程，开展文明城市创建工程，开展全民创建、全民创业、全民健身、全民守法的主题实践工程。</span> \r\n</p>\r\n<p>\r\n	<span style="color:#000000;font-size:16px;">　　据悉，今年该县将进一步挖掘历史文化资源，重点策划纪念“八百壮士”和纪念抗日战争暨世界反法西斯战争胜利70周年系列活动。同时，广泛开展“四城同创”活动，逐步推进“五馆一宫”等文化重点项目工程建设。</span> \r\n</p>\r\n<p style="text-align:center;">\r\n	<span style="color:#000000;font-size:16px;"><img alt="" src="/data/upload/shop/editor/20150312105717_69680.jpg" /><br />\r\n</span>\r\n</p>\r\n<p style="text-align:center;">\r\n	<span style="color:#000000;font-size:16px;"><br />\r\n</span>\r\n</p>', ' 【本网讯 皮将星 卢华】 “让拍打舞舞出瑶韵，让提琴戏唱出楚风，让楚天瓷都焕发新彩……”3月2日，通城县召开宣传思想文化工作会议，着力推进“八大工程”建设。 今年，该县将突出建思想、固阵地、强文化、增活力四大工作重点，着力推进“八大工程”。即抓好社会主义核心价值观的', 58, 'B2B2C电商平台', '通城，文化建设，拍打舞，八百壮士', 1426129194, 0, 0, 0),
(100, 5, '', 1, 255, '信不信由你：社区O2O最后赢家定是平台', '04795044036349305_sm.jpg', '<p style="text-align:center;">\r\n	<span style="color:#000000;font-size:16px;"><img alt="" src="/data/upload/shop/editor/20150312194032_25919.jpg" width="600" height="355" /><br />\r\n</span>\r\n</p>\r\n<p>\r\n	<span style="color:#000000;font-size:16px;">　　【编者按】：以垂直为创业切入点可以，但为避免增长瓶颈，向平台转型是必由之路。同时，提供一站式服务，也能更好地满足用户需求。所以，在社区O2O领域，最后的赢家一定是平台而不是垂直的企业。可以想象得到，这样的标题一出来肯定会遭到很多人的反对，特别是某些VC投资人的反对，当然还有已经拿到投资的垂直类项目创业者的反对。原因嘛，从O2O的热潮开始到现在，得到媒体渲染的、得到投资人追捧的O2O创业项目几乎都是某个细分领域的：</span> \r\n</p>\r\n<p>\r\n	<span style="color:#000000;font-size:16px;">　　干家政服务的、上门洗衣的、上门按摩的、上门美甲的、上门洗车的……说到O2O几乎所有的人都认为，干O2O必须瞄准一个行业干，否则，就是非主流，就是逆势而动，霎那间，“非垂直，不O2O”成为创业者的信仰，好像定位平台的O2O创业项目肯定就是Facebook(非死不可)!</span> \r\n</p>\r\n<p>\r\n	<span style="color:#000000;font-size:16px;">　　看着当下这种“众口一词”的创业追风现象，不免很自然的联想起几年前团购大战时候的情景：在当时全民团购的热潮之下，几乎所有的团购网站创业者和投资人都无一例外的认为，团购网站的扩张速度是第一重要的，拼用户量是团购的唯一出路、没有之一，其他的事情和扩张速度比起来都是多余的，都是不值一谈的，所以，疯狂圈地的各种离奇故事层出不穷，每天都在上演，当时最最风光的当属窝窝和拉手了，投资人热捧、媒体热炒、创业者到处狂喷，而现在主宰团购天下的三大霸主——美团、大众点评和糯米在当时的团购阵营当中根本不是主角，没有多少人关注，更不是大家顶礼膜拜的明星;再看看几年狂野之后的团购市场的现状，很多人只能呵呵了。</span> \r\n</p>\r\n<p>\r\n	<span style="color:#000000;font-size:16px;">　　创业不是演戏，观众掌声多就证明你的水平高;创业更不是票选，投你票的人多你就一定赢。<strong>无数的事实证明：商业创业的成功永远是少数人征服多数人的过程、永远是长远价值战胜眼前利益的结果，而不是相反!</strong></span> \r\n</p>\r\n<p>\r\n	<span style="color:#000000;font-size:16px;">　　作为一个社区O2O领域的创业者，结合易百事的实践和个人观察，笔者认为，很多投身社区O2O的创业者可能没有认真想、更没有想明白一件事情：</span> \r\n</p>\r\n<p>\r\n	<span style="color:#000000;font-size:16px;">　　<strong><span style="color:#009900;">社区O2O是一场战斗还是战争?垂直到底是战术还是战略?</span></strong></span> \r\n</p>\r\n<p>\r\n	<span style="color:#000000;font-size:16px;">　　依据本人的看法，在社区O2O领域，垂直只能是一个创业项目的切入点，是一种起步阶段的战术手段，绝对不能成为创业项目的战略定位和目标，否则，很快就会遇到增长的瓶颈，尤其是当你从垂直转型平台的时候(这是最终的归宿，你迟早会同意的)，遇到的竞争者都是平台类的对手，所以，最后的赢家一定是平台而不是垂直的企业。</span> \r\n</p>\r\n<p>\r\n	<span style="color:#000000;font-size:16px;">　　<strong><span style="color:#009900;">平台更符合人性</span></strong></span> \r\n</p>\r\n<p>\r\n	<span style="color:#000000;font-size:16px;">　　<strong>“找准风口顺势而为”是移动互联网创业成功的不二法则。</strong>什么是风口?资本市场有风口，但特性是阵风，来去都快，踩到点上猪也能飞起来，赶不上节拍老虎狮子也只能落得猪的下场。现在资本的风口很多，风力也很大，所以追风者无数;资本的风口往往是“人造”的，真正的风口在用户市场，最大的风口是消费趋势的把握，是需求释放时机的捕作。</span> \r\n</p>\r\n<p>\r\n	<span style="color:#000000;font-size:16px;">　　<strong>便宜、方便和刺激是永恒的消费价值，生活方式的完善是消费市场风口的挖掘机。</strong></span> \r\n</p>\r\n<p>\r\n	<span style="color:#000000;font-size:16px;">　　便宜、方便、刺激这三种独立的消费价值可以演化出万千需求表现。每一个独立价值的满足造就系列性的垂直市场机会，发现这些机会不难，运营成本也不高，成长速度更快;但比较而言，一个顾客的多样需求同时得到满足更符合人性，更符合顾客的长远利益诉求。</span> \r\n</p>\r\n<p>\r\n	<span style="color:#000000;font-size:16px;">　　比如，面对现在层出不穷的上门服务，你如何想象这样的场景：一个用户在家里想洗衣服叫人上门收衣服或送衣服、然后再换个APP下单找个阿姨来搞卫生、不想做饭再通过饿了么叫个外卖、吃着吃着再叫个鸭子……如果你是个正常人，有机会试一下就知道这种体验的答案了，你一定会说，一站式服务才符合人性。</span> \r\n</p>\r\n<p>\r\n	<span style="color:#000000;font-size:16px;">　　再比如还是上门服务，送货上门已经产生二大隐忧：一个是扰民的问题，另一个是顾客体验问题。国外有人做过这样的研究：一个家庭一天中被外部打扰的极限是3次，如果超过3次，就会产生莫名的不安情绪，就会担心家中隐私、家庭气氛等都会受到威胁。另外，配送是要成本的，包括人力成本和用户等待的时间成本。送货之外再增加送人上门服务，在频次上肯定会增加，用户的成本支出就会水长船高，不管羊毛出在谁身上，这种成本总要有人承担的，这使很多垂直创业者陷入选择的窘境，所以，我们发现垂直项目自营配送是很难持续的，<strong>整合配送及增加自提是未来最靠谱的解决方案，</strong>很多电商业巨头都已经发现这个问题，顺丰就是因此而提前在社区进行战略布局，嘿客店就承担着这样的未来使命。</span> \r\n</p>\r\n<p>\r\n	<span style="color:#000000;font-size:16px;">　　<strong><span style="color:#009900;">垂直的归宿是平台</span></strong></span> \r\n</p>\r\n<p>\r\n	<span style="color:#000000;font-size:16px;">　　垂直切入是为了快速聚焦一类人群进行市场开发，低价几乎是垂直项目必须的获客手段。通常的逻辑是通过低价产生的便宜感吸引用户体验，体验产生口碑，口碑带来信任，信任产生连带消费(就是开始跨界转型平台了)，连带消费产生盈利。可是要知道的是，你是这么想的、他是这么想的、地球人都是这么想的，包括普通的用户都知道这种游戏了，导致的结果是谁家便宜去谁家，“价格没有最低只有更低”，烧钱成了普遍现象，这样问题就来了：不低价没用户规模、没用户规模VC不给钱、融不到钱就没钱可烧，然后……结论已经摆在那里了：垂直项目跨界才可能盈利、盈利才能生存，归宿必定是平台。</span> \r\n</p>\r\n<p>\r\n	<span style="color:#000000;font-size:16px;">　　<strong>一切商业活动的本质是建立信任。</strong>中国人的信任往往与高大上联系在一起，就是说，你的企业越有背景、越有名气、规模越大就越容易获得信任，这对于一个定位于细分领域的垂直项目而言，要通过跨界转向平台是个高难度动作，掌握不好烧钱节奏的下场，你懂的。</span> \r\n</p>\r\n<p>\r\n	<span style="color:#000000;font-size:16px;">　　移动互联网时代，高频项目打败低频项目已经得到一定程度的验证，也已经成为大家的共识，所以，外卖、打车都在血拼，拼的不是现在，拼的是未来，拼死争夺的是成为平台企业的位置，一旦通过高频项目切入建立阵地，就可以轻松横扫低频项目。所以，现在烧多少钱他们都无所谓，因为他们未来都很值钱，因为他们的终极目标不是垂直是平台，因为他们都有成为平台的高频基因，因为他们确信：要么成为平台，要么在平台里活着，没有第三种可能。</span> \r\n</p>\r\n<p style="text-align:center;">\r\n	<span style="color:#000000;font-size:16px;"><br />\r\n</span>\r\n</p>', ' 【编者按】：以垂直为创业切入点可以，但为避免增长瓶颈，向平台转型是必由之路。同时，提供一站式服务，也能更好地满足用户需求。所以，在社区O2O领域，最后的赢家一定是平台而不是垂直的企业。可以想象得到，这样的标题一出来肯定会遭到很多人的反对，特别是某些VC投资人的反对，当然还有', 40, 'B2B2C电商平台', '020，社区，平台', 1426160476, 1, 1, 0);
INSERT INTO `cor_life_article` (`article_id`, `ac_id`, `article_url`, `article_show`, `article_sort`, `article_title`, `thumb`, `article_content`, `description`, `click`, `source`, `tag`, `article_time`, `is_head`, `is_best`, `is_hot`) VALUES
(101, 5, '', 1, 255, '2015年O2O转型落地的六个核心趋势', '04795052392334644_sm.jpg', '<p style="text-align:center;">\r\n	<span style="color:#000000;font-size:16px;"><span style="line-height:1.5;"><img alt="" src="/data/upload/shop/editor/20150312195422_76228.jpg" /><br />\r\n</span></span>\r\n</p>\r\n<p>\r\n	<span style="color:#000000;font-size:16px;"><span style="line-height:1.5;">　　2015年将会是O2O转型落地的核心一年，O2O转型落地的六大核心趋势会是什么?核心之一：</span><strong><span style="line-height:1.5;color:#4c33e5;">定位</span></strong><span style="line-height:1.5;">;核心之二：</span><strong><span style="line-height:1.5;color:#4c33e5;">重构价值链</span></strong><span style="line-height:1.5;">;核心之三：</span><strong><span style="line-height:1.5;color:#4c33e5;">建立入口</span></strong><span style="line-height:1.5;">;核心之四：</span><strong><span style="line-height:1.5;color:#4c33e5;">构建场景</span></strong><span style="line-height:1.5;">;核心之五：</span><strong><span style="line-height:1.5;color:#4c33e5;">跨屏互动</span></strong><span style="line-height:1.5;">;核心之六：</span><strong><span style="line-height:1.5;color:#4c33e5;">指数</span></strong><span style="line-height:1.5;">。</span></span> \r\n</p>\r\n<p>\r\n	<span style="line-height:1.5;color:#000000;font-size:16px;">　　终于从春节模式中完全脱离出来，但很多人还在用微信的拜年红包来代替传统的利是红包，相信人们已经被春晚摇一摇抢红包和春节期间拉群抢红包给完全改变行为习惯了，毕竟数字太恐怖了：央视春晚的微信红包收发总量达到10.1亿次，摇一摇互动总量达到110亿次，22:30开始的互动峰值达到8.1亿次/分钟。这个数字让每一个合作伙伴和竞争对手都感觉震撼!</span> \r\n</p>\r\n<p>\r\n	<span style="line-height:1.5;color:#000000;font-size:16px;">　　昨天有扫一扫二维码，今天摇一摇抢红包，明天可能会有碰一碰有惊喜，微信的品牌公众号与摇一摇的结合，而企业APP和NFC标签、iBeacon等与碰一碰的结合，这些都可以成为用户入口。2015年会是O2O转型落地的核心一年，我们就从春晚摇一摇来看一下O2O转型的核心趋势会是什么?</span> \r\n</p>\r\n<p>\r\n	<span style="color:#000000;font-size:16px;"><span style="line-height:1.5;">　　</span><strong><span style="line-height:1.5;color:#4c33e5;">核心之一是定位</span></strong></span> \r\n</p>\r\n<p>\r\n	<span style="line-height:1.5;color:#000000;font-size:16px;">　　企业必须清晰的进行商业定位，你要做的是什么?你的用户是谁?微信春晚的摇一摇红包具有特别意义，针对家庭用户，尤其是已经是重度用户的年轻人来影响还是潜在用户的中老年人，甚至是一二线工作的年轻人回到四五线家乡的社交影响延伸。它实际上是在加强以亲情为主的强关系，并通过用户的强关系来进行拉新。所以，春晚摇一摇的核心不是只因为央视春晚，还因为家庭亲情的强关系拉新，尤其是上传全家福的参与度很高，40分钟上传了近4000万张全家福，这是典型的家庭亲情定位。你有没有摇一摇的时候，教会父母也来摇一摇抢红包呢?</span> \r\n</p>\r\n<p>\r\n	<span style="color:#000000;font-size:16px;"><span style="line-height:1.5;">　　</span><strong><span style="line-height:1.5;color:#4c33e5;">核心之二是重构价值链</span></strong></span> \r\n</p>\r\n<p>\r\n	<span style="line-height:1.5;color:#000000;font-size:16px;">　　没有重构价值链的层次和流向的O2O是没有任何意义的，比如传统企业增加了一个基于原有分销模式的电子商务平台，那只能算是O+O。必须重构或者缩短价值链才有价值，而春晚摇一摇实现了一个数字传播的新模式，即消费者通过一个全渠道数字传播平台(微信屏幕+央视屏幕+摇一摇动作)直接连接到品牌(品牌公众号的微信红包)，用户与品牌的连接平台代替了原来复杂的传统媒体、广告制作、投放、转化等复杂的链条。</span> \r\n</p>\r\n<p>\r\n	<span style="color:#000000;font-size:16px;"><span style="line-height:1.5;">　　</span><strong><span style="line-height:1.5;color:#4c33e5;">核心之三是建立入口</span></strong></span> \r\n</p>\r\n<p>\r\n	<span style="line-height:1.5;color:#000000;font-size:16px;">　　摇一摇本来是很low的找人的一个动作功能，因为这一次的春晚摇一摇抢红包，将这个动作重构成为一个用户主动触发的入口，类似iBeacon、NFC等，摇一摇可以摇人、摇音乐、摇红包、要电视节目，那么当摇一摇接口如果开放的话，摇一摇这个入口与企业公众号或者移动APP的结合又可以设计很多好玩的模式。这个时代，基本上要宣告流量已死的趋势，而带来的是入口就是一切!</span> \r\n</p>\r\n<p>\r\n	<span style="color:#000000;font-size:16px;"><span style="line-height:1.5;">　　</span><strong><span style="line-height:1.5;color:#4c33e5;">核心之四是构建场景</span></strong></span> \r\n</p>\r\n<p>\r\n	<span style="line-height:1.5;color:#000000;font-size:16px;">　　O2O的核心是体验，体验的基础是场景，场景是驱动用户或者用户主导的关键，它通过虚拟体验和现实体验的结合，实现虚实融合的体验。春节大年夜拜年给压岁钱，这是一个典型的传统场景，而春晚摇一摇有效的重新设计了红包场景，通过春晚拜年和跨屏互动，在传统行为习惯的基础上进行全民抢红包，这时候金额已经不重要，关键在于全家一起抢红包的应用场景。而且除了摇一摇抢红包之外，还包括了其它互动方式：明星拜年、上传全家福、好友红包拜年、好友贺卡拜年、小视频、彩蛋红包、彩蛋页面、实时节目单等，这些互动方式有效构成了春晚的虚拟场景。</span> \r\n</p>\r\n<p>\r\n	<span style="color:#000000;font-size:16px;"><span style="line-height:1.5;">　　</span><strong><span style="line-height:1.5;color:#4c33e5;">核心之五是跨屏互动</span></strong></span> \r\n</p>\r\n<p>\r\n	<span style="line-height:1.5;color:#000000;font-size:16px;">　　O2O会以智能手机的屏幕为核心中枢，进一步与电视屏幕、Pad屏幕、场内互动屏、广告滚动屏、收银机双屏等进行跨屏互动，实现O2O场景的输入和输出，并通过跨屏切换实现多场景驱动。比如春晚摇一摇，通过电视屏的提示，用户开始要手机屏幕看有没有抢到红包，然后继续关注电视屏的数据和提示，再进一步摇一摇，抢到了还可以在手机屏幕上再次发放给微信好友的手机屏幕上。</span> \r\n</p>\r\n<p>\r\n	<span style="color:#000000;font-size:16px;"><span style="line-height:1.5;">　　</span><strong><span style="line-height:1.5;color:#4c33e5;">核心之六是指数</span></strong></span> \r\n</p>\r\n<p>\r\n	<span style="line-height:1.5;color:#000000;font-size:16px;">　　摇一摇的动作次数、时间、地理位置等等都实现了数据化，上百亿的数据都可以转化为对用户的认知和对行为的量化，如果春晚摇一摇可以打造一个红包指数，看家庭抢中率或者XXX率，来推动家庭潜在用户的拉新和各家庭和区域的PK，这样更有利于提升用户的活跃度。</span> \r\n</p>\r\n<p>\r\n	<span style="color:#000000;font-size:16px;"><br />\r\n</span>\r\n</p>\r\n<p>\r\n	<span style="color:#000000;font-size:16px;"><span style="line-height:1.5;">　　</span><span style="line-height:1.5;color:#009900;">如果进一步来看O2O转型的落地，还会有其它几个趋势：</span></span> \r\n</p>\r\n<p>\r\n	<span style="color:#000000;font-size:16px;"><span style="line-height:1.5;">　　</span><strong><span style="line-height:1.5;color:#009900;">一是传统企业要逐渐淡化成本利润</span></strong><span style="line-height:1.5;">，而是努力去建立用户连接，以及改变用户行为习惯，有时候为了达到这个目标可以采取免费与补贴模式。</span></span> \r\n</p>\r\n<p>\r\n	<span style="color:#000000;font-size:16px;"><span style="line-height:1.5;">　　</span><strong><span style="line-height:1.5;color:#009900;">二是大平台可以设计入口但中小企业更应该考虑爆品策略。</span></strong><span style="line-height:1.5;">大平台比如腾讯和阿里的用户基数足够大，就可以设计入口，比如春晚摇一摇，比如之前的扫一扫等等;而中小企业与创业团队，则需要考虑依靠爆品策略来颠覆已有市场或者新增市场，通过爆品来不断积累用户基数。</span></span> \r\n</p>\r\n<p>\r\n	<span style="color:#000000;font-size:16px;"><span style="line-height:1.5;">　　</span><strong><span style="line-height:1.5;color:#009900;">三是广告营销策划模式亟需转型。</span></strong><span style="line-height:1.5;">从央视春晚可以看出：传统媒体与传统广告模式已经式微，但央视借春晚摇一摇的新媒体互动形式，有效的进行了新模式的探索和实践，是一个很好的转型尝试。传统企业在传统媒体或者传统形式广告投放上越来越少，而新媒体形式的广告策划也受限于营销费用的控制而不会大开大合，所以广告设计和营销策划公司要尽快向商业创新设计转型，不转型则可能会陷入困局。</span></span> \r\n</p>\r\n<p>\r\n	<span style="color:#000000;font-size:16px;"><span style="line-height:1.5;">　　</span><strong><span style="line-height:1.5;color:#009900;">四是人人即媒体。</span></strong><span style="line-height:1.5;">每个人成为媒介，每个人成为自媒体，不再是广场式的广播式传播，去中心化的品牌传播已经悄然生成。通过央视春晚的广播式效应进行初步到达，而摇一摇中每个红包的传递和发放，又是一次基于个人的传播，这些基于用户的传播模式更进一步加强和放大了央视的传统媒体效应，传统强势媒体与人人媒体形成一种融合和平衡。</span></span> \r\n</p>\r\n<p>\r\n	<span style="line-height:1.5;color:#000000;font-size:16px;">　　2015年不再是谈论电子商务和移动APP的纯互联网模式，企业的O2O转型开始落地到清晰的商业定位，虚实融合的客户体验以及创新技术的应用，最终能够实现一个全渠道数字客户体验的O2O体系!</span> \r\n</p>\r\n<p>\r\n	<span style="color:#000000;font-size:16px;">　　<span style="font-size:12px;">(文章来自转载，原作者: 叶开)</span></span> \r\n</p>\r\n<p style="text-align:center;">\r\n	<span style="color:#000000;font-size:16px;"><span style="font-size:12px;"><br />\r\n</span></span>\r\n</p>', ' 2015年将会是O2O转型落地的核心一年，O2O转型落地的六大核心趋势会是什么?核心之一： 定位 ;核心之二： 重构价值链 ;核心之三： 建立入口 ;核心之四： 构建场景 ;核心之五： 跨屏互动 ;核心之六： 指数 。 终于从春节模式中完全脱离出来，但很多人还在用微信的拜年红包来代替传统的利是', 17, 'B2B2C电商平台', '020，,020转型，电子商务', 1426161272, 0, 0, 0),
(102, 7, '', 1, 255, '汤瑞金：将绿色染遍山乡', '04795539654496038_sm.jpg', '<p>\r\n	<span style="color:#000000;font-size:16px;">　　【本网讯 &nbsp;皮江星】 &nbsp;37年来，他亲手栽下了10万余株苗木，踏遍了通城山山水水，服务全县千家万户，将绿色染遍了山乡。</span> \r\n</p>\r\n<p>\r\n	<span style="color:#000000;font-size:16px;">　　他就是通城县四庄乡林业管理站站长汤瑞金。</span> \r\n</p>\r\n<div style="text-align:center;">\r\n	<img alt="" src="http://www.infol.com.cn/data/upload/circle/theme/0/0/60/04795526014432975.jpg" width="600" height="400" /> \r\n</div>\r\n<p>\r\n	<span style="color:#000000;font-size:16px;">　　“种好每一颗树苗，就多一分绿色希望”</span> \r\n</p>\r\n<p>\r\n	<span style="color:#000000;font-size:16px;">　　汤瑞金出生在药姑林场，1977年高中毕业后当上了一名营林工。</span> \r\n</p>\r\n<p>\r\n	<span style="color:#000000;font-size:16px;">　　生于大山，长在林场，造就了汤瑞金吃苦耐劳的精神。有时一天能栽400多株树，一天抚育一亩多林!</span> \r\n</p>\r\n<p>\r\n	<span style="color:#000000;font-size:16px;">　　由于吃苦能干，汤瑞金当上了林场生产队队长。先后调麦市、大溪、北港、四庄等乡镇林业站担任站长。</span> \r\n</p>\r\n<p>\r\n	<span style="color:#000000;font-size:16px;">　　2009年，汤瑞金受命站长时，正是油茶示范基地开发和大溪国家湿地公园申报建设的攻坚时期。</span> \r\n</p>\r\n<p>\r\n	<span style="color:#000000;font-size:16px;">　　四庄乡山高路远， 50出头的汤瑞金风雨无阻，穿梭在乡间路上。通过几年的努力，先后建成了小井、清水、庙下等三个连片2000亩的油茶基地，成为全县油茶大县建设的重点板块示范基地。</span> \r\n</p>\r\n<p>\r\n	<span style="color:#000000;font-size:16px;">　　“植树造林，就像带孩子，不仅要栽好，还要细心保护好”</span> \r\n</p>\r\n<p>\r\n	<span style="color:#000000;font-size:16px;">　　四庄乡与崇阳县交界，山高林密，森林防火任务繁重。</span> \r\n</p>\r\n<div style="text-align:center;">\r\n	<img alt="" src="http://www.infol.com.cn/data/upload/circle/theme/0/0/60/04795525875526446.jpg" width="600" height="822" /> \r\n</div>\r\n<p>\r\n	<span style="color:#000000;font-size:16px;">　　每年的防火期也是汤瑞金最忙的时候，一到年关，更是防火灾关键时期。大年三十，当别人与家人团聚时，汤瑞金还在巡山头，守哨卡，蹲坟包。</span> \r\n</p>\r\n<p>\r\n	<span style="color:#000000;font-size:16px;">　　2012年春节，庙下村突发山林大火，汤瑞金接到电话时正在吃饭，他立即放下饭碗，骑上摩托车直奔火灾地点，眉毛和头发被烧掉了一半，也没有退却。</span> \r\n</p>\r\n<p>\r\n	<span style="color:#000000;font-size:16px;">　　“我把林农当亲人，苗木铺开致富路”</span> \r\n</p>\r\n<p>\r\n	<span style="color:#000000;font-size:16px;">　　20年前，汤瑞金在原大溪乡当林业站长时，就认识老戴。</span> \r\n</p>\r\n<p>\r\n	<span style="color:#000000;font-size:16px;">　　2009年，再次见到老戴时，一家五口还借住在亲戚家中，为了帮助老戴脱贫，他把老戴当亲人来帮扶，动员他栽种苗木。</span> \r\n</p>\r\n<p>\r\n	<span style="color:#000000;font-size:16px;">　　老戴灰心地说：“我只有地，没有钱买树苗。”汤瑞金立即拿出1000元工资，从湖南购进6000株桂花苗送上门，亲自教他栽种，手把手传授技术。不到两年，老戴种上了1万株桂花、红叶石楠等苗木，年收入3万元。</span> \r\n</p>\r\n<p>\r\n	<span style="color:#000000;font-size:16px;">　　在汤瑞金的指导下，大溪村家家户户都种起了苗木。全村苗木发展到150余亩，仅靠卖桂花苗，年收入近300万元。村里的房子也由原来的土瓦房，变成了一栋栋楼房。(付强)</span> \r\n</p>\r\n<p>\r\n	<br />\r\n</p>\r\n<div style="text-align:center;">\r\n	<img alt="" src="http://www.infol.com.cn/data/upload/circle/theme/0/0/60/04795525887850407.jpg" width="600" height="450" /> \r\n</div>\r\n<p>\r\n	<br />\r\n</p>\r\n<div style="text-align:center;">\r\n	<br />\r\n</div>', ' 【本网讯 皮江星】 37年来，他亲手栽下了10万余株苗木，踏遍了通城山山水水，服务全县千家万户，将绿色染遍了山乡。 他就是通城县四庄乡林业管理站站长汤瑞金。 “种好每一颗树苗，就多一分绿色希望” 汤瑞金出生在药姑林场，1977年高中毕业后当上了一名营林工。 生于大山，长在林场，', 16, 'B2B2C电商平台', '通城，四庄乡，植树', 1426209975, 0, 0, 0),
(103, 10, '', 1, 255, '药姑山：穿越千年的瑶寨遗址', '04795541721744092_sm.jpg', '<p>\r\n	<span style="color:#000000;font-size:16px;">　　药姑山是瑶族先人生活的千家峒，不仅在历史典籍中有许多记载，而且山中留有众多令人叹为观止的瑶族特色的石文化遗址。</span> \r\n</p>\r\n<p>\r\n	<span style="color:#000000;font-size:16px;">　　药姑山主峰南麓湖北通城大坪乡内冲村大风磅一带还遗留有石寨、石洞、石井、石台等瑶族原始石群遗址，与主峰背面的湖南临湘市龙源乡瑶寨古址龙源、梅池、朱楼坡、古塘、漆坡等众多石群古遗迹连为一体，形成蔚为壮观的瑶民“千家峒”，叫人发思古之幽情，不得不惊叹瑶族先民石文化的智慧。</span> \r\n</p>\r\n<div style="text-align:center;">\r\n	<img alt="" src="http://www.infol.com.cn/data/upload/circle/theme/10/0/50/04794955424451159.jpg" width="600" height="450" /> \r\n</div>\r\n<p>\r\n	<span style="color:#000000;font-size:16px;">　　大风磅的瑶族石建筑遗址最为精美，真乃称得上巧夺天工。大风磅可能是瑶族先民的一个重要的生活劳动场所，这里留下的石建筑文化遗址品类众多，有石古井、石神台、石屋、石梯田、石寨、石洞、石墓、石坝、石柱、石渠、石桥等。在这里发现了瑶民祭拜盘王的石神台，此神台用青石雕成，长80公分，宽约30公分，神台脚高30公分，重量120公斤。四脚为虎爪图案。神台边沿是狗头图案。拨开茂密高大的灌木丛林，可看到一条条人工建造的青石沟巷，一径径石块铺成的台道，一垛垛石条垒成的墙壁，严丝合缝，不用任何粘合剂，历千余年还非常平坦光滑如新，缝隙之间小草至今都难以生长。沟巷两侧为寨居，两旁设有石埠头。既可供瑶民汲水、洗衣、洗菜等;又可防洪，雨季雨水可从沟流走，泄洪通畅。台道呈水平直线，横贯整个寨居。墙壁高大，一叠叠从山麓拾级而上，它是整个寨居的墙基。就是现代的工艺，要在这高山之巅建造出这样宏大规模而又精美绝仑的石头建筑，绝不是一件容易之事!可惜这样大美的建筑遗址，多少春秋就一直默默静掩在这丛林之中，不为外部世界知晓，叫人颇生遗憾!</span> \r\n</p>\r\n<div style="text-align:center;">\r\n	<img alt="" src="http://www.infol.com.cn/data/upload/circle/theme/10/0/50/04794955446573743.jpg" width="600" height="450" /> \r\n</div>\r\n<p>\r\n	<span style="color:#000000;font-size:16px;">　　石窝的祭祀台遗址最为奇特，可称得上是国内绝无仅有。位于箭杆山老屋组对门半山峰上，在一千多平方米的范围内有三十二个砌得相当整齐的祭祀台，规格形状各不相同，全部是用石块垒砌，四周有石砌围墙。老屋组的山民们祖祖辈辈在此居住了几百年，也弄不清这些形似小石房子的建筑物建于何代，有何用途，习惯地称之为“石窝”。近年瑶学专家揭开了它的谜底，原来这儿是瑶胞祭天祭祖的祭祀台。祭台座西朝东，石堆、石台、石墙沿山腰排列有序，中间空地竖有一根石桩，上有残存的长方形凿痕，似为图腾柱础，或者为树祭旗的石桩。叫人痛心的是这一珍贵的遗址，在揭秘之前，于上个世纪六七十年代之前被山民们推倒毁坏了不少!</span> \r\n</p>\r\n<p>\r\n	<span style="color:#000000;font-size:16px;">　　老龙潭下的“男石根”最为神秘，显示了瑶族先民的远古生殖崇拜。在老龙潭下的峡谷河流边，一条傍着山崖的古道侧，有一尊巨大的石雕男性生殖器，半截倒在了河流中，半截横搁在路上。这尊男性生殖石器，长达五米多，重达几吨，圆润光滑的龟头部分，雕刻得栩栩如生。在石雕男生殖器倒塌的旁边，那布满了青苔的石座还矗立在地面上，紧挨着的是一石垒的祭祀用的石台。生殖崇拜是世界各地原始初民的一种普遍现象，它是原始先民追求幸福、希望事业兴旺发达的一种表示。在药姑山的其它瑶寨残留遗址中，也还可以看到一些生殖器崇拜石雕，但是这尊却比较完好地保留了下来。</span> \r\n</p>\r\n<p>\r\n	<span style="color:#000000;font-size:16px;">　　竹铺沟的瑶寨遗址沿用最久，直到上个世纪五六十年代，还被当地山民居住。竹铺沟是一个完全由片石垒起来的山寨，山寨四周皆是高峻的山崖，寨口不及丈宽，且有用巨石砌起的石崖，将山寨与外隔断。整个寨子呈梯级分布，大房套小房，据考证这是瑶族先民最原始的居住方式。现在还有些不少颓圯的石头房子掩埋在杂草荆棘丛中，让人穿越时空隧道，怀想以往的时光。</span> \r\n</p>\r\n<p>\r\n	<span style="color:#000000;font-size:16px;">　　可以说只要走进药姑山，随便走入哪一条 山谷，就有可能如闯入了一座用青石垒起的历史迷宫;随便叩问哪一块爬满青苔的石头，就有可能听出几许历史的回音。这里的一草一木、一土一石，都有可能记录的是那些正在消逝的远古文明。</span> \r\n</p>\r\n<p>\r\n	<span style="color:#000000;font-size:16px;">　　注：作者二中老师 黎育林(原创作品)</span> \r\n</p>\r\n<p style="text-align:center;">\r\n	<span style="color:#000000;font-size:16px;"><br />\r\n</span>\r\n</p>', ' 药姑山是瑶族先人生活的千家峒，不仅在历史典籍中有许多记载，而且山中留有众多令人叹为观止的瑶族特色的石文化遗址。 药姑山主峰南麓湖北通城大坪乡内冲村大风磅一带还遗留有石寨、石洞、石井、石台等瑶族原始石群遗址，与主峰背面的湖南临湘市龙源乡瑶寨古址龙源、梅池、朱', 16, 'B2B2C电商平台', '药姑山，瑶族遗址，瑶族文化', 1426210203, 0, 0, 0),
(104, 10, '', 1, 255, '药姑山，远古瑶族的文化之地', '04795547688336961_sm.jpg', '<p>\r\n	<span style="color:#000000;font-size:16px;">　　一：药姑山之名</span> \r\n</p>\r\n<p>\r\n	<span style="color:#000000;font-size:16px;">　　药姑山，坐落在湖北省通城县大坪乡，原名龙窖山，属幕阜山余脉，主峰海拔1261.6米。山势峰峦叠嶂、峒深涧幽，有“三关九锁之险，七十二峰之秀”的美誉，风景十分秀丽旖旎。传“药圣”李时珍曾到此采药，称其为“江南天然药库 “及李氏三姊妹在此采药成仙， 才改名为药姑山 。以前，药姑山之所以叫龙窖山，是因为山上有龙湫而瑶民很崇敬龙，而瑶民家家有窖，所以才叫龙窖山。但他现在有名的不是他的药，而正是一千多年以来，居住在药姑山上千家峒 ，家家有窖千家千窖的瑶民所组成的瑶族文化。</span> \r\n</p>\r\n<div style="text-align:center;">\r\n	<img alt="" src="http://www.infol.com.cn/data/upload/circle/theme/9/9/49/04794948451080432.jpg" width="600" height="486" /> \r\n</div>\r\n<p>\r\n	<span style="color:#000000;font-size:16px;">　　二：瑶民迁徙药姑山之源流</span> \r\n</p>\r\n<p>\r\n	<span style="color:#000000;font-size:16px;">　　瑶人的称谓很多，是新中国成立后，统称为瑶族。2000年总人口263。74万 。</span> \r\n</p>\r\n<p>\r\n	<span style="color:#000000;font-size:16px;">　　瑶人的祖先乃一狼狗 。相传古代长毛贼扰乱了天下，北京皇帝贴出布告说，如果有人在三天内打退长毛贼，愿把最幼的公主嫁给她。结果有一只狼狗咬死长毛贼的主帅，长毛贼不攻自退。公主骑上狼狗，来到了荔波县，便生下了现在的瑶人。瑶人不吃狗肉便是为此。</span> \r\n</p>\r\n<p>\r\n	<span style="color:#000000;font-size:16px;">　　约八千年前，瑶民的先人在江汉平原一带，创造了长江中游的新石器文化。随后部分瑶民向北扩张，逐鹿中原，后因战争原因转而向南迁徙。</span> \r\n</p>\r\n<p>\r\n	<span style="color:#000000;font-size:16px;">　　瑶族是个不断被迫迁徙的民族，据史料记载，秦朝后期，瑶族先举南迁，从隽入龙窖山落根。 据清史《通城县志》记载，一直至元代前，通城为汉、瑶杂居地。 元末农民起义后,朱洪武在太湖决战，统一中国后，九洗湖广，深居在千家峒深山的瑶族被视为蛮夷，惨遭杀戮.但据传说，瑶民在药姑山耕种自乐，民风淳朴。一次，一名官差进入瑶乡，热情的瑶民家家杀鸡宰鹅盛情款待。公差乐得忘返。残暴的官府以为瑶民杀害了官差，不分青红皂白举兵血洗了千家峒中的瑶寨。据考证，约在明洪武年间大部分瑶民为此南迁。瑶民临分手时，头人将牛角劈成十二截，将祭祖的香炉劈成六掰，交给十二姓瑶人。相约只要牛角对成形，香炉复了原，500年后，在“千家峒”里再相会。然而，几百年后，瑶民却记不清了回家的路。 至此，药姑山中的千家峒，从此少了瑶民的生活足迹。但他们留下来的文化足迹依然存在。</span> \r\n</p>\r\n<div style="text-align:center;">\r\n	<img alt="" src="http://www.infol.com.cn/data/upload/circle/theme/9/9/49/04794948493743928.jpg" width="600" height="398" /> \r\n</div>\r\n<p>\r\n	<span style="color:#000000;font-size:16px;">　　三：尧家林文化的探索与发掘</span> \r\n</p>\r\n<p>\r\n	<span style="color:#000000;font-size:16px;">　　那里的山水风物、历史遗址、居民建筑、及典型的瑶家石头文化、如：石寨、石屋、石洞、石庙、石井、石墓、石坝、梯田、山地等，还有制度化的宗教仪式，瑶族风情，歌舞说唱，礼仪禁忌等，形成独具特色的瑶族文化，因瑶与尧同音，亦称尧家林文化。</span> \r\n</p>\r\n<p>\r\n	<span style="color:#000000;font-size:16px;">　　1982年，考古专家联合发掘药姑山瑶家陵文化遗址。发掘得到了石斧、石铲、石刀、石凿等石器和鼎、盘、碗、罐等陶器文物300多件。通城县文化博物馆曾在药姑山下的北港镇南港村，收集到一批窖藏出土的银佩饰，有脚箍、银牙件、首银佩饰等100多种富有瑶族特色的佩饰文物。</span> \r\n</p>\r\n<p>\r\n	<span style="color:#000000;font-size:16px;">　　2001年4月9日，广西自治区副主席、国家《瑶族通史》编委会主任奉恒高亲自领队来到药姑山考察，确认了临湘市的龙源乡部分村寨和通城县大坪乡大风磅属于瑶寨古址，认定是古瑶寨千家峒的组成部分。同年9月24日至27日，中国(广西)瑶学学会召开瑶族研究专题会议，讨论千家峒等中心议题，组织与会40多位学者实地考察。 2001年10月，中国(广西)瑶学会发出了《龙窖山千家峒认定意见书》说：“千家峒是瑶族同胞传说中，居住过的理想家园，瑶族同胞和瑶族研究者都在矢志不渝地寻找千家峒的下落”;“研究人员通过大量的深入调查，科学论证，认定龙窖山无论是从有关史籍记载内容，还是从地理位置、地形特征、地名与遗俗，以及大量的瑶族先民的遗址等方面来看，都与瑶族文献《千家峒歌》和民间传说千家峒相吻合”;“确认龙窖山千家峒是瑶族历史上早期的千家峒”</span> \r\n</p>\r\n<div style="text-align:center;">\r\n	<img alt="" src="http://www.infol.com.cn/data/upload/circle/theme/9/9/49/04794921767686741.jpg" width="600" height="450" /> \r\n</div>\r\n<p>\r\n	<span style="color:#000000;font-size:16px;">　　四：瑶民文化极具品牌的意义</span> \r\n</p>\r\n<p>\r\n	<span style="color:#000000;font-size:16px;">　　至此，通城药姑山瑶族先民的遗址，才逐渐掀开他那神秘而古老的面纱，同时，尧家林遗址的发掘，更为瑶民文化增添了科学而有力的佐证。荣获中国第八届民间艺术节金奖的《通城拍打舞》，就是融洽了瑶族文化元素的最好体现，瑶民南迁过后的几百年以来，深厚的瑶族文化，至今还由当地的汉民族后裔以原生态的风貌传承着。</span> \r\n</p>\r\n<div style="text-align:center;">\r\n	<img alt="" src="http://www.infol.com.cn/data/upload/circle/theme/9/9/49/04794921759508836.jpg" width="600" height="450" /> \r\n</div>\r\n<p>\r\n	<span style="color:#000000;font-size:16px;">　　可见，药姑山大风塝的千家峒，是全国二百多万瑶民的古老生存之地，有着极其少见的瑶族文化遗产，更有着独具特色的瑶族文化品牌，同时也更增添了通城县不可多得的特有的文化特色。 这一特色是通城的文化特色，这一品牌，也更是通城人不可多得的文化品牌，</span> \r\n</p>\r\n<p>\r\n	<span style="color:#000000;font-size:16px;">　　通城药姑山，远古瑶民的文明之地。（文/宇先生）</span> \r\n</p>\r\n<p style="text-align:center;">\r\n	<span style="color:#000000;font-size:16px;"><br />\r\n</span>\r\n</p>', ' 一：药姑山之名 药姑山，坐落在湖北省通城县大坪乡，原名龙窖山，属幕阜山余脉，主峰海拔1261.6米。山势峰峦叠嶂、峒深涧幽，有“三关九锁之险，七十二峰之秀”的美誉，风景十分秀丽旖旎。传“药圣”李时珍曾到此采药，称其为“江南天然药库 “及李氏三姊妹在此采药成仙， 才改名为药姑山 ', 53, 'B2B2C电商平台', '通城，药姑山，瑶族', 1426210783, 0, 0, 0),
(105, 11, '', 1, 255, '揭秘历史上最漂亮的女人，趁没删赶紧看！！', '04795803923141391_sm.jpg', '<p>\r\n	<span style="color:#000000;font-size:16px;">　　首先告诉你这里没有美女，你被骗了!</span> \r\n</p>\r\n<p>\r\n	<span style="color:#000000;font-size:16px;">　　<span style="color:#009900;"><strong>但是，如果你觉得母亲最美丽，就看完吧!</strong></span></span> \r\n</p>\r\n<p style="text-align:center;">\r\n	<span style="color:#000000;font-size:16px;"><img alt="" src="/data/upload/shop/editor/20150313165031_82971.jpg" /><br />\r\n</span>\r\n</p>\r\n<p style="text-align:center;">\r\n	<span style="color:#000000;font-size:16px;"><br />\r\n</span>\r\n</p>\r\n<p>\r\n	<span style="color:#000000;font-size:16px;">　　<strong><span style="color:#e53333;font-size:18px;">母亲的一生为你做了什么，你知道吗?</span></strong></span> \r\n</p>\r\n<p>\r\n	<span style="color:#000000;font-size:16px;"><strong><span style="color:#e53333;"><span style="font-size:12px;"></span><br />\r\n</span></strong></span>\r\n</p>\r\n<p>\r\n	<span style="color:#000000;font-size:16px;">　　当你1岁的时候，她喂你吃奶并给你洗澡，而作为报答，你整晚的哭着;</span> \r\n</p>\r\n<p>\r\n	<span style="color:#000000;font-size:16px;">　　当你3岁的时候，她怜爱的为你做菜，而作为报答，你把一盘她做的菜扔在地上;</span> \r\n</p>\r\n<p>\r\n	<span style="color:#000000;font-size:16px;">　　当你4岁的时候，她给你买下彩笔，而作为报答，你涂了满墙的抽象画;</span> \r\n</p>\r\n<p>\r\n	<span style="color:#000000;font-size:16px;">　　当你5岁的时候，她给你买了漂亮的衣服，而作为报答，你穿着它到泥坑里玩耍;</span> \r\n</p>\r\n<p style="text-align:center;">\r\n	<span style="color:#000000;font-size:16px;"><img alt="" src="/data/upload/shop/editor/20150313165157_86181.jpg" /><br />\r\n</span>\r\n</p>\r\n<p>\r\n	<span style="color:#000000;font-size:16px;">　　当你7岁的时候，她给你买了球，而作为报答，你用球打破了邻居的玻璃;</span> \r\n</p>\r\n<p>\r\n	<span style="color:#000000;font-size:16px;">　　当你9岁的时候，她付了很多钱给你辅导钢琴，而作为报答，你常常旷课并不去练习;</span> \r\n</p>\r\n<p>\r\n	<span style="color:#000000;font-size:16px;">　　当你11岁的时候，她陪你还有你的朋友们去看电影，而作为报答，你让她坐另一排去;</span> \r\n</p>\r\n<p>\r\n	<span style="color:#000000;font-size:16px;">　　当你13岁的时候，她建议你去把头发剪了，而你说她不懂什么是现在的时髦发型;</span> \r\n</p>\r\n<p style="text-align:center;">\r\n	<span style="color:#000000;font-size:16px;"><img alt="" src="/data/upload/shop/editor/20150313165219_88832.jpg" /><br />\r\n</span>\r\n</p>\r\n<p>\r\n	<span style="color:#000000;font-size:16px;">　　当你14岁的时候，她付了你一个月的夏令营费用，而你却一整月没有打一个电话给她;</span> \r\n</p>\r\n<p>\r\n	<span style="color:#000000;font-size:16px;">　　当你15岁的时候，她下班回家想拥抱你一下，而作为报答，你转身进屋把门插上了;</span> \r\n</p>\r\n<p>\r\n	<span style="color:#000000;font-size:16px;">　　当你17岁的时候，她在等一个重要的电话，而你却抱着电话和你的朋友聊了一晚上;</span> \r\n</p>\r\n<p>\r\n	<span style="color:#000000;font-size:16px;">　　当你18岁的时候，她为你高中毕业感动得流下眼泪，而你却跟朋友在外聚会到天亮;</span> \r\n</p>\r\n<p style="text-align:center;">\r\n	<span style="color:#000000;font-size:16px;"><img alt="" src="/data/upload/shop/editor/20150313165237_32027.jpg" /><br />\r\n</span>\r\n</p>\r\n<p>\r\n	<span style="color:#000000;font-size:16px;">　　当你19岁的时候，她付了你的大学学费又送你到学校，你要求她在远点下车怕同学看见笑话;</span> \r\n</p>\r\n<p>\r\n	<span style="color:#000000;font-size:16px;">　　当你20岁的时候，她问你“你整天去哪”，而你回答：我不想像你一样;</span> \r\n</p>\r\n<p>\r\n	<span style="color:#000000;font-size:16px;">　　当你23岁的时候，她给你买家具布置你的新家，而你对朋友说她买的家具真糟糕;</span> \r\n</p>\r\n<p>\r\n	<span style="color:#000000;font-size:16px;">　　当你30岁的时候，她对怎样照顾小孩提出劝告，而你对她说：妈，时代不同了;</span> \r\n</p>\r\n<p style="text-align:center;">\r\n	<span style="color:#000000;font-size:16px;"><img alt="" src="/data/upload/shop/editor/20150313165320_88467.jpg" /><br />\r\n</span>\r\n</p>\r\n<p>\r\n	<span style="color:#000000;font-size:16px;">　　当你40岁的时候，她给你打电话，说今天生日，而你回答：妈，我很忙没时间;</span> \r\n</p>\r\n<p>\r\n	<span style="color:#000000;font-size:16px;">　　当你50岁的时候，她常常患病，需要你的看护，而你却为你的儿女在奔波;</span> \r\n</p>\r\n<p style="text-align:center;">\r\n	<span style="color:#000000;font-size:16px;"><img alt="" src="/data/upload/shop/editor/20150313165353_66516.jpg" /><br />\r\n</span>\r\n</p>\r\n<p>\r\n	<span style="color:#000000;font-size:16px;">　　终于有一天，她去世了，突然你想起了所有从来没做过的事，它们像榔头般痛击着你的心。</span> \r\n</p>\r\n<p>\r\n	<span style="color:#000000;font-size:16px;">　　如果母亲仍健在，那么别忘了比以往任何时候都更深地爱着她。</span> \r\n</p>\r\n<p>\r\n	<span style="color:#000000;font-size:16px;">　　如果她已经不幸永远离开了你，那么<strong><span style="color:#e53333;">你必须记得，母爱才是天底下最无私的爱</span></strong>。</span> \r\n</p>\r\n<p>\r\n	<span style="color:#000000;font-size:16px;"><br />\r\n</span>\r\n</p>\r\n<p>\r\n	<span style="color:#000000;font-size:16px;"><strong><span style="font-size:18px;">　　</span></strong><span style="color:#e53333;font-size:18px;"><strong>大家都转发吧 祝自己的母亲 身体健康 长命百岁!</strong></span></span> \r\n</p>\r\n<p>\r\n	<span style="color:#e53333;font-size:18px;"><strong>　　当然你也可以不转发，但我依然祝福你的母亲，因为我们都有一个伟大而美丽的母亲!</strong></span> \r\n</p>\r\n<p style="text-align:center;">\r\n	<span style="color:#e53333;font-size:16px;"><strong><br />\r\n</strong></span>\r\n</p>', ' 首先告诉你这里没有美女，你被骗了! 但是，如果你觉得母亲最美丽，就看完吧! 母亲的一生为你做了什么，你知道吗? 当你1岁的时候，她喂你吃奶并给你洗澡，而作为报答，你整晚的哭着; 当你3岁的时候，她怜爱的为你做菜，而作为报答，你把一盘她做的菜扔在地上; 当你4岁的时候，她给你买下彩笔，而', 719, 'B2B2C电商平台', '漂亮，女人，母亲', 1426236974, 0, 1, 0),
(106, 3, '', 1, 255, '通城好老师——留守儿童们的”爱心妈妈“', '04796405589474235_sm.jpg', '<p>\r\n	<span style="line-height:20px;background-color:#ffffff;font-family:''Microsoft YaHei'', ''Lucida Grande'', ''Lucida Sans Unicode'', Tahoma, Helvetica, Arial, sans-serif;white-space:normal;color:#000000;font-size:16px;">　　她是通城县隽水寄宿小学主管后勤的副校长，是“留守儿童之家”的负责人，是周五的行政值日第一负责人，是六(8)班的数学老师。她还是上有老，下有小的家庭主妇。这个享受着忙碌的女人就是童四丽。&nbsp;</span> \r\n</p>\r\n<div style="text-align:center;">\r\n	<img alt="" src="http://www.infol.com.cn/data/upload/circle/theme/9/9/49/04796398656477350.jpg" width="600" height="200" /> \r\n</div>\r\n<p style="text-align:left;">\r\n	<span style="line-height:20px;background-color:#ffffff;font-family:''Microsoft YaHei'', ''Lucida Grande'', ''Lucida Sans Unicode'', Tahoma, Helvetica, Arial, sans-serif;color:#000000;font-size:16px;">　　2000多人的早晚餐，3000多学生、100多名工友、生活教师和文化教师的中餐，饮食如何安排，怎样确保营养的供给并让大家吃得放心，是童四丽每日工作的一部分。她得配合厨师确定每日菜谱，工作人员采购回来的米、面、油、肉类、蔬菜甚至煤、柴等，她都要亲自参与质检。一到炒菜和就餐时间，她就出现在锅炉房、操作间、餐厅，小本子和笔不离手，见人就张嘴，逢人就唠嗑：碗筷消毒彻底吗?今天的饭菜口味如何?······每周例会上，一桩桩一件件实事求是地通报，该表扬的表扬，该整改的整改。省、市、县相关部门来校检查后勤工作，无需任何准备，每一项工作他都汇报得清清楚楚。近年来，该校先后获得“后勤管理先进单位”、“ 安全卫生先进单位”等荣誉称号。&nbsp;</span> \r\n</p>\r\n<br style="padding-bottom:0px;line-height:20px;background-color:#ffffff;margin:0px;padding-left:0px;padding-right:0px;font-family:''Microsoft YaHei'', ''Lucida Grande'', ''Lucida Sans Unicode'', Tahoma, Helvetica, Arial, sans-serif;white-space:normal;color:#666666;font-size:14px;padding-top:0px;" />\r\n<div style="text-align:center;">\r\n	<img style="line-height:1.5;" alt="" src="http://www.infol.com.cn/data/upload/circle/theme/9/9/49/04796398610305017.jpg" width="600" height="450" /> \r\n</div>\r\n<br style="padding-bottom:0px;line-height:20px;background-color:#ffffff;margin:0px;padding-left:0px;padding-right:0px;font-family:''Microsoft YaHei'', ''Lucida Grande'', ''Lucida Sans Unicode'', Tahoma, Helvetica, Arial, sans-serif;white-space:normal;color:#666666;font-size:14px;padding-top:0px;" />\r\n<span style="line-height:20px;background-color:#ffffff;font-family:''Microsoft YaHei'', ''Lucida Grande'', ''Lucida Sans Unicode'', Tahoma, Helvetica, Arial, sans-serif;white-space:normal;color:#000000;font-size:16px;">　　为了关爱留守儿童， 童四丽和学校负责人一同写报告，争取省妇联项目资金;和班主任、科任教师一起作调查，建立留守儿童及其家长、监护人的详细档案;调查了解每一个留守儿童的心愿，并发动所有的“爱心爸爸”“爱心妈妈”(学校教师)帮他们一一实现。她亲手布置“福彩亲情屋”，让“留守儿童之家”温馨、舒适，设备设施齐全。每天，她将QQ挂在网上，方便家长找孩子视频聊天。想拨打亲情电话、需要进行心理疏导的孩子也会去找她。&nbsp;</span><br style="padding-bottom:0px;line-height:20px;background-color:#ffffff;margin:0px;padding-left:0px;padding-right:0px;font-family:''Microsoft YaHei'', ''Lucida Grande'', ''Lucida Sans Unicode'', Tahoma, Helvetica, Arial, sans-serif;white-space:normal;color:#666666;font-size:14px;padding-top:0px;" />\r\n<br style="padding-bottom:0px;line-height:20px;background-color:#ffffff;margin:0px;padding-left:0px;padding-right:0px;font-family:''Microsoft YaHei'', ''Lucida Grande'', ''Lucida Sans Unicode'', Tahoma, Helvetica, Arial, sans-serif;white-space:normal;color:#666666;font-size:14px;padding-top:0px;" />\r\n<span style="line-height:20px;background-color:#ffffff;font-family:''Microsoft YaHei'', ''Lucida Grande'', ''Lucida Sans Unicode'', Tahoma, Helvetica, Arial, sans-serif;white-space:normal;color:#000000;font-size:16px;">　　童四丽说：“饱满的精神是消除疲乏最好的良药。”课堂上，她循循善诱，精讲巧练;课堂下，她培优辅差，细致入微。无论课堂内外，她都神采飞扬， “期末考试居全镇第一位”、“最佳辅导教师”、“优秀数学教师”、“骨干教师”等荣誉接踵而来。&nbsp;</span><br style="padding-bottom:0px;line-height:20px;background-color:#ffffff;margin:0px;padding-left:0px;padding-right:0px;font-family:''Microsoft YaHei'', ''Lucida Grande'', ''Lucida Sans Unicode'', Tahoma, Helvetica, Arial, sans-serif;white-space:normal;color:#666666;font-size:14px;padding-top:0px;" />\r\n<br style="padding-bottom:0px;line-height:20px;background-color:#ffffff;margin:0px;padding-left:0px;padding-right:0px;font-family:''Microsoft YaHei'', ''Lucida Grande'', ''Lucida Sans Unicode'', Tahoma, Helvetica, Arial, sans-serif;white-space:normal;color:#666666;font-size:14px;padding-top:0px;" />\r\n<span style="line-height:20px;background-color:#ffffff;font-family:''Microsoft YaHei'', ''Lucida Grande'', ''Lucida Sans Unicode'', Tahoma, Helvetica, Arial, sans-serif;white-space:normal;color:#000000;font-size:16px;">　　别看童四丽工作忙，可家事一样没落下。前年，她婆婆突然患了脑溢血，人事不省，手术后状况依然不佳。白天，她抽空煲汤做饭，给服侍婆婆的亲戚吃;晚上，她坚持到医院轮班照顾婆婆。她给婆婆按摩、翻身、擦洗、导尿、注射营养剂······不会做的学会了，会做的做得更好了，她俨然成了婆婆的特护。婆婆离世后，她担心公公独自一人在乡下过日子冷清，又主动接公公到小家安度晚年。&nbsp;</span><br style="padding-bottom:0px;line-height:20px;background-color:#ffffff;margin:0px;padding-left:0px;padding-right:0px;font-family:''Microsoft YaHei'', ''Lucida Grande'', ''Lucida Sans Unicode'', Tahoma, Helvetica, Arial, sans-serif;white-space:normal;color:#666666;font-size:14px;padding-top:0px;" />\r\n<br style="padding-bottom:0px;line-height:20px;background-color:#ffffff;margin:0px;padding-left:0px;padding-right:0px;font-family:''Microsoft YaHei'', ''Lucida Grande'', ''Lucida Sans Unicode'', Tahoma, Helvetica, Arial, sans-serif;white-space:normal;color:#666666;font-size:14px;padding-top:0px;" />\r\n<span style="line-height:20px;background-color:#ffffff;font-family:''Microsoft YaHei'', ''Lucida Grande'', ''Lucida Sans Unicode'', Tahoma, Helvetica, Arial, sans-serif;white-space:normal;color:#000000;font-size:16px;">　　谁家有喜事，她会送去祝贺;哪个有困难向她求助，她必尽力相帮。老公工作忙碌，她给予理解;儿子远在他乡，她电话寄语，鼓励儿子奋进。看着她忙碌的身影，我总是想：这个享受着忙碌的女人，什么时候才能按下“暂停键”稍事休憩? （文/宇先生）</span><br style="padding-bottom:0px;line-height:20px;background-color:#ffffff;margin:0px;padding-left:0px;padding-right:0px;font-family:''Microsoft YaHei'', ''Lucida Grande'', ''Lucida Sans Unicode'', Tahoma, Helvetica, Arial, sans-serif;white-space:normal;color:#666666;font-size:14px;padding-top:0px;" />\r\n<p style="text-align:center;">\r\n	<br />\r\n</p>\r\n<p style="text-align:center;">\r\n	<br />\r\n</p>', ' 她是通城县隽水寄宿小学主管后勤的副校长，是“留守儿童之家”的负责人，是周五的行政值日第一负责人，是六(8)班的数学老师。她还是上有老，下有小的家庭主妇。这个享受着忙碌的女人就是童四丽。 2000多人的早晚餐，3000多学生、100多名工友、生活教师和文化教师的中餐，饮食如何安', 38, 'B2B2C电商平台', '通城，留守儿童，爱心妈妈', 1426296649, 0, 0, 0);
INSERT INTO `cor_life_article` (`article_id`, `ac_id`, `article_url`, `article_show`, `article_sort`, `article_title`, `thumb`, `article_content`, `description`, `click`, `source`, `tag`, `article_time`, `is_head`, `is_best`, `is_hot`) VALUES
(107, 6, '', 1, 255, '又是一年3.15，盘点那些我们用生命代价普及的化学名', '04796805185788485_sm.png', '<p style="text-align:center;">\r\n	<span style="color:#000000;font-size:16px;"><img alt="" src="/data/upload/shop/editor/20150314202842_52407.png" width="500" height="325" /><br />\r\n</span>\r\n</p>\r\n<p>\r\n	<span style="color:#000000;font-size:16px;">　　又到了一年一度的3.15消费者保护日，今年有哪些商家将在315晚会被“点名”成为了大家关心的话题。当一件和大家切身利益相关的事情变成谈资，说明社会发展又往前跨了一步。</span> \r\n</p>\r\n<p>\r\n	<span style="color:#000000;font-size:16px;"><br />\r\n</span>\r\n</p>\r\n<p>\r\n	<span style="color:#000000;font-size:16px;">　　<strong><span style="color:#e56600;">那些年我们在吃喝上普及了化学知识</span></strong></span> \r\n</p>\r\n<p>\r\n	<span style="color:#000000;font-size:16px;">　　1、从大米里我们认识了石蜡</span> \r\n</p>\r\n<p>\r\n	<span style="color:#000000;font-size:16px;">　　2、从火腿里我们认识了敌敌畏</span> \r\n</p>\r\n<p>\r\n	<span style="color:#000000;font-size:16px;">　　3、从咸鸭蛋、辣椒酱里我们认识了苏丹红</span> \r\n</p>\r\n<p>\r\n	<span style="color:#000000;font-size:16px;">　　4、从火锅和海鲜里我们认识了福尔马林</span> \r\n</p>\r\n<p>\r\n	<span style="color:#000000;font-size:16px;">　　5、从银耳、蜜枣里我们认识了硫磺</span> \r\n</p>\r\n<div style="text-align:center;">\r\n	<img alt="" src="http://www.infol.com.cn/data/upload/circle/theme/9/9/49/04796590684837863.jpg" width="500" height="370" /> \r\n</div>\r\n<p>\r\n	<span style="color:#000000;font-size:16px;">　　6、从木耳中认识了硫酸铜</span> \r\n</p>\r\n<p>\r\n	<span style="color:#000000;font-size:16px;">　　7、从油条中认识了洗衣粉</span> \r\n</p>\r\n<p>\r\n	<span style="color:#000000;font-size:16px;">　　8、从黄膳中认识了避孕药</span> \r\n</p>\r\n<p>\r\n	<span style="color:#000000;font-size:16px;">　　9、从腊肉中认识了瘦肉精</span> \r\n</p>\r\n<p>\r\n	<span style="color:#000000;font-size:16px;">　　10、从馒头中认识了漂白粉</span> \r\n</p>\r\n<div style="text-align:center;">\r\n	<img alt="" src="http://www.infol.com.cn/data/upload/circle/theme/9/9/49/04796592272655494.jpg" width="500" height="500" /> \r\n</div>\r\n<p>\r\n	<span style="color:#000000;font-size:16px;">　　11、白酒中认识了甲醇</span> \r\n</p>\r\n<p>\r\n	<span style="color:#000000;font-size:16px;">　　12、三鹿让同胞知道了三聚氰胺的化学用途</span> \r\n</p>\r\n<p>\r\n	<span style="color:#000000;font-size:16px;">　　13：从胶囊中认识了皮鞋的化学用途。</span> \r\n</p>\r\n<p>\r\n	<span style="color:#000000;font-size:16px;"><br />\r\n</span>\r\n</p>\r\n<p>\r\n	<span style="color:#000000;font-size:16px;">　　<strong><span style="color:#e56600;">网友们为此还编了首打油诗：</span></strong></span> \r\n</p>\r\n<p>\r\n	<span style="color:#000000;font-size:16px;">　　苏丹红，吊白块，福尔马林，瘦肉精。</span> \r\n</p>\r\n<p>\r\n	<span style="color:#000000;font-size:16px;">　　地沟油，敌敌畏，无根豆芽，孔雀绿。</span> \r\n</p>\r\n<p>\r\n	<span style="color:#000000;font-size:16px;">　　毒黄瓜，塑化剂，齐齐抢购工业盐。</span> \r\n</p>\r\n<p>\r\n	<span style="color:#000000;font-size:16px;">　　毛发酱油，三聚氰胺，墨汁薯粉嗨翻天。</span> \r\n</p>\r\n<p>\r\n	<span style="color:#000000;font-size:16px;">　　大头娃娃何须怕?神州遍地化学家。</span> \r\n</p>\r\n<p>\r\n	<span style="color:#000000;font-size:16px;">　　日本核漏何须怕?百毒不侵是中华</span> \r\n</p>\r\n<div style="text-align:center;">\r\n	<img alt="" src="http://www.infol.com.cn/data/upload/circle/theme/9/9/49/04796592503687174.png" width="500" height="289" /> \r\n</div>\r\n<p>\r\n	<span style="color:#000000;font-size:16px;">　　化学没学好是会出人命的，真是用生命在普及化学知识啊!那么多的致癌物都添加到食物中来，真是坑爹呀!还有转基因的东西你们谁引进的谁吃。谁说可以吃的谁吃。</span> \r\n</p>\r\n<div style="text-align:center;">\r\n	<img alt="" src="http://www.infol.com.cn/data/upload/circle/theme/9/9/49/04796454344245925.jpg" width="500" height="320" /> \r\n</div>\r\n<p>\r\n	<span style="color:#000000;font-size:16px;">　　吃的东西都有这么大的问题，用的东西又能好到哪里去了，也难怪那么中产阶级都跑到东洋人那里去抢马桶盖和电饭煲。前两年还疯狂抵制日货上街游行什么的，更有一些奇葩人物背着日本的相机喊着口号。这位大叔难道不知道自己用的佳能是日本产的么?还有那些媒体记者们用的相机恐怕也都是佳能或者尼康吧。</span> \r\n</p>\r\n<div style="text-align:center;">\r\n	<img alt="" src="http://www.infol.com.cn/data/upload/circle/theme/9/9/49/04796475231196288.jpg" width="500" height="540" /> \r\n</div>\r\n<div style="text-align:center;">\r\n	<br />\r\n</div>\r\n<p>\r\n	<span style="color:#000000;font-size:16px;">　　可见东西不分国界只分好坏，哪怕是仇人产的呢，照样漂洋过海去抢购。所以关键不是见不得别人的好，要发展好自己，创造出更好的东西来。只有把中国制造变成中国创造才能让我们自己的品牌站住脚跟。</span> \r\n</p>\r\n<div style="text-align:center;">\r\n	<img alt="" src="http://www.infol.com.cn/data/upload/circle/theme/9/9/49/04796456358315247.jpg" width="500" height="281" /> \r\n</div>\r\n<p>\r\n	<span style="color:#000000;font-size:16px;">　　小编在这预测一下今年将被点名的企业，速腾不用说啦，速腾后悬挂断裂事件，希望一汽大众合理的解释及解决办法。等出了人命就来不及了。那些个制造家用电器企业巨头们，你们真的很让人闹心!洗衣机洗不干净衣服有木有!质量和名气都落后于日本和德国，点名也是必须的，要不然很多人会不高兴。</span> \r\n</p>\r\n<p style="text-align:center;">\r\n	<span style="color:#000000;font-size:16px;"><img alt="" src="http://www.infol.com.cn/data/upload/circle/theme/9/9/49/04796467568897342.jpg" width="500" height="361" /> &nbsp;<br />\r\n</span>\r\n</p>\r\n<p>\r\n	<span style="color:#000000;font-size:16px;">　　<strong>结语：</strong></span> \r\n</p>\r\n<p>\r\n	<span style="color:#000000;font-size:16px;">　　消费者维权的问题不是315晚会一次就能够解决的事，只有通过司法的公开、公正和惩戒，才能使得消费市场保持长久的健康。</span> \r\n</p>\r\n<p>\r\n	<span style="color:#000000;font-size:16px;">　　随着人民生活水平的提高，产品和服务的选择越来越多，假冒伪劣的阶段已经渐渐远去。在未来，保护消费者权益的，需要更加依靠司法的力量。</span> \r\n</p>\r\n<p style="text-align:center;">\r\n	<span style="color:#000000;font-size:16px;"><br />\r\n</span>\r\n</p>', ' 又到了一年一度的3.15消费者保护日，今年有哪些商家将在315晚会被“点名”成为了大家关心的话题。当一件和大家切身利益相关的事情变成谈资，说明社会发展又往前跨了一步。 那些年我们在吃喝上普及了化学知识 1、从大米里我们认识了石蜡 2、从火腿里我们认识了敌敌畏 3、从', 133, 'B2B2C电商平台  宇先生', '3.15，消费者权益日，消费者权益保护法，食品安全，化学', 1426336532, 1, 1, 0),
(109, 7, '', 1, 255, '李克强：站在风口可让经济飞起来', '04797330883242457_sm.jpg', '<p style="text-align:center;">\r\n	<span style="color:#000000;font-size:16px;"><img alt="" src="/data/upload/shop/editor/20150315111244_53829.jpg" width="600" height="242" /><br />\r\n</span>\r\n</p>\r\n<p style="text-align:left;">\r\n	<span style="color:#000000;font-size:16px;"></span><span style="line-height:1.5;font-size:16px;">　　【据新华网讯】 3月15日(星期日)上午十二届全国人大三次会议闭幕后，国务院总理李克强在人民大会堂三楼金色大厅会见采访十二届全国人大三次会议的中外记者并回答记者提出的问题。</span> \r\n</p>\r\n<p>\r\n	<span style="color:#000000;font-size:16px;">　　<strong><span style="color:#e56600;">新京报记者:</span></strong></span> \r\n</p>\r\n<p>\r\n	<span style="color:#000000;font-size:16px;">　　总理，您好。我们注意到您最近在多个场合力挺电子商务和快递等新业态，我很想知道您个人从网上买过东西吗?如果买过，最近买的是什么?另外，有人认为网购会冲击实体店，对此您怎么看?谢谢。</span> \r\n</p>\r\n<p>\r\n	<span style="color:#000000;font-size:16px;">　　<strong><span style="color:#e56600;">李克强总理：</span></strong></span> \r\n</p>\r\n<p>\r\n	<span style="color:#000000;font-size:16px;">　　在场的各位都有网购的经历，我也不例外，我网购过，最近还买过几本书，书名我就不便说了，避免有做广告之嫌。但是我很愿意为网购、快递和带动的电子商务等新业态做广告。因为它极大地带动了就业，创造了就业的岗位，而且刺激了消费，人们在网上消费往往热情比较高。</span> \r\n</p>\r\n<p>\r\n	<span style="color:#000000;font-size:16px;">　　至于网购是否会冲击实体店，我听过这样的议论，开始也难免会 有担心，但是我曾经到一个网购店集中的村去看过，那里800户人家开了2000多家网店，可见创业的空间有多大。同时，我又到附近一个实体店集中的市场， 我问他们有没有担心?实体店的老板给我看，他也开了网店，而且把自己实体店的状况拍成视频上网，他说这对购物者来说更有真实感，更有竞争力。可见，网上网 下互动创造的是活力，是更大的空间。</span> \r\n</p>\r\n<p>\r\n	<span style="color:#000000;font-size:16px;">　　这使我想起最近互联网上流行的一个词叫“风口”，我想站在“互联网+”的风口上顺势而为，会使中国经济飞起来。不过我也想到今天是“3·15”，是保护消费者权益日，不管是网上还是网下的实体店，都要讲究诚信，保证质量，维护消费者的权益。谢谢!</span> \r\n</p>\r\n<p style="text-align:center;">\r\n	<span style="color:#000000;font-size:16px;"><br />\r\n</span>\r\n</p>\r\n<p style="text-align:center;">\r\n	<span style="color:#000000;font-size:16px;"><br />\r\n</span>\r\n</p>', ' 【据新华网讯】 3月15日(星期日)上午十二届全国人大三次会议闭幕后，国务院总理李克强在人民大会堂三楼金色大厅会见采访十二届全国人大三次会议的中外记者并回答记者提出的问题。 新京报记者: 总理，您好。我们注意到您最近在多个场合力挺电子商务和快递等新业态，我很想知道', 87, 'B2B2C电商平台', '李克强，风口，互联网，互联网+，电子商务', 1426389185, 1, 1, 0),
(110, 11, '', 1, 255, '你在我朋友圈从没说过话，真的很想认识你！', '04797359267961669_sm.jpg', '<p>\r\n	<img alt="" src="/data/upload/shop/editor/20150315115321_75541.jpg" /> \r\n</p>\r\n<p>\r\n	<span style="line-height:1.5;color:#000000;font-size:16px;">　　时间，带不走真正的朋友;</span> \r\n</p>\r\n<p>\r\n	<span style="color:#000000;font-size:16px;">　　岁月，留不住虚幻的拥有。</span> \r\n</p>\r\n<p>\r\n	<span style="color:#000000;font-size:16px;">　　时光转换，体会到缘分善变;</span> \r\n</p>\r\n<p>\r\n	<span style="color:#000000;font-size:16px;">　　平淡无语，感受了人情冷暖。</span> \r\n</p>\r\n<p>\r\n	<span style="color:#000000;font-size:16px;">　　有心的人，不管你在与不在，都会惦念;</span> \r\n</p>\r\n<p>\r\n	<span style="color:#000000;font-size:16px;">　　无心的情，无论你好与不好，只是漠然。</span> \r\n</p>\r\n<p>\r\n	<span style="color:#000000;font-size:16px;">　　走过一段路，总能有一次领悟;</span> \r\n</p>\r\n<p>\r\n	<span style="color:#000000;font-size:16px;">　　经历一些事，才能看清一些人。</span> \r\n</p>\r\n<p>\r\n	<span style="color:#000000;font-size:16px;">　　真正的朋友，无需想起，因为从未忘记;</span> \r\n</p>\r\n<p>\r\n	<span style="color:#000000;font-size:16px;">　　不离不弃的，才是真朋友;</span> \r\n</p>\r\n<p>\r\n	<span style="color:#000000;font-size:16px;">　　不见不散的，才是真守候。</span> \r\n</p>\r\n<p>\r\n	<span style="color:#000000;font-size:16px;"><img alt="" src="/data/upload/shop/editor/20150315115337_72671.jpg" /><br />\r\n</span>\r\n</p>\r\n<p>\r\n	<span style="color:#000000;font-size:16px;">　　人在落魄时，才知道谁的手最暖;</span> \r\n</p>\r\n<p>\r\n	<span style="color:#000000;font-size:16px;">　　情在吵架时，才明白谁的心最软。</span> \r\n</p>\r\n<p>\r\n	<span style="color:#000000;font-size:16px;">　　一个只懂流血却为你流了泪的人，</span> \r\n</p>\r\n<p>\r\n	<span style="color:#000000;font-size:16px;">　　是肝胆相照的朋友;</span> \r\n</p>\r\n<p>\r\n	<span style="color:#000000;font-size:16px;">　　一个只知流泪却为你流了血的人，</span> \r\n</p>\r\n<p>\r\n	<span style="color:#000000;font-size:16px;">　　是相濡以沫的爱人。</span> \r\n</p>\r\n<p>\r\n	<span style="color:#000000;font-size:16px;">　　真正的朋友，</span> \r\n</p>\r\n<p>\r\n	<span style="color:#000000;font-size:16px;">　　不是得意时有多少人追捧，</span> \r\n</p>\r\n<p>\r\n	<span style="color:#000000;font-size:16px;">　　而是在失意时愿意无求的帮助;</span> \r\n</p>\r\n<p>\r\n	<span style="color:#000000;font-size:16px;">　　真正的感情，不是海枯石烂的甜言蜜语，</span> \r\n</p>\r\n<p>\r\n	<span style="color:#000000;font-size:16px;">　　而是在穷困潦倒时愿随你颠沛流离。</span> \r\n</p>\r\n<p>\r\n	<span style="color:#000000;font-size:16px;">　　很多时候，人在最深的绝望里，</span> \r\n</p>\r\n<p>\r\n	<span style="color:#000000;font-size:16px;">　　能看到的往往是最美的风景!</span> \r\n</p>\r\n<p>\r\n	<span style="color:#000000;font-size:16px;"><img alt="" src="/data/upload/shop/editor/20150315115351_84913.jpg" /><br />\r\n</span>\r\n</p>\r\n<p>\r\n	<span style="color:#000000;font-size:16px;">　　得意时，朋友认识了你;</span> \r\n</p>\r\n<p>\r\n	<span style="color:#000000;font-size:16px;">　　落难时，你认识了朋友。</span> \r\n</p>\r\n<p>\r\n	<span style="color:#000000;font-size:16px;">　　只有在落魄时才懂，</span> \r\n</p>\r\n<p>\r\n	<span style="color:#000000;font-size:16px;">　　愿拉你一把的人何其少。</span> \r\n</p>\r\n<p>\r\n	<span style="color:#000000;font-size:16px;">　　只有在最穷时才懂，</span> \r\n</p>\r\n<p>\r\n	<span style="color:#000000;font-size:16px;">　　再好的感情也难敌现实，</span> \r\n</p>\r\n<p>\r\n	<span style="color:#000000;font-size:16px;">　　人不贪钱却都怕吃苦。</span> \r\n</p>\r\n<p>\r\n	<span style="color:#000000;font-size:16px;">　　只有在漫长生活里才懂，</span> \r\n</p>\r\n<p>\r\n	<span style="color:#000000;font-size:16px;">　　人人能爱你却少人愿忍你。</span> \r\n</p>\r\n<p>\r\n	<span style="color:#000000;font-size:16px;">　　所以，这世上最要珍惜的是这三种人：</span> \r\n</p>\r\n<p>\r\n	<span style="color:#000000;font-size:16px;">　　雪中送炭的朋友、</span> \r\n</p>\r\n<p>\r\n	<span style="color:#000000;font-size:16px;">　　愿陪你走过贫苦的女人、</span> \r\n</p>\r\n<p>\r\n	<span style="color:#000000;font-size:16px;">　　样样都忍你的男人!</span> \r\n</p>\r\n<p>\r\n	<span style="color:#000000;font-size:16px;"><img alt="" src="/data/upload/shop/editor/20150315115824_75843.jpg" /><br />\r\n</span>\r\n</p>\r\n<p>\r\n	<span style="color:#000000;font-size:16px;">　　真正的朋友,就是离别时，</span> \r\n</p>\r\n<p>\r\n	<span style="color:#000000;font-size:16px;">　　满不在乎，相互鼓励，</span> \r\n</p>\r\n<p>\r\n	<span style="color:#000000;font-size:16px;">　　告诉对方一定会怎样，</span> \r\n</p>\r\n<p>\r\n	<span style="color:#000000;font-size:16px;">　　然而分开后却无限思念对方;</span> \r\n</p>\r\n<p>\r\n	<span style="color:#000000;font-size:16px;">　　真正的朋友就是在你困难的时候帮助你，</span> \r\n</p>\r\n<p>\r\n	<span style="color:#000000;font-size:16px;">　　却不需要回报的那个人;</span> \r\n</p>\r\n<p>\r\n	<span style="color:#000000;font-size:16px;">　　真正的朋友永远不会让你掉眼泪!</span> \r\n</p>\r\n<p>\r\n	<span style="color:#000000;font-size:16px;">　　你难受时，他也难受，</span> \r\n</p>\r\n<p>\r\n	<span style="color:#000000;font-size:16px;">　　你开心的时候他也开心，</span> \r\n</p>\r\n<p>\r\n	<span style="color:#000000;font-size:16px;">　　他就是第二个你，</span> \r\n</p>\r\n<p>\r\n	<span style="color:#000000;font-size:16px;">　　在他身上你能看到自己的缩影!</span> \r\n</p>\r\n<p>\r\n	<span style="color:#000000;font-size:16px;">　　简单地说，</span> \r\n</p>\r\n<p>\r\n	<span style="color:#000000;font-size:16px;">　　真正的朋友就是能够彼此欣赏、</span> \r\n</p>\r\n<p>\r\n	<span style="color:#000000;font-size:16px;">　　彼此真诚、彼此信任、</span> \r\n</p>\r\n<p>\r\n	<span style="color:#000000;font-size:16px;">　　彼此理解以及彼此的宽容!</span> \r\n</p>\r\n<p>\r\n	<span style="color:#000000;font-size:16px;">　　永远都想把他当成自己的那个人!</span> \r\n</p>\r\n<p>\r\n	<span style="color:#000000;font-size:16px;">　　真正的朋友其实每个人心里都有自己的定义，</span> \r\n</p>\r\n<p>\r\n	<span style="color:#000000;font-size:16px;">　　但最重要的是</span> \r\n</p>\r\n<p>\r\n	<span style="color:#000000;font-size:16px;">　　无论是否引起误会却都能真心为你着想的人……</span> \r\n</p>\r\n<p>\r\n	<span style="color:#000000;font-size:16px;"><img alt="" src="/data/upload/shop/editor/20150315115422_73737.jpg" /><br />\r\n</span>\r\n</p>\r\n<p>\r\n	<span style="color:#000000;font-size:16px;">　　真正的朋友;</span> \r\n</p>\r\n<p>\r\n	<span style="color:#000000;font-size:16px;">　　无需想起，</span> \r\n</p>\r\n<p>\r\n	<span style="color:#000000;font-size:16px;">　　因为从未忘记。</span> \r\n</p>\r\n<p>\r\n	<span style="color:#000000;font-size:16px;">　　时间带不走真正的朋友!</span> \r\n</p>\r\n<p>\r\n	<span style="color:#000000;font-size:16px;"><br />\r\n</span>\r\n</p>\r\n<span style="color:#000000;font-size:16px;"></span> \r\n<p>\r\n	<span style="color:#000000;font-size:16px;"><br />\r\n</span>\r\n</p>', ' 时间，带不走真正的朋友; 岁月，留不住虚幻的拥有。 时光转换，体会到缘分善变; 平淡无语，感受了人情冷暖。 有心的人，不管你在与不在，都会惦念; 无心的情，无论你好与不好，只是漠然。 走过一段路，总能有一次领悟; 经历一些事，才能看清一些人。 真正的朋友，无需想起，因为从未忘记; 不离', 121, 'B2B2C电商平台', '朋友圈，微信', 1426391941, 0, 1, 0),
(111, 11, '', 1, 255, '真的很累吗？累就对了，舒服是留给死人的!', '04797501556969356_sm.jpg', '<p style="text-align:center;">\r\n	<br />\r\n</p>\r\n<div style="text-align:center;">\r\n	<span style="line-height:1.5;"></span><img style="text-align:center;line-height:1.5;" alt="" src="/data/upload/shop/editor/20150315160110_35279.jpg" /> \r\n</div>\r\n<p>\r\n	<span style="color:#000000;font-size:16px;">　　1、狼行千里吃肉，狗行千里吃屎，活鱼逆流而上，死魚随波逐流。<strong><span style="color:#e53333;">有这么一句话非常欣赏：“ 真的很累吗?累就对了，舒服是留给死人的！</span></strong>苦-才是人生 ，累-才是工作， 变-才是命运， 忍-才是历练，容-才是智慧 ， 静-才是修养，舍-才是得到 ，做-才是拥有!如果，感到此时的自己很辛苦，<strong><span style="color:#e53333;">告诉自己：容易走的都是下坡路，坚持住，因为你正在走上坡路！</span></strong> ——献给2015年所有想要努力的朋友!</span> \r\n</p>\r\n<p style="text-align:center;">\r\n	<span style="color:#000000;"><img alt="" src="/data/upload/shop/editor/20150315160122_61421.jpg" /><br />\r\n</span>\r\n</p>\r\n<p>\r\n	<span style="color:#000000;font-size:16px;">　　2、人来到这个世界上，只有两件事，生和死。一件事已经做完了，另一件你还急什么。 猫喜欢吃鱼，可猫不会游泳。鱼喜欢吃蚯蚓，可鱼又不能上岸。上帝给了你很多诱惑，却不让你轻易得到。所以，<strong><span style="color:#e53333;">人生就像蒲公英，看似自由，却身不由己。</span></strong>有些事，不是不在意，而是在意了又能怎样。自己尽力了就好。人生，从自己的哭声开始，在别人的泪水里结束，在这中间的时光，就是幸福。喜欢的就争取，得到的就珍惜，错过的就忘记。</span> \r\n</p>\r\n<p>\r\n	<span style="color:#000000;font-size:16px;">　　——且活且珍惜!</span> \r\n</p>\r\n<p style="text-align:center;">\r\n	<span style="color:#000000;"><img alt="" src="/data/upload/shop/editor/20150315160139_88557.jpg" /><br />\r\n</span>\r\n</p>\r\n<p>\r\n	<span style="color:#000000;font-size:16px;">　　3、没有刘备，张飞就是个卖肉的，关羽是个编筐的，所以要<strong><span style="color:#e53333;">感恩领导！</span></strong></span> \r\n</p>\r\n<p>\r\n	<span style="color:#000000;font-size:16px;">　　离开西游团队，孙悟空就是个强悍的猴子，唐僧也只是个普通的和尚，所以<strong><span style="color:#e53333;">团队很重要！</span></strong></span> \r\n</p>\r\n<p>\r\n	<span style="color:#000000;font-size:16px;">　　土豆身价平凡，番茄也如此。但是自从薯条搭配番茄酱以后……你敢想像吗？所以<strong><span style="color:#e53333;">合作很重要!</span></strong></span> \r\n</p>\r\n<p>\r\n	<span style="color:#000000;font-size:16px;">　　能在一起做点事很难得，且行且珍惜! ......</span> \r\n</p>\r\n<p>\r\n	<span style="color:#000000;font-size:16px;">　　———致：在一起合作的所有同事和朋友们!!</span> \r\n</p>\r\n<p style="text-align:center;">\r\n	<span style="color:#000000;"><img alt="" src="/data/upload/shop/editor/20150315160158_63382.jpg" /><br />\r\n</span>\r\n</p>\r\n<p>\r\n	<span style="color:#000000;font-size:16px;"><span style="line-height:1.5;">　　4、心情再差，也不要写在脸上，因为没有人喜欢看;</span><span style="line-height:1.5;font-size:12px;"> <span style="font-size:16px;">日子再穷，也不要挂在嘴边，因为没有人无故给你钱;</span> <span style="font-size:16px;">工作再累，也不要抱怨，因为没有人无条件替你干;</span> <span style="font-size:16px;">生命再短，也不要随意作践，因为没有人为你的健康买单;</span> <span style="font-size:16px;">品性再坏，也要孝顺父母，因为你也有老的那天!</span> <span style="font-size:16px;">真正的友谊，不是花言巧语，而是关键时候拉你的那只手。</span>&nbsp;</span></span> \r\n</p>\r\n<p>\r\n	<span style="color:#000000;"><span style="line-height:1.5;"><span style="color:#000000;font-size:16px;">　　———送给朋友圈所有的朋友们!!</span> </span></span>\r\n</p>\r\n<p style="text-align:center;">\r\n	<span style="color:#000000;font-size:16px;"><span style="line-height:1.5;font-size:12px;"><span style="line-height:1.5;"><span style="font-size:16px;"></span></span>&nbsp;</span></span> \r\n</p>\r\n<p style="text-align:center;">\r\n	<br />\r\n</p>', ' 1、狼行千里吃肉，狗行千里吃屎，活鱼逆流而上，死魚随波逐流。 有这么一句话非常欣赏：“ 真的很累吗?累就对了，舒服是留给死人的！ 苦-才是人生 ，累-才是工作， 变-才是命运， 忍-才是历练，容-才是智慧 ， 静-才是修养，舍-才是得到 ，做-才是拥有!如果，感到此时的自己很辛苦， 告诉自己：容易走的', 149, 'B2B2C电商平台', '励志，人生', 1426406588, 0, 1, 0),
(112, 7, '', 1, 255, '建设油茶大县，打造江南油乡—— 通城山乡添绿记', '04797626926730765_sm.jpg', '<p style="text-align:center;">\r\n	<span style="color:#000000;font-size:16px;"><img alt="" src="/data/upload/shop/editor/20150315192523_63168.jpg" /><br />\r\n</span>\r\n</p>\r\n<p>\r\n	<span style="color:#000000;font-size:16px;">　　【本网讯 程慧】 3月11日早上8点，通城县100多家县直机关单位和义工协会共计千余人齐聚四庄乡上坪村，为植树活动做准备。</span> \r\n</p>\r\n<p>\r\n	<span style="color:#000000;font-size:16px;">　　扛上铁锹、拿好树苗，一番安排部署后，大伙沿着蜿蜒山路，向油茶基地进发。</span> \r\n</p>\r\n<p>\r\n	<span style="color:#000000;font-size:16px;">　　10多分钟过去，大伙陆续来到山头。只见已经平整好的土地上，红色名牌零星分布，将基地划分为多个责任区域;一块写有“建设油茶大县，打造江南油乡”的条幅横在入口处，为参与人员鼓劲加油。</span> \r\n</p>\r\n<p>\r\n	<span style="color:#000000;font-size:16px;">　　大伙很快便沉浸在了植树的乐趣当中。你掘土，我栽树，你护苗，我培土，一时间热闹非常。</span> \r\n</p>\r\n<p>\r\n	<span style="color:#000000;font-size:16px;">　　“三埋两踩一提苗，关键是栽下去后要把苗向上提一提，这样就能保障存活率。”在现场指导的县林业局职工张忠武说，局里安排了14个指导小组，提供技术支持。</span> \r\n</p>\r\n<p>\r\n	<span style="color:#000000;font-size:16px;">　　而在山头的另一边，一群头戴小红帽的义工们正在持锹打眼、扶苗培土，忙得不亦乐乎。今天，他们共有23人参加了植树活动。</span> \r\n</p>\r\n<p>\r\n	<span style="color:#000000;font-size:16px;">　　“我们每年都会参加这样的活动，这对全县油茶产业的发展有利。”65岁的义工江雄章说。</span> \r\n</p>\r\n<p>\r\n	<span style="color:#000000;font-size:16px;">　　从上午8点到11点半，植树活动持续3个多小时。期间，所有人齐心协力、默契配合，共栽种油茶树苗10万余株，在山坡上栽一片新绿。</span> \r\n</p>', ' 【本网讯 程慧】 3月11日早上8点，通城县100多家县直机关单位和义工协会共计千余人齐聚四庄乡上坪村，为植树活动做准备。 扛上铁锹、拿好树苗，一番安排部署后，大伙沿着蜿蜒山路，向油茶基地进发。 10多分钟过去，大伙陆续来到山头。只见已经平整好的土地上，红色名牌零星分布，将基地', 15, 'B2B2C电商平台', '通城，油茶，植树节', 1426418730, 0, 0, 0),
(113, 7, '', 1, 255, '油茶苗圃孕生机', '04797629708216855_sm.jpg', '<p style="text-align:center;">\r\n	<span style="color:#000000;font-size:16px;"><img alt="" src="/data/upload/shop/editor/20150315192950_79628.jpg" /><br />\r\n</span>\r\n</p>\r\n<p>\r\n	<span style="color:#000000;font-size:16px;">　　【本网讯 卢华 罗杰】 昨日，通城县黄袍山油茶产业园苗圃基地工作人员正在进行苗木管理。</span> \r\n</p>\r\n<p>\r\n	<span style="color:#000000;font-size:16px;">　　该基地是黄袍山绿色产品有限公司运用无纺轻基质育苗技术，率先在全省建成的120余亩油茶良种定点繁育基地，每年产销良种油茶苗500至800万株。目前，该县油茶面积已发展到24.8万亩。</span> \r\n</p>', ' 【本网讯 卢华 罗杰】 昨日，通城县黄袍山油茶产业园苗圃基地工作人员正在进行苗木管理。 该基地是黄袍山绿色产品有限公司运用无纺轻基质育苗技术，率先在全省建成的120余亩油茶良种定点繁育基地，每年产销良种油茶苗500至800万株。目前，该县油茶面积已发展到24.8万亩。 ', 17, 'B2B2C电商平台', '通城，黄袍山茶油，本草天香', 1426418998, 0, 0, 0),
(114, 7, '', 1, 255, '电商实务操作培训班报名开始啦！（求扩散！！）', '04798366152159081_sm.jpg', '<p style="text-align:center;">\r\n	<span style="line-height:1.5;color:#000000;font-size:16px;"><img alt="" src="/data/upload/shop/editor/20150316155727_73847.jpg" /><br />\r\n</span>\r\n</p>\r\n<p style="text-align:left;">\r\n	<span style="color:#000000;font-size:16px;"></span><span style="line-height:1.5;color:#000000;font-size:16px;">　　B2B2C电商平台商城落地运营以来，承蒙广大商家和用户的关注，每天收到很多商家电话或微信咨询，询问怎么注册开网店，网店怎么打理运营，并迫切希望我们推出实务培训班。</span> \r\n</p>\r\n<p>\r\n	<span style="color:#000000;font-size:16px;">　　B2B2C电商平台运营部经过精心筹划，应广大商家的意愿，决定正式开设电商实务培训商学院，预约报名，分期安排授课。</span> \r\n</p>\r\n<p>\r\n	<span style="color:#000000;font-size:16px;">　　再次感谢一贯支持和关注我们的用户，同时也衷心期盼相互转告，踊跃报名，让更多的创业人士加入我们的家园，共同托起互联网财富盛宴的梦想!</span> \r\n</p>\r\n<p style="text-align:center;">\r\n	<strong style="line-height:1.5;color:#e53333;font-size:18px;"><span style="font-size:24px;">开网店，全年无淡季，赚钱24小时不打烊！</span></strong> \r\n</p>\r\n<p style="text-align:center;">\r\n	<img alt="" src="/data/upload/shop/editor/20150316163052_17945.jpg" /> \r\n</p>\r\n<p style="text-align:center;">\r\n	<strong style="text-align:center;line-height:1.5;color:#e53333;font-size:18px;"><em><span style="font-size:24px;"><span style="font-size:12px;"><img alt="" src="/data/upload/shop/editor/20150316153320_57557.jpg" /><br />\r\n</span></span></em></strong>\r\n</p>\r\n<p style="text-align:left;">\r\n	<br />\r\n</p>\r\n<p>\r\n	　　<span style="color:#e53333;font-size:18px;"><strong>招商热线： &nbsp; &nbsp; 加我微信：1325853503</strong></span><span style="line-height:1.5;"></span> \r\n</p>\r\n<p style="text-align:center;">\r\n	<br />\r\n</p>\r\n<p style="text-align:left;">\r\n	<strong style="line-height:1.5;color:#e53333;font-size:18px;"><em><span style="font-size:24px;"><span style="font-size:12px;"></span></span></em></strong><span style="line-height:1.5;color:#e53333;font-size:24px;">　</span><span style="line-height:1.5;color:#e53333;font-size:24px;">【延伸阅读】&nbsp;<span style="text-align:center;line-height:20px;background-color:#ffffff;font-family:微软雅黑, Arial, Verdana, 宋体, ''Lucida Grande'', ''Lucida Sans Unicode'', Helvetica, sans-serif;white-space:normal;color:#000000;font-size:20px;">李克强：站在风口可让经济飞起来</span><span style="color:#000000;"></span></span><span style="color:#000000;font-size:24px;"><span style="color:#000000;font-size:12px;">&nbsp;</span></span> \r\n</p>\r\n<div style="text-align:center;">\r\n	<img alt="" src="http://www.infol.com.cn/data/upload/shop/editor/20150315111244_53829.jpg" width="600" height="242" /> \r\n</div>\r\n<p style="padding-bottom:0px;line-height:21px;background-color:#ffffff;margin-top:0px;padding-left:0px;padding-right:0px;font-family:微软雅黑, Arial, Verdana, 宋体, ''Lucida Grande'', ''Lucida Sans Unicode'', Helvetica, sans-serif;white-space:normal;margin-bottom:1em;color:#666666;padding-top:0px;">\r\n	<span style="color:#000000;font-size:16px;"></span><span style="line-height:1.5;font-size:16px;">　　【据新华网讯】 3月15日(星期日)上午十二届全国人大三次会议闭幕后，国务院总理李克强在人民大会堂三楼金色大厅会见采访十二届全国人大三次会议的中外记者并回答记者提出的问题。</span> \r\n</p>\r\n<p style="padding-bottom:0px;line-height:21px;background-color:#ffffff;margin-top:0px;padding-left:0px;padding-right:0px;font-family:微软雅黑, Arial, Verdana, 宋体, ''Lucida Grande'', ''Lucida Sans Unicode'', Helvetica, sans-serif;white-space:normal;margin-bottom:1em;color:#666666;padding-top:0px;">\r\n	<span style="color:#000000;font-size:16px;">　　<strong style="font-size:1em;"><span style="color:#e56600;">新京报记者:</span></strong></span> \r\n</p>\r\n<p style="padding-bottom:0px;line-height:21px;background-color:#ffffff;margin-top:0px;padding-left:0px;padding-right:0px;font-family:微软雅黑, Arial, Verdana, 宋体, ''Lucida Grande'', ''Lucida Sans Unicode'', Helvetica, sans-serif;white-space:normal;margin-bottom:1em;color:#666666;padding-top:0px;">\r\n	<span style="color:#000000;font-size:16px;">　　总理，您好。我们注意到您最近在多个场合力挺电子商务和快递等新业态，我很想知道您个人从网上买过东西吗?如果买过，最近买的是什么?另外，有人认为网购会冲击实体店，对此您怎么看?谢谢。</span> \r\n</p>\r\n<p style="padding-bottom:0px;line-height:21px;background-color:#ffffff;margin-top:0px;padding-left:0px;padding-right:0px;font-family:微软雅黑, Arial, Verdana, 宋体, ''Lucida Grande'', ''Lucida Sans Unicode'', Helvetica, sans-serif;white-space:normal;margin-bottom:1em;color:#666666;padding-top:0px;">\r\n	<span style="color:#000000;font-size:16px;">　　<strong style="font-size:1em;"><span style="color:#e56600;">李克强总理：</span></strong></span> \r\n</p>\r\n<p style="padding-bottom:0px;line-height:21px;background-color:#ffffff;margin-top:0px;padding-left:0px;padding-right:0px;font-family:微软雅黑, Arial, Verdana, 宋体, ''Lucida Grande'', ''Lucida Sans Unicode'', Helvetica, sans-serif;white-space:normal;margin-bottom:1em;color:#666666;padding-top:0px;">\r\n	<span style="color:#000000;font-size:16px;">　　在场的各位都有网购的经历，我也不例外，我网购过，最近还买过几本书，书名我就不便说了，避免有做广告之嫌。但是我很愿意为网购、快递和带动的电子商务等新业态做广告。因为它极大地带动了就业，创造了就业的岗位，而且刺激了消费，人们在网上消费往往热情比较高。</span> \r\n</p>\r\n<p style="padding-bottom:0px;line-height:21px;background-color:#ffffff;margin-top:0px;padding-left:0px;padding-right:0px;font-family:微软雅黑, Arial, Verdana, 宋体, ''Lucida Grande'', ''Lucida Sans Unicode'', Helvetica, sans-serif;white-space:normal;margin-bottom:1em;color:#666666;padding-top:0px;">\r\n	<span style="color:#000000;font-size:16px;">　　至于网购是否会冲击实体店，我听过这样的议论，开始也难免会 有担心，但是我曾经到一个网购店集中的村去看过，那里800户人家开了2000多家网店，可见创业的空间有多大。同时，我又到附近一个实体店集中的市场， 我问他们有没有担心?实体店的老板给我看，他也开了网店，而且把自己实体店的状况拍成视频上网，他说这对购物者来说更有真实感，更有竞争力。可见，网上网 下互动创造的是活力，是更大的空间。</span> \r\n</p>\r\n<p style="padding-bottom:0px;line-height:21px;background-color:#ffffff;margin-top:0px;padding-left:0px;padding-right:0px;font-family:微软雅黑, Arial, Verdana, 宋体, ''Lucida Grande'', ''Lucida Sans Unicode'', Helvetica, sans-serif;white-space:normal;margin-bottom:1em;color:#666666;padding-top:0px;">\r\n	<span style="color:#000000;font-size:16px;">　　这使我想起最近互联网上流行的一个词叫“风口”，我想站在“互联网+”的风口上顺势而为，会使中国经济飞起来。不过我也想到今天是“3·15”，是保护消费者权益日，不管是网上还是网下的实体店，都要讲究诚信，保证质量，维护消费者的权益。谢谢!</span> \r\n</p>\r\n<div style="text-align:center;">\r\n	<span style="line-height:1.5;"></span><br />\r\n</div>\r\n<p style="text-align:left;">\r\n	<br />\r\n</p>', ' B2B2C电商平台商城落地运营以来，承蒙广大商家和用户的关注，每天收到很多商家电话或微信咨询，询问怎么注册开网店，网店怎么打理运营，并迫切希望我们推出实务培训班。 B2B2C电商平台运营部经过精心筹划，应广大商家的意愿，决定正式开设电商实务培训商学院，预约报名，分期安排授课。 ', 225, 'B2B2C电商平台', '李可强，风口，互联网+，电子商务，电商培训，B2B2C电商平台', 1426490623, 1, 1, 0),
(115, 6, '', 1, 255, '心累吃红豆，脑累吃坚果，眼睛累了吃什么，你知道吗？', '04798414223898296_sm.jpg', '<p style="box-sizing:border-box !important;padding-bottom:0px;line-height:24px;margin-top:0px;min-height:1em;padding-left:0px;padding-right:0px;max-width:100%;white-space:pre-wrap;margin-bottom:0px;clear:both;padding-top:0px;">\r\n	<span style="color:#003399;font-size:16px;"><strong>眼疲劳多吃枸杞</strong></span> \r\n</p>\r\n<div style="text-align:center;">\r\n	<img alt="" src="/data/upload/shop/editor/20150316165824_34598.png" width="600" height="397" /><br />\r\n</div>\r\n<p>\r\n	<span style="color:#000000;font-size:16px;">　　上班族成天盯着面前的电脑或者密集排列的报表，眼睛会觉得酸胀难忍。《本草纲目》中记载："枸杞，补肾生精，养肝明目。"食用枸杞可以减少紫外线刺激，保护视神经不受损。要想发挥枸杞的护眼功效，最好且最简单的方法，就是将其嚼烂了吃下去。一般健康的成年人每天吃20克左右的枸杞比较合适。如果是干嚼枸杞，吃的数量要减半，否则容易滋补过度。</span> \r\n</p>\r\n<p>\r\n	<span style="color:#000000;font-size:16px;"><br />\r\n</span>\r\n</p>\r\n<p>\r\n	<strong><span style="color:#000000;font-size:16px;">　<span style="color:#003399;">脑疲劳多吃坚果</span></span></strong> \r\n</p>\r\n<p style="text-align:center;">\r\n	<img alt="" src="/data/upload/shop/editor/20150316165932_89236.jpg" /> \r\n</p>\r\n<p style="text-align:left;">\r\n	<span style="line-height:1.5;color:#000000;font-size:16px;">　　上班族工作量大，从早到晚大脑一直处于高速运行的状态。不少人反映一到下班的点钟，就头痛欲裂，神识恍惚。除了在工作时间每隔1小时，起来走动一下，放松脑神经，在上午10点或者下午3点左右可以吃一把核桃仁、开心果、杏仁这一类的坚果，它们含有丰富的卵磷脂、维生素及微量元素，有着很好的修复脑力的功效。</span><span style="color:#000000;font-size:16px;">　</span> \r\n</p>\r\n<p style="text-align:left;">\r\n	<strong style="line-height:1.5;"><span style="color:#000000;font-size:16px;">　</span></strong> \r\n</p>\r\n<p>\r\n	<strong><span style="color:#000000;font-size:16px;">&nbsp; &nbsp; &nbsp; <span style="color:#003399;">胃疲劳多吃小米</span> </span></strong>\r\n</p>\r\n<p style="text-align:center;">\r\n	<strong><img alt="" src="/data/upload/shop/editor/20150316170104_65942.png" width="600" height="434" /><br />\r\n</strong>\r\n</p>\r\n<p style="text-align:left;">\r\n	<span style="line-height:1.5;color:#000000;font-size:16px;">　　上班族应酬很多，喝酒、抽烟、暴饮暴食、吃饭时间不规律等都让胃很受伤。小米有养胃的功效。中医认为小米有和胃温中的作用，小米味甘咸，有清热解渴、健胃除湿、和胃安眠等功效，内热者及脾胃虚弱者更适合食用它。有的人胃口不好，吃了小米后能开胃又能养胃，具有健胃消食、防止反胃、呕吐的功效。</span> \r\n</p>\r\n<p style="text-align:left;">\r\n	<span style="color:#000000;font-size:16px;">　</span><strong style="line-height:1.5;"><span style="color:#000000;font-size:16px;">　</span></strong> \r\n</p>\r\n<p>\r\n	<strong><span style="color:#000000;font-size:16px;">&nbsp; &nbsp; &nbsp; <span style="color:#003399;">腿疲劳多吃香蕉</span></span></strong> \r\n</p>\r\n<p style="text-align:center;">\r\n	<strong><img alt="" src="/data/upload/shop/editor/20150316170207_27990.jpg" /><br />\r\n</strong>\r\n</p>\r\n<p style="text-align:left;">\r\n	<span style="line-height:1.5;color:#000000;font-size:16px;">　　不少人要经常出差，成天东跑西颠，腿部负荷很重。常常是一整天跑下来，腿又酸又胀，吃些香蕉吧。一则是因为香蕉富含钾，可以有效缓解我们身体的疲劳;二是因为钾可以排除身体中多余的盐分，使本来肿胀的腿能变得清瘦一些。</span> \r\n</p>\r\n<p style="text-align:left;">\r\n	<span style="line-height:1.5;color:#000000;font-size:16px;"><br />\r\n</span>\r\n</p>\r\n<p>\r\n	<span style="color:#000000;font-size:16px;">　　</span><strong><span style="color:#003399;font-size:16px;">心疲劳多吃红豆</span></strong> \r\n</p>\r\n<p style="text-align:center;">\r\n	<strong><img alt="" src="/data/upload/shop/editor/20150316170256_90472.png" width="600" height="388" /><br />\r\n</strong>\r\n</p>\r\n<p style="text-align:left;">\r\n	<span style="line-height:1.5;color:#000000;font-size:16px;">　　上班族各种会议和应酬"扎堆"，要操心的事情接二连三，很容易让上班族有心力交瘁之感。建议冬季身心俱疲的时候吃些红豆，李时珍称红豆为"心之谷"，可见红豆的养心功效。从临床上看，红豆既能清心火，也能补心血。其粗纤维物质丰富，临床上有助降血脂、降血压、改善心脏活动功能等功效;同时又富含铁质，能行气补血，非常适合心血不足的女性食用。</span> \r\n</p>\r\n<p style="text-align:left;">\r\n	<span style="line-height:1.5;color:#000000;font-size:16px;"><br />\r\n</span>\r\n</p>\r\n<p>\r\n	<span style="color:#000000;font-size:16px;">　　</span><strong><span style="color:#003399;font-size:16px;">声疲劳多吃梨</span></strong> \r\n</p>\r\n<div style="text-align:center;">\r\n	<img alt="" src="/data/upload/shop/editor/20150316170338_92529.png" width="600" height="393" /><br />\r\n</div>\r\n<p>\r\n	<span style="color:#000000;font-size:16px;">　　公司会议比较多，很多人做会议报告、方案阐释的时候都是连着好几个小时说不停，甚至连喝水的功夫都没有。这么熬下来，声音变得嘶哑难听，嗓子里老是痒痛痒痛的，或者有咽喉异物感。建议膳食中每天多加一个梨，梨的果肉有生津、润燥、清热、化痰等功效，适用于伤津烦渴、热咳、痰热惊狂、噎膈、口渴失音。梨的果皮有清心、润肺、降火、生津功效。</span> \r\n</p>\r\n<div style="text-align:center;">\r\n	<img alt="" src="/data/upload/shop/editor/20150316170403_92397.jpg" /> \r\n</div>\r\n<div style="text-align:left;">\r\n	<span style="line-height:1.5;color:#000000;font-size:16px;">　　虽然我们上面的这些食物都是能帮助我们有效的抵御疲劳的，但是治疗疲劳的最好方法还是及时的休息才能更好的保证身体的。</span> \r\n</div>\r\n<p>\r\n	<br />\r\n</p>\r\n<p>\r\n	<span style="color:#000000;font-size:16px;">　　<span style="color:#e53333;">微生活，乐分享。为了家人朋友的健康，赶快转发给他们！</span></span> \r\n</p>\r\n<p style="text-align:center;">\r\n	<br />\r\n</p>', ' 眼疲劳多吃枸杞 上班族成天盯着面前的电脑或者密集排列的报表，眼睛会觉得酸胀难忍。《本草纲目》中记载：&quot;枸杞，补肾生精，养肝明目。&quot;食用枸杞可以减少紫外线刺激，保护视神经不受损。要想发挥枸杞的护眼功效，最好且最简单的方法，就是将其嚼烂了吃下去。一般健康的成年人每天吃', 101, 'B2B2C电商平台', '上班族，养生，健康', 1426496731, 0, 0, 0),
(116, 7, '', 1, 255, '通城将改造低产茶园3万亩', '04799168011500919_sm.jpg', '<p>\r\n	　<span style="font-size:16px;">　7日，通城县沙堆镇坪坳村大柱精制茶厂基地，一片片改造后的茶园生机勃勃，新茶长势喜人。这是该县实施“双向引领”工程，做大茶产业的新成效。</span> \r\n</p>\r\n<p>\r\n	<span style="font-size:16px;">　　据介绍，大柱精制茶厂始建于上世纪70年代，由于长年累月种植所造成的土地损耗，茶园的土地养分逐渐减少，茶树也日趋老化，产量降低。针对这一状况，县特产局从去年开始，按照高效茶园项目建设要求，对该茶园进行改造，在改土施肥、增加土地营养物质储备的同时，逐步引进新树种，替换老茶树。</span> \r\n</p>\r\n<p style="text-align:center;">\r\n	<img alt="" src="/data/upload/shop/editor/20150317141539_17212.jpg" width="600" height="329" /> \r\n</p>\r\n<span style="font-size:16px;"></span> \r\n<p>\r\n	<span style="font-size:16px;">　　“大柱茶厂有1200亩茶园，按照每年200亩的改造计划，我们将于‘十三五’收官之年，实现对茶厂茶树的‘大换血’。届时，这片茶园的产量将提高20%。”特产局局长廖象文告诉记者，今年，他们还将在全县范围内新建1000亩高效标准茶园。</span> \r\n</p>\r\n<p style="text-align:center;">\r\n	<br />\r\n</p>\r\n<span style="font-size:16px;"></span> \r\n<p>\r\n	<span style="font-size:16px;">　　作为该县茶产品精深加工的龙头企业，双狮茶业近年来在提升产品附加值方面取得了突破，尤其是已投产的“袋泡茶”生产线，实现了对剩余原料茶末的再利用。</span> \r\n</p>\r\n<p>\r\n	<span style="font-size:16px;">　　“车间每年产出的茶末有600多吨，没上这条生产线前，这些剩余原料都只能低价处理，没有得到很好的利用。”企业负责人介绍，如今，茶末变身袋泡茶走向市场，企业的效益随之提升。</span> \r\n</p>\r\n<p style="text-align:center;">\r\n	<span style="font-size:16px;"><img alt="" src="/data/upload/shop/editor/20150317141712_80307.jpg" width="600" height="396" /></span> \r\n</p>\r\n<p>\r\n	<span style="font-size:16px;">　　今年，该县还将以茶叶标准园创建为新的发展模式，逐步扩大茶叶种植面积，完成低产茶园改造3万亩，新发展高效标准茶园1000亩。同时，以“双狮茶业”茶叶精深加工产业园为龙头，逐步构建全县茶叶深加工体系，开发茶叶新产品，提高茶叶附加值。</span> \r\n</p>\r\n<p>\r\n	<span style="font-size:16px;">　　今年该县茶产业发展目标是：茶叶种植面积达到5.7万亩，茶叶加工系列产值突破2亿元，比上年增长43%。</span> \r\n</p>\r\n<p>\r\n	<span style="font-size:16px;"></span>&nbsp;\r\n</p>', ' 7日，通城县沙堆镇坪坳村大柱精制茶厂基地，一片片改造后的茶园生机勃勃，新茶长势喜人。这是该县实施“双向引领”工程，做大茶产业的新成效。 据介绍，大柱精制茶厂始建于上世纪70年代，由于长年累月种植所造成的土地损耗，茶园的土地养分逐渐减少，茶树也日趋老化，产量降低。针对这一', 2, 'B2B2C电商平台', '通城，茶叶，大柱茶厂，双狮茶叶', 1426573150, 0, 0, 0),
(117, 7, '', 1, 255, '通城3万亩油茶基地获国家有机认证', '04799175018164024_sm.jpg', '<p>\r\n	<br />\r\n</p>\r\n<p>\r\n	　　<span style="font-size:16px;">9日，笔者从国家环境保护部官网获悉，通城县黄袍山公司建设的关刀、麦市、马港3个万亩油茶基地，顺利通过国家质量认证中心认证，成为全国有机食品生产基地。</span> \r\n</p>\r\n<p>\r\n	<span style="font-size:16px;">　　有机转换产品认证是我国有机产品的执行标准认证，被认证的有机产品(转换产品)不得使用转基因产品和化学合成的农药、肥料、激素等投入品。</span> \r\n</p>\r\n<p style="text-align:center;">\r\n	<img alt="" src="/data/upload/shop/editor/20150317142614_57688.jpg" /> \r\n</p>\r\n<span style="font-size:16px;"></span> \r\n<p>\r\n	<span style="font-size:16px;">　　通城县自2009年被纳入全国油茶产业重点示范县以来，明确提出以每年新造3万亩、改造1万亩油茶基地的发展规模，力争到2020年在全县建成40万亩油茶基地。</span> \r\n</p>\r\n<p>\r\n	<span style="font-size:16px;">　　该县以湖北黄袍山绿色产品有限公司为龙头，率先在全省推广无纺轻基质育苗技术，建成了120余亩油茶良种定点繁育基地，并按GAP栽植技术要求，建成高标准油茶基地5万亩。目前，全县油茶面积累计达到24.8万亩。</span> \r\n</p>', ' 9日，笔者从国家环境保护部官网获悉，通城县黄袍山公司建设的关刀、麦市、马港3个万亩油茶基地，顺利通过国家质量认证中心认证，成为全国有机食品生产基地。 有机转换产品认证是我国有机产品的执行标准认证，被认证的有机产品(转换产品)不得使用转基因产品和化学合成的农药、肥料', 9, '', '通城，油茶，黄袍山绿色产品', 1426573612, 0, 0, 0);
INSERT INTO `cor_life_article` (`article_id`, `ac_id`, `article_url`, `article_show`, `article_sort`, `article_title`, `thumb`, `article_content`, `description`, `click`, `source`, `tag`, `article_time`, `is_head`, `is_best`, `is_hot`) VALUES
(118, 2, '', 1, 255, '高中学历可考乡镇干部，作为通城人的你心动了吗？', '04799207994867816_sm.jpg', '<p>\r\n	<span style="font-size:16px;">　　导读：你曾经也有着为人民服务的志愿，作为一个通城人也想为家乡的建设作出自己的贡献。由于学历的原因，你选择远方，南下北上，在他乡生活。现在机会来了，据大楚网今天早上发出的消息：湖北今年招5753名公务员，高中学历可考乡镇干部。你心动了吗?</span> \r\n</p>\r\n<div style="text-align:center;">\r\n	<img alt="" src="http://www.infol.com.cn/data/upload/circle/theme/9/9/49/04799044242835763.jpg" width="600" height="211" /> \r\n</div>\r\n<p>\r\n	<span style="font-size:16px;">　　据悉，今年省级机关将招录193人，市(州)级机关招录797人，县(市、区)级机关3796人，乡镇(街道)967人。按照机构类别划分，省直机关及其派出机构201人，各市州、直管市、神农架林区4118人(含公安、森林公安机关1266人)，省以下垂直管理系统1134人，省监狱戒毒系统300人。全省县乡基层机关共招录4763人，占全省总计划的82.8%。今年招录计划同比增加1262人，增量中的1064个计划全部来自县乡基层。</span> \r\n</p>\r\n<div style="text-align:center;">\r\n	<img alt="image" src="http://www.infol.com.cn/data/upload/circle/theme/9/9/49/04799044410674561.jpg" width="393" height="300" /> \r\n</div>\r\n<p>\r\n	<span style="font-size:16px;">　　省公务员局考试录用处相关负责人介绍，今年公务员招录降低了基层招录门槛，乡镇(街道)机关继续降低学历、年龄门槛，定向招录147名村(社区)干部。对武陵山、大别山、秦巴山、幕阜山试验区，以及国贫县、省贫县等艰苦边远地区的乡镇职位，学历可放宽到高中(技工学校)、中专。</span> \r\n</p>\r\n<div style="text-align:center;">\r\n	<img alt="image" src="http://www.infol.com.cn/data/upload/circle/theme/9/9/49/04799044405815506.jpg" width="400" height="295" /> \r\n</div>\r\n<p>\r\n	<span style="font-size:16px;">　　在新闻中特别提到了幕阜山试验区，学历放宽到高中(技工学校)、中专。我们大通城不就是属于幕阜山么，大家赶紧奔走相告，让有志青年踊跃报考。公招日程表在下面，抓紧准备一下，赶紧报名吧。</span> \r\n</p>\r\n<div style="text-align:center;">\r\n	<img alt="image" src="http://www.infol.com.cn/data/upload/circle/theme/9/9/49/04799044439462543.jpg" width="550" height="387" /> \r\n</div>\r\n<div style="text-align:center;">\r\n	&nbsp;\r\n</div>\r\n<p>\r\n	<span style="font-size:16px;">　　公招日程表</span> \r\n</p>\r\n<p>\r\n	<span style="font-size:16px;">　　3月20日-25日网上报名</span> \r\n</p>\r\n<p>\r\n	<span style="font-size:16px;">　　3月20日-27日网上资格初审</span> \r\n</p>\r\n<p>\r\n	<span style="font-size:16px;">　　3月29日-4月6日网上确认缴费</span> \r\n</p>\r\n<p>\r\n	<span style="font-size:16px;">　　4月20日-25日网上下载打印准考证</span> \r\n</p>\r\n<p>\r\n	<span style="font-size:16px;">　　4月25日在武汉集中举行公共科目笔试</span> \r\n</p>\r\n<p>\r\n	<span style="font-size:16px;">　　5月底前公布笔试成绩及最低合格分数线</span> \r\n</p>\r\n<p>\r\n	<span style="font-size:16px;">　　6月上旬组织资格复审及公开调剂</span> \r\n</p>\r\n<p>\r\n	<span style="font-size:16px;">　　6月下旬全省统一组织面试</span> \r\n</p>\r\n<p>\r\n	<span style="font-size:16px;">　　8月底前完成全省录用工作</span> \r\n</p>\r\n<p>\r\n	<span style="font-size:16px;"></span>&nbsp;\r\n</p>\r\n<p>\r\n	<span style="font-size:16px;"><strong>　　这么大的事，一定要让通城人都知道 ！</strong></span> \r\n</p>\r\n<p>\r\n	<span style="line-height:20px;text-transform:none;background-color:#ffffff;font-variant:normal;font-style:normal;text-indent:0px;display:inline !important;font-family:''Microsoft YaHei'', ''Lucida Grande'', ''Lucida Sans Unicode'', Tahoma, Helvetica, Arial, sans-serif;white-space:normal;float:none;letter-spacing:normal;color:#000000;font-weight:normal;word-spacing:0px;-webkit-text-stroke-width:0px;"></span>&nbsp;\r\n</p>\r\n<p style="text-align:center;">\r\n	<br />\r\n</p>', ' 导读：你曾经也有着为人民服务的志愿，作为一个通城人也想为家乡的建设作出自己的贡献。由于学历的原因，你选择远方，南下北上，在他乡生活。现在机会来了，据大楚网今天早上发出的消息：湖北今年招5753名公务员，高中学历可考乡镇干部。你心动了吗? 据悉，今年省级机关将招录193人，市(州)', 169, '', '公务员考试，低门槛', 1426576847, 0, 1, 1),
(119, 7, '', 1, 255, '首部以通城人为原型的电影在央视播出你看了没？', '04799296265933875_sm.jpg', '<p>\r\n	<span style="font-size:16px;">　　3月15日晚，CCTV—6黄金时段播出电影《缉毒》，这部电影是以通城县公安局禁毒大队教导员、全国公安二级英模、第二届“湖北最美警察”杨雄因公殉职的故事为背景，讲述缉毒民警深入虎穴、不畏凶险，与贩毒分子作斗争的英雄故事。</span> \r\n</p>\r\n<p style="text-align:center;">\r\n	<img alt="" src="/data/upload/shop/editor/20150317172955_31450.jpg" />&nbsp;&nbsp;\r\n</p>\r\n<p>\r\n	<span style="font-size:16px;">　　这部电影全部在武汉、咸宁实景拍摄，省、市公安部门为本片提供了大力支持。电影里面的杨雄原型由《水浒传》中的“武松”丁海峰饰演，杨雄的战友们也在片中本色出演，场面非常震撼。</span> \r\n</p>\r\n<p>\r\n	<span style="font-size:16px;">　　电影《缉毒》故事简介</span> \r\n</p>\r\n<div style="text-align:center;">\r\n	<img alt="" src="/data/upload/shop/editor/20150317172826_57944.png" width="600" height="392" /> \r\n</div>\r\n<div style="text-align:center;">\r\n	&nbsp;\r\n</div>\r\n<p>\r\n	<span style="font-size:16px;">　　九十年代末的香城，一个宁静的夜晚，警察杨胜在杨大成的家中搜出毒品。看着昔日的好友竟沦丧为毒贩，杨胜痛心不已。</span> \r\n</p>\r\n<p>\r\n	<span style="font-size:16px;">　　杨大成被判刑十年，杨胜收养了杨大成年仅12岁的儿子杨林，给了他一个温暖的家庭。</span> \r\n</p>\r\n<p>\r\n	<span style="font-size:16px;">　　转眼十几年过去了，杨林在杨胜的抚养下已参加工作，但却被人引诱吸毒染上了毒瘾。</span> \r\n</p>\r\n<p>\r\n	<span style="font-size:16px;">　　郊区查出了制毒工厂，杨胜是这次行动的前线指挥人。深夜，缉毒警察将制毒工厂包围，但因为内线刀疤的临时反水，警察虽然抓获了大部分制毒犯罪嫌疑人和缴获了大批的毒品及原料，但以马日强(工厂老板)、杜中肖(制毒师)为首的几个大毒贩却跑进了深山。</span> \r\n</p>\r\n<p>\r\n	<span style="font-size:16px;">　　当得知杨林沦为一个毒贩，与马日强、杜中肖在一起时，杨胜自责不已，决心要救出杨林。</span> \r\n</p>\r\n<p>\r\n	<span style="font-size:16px;">　　面对这个事实，杨胜只得回避，暂时退出了这件案子。虽然回到家中，但杨胜继续关注这一案子，并通过一系列发生的事情，推断出狱病故的杨大成并没有真死，就是大毒枭“大佬”。</span> \r\n</p>\r\n<p>\r\n	<span style="font-size:16px;">　　总队专案组对杨胜的报告分析后，迅速作出布置，将“大佬”、杜中肖等毒贩围堵在江中。关键时刻，杨林将“大佬”(生父杨大成)送入警察的包围圈。最后关头，杨胜为了救杨林壮烈牺牲，用生命谱写了一曲缉毒英雄之歌。</span> \r\n</p>\r\n<p style="text-align:center;">\r\n	<img alt="" src="/data/upload/shop/editor/20150317173129_61731.jpg" width="600" height="450" /> \r\n</p>\r\n<span style="font-size:16px;"></span> \r\n<p style="text-align:left;">\r\n	<span style="font-size:16px;"><strong>我们该如何远离毒品呢?拒绝毒品呢?</strong></span> \r\n</p>\r\n<p>\r\n	<span style="font-size:16px;">　　最近时不时的在网络中，新闻里就会曝光名人明星吸毒的案件。人们都知道吸毒不好，害人害己，那为什么还有那么多人吸毒呢，我们应该怎样远离毒品，拒绝毒品呢?</span> \r\n</p>\r\n<p style="text-align:center;">\r\n	<img alt="" src="/data/upload/shop/editor/20150317173421_12543.png" /> \r\n</p>\r\n<span style="font-size:16px;"></span> \r\n<div style="text-align:center;">\r\n</div>\r\n<p>\r\n	<span style="font-size:16px;">　　很多青少年沾染毒品，都是在去酒吧，歌厅的时候，放松警惕，接受了陌生人赠送的香烟，饮料而误入歧途的，事后又不敢跟家长说明，导致事情越来越糟糕，无法收场。作为青少年，建议大家最好还是少去那些娱乐场所为宜。</span> \r\n</p>\r\n<p>\r\n	<span style="font-size:16px;">　</span><span style="font-size:16px;"><span style="color:#ee33ee;">　</span><span style="color:#ee33ee;"><strong>尽量不要结识有不良习惯的人群。</strong></span></span> \r\n</p>\r\n<div style="text-align:center;">\r\n</div>\r\n<p>\r\n	<span style="font-size:16px;">　　网络飞速发展的今天，使得年轻人交友更容易，但是也更容易被坏人蛊惑，利用。所以，交友也需要谨慎，但凡发现所交之人有不良嗜好，都应该避而远之，正所谓，近朱者赤近墨者黑。</span> \r\n</p>\r\n<p>\r\n	<span style="font-size:16px;">　<span style="color:#ee33ee;"><strong>　树立正确的人生观，价值观。</strong></span></span> \r\n</p>\r\n<p>\r\n	<span style="font-size:16px;">　　时下年轻人非常流行一些非主流的东西，不是颓废，就是堕落，严重的是负能量。年轻人，就应该多读一些积极上进，温暖向上的书籍，使得自己有一颗正直善良的心，对社会有一个正确理性的态度。</span> \r\n</p>\r\n<p>\r\n	<span style="font-size:16px;">　　<strong><span style="color:#ee33ee;">对任何形式的毒品要时刻保持警惕，不要盲目的好奇或者尝试。</span></strong></span> \r\n</p>\r\n<p>\r\n	<span style="font-size:16px;">　　容易被毒品吸引的人群，都是青少年，他们好奇心强，自制力弱，容易抱着猎奇的心态，去尝一尝，试一试，希望从中体验不一样的刺激。这些其实都是不可取的，很容易让人沦陷为吸毒者。</span> \r\n</p>\r\n<p>\r\n	<span style="font-size:16px;">　<strong><span style="color:#ee33ee;">　不小心沾染上毒品，要立即去戒毒所寻求帮助。</span></strong></span> \r\n</p>\r\n<p>\r\n	<span style="font-size:16px;">　　无论是出于好奇刚刚开始尝试，还是已经误入歧途的年轻人，一旦沾染毒品，一定要快速去戒毒所，戒毒中心去寻求专业人士的帮助，千万不能一错再错的任由自己堕落下去，否则，毁了自己的人生，也伤害了深爱自己的父母亲人。生命只有一次，千万不要随意践踏。</span> \r\n</p>\r\n<p style="text-align:center;">\r\n	<img alt="" src="/data/upload/shop/editor/20150317173653_70460.png" />&nbsp;&nbsp;\r\n</p>\r\n<p>\r\n	<span style="font-size:16px;">　　吸毒于国、于民、于己有百害而无一利!毒品摧毁的不但是人的肉体，也是人的意志 。生命只有一次，失去它，就如同花儿失去了阳光、青山失去了绿水、夜莺失去了歌喉，生命之火的暗淡，使美丽是失了颜色，妖娆变得憔悴，请珍惜生命，远离毒品，毒品带给人类的只会是毁灭。</span> \r\n</p>\r\n<p>\r\n	<span style="font-size:16px;"></span>&nbsp;\r\n</p>\r\n<p>\r\n	<span style="font-size:16px;">　　鸦片、海洛英、冰毒、麻果、K粉、摇头丸……这些毒品，就像一条条冰冷的毒蛇，一方面披着华丽的外衣，诱人上钩;一方面隐身于阴暗处，伺机而动。吸毒者在自我毁灭的同时，也破害自己的家庭，使家庭陷入经济破产、亲属离散、甚至家破人亡的困难境地!并且对社会生产力有巨大的破坏性，还扰乱社会治安，带给人们巨大的威胁，毒品活动造成环境恶化，并逐年缩小了人类的生存空间。</span> \r\n</p>\r\n<p style="text-align:center;">\r\n	<img alt="" src="/data/upload/shop/editor/20150317173936_64747.jpg" /> \r\n</p>\r\n<span style="font-size:16px;"></span> \r\n<p>\r\n	<span style="font-size:16px;">　　“珍惜生命，远离毒品”，对每一个人而言，决不仅仅是一句简单的口号。有些路，永远不能走;有的错，永远都不能犯!</span> \r\n</p>\r\n<p>\r\n	<span style="font-size:16px;"></span>&nbsp;\r\n</p>\r\n<p>\r\n	<span style="font-size:16px;">&nbsp; </span>\r\n</p>\r\n<p style="text-align:center;">\r\n	<br />\r\n</p>', ' 3月15日晚，CCTV—6黄金时段播出电影《缉毒》，这部电影是以通城县公安局禁毒大队教导员、全国公安二级英模、第二届“湖北最美警察”杨雄因公殉职的故事为背景，讲述缉毒民警深入虎穴、不畏凶险，与贩毒分子作斗争的英雄故事。 这部电影全部在武汉、咸宁实景拍摄，省、市公安部门', 119, 'B2B2C电商平台', '通城，缉毒，毒品', 1426585453, 1, 1, 0),
(120, 10, '', 1, 255, '三月百花开，通城踏青赏花好去处', '04799949325770182_sm.jpg', '<p>\r\n	<span style="color:#000000;font-size:16px;"><strong>　　春风吹拂，万物复苏，正是人们拥抱大自然的好时节。通城的油菜花最先开，看到好多朋友都晒出了在花丛中的各种照片。三月百花开，在我们通城也可以看到百花盛开的景象，只要你愿意走到户外去，哪里都是花香鸟语。</strong></span> \r\n</p>\r\n<div style="text-align:center;">\r\n	<img alt="" src="http://www.infol.com.cn/data/upload/circle/theme/9/9/49/04799919292602621.jpg" width="600" height="375" /> \r\n</div>\r\n<p style="text-align:left;">\r\n	<span style="color:#000000;font-size:16px;"><strong>　　</strong></span><span style="color:#000000;font-size:16px;"><strong><span style="color:#000000;">粉红的樱桃花海</span></strong></span> \r\n</p>\r\n<div style="text-align:center;">\r\n	<img alt="" src="http://www.infol.com.cn/data/upload/circle/theme/9/9/49/04799923972535250.png" width="600" height="380" /> \r\n</div>\r\n<p>\r\n	<span style="color:#000000;font-size:16px;"><strong>　　黄袍山天潭东南侧的三峰、二峰、主峰到经堂绵延数里的山坡，漫山遍野生长着至少十万棵野生樱桃树，每年的3月中旬到4月初，这里就成了一片片粉红樱桃花的海洋。</strong></span> \r\n</p>\r\n<p>\r\n	<span style="font-size:16px;"><span style="color:#000000;"><strong>　</strong></span><strong><span style="color:#000000;">　雪白的玉兰花海</span></strong></span> \r\n</p>\r\n<div style="text-align:center;">\r\n	<img alt="" src="http://www.infol.com.cn/data/upload/circle/theme/9/9/49/04799924201828812.png" width="600" height="431" /> \r\n</div>\r\n<p>\r\n	<span style="color:#000000;font-size:16px;"><strong>　　位于黄袍山古道吊桥旁边有数百亩药材林望春树(又名梓夷树、玉兰树)，每到3月春风时节，这里的望春树也会盛开朵朵鲜花，一片雪白的白玉兰花海。</strong></span> \r\n</p>\r\n<p>\r\n	<span style="font-size:16px;"><span style="color:#000000;"><strong>　　</strong></span><strong><span style="color:#000000;">金黄的油菜花海</span></strong></span> \r\n</p>\r\n<div style="text-align:center;">\r\n	<img alt="" src="http://www.infol.com.cn/data/upload/circle/theme/9/9/49/04799923784274466.jpg" width="600" height="328" /> \r\n</div>\r\n<p>\r\n	<span style="color:#000000;font-size:16px;"><strong>　　黄袍山下塘湖镇城墙山铁山畈是通城县的油菜种植示范区，这里种植了近千亩油菜，每到3月中旬，一片金黄的油菜花海。由于油菜基地位于塘湖集镇不远处，这里交通便利，受着广大踏春市民的喜爱，也是摄影爱好者、新娘拍摄婚衫照的好去处。</strong></span> \r\n</p>\r\n<p>\r\n	<span style="color:#000000;font-size:16px;"><strong>　　温馨提示：</strong></span> \r\n</p>\r\n<div style="text-align:center;">\r\n	<img alt="" src="http://www.infol.com.cn/data/upload/circle/theme/9/9/49/04799939772321751.jpg" width="500" height="281" /> \r\n</div>\r\n<p>\r\n	<span style="color:#000000;font-size:16px;"><strong>　　每到春分时节，过敏体质的人接触或吸入花粉，可能诱发过敏性哮喘和过敏性鼻炎，出现喷嚏、咳嗽、皮肤瘙痒等症状，门诊的哮喘患者较其他时也会格外增加。曾主任提醒广大市工，春景虽美，但赏花需谨慎，有过敏体质或有哮喘病史的人，尽量避免与花儿亲密接触。</strong></span> \r\n</p>\r\n<p style="text-align:center;">\r\n	<img alt="" src="/data/upload/shop/editor/20150318115247_66747.jpg" /> \r\n</p>\r\n<span style="font-size:16px;"></span> \r\n<p>\r\n	<span style="color:#000000;font-size:16px;"><strong>　　春季应该如何防范过敏性哮喘的急性加重? 专家表示，避免接触致敏原，尽量少去花粉、粉尘较多的地方，若遇皮肤发痒、咳嗽、气急时，应迅速离开此地，及时前往医院就诊;</strong></span> \r\n</p>\r\n<p>\r\n	<span style="color:#000000;font-size:16px;"><strong>　　外出回家后应及时洗手、洗头，减少花粉的影响; 而居住在高层楼房的人，在干热和有风时，可关闭窗户。居住在有空调的房间或空气经过过滤的房间，避免在室内养花。</strong></span> \r\n</p>\r\n<p>\r\n	<span style="color:#000000;font-size:16px;"><strong>　　另外，对哮喘病人采取规范化治疗是减少哮喘急性发作的重要措施，哮喘患者还应掌握药物的吸入技术，外出时随身携带药物。</strong></span> \r\n</p>\r\n<p style="text-align:center;">\r\n	<br />\r\n</p>\r\n<span style="font-size:16px;"></span> \r\n<p>\r\n	<span style="color:#000000;"><strong>&nbsp;</strong></span> \r\n</p>', ' 春风吹拂，万物复苏，正是人们拥抱大自然的好时节。通城的油菜花最先开，看到好多朋友都晒出了在花丛中的各种照片。三月百花开，在我们通城也可以看到百花盛开的景象，只要你愿意走到户外去，哪里都是花香鸟语。 粉红的樱桃花海 黄袍山天潭东南侧的三峰、二峰、主峰到经堂绵延数里', 218, '', '通城，踏青，黄袍山，油菜花，樱桃花', 1426650955, 0, 1, 0),
(121, 2, '', 1, 255, '为什么老是接到骚扰电话？告诉你真相！', '04800098935900285_sm.jpg', '<p>\r\n	<span style="color:#000000;font-size:16px;">　　“您好，办理银行贷款你需要吗?”</span> \r\n</p>\r\n<p>\r\n	<span style="color:#000000;font-size:16px;">　　“本公司有个行业正规发票。”</span> \r\n</p>\r\n<p>\r\n	<span style="color:#000000;font-size:16px;">　　“咱们有做理财计划吗?”</span> \r\n</p>\r\n<p>\r\n	<span style="color:#000000;font-size:16px;">　　“您需要贷款吗?”</span> \r\n</p>\r\n<div style="text-align:center;">\r\n	<img alt="" src="http://www.infol.com.cn/data/upload/circle/theme/9/9/49/04799895943268116.jpg" width="500" height="383" /> \r\n</div>\r\n<p>\r\n	<span style="color:#000000;font-size:16px;">　　相信大家每天都会被这样的电话骚扰得不厌其烦，为什么每天我们会接到这么多骚扰电话?这些电话又是从哪里打出来的呢?</span> \r\n</p>\r\n<div style="text-align:center;">\r\n	<img alt="" src="http://www.infol.com.cn/data/upload/circle/theme/9/9/49/04799896702777250.png" width="500" height="350" /> \r\n</div>\r\n<p>\r\n	<span style="color:#000000;font-size:16px;">　　据央视财经报道：骚扰电话不胜其扰，诈骗电话步步惊心，中国移动、中国电信居然是背后推手</span> \r\n</p>\r\n<p>\r\n	<span style="color:#000000;font-size:16px;">　　技术专家：这种群呼的骚扰电话，运营商在它的后台可以关停。但运营商并没有关停骚扰电话，反而提供各种支持，支招如何建立骚扰电话呼叫中心，因为在这背后有一条利益链，每一分钟骚扰电话运营商收益5、6分钱</span> \r\n</p>\r\n<div style="text-align:center;">\r\n	<img alt="" src="http://www.infol.com.cn/data/upload/circle/theme/9/9/49/04799896405078694.jpg" width="500" height="307" /> \r\n</div>\r\n<p>\r\n	<span style="color:#000000;font-size:16px;">　　在全国，这样的呼叫中心还有很多。每天，他们源源不断地将骚扰电话拨向各地的用户。每家公司都几十个话务员，每天的工作就是打电话，推销产品。不停地打，平均每人一天打400多个。这些公司往系统里直接导入十几万电话号码，系统还会模拟人工，语音自动群呼，自动拨打电话，电话量更加惊人。</span> \r\n</p>\r\n<div style="text-align:center;">\r\n	<img alt="" src="http://www.infol.com.cn/data/upload/circle/theme/9/9/49/04799896676412523.jpg" width="500" height="368" /> \r\n</div>\r\n<p>\r\n	<span style="color:#000000;font-size:16px;">　　每天成千上万的骚扰电话让用户苦不堪言，一些手机用户会安装软件，对骚扰电话进行拦截、屏蔽，然而呼叫中心却和用户玩起了攻防战。几天换一批号码，甚至可以随心所欲地任意显示号码。</span> \r\n</p>\r\n<p>\r\n	<span style="color:#000000;font-size:16px;">　　某呼叫中心话务员乙：我要想显示110都可以。</span> \r\n</p>\r\n<p>\r\n	<span style="color:#000000;font-size:16px;">　　尽管知道滥用透传技术显示虚假主叫号码进行诈骗属于违法行为 受利益驱使 一些运营商实际仍为骚扰电话提供各种支持</span> \r\n</p>\r\n<div style="text-align:center;">\r\n	<img alt="" src="http://www.infol.com.cn/data/upload/circle/theme/9/9/49/04799896720372292.png" width="500" height="412" /> \r\n</div>\r\n<p>\r\n	<span style="color:#000000;font-size:16px;">　　在运营商的默许和技术公司的大力支持下，呼叫中心将越来越多的电话拨给了用户，而我们也只能一次又一次地被骚扰，一次又一次地被动应付。</span> \r\n</p>\r\n<p>\r\n	<span style="color:#000000;font-size:16px;">　　终于明白骚扰电话为什么会这么大行其道。从运营商到技术公司，已经形成了一个完整的产业链。 只愿以后没有骚扰电话，垃圾短信也不要有! </span>\r\n</p>\r\n<p style="text-align:center;">\r\n	<br />\r\n</p>\r\n<span style="color:#000000;font-size:16px;"></span> \r\n<p>\r\n	<br />\r\n</p>', ' “您好，办理银行贷款你需要吗?” “本公司有个行业正规发票。” “咱们有做理财计划吗?” “您需要贷款吗?” 相信大家每天都会被这样的电话骚扰得不厌其烦，为什么每天我们会接到这么多骚扰电话?这些电话又是从哪里打出来的呢? 据央视财经报道：骚扰电话不胜其扰，诈骗电话步', 42, 'B2B2C电商平台', '电话骚扰，电话营销，电信诈骗', 1426665920, 0, 0, 0),
(122, 2, '', 1, 255, '苦逼草民好福利：电脑管家可一键升级正版win10，永久免费', '04800203902026542_sm.jpg', '<p style="text-align:justify;line-height:25px;white-space:normal;-webkit-tap-highlight-color:rgba(0, 0, 0, 0);" class="text">\r\n	<br />\r\n</p>\r\n<p style="text-align:center;">\r\n	<span style="color:#000000;font-size:16px;"><img alt="" src="/data/upload/shop/editor/20150318192402_36650.jpg" width="600" height="304" /><br />\r\n</span>\r\n</p>\r\n<p>\r\n	<span style="color:#000000;font-size:16px;">　　微软与腾讯达成战略合作，今后Win7、Win8用户一年内通过腾讯官方渠道升级Win10，可永久免费使用正版Win10。通过电脑管家下载升级Win10速度更快，而且电脑管家还有“一键还原”和“智能客服”等针对普通用户提供的双重安全保障。</span> \r\n</p>\r\n<p>\r\n	<span style="color:#000000;font-size:16px;">　　腾讯科技讯 3月18日，微软Windows硬件工程产业创新峰会(WinHEC)在深圳召开，在中国地区正式发布Windows 10。会上，微软宣布与腾讯达成战略合作，为中国用户提供一键式、超高速、安全有保障的Windows 10免费升级服务。Win7、Win8用户只要一年内通过腾讯官方渠道升级Win10，即可永久免费使用正版Win10。作为微软全球主动防御计划(MAPP)成员单位，腾讯电脑管家携手微软推出了 “Windows10免费升级保障计划”，将为国内用户免费升级正版Windows 10提供安全极速升级、一键还原等系统服务，为Win10用户提供系统级安全保护。</span> \r\n</p>\r\n<p>\r\n	<span style="color:#000000;font-size:16px;">　　<strong><span style="color:#003399;">腾讯电脑管家成Windows 10升级官方合作伙伴</span></strong></span> \r\n</p>\r\n<p>\r\n	<span style="color:#000000;font-size:16px;">　　Windows 10是一款覆盖包括手机、平板、PC的全平台操作系统，让不同平台拥有相同的操作界面和体验。同时打造一个通用的软件平台和应用商店，支持应用程序在跨设备间的无隙操作。Windows 10也被微软成为“有史以来最全面的平台”。</span> \r\n</p>\r\n<p>\r\n	<span style="color:#000000;font-size:16px;">　　腾讯作为Windows 10在中国的官方合作伙伴，将会由腾讯电脑管家推出一键升级Windows 10的服务，用户获得好处可用六字概括：免费、爽快、无忧——只需要点击鼠标按下按键，即可永久免费获得正版Windows 10，其余一切交由电脑管家自动完成即可。</span> \r\n</p>\r\n<p>\r\n	<span style="color:#000000;font-size:16px;">　　据腾讯电脑管家《Windows系统升级意愿调研报告》显示，过往用户未能在Windows新版发布后积极升级，大多由这些原因所致：一是不愿马上花钱买正版;二是在升级过程中缺乏配套支持，如安装过程往往涉及光盘和光驱，但不少电脑早已淘汰光驱，又或没有足够的带宽和时间接收下载包;三是认为安装升级系统过程时间太长，而一旦发生中断将导致数据安全等系列问题;四是升级完后还有很多“善后工作”需要处理，例如升级硬件驱动程序或者重装软件;五是担心在升级过程中缺乏指导帮助，出了问题找不到技术高手驰援。</span> \r\n</p>\r\n<p>\r\n	<span style="color:#000000;font-size:16px;">　　作为国内领先的互联网安全服务厂商，腾讯的电脑管家积累了丰富的技术和经验，这次提供的Win10升级方案将会有效解决以上困扰用户多年的痛点，带来一次真正意义上的完美全新的Windows 升级和安装体验。</span> \r\n</p>\r\n<p>\r\n	<span style="color:#000000;font-size:16px;">　　<strong><span style="color:#003399;">电脑管家推“Windows10免费升级保障计划”</span></strong></span> \r\n</p>\r\n<p>\r\n	<span style="color:#000000;font-size:16px;">　　基于此次微软与腾讯电脑管家达成的官方合作，在未来一年内，用户通过腾讯电脑管家都可以完成正版Windows 10的免费下载、安装、升级，不会再有昔日盗版一旦升级就遇到黑屏等囧事。无论是个人用户还是商业用户，也不论原用Windows是Win 7或者Win8,只要在电脑管家里按下升级按钮，一分钱不花就能用上正版Windows 10。</span> \r\n</p>\r\n<p>\r\n	<span style="color:#000000;font-size:16px;">　　发布会同日，腾讯电脑管家上线了“爽快升Windows10，管家靠得住”官方站(http://guanjia.qq.com/win10 )，用户可以通过官方网站实现极速下载、智能客服、一键还原等保障服务;通过下载电脑管家来升级，不仅可以告别昔日无光盘或光驱就难以安装的麻烦，更告别了龟速下载升级包的日子——由于腾讯是国内拥有最大带宽的网络服务商，因此在加速下载上有很强优势。</span> \r\n</p>\r\n<p>\r\n	<span style="color:#000000;font-size:16px;">　　此外，电脑管家已在升级Windows10版本中为用户打好全部补丁包。这意味着一旦装好Windows10就不用检查还有什么驱动需要补装或者重装。过去，显卡、声卡等驱动在升级新系统后往往容易出现兼容性问题，现在通过电脑管家升级Windows10就能解决得干干净净，用户不用再担心驱动“抽风”了。现在，用户还可以借助于电脑管家软件管理的云后台进行软件的备份和还原，无需惦记于新系统安装后逐一重装软件。</span> \r\n</p>\r\n<p>\r\n	<span style="color:#000000;font-size:16px;">　　“一键还原”和“智能客服”是电脑管家针对普通用户提供的双重安全保障。</span> \r\n</p>\r\n<p>\r\n	<span style="color:#000000;font-size:16px;">　　电脑管家升级Windows10拥有一键还原功能，用户对旧系统的操作和界面念念不忘也好，在安装过程中遇到突然断电的悲剧也好，只需按下系统还原的按钮就能切换到原来系统环境，且不用担心原有资料数据丢失问题。“智能客服”是针对用户的技术专员指导服务，</span> \r\n</p>\r\n<p>\r\n	<span style="color:#000000;font-size:16px;">　　用户在升级Windows10时遇到问题，直接联系腾讯电脑管技术专员便可享受免费升级指导服务。</span> \r\n</p>\r\n<p style="text-align:center;">\r\n	<span style="color:#000000;font-size:16px;"><br />\r\n</span>\r\n</p>', ' 微软与腾讯达成战略合作，今后Win7、Win8用户一年内通过腾讯官方渠道升级Win10，可永久免费使用正版Win10。通过电脑管家下载升级Win10速度更快，而且电脑管家还有“一键还原”和“智能客服”等针对普通用户提供的双重安全保障。 腾讯科技讯 3月18日，微软Windows硬件工程产业创', 46, 'B2B2C电商平台', '腾讯，微软，电脑管家，win10，杀毒软件', 1426677891, 0, 1, 0),
(123, 10, '', 1, 255, '名人足迹留通城之三：大禹 治水壁刻铭文', '04800719264864165_sm.jpg', '<p>\r\n	<span style="color:#000000;font-size:16px;">　　大禹名文命，字高密，号禹，姒姓夏后氏，传说为帝颛顼的曾孙，黄帝轩辕氏第六代玄孙，是古代一位具有雄才大略的政治家、伟人　。禹是夏后氏首领， 夏朝的第一位天子，因此后人也称他为夏禹。他是我国传说时代与尧、舜齐名的贤圣帝王，最卓著的功绩就是历来被传颂的治理滔天洪水，并且划定了中国国土为九州。</span> \r\n</p>\r\n<div style="text-align:center;">\r\n	<img alt="" src="http://www.infol.com.cn/data/upload/circle/theme/10/0/50/04800697104038362.jpg" width="500" height="195" /> \r\n</div>\r\n<p>\r\n	<span style="color:#000000;font-size:16px;">　　相传远古时期，天地茫茫，宇宙洪荒，人民饱受海浸水淹之苦，鄂南地区包括通城在内也是一片汪洋泽国。这一远古的自然灾害，不仅流下了通城地区人们代代相传的洪水淹天的故事，还给这一地区的山川地理名称，染上了一笔难以抹去和水有关的色彩。</span> \r\n</p>\r\n<div style="text-align:center;">\r\n	<img alt="" src="http://www.infol.com.cn/data/upload/circle/theme/10/0/50/04800699026915782.png" width="500" height="331" /> \r\n</div>\r\n<p>\r\n	<span style="color:#000000;font-size:16px;">　　通城境内的两座高山，一是海拨高达1596米的幕阜山(在通城范围叫黄龙山)，山中至今仍留下了“缆船坡” “系舟峰”“ 系船石 ” “ 烂船坡 ” 等地名，就是此山远古还处在泽国之中的有力证明。二是海拔高达1360米的药姑山，也有一个高山峰坡的名称叫烂船坡，并且这一峰坡的药材资源非常丰富。药姑山被称为华中药库，它的名贵药材大都集中在此坡生长，如李时珍在《本草纲目》里所写“难得一把五加，不求金玉满车”中的“五加”，现在还在烂船坡一带俯手皆是。据当地老人讲，这一山坡生长药材的原因是远古洪灾时，有一艘满载药材的船只在此处沉翻，种籽洒落此地。药姑山的山峰坡的名称和传说,也有力地说明了通城区域远古处于荒洪之中。</span> \r\n</p>\r\n<div style="text-align:center;">\r\n	<img alt="" src="http://www.infol.com.cn/data/upload/circle/theme/10/0/50/04800701316055033.jpg" width="500" height="333" /> \r\n</div>\r\n<p>\r\n	<span style="color:#000000;font-size:16px;">　　根据历史记载,洪水为灾时，正值尧帝时代，百姓愁苦不堪。尧帝开始起用禹的父亲鲧治理洪水。鲧治水逢洪筑坝，遇水建堤，采用“堙”的办法，九年而水患依旧肆虐。尧的助手舜行视鲧治水无功，将他诛杀在羽山。接着命鲧的儿子禹继任治水之事。禹接受任务以后，立即与益和后稷一起，召集百姓前来协助。他视察河道，并检讨鲧失败的原因，决定改革治水方法，变堵截为疏导，亲自翻山越岭，淌河过川，拿着工具，从西向东，一路勘测地形的高低，树立标杆，规划水道，踏遍九州。在治水的过程中，他来到了洪灾泛滥的江南，到了汪洋泽地的鄂南，登上了江南中段的制高点幕阜山，察看四周的水情，审视地形和水的流向，对这一带的洪水进行了可能是人类有史以来最初的治理。</span> \r\n</p>\r\n<div style="text-align:center;">\r\n	<img alt="" src="http://www.infol.com.cn/data/upload/shop/editor/20150319091014_54214.jpg" width="500" height="376" /> \r\n</div>\r\n<p>\r\n	<span style="color:#000000;font-size:16px;">　　晋代葛洪对这一远古的历史事件,在他撰写的《幕阜山记》中就有记载：“ 山，有石壁刻铭，上言：禹治水，登此山”。且至今历经几千年，“禹治水，登此山”的石壁铭文，还在幕阜山一山峰石壁上清晰可辩。当地还流传大禹在幕阜山治水时期，祭祀伏羲的故事，说他时而蹑地飞天，时而三五迹步，从幕阜山的缆船坡，系舟峰，一直到一峰尖，都留下了禹帝的足迹，后世称“禹步”。现在在通城民间的祭祀祷神仪式中，还可以看到道士们的此种古老步法动作，赋予它可遣神召灵，获七星之神气，聚气驱邪的神奇力量。</span> \r\n</p>\r\n<p>\r\n	<span style="color:#000000;font-size:16px;">　　注：《永恒的星光----名人足迹留通城》之三 大禹 治水壁刻铭文 作者 黎育林 团结出版社出版 定价35元</span> \r\n</p>\r\n<div style="text-align:center;">\r\n	<br />\r\n</div>\r\n<p>\r\n	<br />\r\n</p>', ' 大禹名文命，字高密，号禹，姒姓夏后氏，传说为帝颛顼的曾孙，黄帝轩辕氏第六代玄孙，是古代一位具有雄才大略的政治家、伟人 。禹是夏后氏首领， 夏朝的第一位天子，因此后人也称他为夏禹。他是我国传说时代与尧、舜齐名的贤圣帝王，最卓著的功绩就是历来被传颂的治理滔天洪水，并且划定了', 18, 'B2B2C电商平台 黎育林', '通城，旅游，大禹治水，传说', 1426728075, 0, 0, 0),
(124, 9, '', 1, 255, '惯子如杀子！再富，也要穷孩子', '04800726114354064_sm.jpg', '<p style="text-align:center;">\r\n	<span style="color:#000000;font-size:16px;"><img alt="" src="/data/upload/shop/editor/20150319093402_30063.jpg" /><br />\r\n</span>\r\n</p>\r\n<p>\r\n	<span style="color:#000000;font-size:16px;">　　前些天，带儿子去逛书局，他吵嚷着要我买一个精致、昂贵但不实用的铅笔盒给他，最后我只买了一个麻雀虽小，五脏俱全的给他，他的嘴顿时呶了起来。</span> \r\n</p>\r\n<p>\r\n	<span style="color:#000000;font-size:16px;">　　接着，他看中一个设计小巧玲珑，曲线优美，尺面图案喧宾夺主地盖过刻度的精美塑料尺，但我买给他的却是一把木尺。</span> \r\n</p>\r\n<p>\r\n	<span style="color:#000000;font-size:16px;">　　他的嘴嘟得更有“克夫”(curve)了。我不作声，打算晚上临睡前才透过故事开导他。</span> \r\n</p>\r\n<p>\r\n	<span style="color:#000000;font-size:16px;">　　自升为人父之后，我一再提醒自己要贯彻一个与东方社会价值观反其道而行的育儿理念─<strong><span style="color:#e53333;">「再富，也要穷孩子!」</span></strong></span> \r\n</p>\r\n<p style="text-align:center;">\r\n	<span style="color:#000000;font-size:16px;"><strong><span style="color:#e53333;"><img alt="" src="/data/upload/shop/editor/20150319093423_59828.jpg" /><br />\r\n</span></strong></span>\r\n</p>\r\n<p>\r\n	<span style="color:#000000;font-size:16px;">　　但几年下来，我渐感难于坚持下去，直到有一天我辗转读到南京大学一布告栏上，一封署名为“辛酸的父亲”写给其上大学儿子的“匿名信”之后，才又深感无论如何都得贯彻这个理念。</span> \r\n</p>\r\n<p>\r\n	<span style="color:#000000;font-size:16px;"><br />\r\n</span>\r\n</p>\r\n<p>\r\n	<span style="color:#000000;font-size:16px;">　　<strong>这封信很有转述的价值，摘录如下：</strong></span> \r\n</p>\r\n<p>\r\n	<span style="color:#000000;font-size:16px;">　　亲爱的儿子：</span> \r\n</p>\r\n<p>\r\n	<span style="color:#000000;font-size:16px;">　　尽管你伤透了我的心，但是你终究是我的儿子。虽然，自从你考上大学，成为我们家几代唯一一个大学生后，分不清咱俩谁是谁的儿子。</span> \r\n</p>\r\n<p>\r\n	<span style="color:#000000;font-size:16px;">　　扛着行李陪你去大学报到，挂蚊帐、铺被子、买饭菜票，甚至教你挤牙膏，这一切，在你看来是天经地义的，你甚至感觉你这个不争气的老爸给你这位争气的大学生儿子服务，是一件特沾光特荣耀的事。</span> \r\n</p>\r\n<p style="text-align:center;">\r\n	<span style="color:#000000;font-size:16px;"><img alt="" src="/data/upload/shop/editor/20150319093503_76610.jpg" /><br />\r\n</span>\r\n</p>\r\n<p>\r\n	<span style="color:#000000;font-size:16px;">　　在你读大学的第一学期，我们收到过你的三封信，加起来比一封电报长不了多少，言简意赅，主题鲜明，字迹通篇潦草，只一个“钱”字特别工整、而且清晰。</span> \r\n</p>\r\n<p>\r\n	<span style="color:#000000;font-size:16px;">　　大二以后，从你一封接一封的催款信上我们能感受到，言辞之急迫、语调之恳切，让人感觉你今后大学毕业时可以去当个优秀的讨债人……。</span> \r\n</p>\r\n<p>\r\n	<span style="color:#000000;font-size:16px;">　　<span style="color:#e53333;">最令我痛心的是，今年暑假，你居然偷改入学收费通知，虚报学费…，没想到你竟也运用这招，来对付生你、养你、爱你、疼你的父亲母亲，仅仅为了能出入卡拉OK及酒吧…。</span></span> \r\n</p>\r\n<p style="text-align:center;">\r\n	<span style="color:#000000;font-size:16px;"><span style="color:#e53333;"><img alt="" src="/data/upload/shop/editor/20150319093543_64615.jpg" /><br />\r\n</span></span>\r\n</p>\r\n<p>\r\n	<span style="color:#000000;font-size:16px;">　　我一想起这事就痛苦，就失眠!这已成为一种心病，病根就是你——我亲手抚养大却又倍感陌生的大学生儿子。不知在大学你除了增加文化知识和社会阅历之外，还能否长一丁点善良的心?</span> \r\n</p>\r\n<p>\r\n	<span style="color:#000000;font-size:16px;">　　阅毕整封信，我想起妻怀孕时一位辛酸的父亲，第一次上超音波做扫描时，我最关心的不是胎儿的性别，而是他到底是孤身上路抑或结伴而来─双胞胎甚或四胞胎?</span> \r\n</p>\r\n<p>\r\n	<span style="color:#000000;font-size:16px;">　　我执教的学校，有二男二女各取名为“欢、乐、新、年”的四胞胎兄妹。我常看到他们的爸爸拎着四份一模一样的便当盒，在篱笆外分四次塞给四名可爱的孩子;而每次看到他们蹦蹦跳跳地回课室享用，便知道他们对便当的“内涵”相当满意。我身为穷教员，如果孩子是结伴而来，我所能给他们准备的便当的内容，恐怕会顾得了量而顾不了质。</span> \r\n</p>\r\n<p style="text-align:center;">\r\n	<span style="color:#000000;font-size:16px;"><img alt="" src="/data/upload/shop/editor/20150319093646_86110.png" /><br />\r\n</span>\r\n</p>\r\n<p>\r\n	<span style="color:#000000;font-size:16px;">　　我之所以会有这种顾虑，主要是受华人「再苦，不能苦了孩子!」的传统观念所影响。直到有一天，我那移居澳洲多年的老同学回国探亲，及时给我来个当头棒喝。</span> \r\n</p>\r\n<p>\r\n	<span style="color:#000000;font-size:16px;">　　据他说，澳洲人民生活富裕，然而他们在信奉上帝之余更信奉：「再富，也要“穷”孩子!」的教育理念。他们认为，在过份呵护下长大的孩子，将无法自立并且不懂感恩!</span> \r\n</p>\r\n<p>\r\n	<span style="color:#000000;font-size:16px;">　　他回国的第二天，我陪他冒着风雨出外办点事，他指着一个被包裹得像棉花团的华人小孩说：「孩子应当比大人少穿一件衣服!」他说在澳洲，即使冬天时也很难见到「棉花团」;如果是艳阳高照，母亲们也会别有用心地、故意不撑开婴儿车的遮阳棚。</span> \r\n</p>\r\n<p style="text-align:center;">\r\n	<span style="color:#000000;font-size:16px;"><img alt="" src="/data/upload/shop/editor/20150319093659_13809.jpg" /><br />\r\n</span>\r\n</p>\r\n<p>\r\n	<span style="color:#000000;font-size:16px;">　　<span style="color:#e53333;">我们东方家庭「再苦，也不能苦孩子!」的做法，看来有纠正的必要了。那天晚上，我思前想后，决定等将来孩子入学了，为他准备一些“其貌不扬”的便当，以穷他物质，富他精神。</span></span> \r\n</p>\r\n<p>\r\n	<span style="color:#000000;font-size:16px;">　　我手头上有这么一则数据：美国费城纳尔逊中学门口有两尊雕塑，左边是一只苍鹰，右边是一匹奔马。雕塑所要表达的不是我们耳熟能详的鹏程万里马到成功，而是象征一只饿死的鹰和一匹被剥了皮的马。</span> \r\n</p>\r\n<p>\r\n	<span style="color:#000000;font-size:16px;">　　<span style="color:#e53333;">原来，那只苍鹰，为了加速实现飞遍五大洲七大洋的伟大理想，练就了各种高超优雅的飞行本领，结果忘了学习觅食，只飞了四天就活活饿死了。</span></span> \r\n</p>\r\n<p>\r\n	<span style="color:#000000;font-size:16px;">　　那匹奔马嫌第一位主人─磨坊老板给的活多，就乞求上帝把它换到农夫家;而后又嫌农夫喂的饲料少，又要求与其它马对调，最后到了皮匠家─不必干活，饲料又多，好不惬意。然而没过多少天，它的皮就被皮匠剥下来做了皮革!</span> \r\n</p>\r\n<p style="text-align:center;">\r\n	<span style="color:#000000;font-size:16px;"><img alt="" src="/data/upload/shop/editor/20150319094421_95111.jpg" /><br />\r\n</span>\r\n</p>\r\n<p>\r\n	<span style="color:#000000;font-size:16px;">　　由此可窥见，一个缺乏起码的独立生存能力及不懂感恩的人，无论他有多大的才华，日后有多了不起的成就，都不算是一个健全的人，都是一个生命有缺憾的人。</span> \r\n</p>\r\n<p>\r\n	<span style="color:#000000;font-size:16px;">　　动物界有一套超越万物之灵的育儿理念，许多动物在它们的幼儿很羸弱时，会把它的幼崽含在嘴或在翼下，怕它们遇险而夭折;但当它们的孩子长大些，它们会毫不留情地把孩子赶离自己身边，让它们独自去经风雨、练本领，甚至不给孩子留下回头路!只有这么做，孩子才能经得起任何风浪之袭击，才能够绝处逢生。</span> \r\n</p>\r\n<p>\r\n	<span style="color:#000000;font-size:16px;">　　含在嘴或在翼下和赶离身边，都是父母对孩子不同的爱的体现，连动物也深懂「惯子如杀子」的道理。</span> \r\n</p>\r\n<p>\r\n	<span style="color:#000000;font-size:16px;">　　(文章转自网络)</span> \r\n</p>\r\n<p style="text-align:center;">\r\n	<span style="color:#000000;font-size:16px;"><br />\r\n</span>\r\n</p>', ' 前些天，带儿子去逛书局，他吵嚷着要我买一个精致、昂贵但不实用的铅笔盒给他，最后我只买了一个麻雀虽小，五脏俱全的给他，他的嘴顿时呶了起来。 接着，他看中一个设计小巧玲珑，曲线优美，尺面图案喧宾夺主地盖过刻度的精美塑料尺，但我买给他的却是一把木尺。 他的嘴嘟得更有“克夫”(', 27, 'B2B2C电商平台', '亲子，教育', 1426729485, 0, 1, 0),
(125, 10, '', 1, 255, '通城近代著名武学家，抗倭英雄葛贵善', '04800736994771313_sm.jpg', '<p>\r\n	<span style="color:#000000;font-size:16px;"><strong>　　葛贵善(1829--1911) 字方兴。通城麦市西冲人，乃近代本县著名的武学家，通城少林派始祖，美名远扬鄂，湘，赣，闽四省。</strong></span> \r\n</p>\r\n<p>\r\n	<span style="color:#000000;font-size:16px;"><strong>　　道光十二年开始接受文武启蒙教育。道光二十四年弃文专习武功。咸丰三年告别家人只身外出，在湖南先后接受三位武学前辈的教育。咸丰四年八月参加在湘潭举行的全湘青年武术擂台赛，夺得第一名，名誉三湘。</strong></span> \r\n</p>\r\n<p style="text-align:center;">\r\n	<img alt="" src="/data/upload/shop/editor/20150319094325_10524.jpg" width="500" height="340" /> \r\n</p>\r\n<span style="font-size:16px;"></span> \r\n<p>\r\n	<span style="color:#000000;font-size:16px;"><strong>　　咸丰六年，从湘入闽，到福建南少林寺，以俗家弟子的身份和众武僧一道苦练南少林功夫，他最感兴趣的是镇寺之宝地狗拳，这套拳术，完全不同于他以前学的拳上功夫，它讲究的是上中下三盘的攻防与背后偷袭的反制，当人练到较高境界的时候，只听得风声呼呼，只看见人影在晃动，可谓连水都泼不进。他在南少林三年，完全领会了地狗拳的奥妙。</strong></span> \r\n</p>\r\n<p style="text-align:center;">\r\n	<img alt="" src="/data/upload/shop/editor/20150319094416_24452.jpg" width="500" height="354" /> \r\n</p>\r\n<span style="font-size:16px;"></span> \r\n<p>\r\n	<span style="color:#000000;font-size:16px;"><strong>　　当时，福建沿海一带经常有倭寇的侵扰，这些倭寇烧杀抢掠，无恶不作。贵善自幼主张正义，对倭寇的恶行深恶痛绝。他与当地军民一道多次痛击倭寇，维护了当地的稳定，当地人称之为湖广侠。为防止倭寇的报复，他在当地组织民团习武，亲授当地民众武术。</strong></span> \r\n</p>\r\n<p style="text-align:center;">\r\n	<img alt="" src="/data/upload/shop/editor/20150319094458_26652.jpg" /> \r\n</p>\r\n<span style="font-size:16px;"></span> \r\n<p>\r\n	<span style="color:#000000;font-size:16px;"><strong>　　咸丰八年，离闽北上，一路来到河南嵩山少林寺，研习少林武功。他在少林寺八年，涉足了少林的十八般武艺。同治五年返鄂，于同治八年回到家乡。第二年正月，四十岁的他才结婚。回乡后建馆授徒。边授边研，将地狗拳与少林金刚拳合练为一，形成特色的抢步拳，可惜撰写的众多武术书籍均失落失传。</strong></span> \r\n</p>\r\n<p>\r\n	<span style="font-size:16px;"><span style="color:#000000;"><strong>　　贵善一生经历道光，咸丰，同治，光诸，宣统五帝，拒参加湘军，击倭寇，留佳话，于宣统三年(1911年)无疾而终，享年八十二岁。后人评价：美德第一，武功第二。（</strong>文/</span><span style="color:#000000;">龚长祥<strong>）</strong></span></span> \r\n</p>', ' 葛贵善(1829--1911) 字方兴。通城麦市西冲人，乃近代本县著名的武学家，通城少林派始祖，美名远扬鄂，湘，赣，闽四省。 道光十二年开始接受文武启蒙教育。道光二十四年弃文专习武功。咸丰三年告别家人只身外出，在湖南先后接受三位武学前辈的教育。咸丰四年八月参加在湘潭举行的全湘', 42, '', '通城，近代名人，抗倭英雄', 1426729730, 0, 0, 0);
INSERT INTO `cor_life_article` (`article_id`, `ac_id`, `article_url`, `article_show`, `article_sort`, `article_title`, `thumb`, `article_content`, `description`, `click`, `source`, `tag`, `article_time`, `is_head`, `is_best`, `is_hot`) VALUES
(126, 11, '', 1, 255, '再忙再有钱也要看看这篇文章，朋友圈火翻了！', '04800755274257442_sm.jpg', '<p style="text-align:left;">\r\n	<span style="color:#000000;font-size:16px;">　　(01)</span> \r\n</p>\r\n<p style="text-align:left;">\r\n	<span style="color:#000000;font-size:16px;">　　救护车一响，一年猪白养;</span> \r\n</p>\r\n<p style="text-align:left;">\r\n	<span style="color:#000000;font-size:16px;">　　住上一次院，三年活白干;</span> \r\n</p>\r\n<p style="text-align:left;">\r\n	<span style="color:#000000;font-size:16px;">　　十年努力奔小康，一场大病全泡汤!</span> \r\n</p>\r\n<div style="text-align:left;">\r\n	<img alt="" src="/data/upload/shop/editor/20150319101121_62064.jpg" /><br />\r\n</div>\r\n<p style="text-align:left;">\r\n	<span style="color:#000000;font-size:16px;">　　(02)</span> \r\n</p>\r\n<p style="text-align:left;">\r\n	<span style="color:#000000;font-size:16px;">　　小病……拖;</span> \r\n</p>\r\n<p style="text-align:left;">\r\n	<span style="color:#000000;font-size:16px;">　　大病……杠;</span> \r\n</p>\r\n<p style="text-align:left;">\r\n	<span style="color:#000000;font-size:16px;">　　病危等着见阎王!</span> \r\n</p>\r\n<div style="text-align:left;">\r\n	<img alt="" src="/data/upload/shop/editor/20150319101150_42546.jpg" /><br />\r\n</div>\r\n<p style="text-align:left;">\r\n	<span style="color:#000000;font-size:16px;">　　(03)</span> \r\n</p>\r\n<p style="text-align:left;">\r\n	<span style="color:#000000;font-size:16px;">　　健康投资总没钱，有也说没有;</span> \r\n</p>\r\n<p style="text-align:left;">\r\n	<span style="color:#000000;font-size:16px;">　　等到病时花万千，没有也得有!</span> \r\n</p>\r\n<p style="text-align:left;">\r\n	<span style="color:#000000;font-size:16px;">　　若要与人谈健康，有空也说忙;</span> \r\n</p>\r\n<p style="text-align:left;">\r\n	<span style="color:#000000;font-size:16px;">　　阎王召见命归天，没空也得去!</span> \r\n</p>\r\n<p style="text-align:left;">\r\n	<span style="color:#000000;font-size:16px;"><img alt="" src="/data/upload/shop/editor/20150319101704_19247.jpg" /><br />\r\n</span>\r\n</p>\r\n<p style="text-align:left;">\r\n	<span style="color:#000000;font-size:16px;">　　(04)</span> \r\n</p>\r\n<p style="text-align:left;">\r\n	<span style="color:#000000;font-size:16px;">　　21世纪什么最昂贵……健康最贵!</span> \r\n</p>\r\n<p style="text-align:left;">\r\n	<span style="color:#000000;font-size:16px;">　　21世纪什么楼最高……医院!</span> \r\n</p>\r\n<p style="text-align:left;">\r\n	<span style="color:#000000;font-size:16px;">　　21世纪什么地方住满人却还得往里挤……</span> \r\n</p>\r\n<p style="text-align:left;">\r\n	<span style="color:#000000;font-size:16px;">　　医院住院部都住不进还得托关系往里挤。</span> \r\n</p>\r\n<p style="text-align:left;">\r\n	<span style="color:#000000;font-size:16px;">　　21世纪什么地方消费只收现金……还是医院!</span> \r\n</p>\r\n<p style="text-align:left;">\r\n	<span style="color:#000000;font-size:16px;"><img alt="" src="/data/upload/shop/editor/20150319101721_54766.jpg" /><br />\r\n</span>\r\n</p>\r\n<p style="text-align:left;">\r\n	<span style="color:#000000;font-size:16px;">　　(05)</span> \r\n</p>\r\n<p style="text-align:left;">\r\n	<span style="color:#000000;font-size:16px;">　　您现在不养生，以后养医生!</span> \r\n</p>\r\n<p style="text-align:left;">\r\n	<span style="color:#000000;font-size:16px;">　　在健康方面花钱花时间就不用担心!</span> \r\n</p>\r\n<p style="text-align:left;">\r\n	<span style="color:#000000;font-size:16px;">　　因为你花的都不是你的钱，是医院的钱!</span> \r\n</p>\r\n<p style="text-align:left;">\r\n	<span style="color:#000000;font-size:16px;">　　您不花，医院早晚也会收回去!</span> \r\n</p>\r\n<p style="text-align:left;">\r\n	<span style="color:#000000;font-size:16px;"><img alt="" src="/data/upload/shop/editor/20150319101742_81740.jpg" /><br />\r\n</span>\r\n</p>\r\n<p style="text-align:left;">\r\n	<span style="color:#000000;font-size:16px;">　　(06)</span> \r\n</p>\r\n<p style="text-align:left;">\r\n	<span style="color:#000000;font-size:16px;">　　什么是健康?</span> \r\n</p>\r\n<p style="text-align:left;">\r\n	<span style="color:#000000;font-size:16px;">　　健康是自己不受罪，</span> \r\n</p>\r\n<p style="text-align:left;">\r\n	<span style="color:#000000;font-size:16px;">　　健康是儿女不受累，</span> \r\n</p>\r\n<p style="text-align:left;">\r\n	<span style="color:#000000;font-size:16px;">　　健康是少拿医药费，</span> \r\n</p>\r\n<p style="text-align:left;">\r\n	<span style="color:#000000;font-size:16px;">　　健康是多得养老费!</span> \r\n</p>\r\n<div style="text-align:left;">\r\n	<img alt="" src="/data/upload/shop/editor/20150319101217_40830.jpg" /><br />\r\n</div>\r\n<p style="text-align:left;">\r\n	<span style="color:#000000;font-size:16px;">　　(07)</span> \r\n</p>\r\n<p style="text-align:left;">\r\n	<span style="color:#000000;font-size:16px;">　　健康与金钱的关系是什么?</span> \r\n</p>\r\n<p style="text-align:left;">\r\n	<span style="color:#000000;font-size:16px;">　　健康是无形资产，</span> \r\n</p>\r\n<p style="text-align:left;">\r\n	<span style="color:#000000;font-size:16px;">　　保健是银行存款，</span> \r\n</p>\r\n<p style="text-align:left;">\r\n	<span style="color:#000000;font-size:16px;">　　疾病是恶性透支，</span> \r\n</p>\r\n<p style="text-align:left;">\r\n	<span style="color:#000000;font-size:16px;">　　大病是倾家荡产!</span> \r\n</p>\r\n<div style="text-align:left;">\r\n	<img alt="" src="/data/upload/shop/editor/20150319101234_11128.jpg" /><br />\r\n</div>\r\n<p style="text-align:left;">\r\n	<span style="color:#000000;font-size:16px;">　　(08)</span> \r\n</p>\r\n<p style="text-align:left;">\r\n	<span style="color:#000000;font-size:16px;">　　辛苦奋斗几十年，</span> \r\n</p>\r\n<p style="text-align:left;">\r\n	<span style="color:#000000;font-size:16px;">　　一场大病回从前，</span> \r\n</p>\r\n<p style="text-align:left;">\r\n	<span style="color:#000000;font-size:16px;">　　爱妻爱子爱家庭，</span> \r\n</p>\r\n<p style="text-align:left;">\r\n	<span style="color:#000000;font-size:16px;">　　不爱健康等于零!</span> \r\n</p>\r\n<p style="text-align:left;">\r\n	<br />\r\n</p>', ' (01) 救护车一响，一年猪白养; 住上一次院，三年活白干; 十年努力奔小康，一场大病全泡汤! (02) 小病……拖; 大病……杠; 病危等着见阎王! (03) 健康投资总没钱，有也说没有; 等到病时花万千，没有也得有! 若要与人谈健康，有空也说忙; 阎王召见命归天，没空也得去! (04) 21世纪什么', 77, 'B2B2C电商平台', '养生，健康', 1426731538, 0, 1, 0),
(127, 12, '', 1, 255, '原创诗歌赏析：港澳旅游诗词糸列一', '04800768551670367_sm.jpg', '<p style="text-align:center;">\r\n	<img style="line-height:36px;font-family:宋体;font-size:24px;" alt="" src="/data/upload/shop/editor/20150319105615_93979.jpg" width="500" height="347" /><span style="color:#000000;font-size:16px;"><strong>&nbsp;</strong></span>&nbsp;\r\n</p>\r\n<p style="text-align:center;">\r\n	<span style="font-family:宋体;color:#000000;font-size:18px;"><strong>香</strong></span><span style="font-family:宋体;color:#000000;font-size:18px;"><strong>&nbsp;&nbsp;</strong></span><span style="font-family:宋体;color:#000000;font-size:18px;"><strong>港</strong></span><span style="font-family:宋体;color:#000000;font-size:18px;"><strong>&nbsp;&nbsp;</strong></span><span style="font-family:宋体;color:#000000;font-size:18px;"><strong>游</strong></span><span><br />\r\n<br />\r\n</span><span style="font-family:宋体;color:#000000;font-size:16px;"><strong>儿时倚梦往香江，今日游港喜若狂。</strong></span><span><br />\r\n<br />\r\n</span><span style="font-family:宋体;color:#000000;font-size:16px;"><strong>五关六阵验身份，男女老少过皇岗。</strong></span><span><br />\r\n<br />\r\n</span><span style="font-family:宋体;color:#000000;font-size:16px;"><strong>游玩住行节奏紧，吃喝拉撒排队忙。</strong></span><span><br />\r\n<br />\r\n</span><span style="font-family:宋体;color:#000000;font-size:16px;"><strong>物价昂贵逼好汉，钱财恨少羞包囊。</strong></span> \r\n</p>\r\n<p style="text-align:center;">\r\n	<span style="font-family:宋体;color:#000000;font-size:16px;"><strong><br />\r\n</strong></span>\r\n</p>\r\n<span style="font-family:宋体;color:#000000;font-size:24px;"></span> \r\n<p style="text-align:center;" class="MsoNormal">\r\n	<img alt="" src="/data/upload/shop/editor/20150319105657_40171.jpg" width="500" height="327" /><span style="font-family:宋体;font-size:12pt;"></span><span style="font-size:16px;">&nbsp;</span><span> </span>\r\n</p>\r\n<p style="text-align:center;">\r\n	<br />\r\n</p>\r\n<p style="text-align:center;white-space:normal;" class="MsoNormal">\r\n	<span style="font-size:16px;"><strong><span style="font-family:宋体;color:#000000;font-size:18px;">澳</span></strong><strong><span style="font-family:宋体;color:#000000;font-size:18px;">&nbsp;&nbsp;&nbsp;&nbsp;&nbsp;</span></strong><strong><span style="font-family:宋体;color:#000000;font-size:18px;">门</span></strong><br />\r\n</span>\r\n</p>\r\n<p style="text-align:center;white-space:normal;" class="MsoNormal">\r\n	<span style="font-family:宋体;color:#000000;font-size:16px;"><strong>著名诗人闻一多，留下杰作七子歌。</strong></span> \r\n</p>\r\n<p style="text-align:center;white-space:normal;" class="MsoNormal">\r\n	<span style="font-family:宋体;color:#000000;font-size:16px;"><strong>心盼回归报国恨，梦碎天国斩阎罗。</strong></span> \r\n</p>\r\n<p style="text-align:center;white-space:normal;" class="MsoNormal">\r\n	<span style="font-family:宋体;color:#000000;font-size:16px;"><strong>五星红旗港澳展，一国两制天地和。</strong></span> \r\n</p>\r\n<p style="text-align:center;white-space:normal;" class="MsoNormal">\r\n	<span style="font-family:宋体;color:#000000;font-size:16px;"><strong>民族复兴歌盛世，中华统一大山河。</strong></span> \r\n</p>\r\n<div>\r\n	<strong><br />\r\n</strong>\r\n</div>\r\n<p style="text-align:center;" class="MsoNormal">\r\n	<img alt="" src="/data/upload/shop/editor/20150319105725_88162.jpg" width="500" height="316" /><span></span><span style="font-size:16px;">&nbsp;&nbsp;</span> \r\n</p>\r\n<p style="text-align:center;" class="MsoNormal">\r\n	<br />\r\n</p>', ' 香 港 游 儿时倚梦往香江，今日游港喜若狂。 五关六阵验身份，男女老少过皇岗。 游玩住行节奏紧，吃喝拉撒排队忙。 物价昂贵逼好汉，钱财恨少羞包囊。 澳 门 著名诗人闻一多，留下杰作七子歌。 心盼回归报国恨，梦碎天国斩阎罗。 五星红旗港澳展，一国两制天地和。 民族复兴歌盛世，中', 56, 'B2B2C电商平台  夏世雄', '原创文学，诗歌，通城，港澳游', 1426733005, 0, 0, 0);

-- --------------------------------------------------------

--
-- 表的结构 `cor_life_article_class`
--

CREATE TABLE IF NOT EXISTS `cor_life_article_class` (
  `ac_id` int(10) unsigned NOT NULL AUTO_INCREMENT COMMENT '索引ID',
  `ac_code` varchar(20) DEFAULT NULL COMMENT '分类标识码',
  `ac_name` varchar(100) NOT NULL COMMENT '分类名称',
  `ac_parent_id` int(10) unsigned NOT NULL DEFAULT '0' COMMENT '父ID',
  `ac_sort` tinyint(1) unsigned NOT NULL DEFAULT '255' COMMENT '排序',
  PRIMARY KEY (`ac_id`),
  KEY `ac_parent_id` (`ac_parent_id`)
) ENGINE=InnoDB  DEFAULT CHARSET=utf8 COMMENT='文章分类表' AUTO_INCREMENT=13 ;

--
-- 转存表中的数据 `cor_life_article_class`
--

INSERT INTO `cor_life_article_class` (`ac_id`, `ac_code`, `ac_name`, `ac_parent_id`, `ac_sort`) VALUES
(1, NULL, '汇生活', 0, 255),
(2, NULL, '便民资讯', 0, 255),
(3, NULL, '趣闻逸事', 1, 5),
(4, NULL, '企业风采', 1, 2),
(5, NULL, '前沿营销', 1, 3),
(6, NULL, '生活贴士', 1, 8),
(7, NULL, '城事热点', 1, 1),
(8, NULL, '草根创业', 1, 4),
(9, NULL, '亲子教育', 1, 6),
(10, NULL, '旅游特产', 1, 7),
(11, NULL, '百味人生', 1, 9),
(12, NULL, '原创文学', 1, 10);

-- --------------------------------------------------------

--
-- 表的结构 `cor_life_ask`
--

CREATE TABLE IF NOT EXISTS `cor_life_ask` (
  `id` int(11) NOT NULL AUTO_INCREMENT COMMENT '索引id',
  `url` varchar(100) DEFAULT NULL COMMENT '跳转链接',
  `is_show` tinyint(1) unsigned NOT NULL DEFAULT '1' COMMENT '是否显示，0为否，1为是，默认为1',
  `sort` tinyint(3) unsigned NOT NULL DEFAULT '255' COMMENT '排序',
  `title` varchar(100) DEFAULT NULL COMMENT '标题',
  `content` text COMMENT '内容',
  `description` varchar(255) NOT NULL DEFAULT '',
  `time` int(10) unsigned NOT NULL DEFAULT '0' COMMENT '发布时间',
  `is_best` tinyint(1) unsigned NOT NULL DEFAULT '0',
  `is_hot` tinyint(1) unsigned NOT NULL DEFAULT '0',
  `click` int(10) unsigned NOT NULL DEFAULT '0',
  PRIMARY KEY (`id`)
) ENGINE=InnoDB  DEFAULT CHARSET=utf8 COMMENT='文章表' AUTO_INCREMENT=11 ;

--
-- 转存表中的数据 `cor_life_ask`
--

INSERT INTO `cor_life_ask` (`id`, `url`, `is_show`, `sort`, `title`, `content`, `description`, `time`, `is_best`, `is_hot`, `click`) VALUES
(1, '', 1, 255, '驾驶证换证该怎么办理？', '<span style="color:#555555;font-family:微软雅黑, Arial, Verdana, 宋体, ''Lucida Grande'', ''Lucida Sans Unicode'', Helvetica, sans-serif;font-size:14px;line-height:20px;background-color:#FFFFFF;">\r\n\r\n	<span style="color:#000000;">　　你好! 驾驶证有效期满前90日内，持身份证、驾驶证、身体条件证明和证件相片 \r\n三张到核发地车管所领取并写《机动车驾驶证申请表》，一并提交办理换证业务即是，交付少少工本费后领回新的驾驶证。 \r\n如果你本人有因或在异地不能自己申请办理换证业务时。你可将身份证、 驾驶证、县以上医疗机构出具的身体条件(体检)证明和你的证件相片三 \r\n张一同寄回，委托家人或朋友帮忙办理。 但你必须在暂住地车管所领取并填写好一份《机动车驾驶证申请表》(体 \r\n检表亦在暂住地车管所领取，体检后)再寄回，因为此表要与委托人共同 签字方可办理。</span>\r\n\r\n</span>', ' 你好! 驾驶证有效期满前90日内，持身份证、驾驶证、身体条件证明和证件相片 三张到核发地车管所领取并写《机动车驾驶证申请表》，一并提交办理换证业务即是，交付少少工本费后领回新的驾驶证。 如果你本人有因或在异地不能自己申请办理换证业务时。你可将身份证、 驾驶证、县', 1420621437, 1, 1, 39),
(2, '', 1, 255, '如何办理小孩出生证？', '<p>\r\n	<span style="color:#000000;font-size:14px;">　　一般正常情况下(在家长有准生证，身份证，户口本)，在医院正规渠道出生的孩子可以直接在医院办理出生证明!</span>\r\n</p>\r\n<p>\r\n	<span style="color:#000000;font-size:14px;">　　</span><strong><span style="color:#000000;font-size:14px;">填表及办理出生证明须知如下：</span></strong>\r\n</p>\r\n<p>\r\n	<span style="color:#000000;font-size:14px;">　　1、填表要求：新生儿姓名一栏可空项，其余项目均需如实填写不得空项。父、母亲姓名需与身份证明、住院病历上的姓名一致，否则不能办理出生证明。职业、单位可简写或写无。父、母双方户口地址需与户口本上(第一页)地址一致。婴儿户口随父、随母请画圈。</span>\r\n</p>\r\n<p>\r\n	<span style="color:#000000;font-size:14px;">　　2; 在您的孩子出生后20天之内务必办理出生证明，请提前起好并确定婴儿的名字。</span>\r\n</p>\r\n<p>\r\n	<span style="color:#000000;font-size:14px;">　　3、 \r\n需带证件如下：婴儿父、母双方的身份证原件(复印件及过期身份证均无效)、父母双方的户口本原件(集体户口和外地户口可带复印件)、生育服务证或结婚证(未婚者需婴儿父母写未婚申明)，另需带上出院通知单。</span>\r\n</p>\r\n<p>\r\n	<span style="color:#000000;font-size:14px;">　　4、 根据国家相关法规规定证件不齐不能办理出生证明。</span>\r\n</p>\r\n<p>\r\n	<span style="color:#000000;font-size:14px;">　　5、 \r\n办理出生证明需婴儿父母亲自办理。如婴儿父母不能亲自办理，委托他人代办需写一份委托书，并带齐双方证件。(婴儿父母只来一位办理即可)。出生证明打印好后婴儿姓名不能更改。</span>\r\n</p>\r\n<p>\r\n	<span style="color:#000000;font-size:14px;">　　</span><strong><span style="color:#000000;font-size:14px;">出生证明细节提醒</span></strong>\r\n</p>\r\n<p>\r\n	<span style="color:#000000;font-size:14px;">　　A.填写《出生医学证明自填单》一定要认真仔细，因为一经填写、打印，就不得更改。</span>\r\n</p>\r\n<p>\r\n	<span style="color:#000000;font-size:14px;">　　B.收到《出生医学证明》后要认真核对。如发现有填写错误时，应及时向医院申请换发。《出生证》严禁涂改，一旦涂改，视为无效。</span>\r\n</p>\r\n<p>\r\n	<span style="color:#000000;font-size:14px;">　　C.《出生医学证明》是婴儿的有效法律凭证，要妥善保管。</span>\r\n</p>\r\n<p>\r\n	<span style="color:#000000;font-size:14px;">　　</span><strong><span style="color:#000000;font-size:14px;">关于出生证明的特别提示</span></strong>\r\n</p>\r\n<p>\r\n	<span style="color:#000000;font-size:14px;">　　在办理“出生医学证明”之前，先要起好宝宝的名字。为了顺利拿到宝宝的出生证明，在出院前一定要定下宝宝的名字了。</span>\r\n</p>\r\n<p>\r\n	<span style="color:#000000;font-size:14px;">　　给宝宝取名的时候，不要刻意在字典里翻出某个冷僻的字来，这样可以避免很多尴尬。如今登记或报名考试都用电脑信息系统，过分冷僻的字，打字员也许要花费很多精力从字库里寻找，或者电脑里根本找不到这个字，麻烦还真不少呢。</span>\r\n</p>\r\n<p>\r\n	<span style="color:#000000;font-size:14px;">　　</span><strong><span style="color:#000000;font-size:14px;">关于补办出生证：</span></strong>\r\n</p>\r\n<p>\r\n	<span style="color:#000000;font-size:14px;">　　出生证明丢了，补办出生证明比较麻烦，而且出生证在孩子的一生中都有重要作用，所以父母应该妥善保管。【补办出生证明相关规定】补办出生证明所需材料：1、当地计生委开的证明。此证明需要医院和街道的证明。2、你的未婚妻父母的生育证(准生证)3、你的未婚妻的父母的身份证。一般情况下都有专门人负责!强调，证明一定要按要求填写。你可以到当地卫生部门的保健站先问问证明的格式!一般就是这样补办，祝你顺利!遗失《出生医学证明》要求补发，应向县级以上卫生行政部门或委托管理机构。提出书面申请，并提交如下材料：(一)原《出生医学证明》签发单位提供的新生儿出生医学记录及原《出生医学证明》编号的证明。(二)父母双方户口簿及身份证。经核实情况属实给予补发，同时登记备案。未办理户籍手续前遗失《出生医学证明》的，补发《出生医学证明》正、副页;办理户籍手续后遗失的，只补发《出生医学证明》 \r\n正页。具体补发程序由各地卫生行政部门根据本地实际情况制定。</span>\r\n</p>', ' 一般正常情况下(在家长有准生证，身份证，户口本)，在医院正规渠道出生的孩子可以直接在医院办理出生证明! 填表及办理出生证明须知如下： 1、填表要求：新生儿姓名一栏可空项，其余项目均需如实填写不得空项。父、母亲姓名需与身份证明、住院病历上的姓名一致，否则不能办理出生证明', 1420621447, 1, 1, 11),
(3, '', 1, 255, '通城县在哪里？', '<p>\r\n	<span style="color:#000000;font-size:14px;">　　通城县位于湖北省东南部，界湘北，接赣西，是湖北省的南大门，素有“一脚踏三省”和“吴楚咽喉”、“茶麻古道”、“茶叶之乡”、“云母之乡”、“牲猪大县”、“砂布王国”、“天然药库”等美誉，历为湘鄂赣边贸重镇。</span> \r\n</p>\r\n<p>\r\n	<span style="color:#000000;font-size:14px;">　　通城辖两乡九镇、3个林区和1个省级经济开发区，人口51万(县城常住人口15万)，县域面积1140平方公里。全县通行方言为通城话(属赣语大通片)。城市功能齐全，布局合理，商贸区居中，工业区、教育区、行政区、居民区为城之四翼。风光秀美，天然浑朴;资源独特，物阜民丰;经济强劲，特色鲜明。</span> \r\n</p>\r\n<p>\r\n	<span style="color:#000000;font-size:14px;">　　通城区位优势凸显。通城属武汉城市圈，毗邻长株潭城市群，连接环鄱阳湖经济圈，位居中国内陆两大“两型社会”改革试验区联接点，地处中国经济增长第四极的南昌、武汉、长沙“中三角”和咸宁、岳阳、九江“小三角”经济区交汇中心，被誉为“金三角”。</span> \r\n</p>\r\n<p>\r\n	<span style="color:#000000;font-size:14px;">　　通城对外交通发达，区域交通枢纽战略地位突出。106国道和省道南大线穿境而过，杭瑞高速(通城段)投入运行，通界高速(通城—界上)快速建设，通嘉高速(通城—嘉鱼)正式开工，岳九铁路(过境通城)纳入国家“十二五”规划，距武汉、长沙、南昌均在200公里以内，进入华北、华东、华南地区均为6小时车程。</span> \r\n</p>\r\n<p>\r\n	<span style="color:#000000;font-size:14px;">　　通城县正步入建设幕阜山综合开发示范县和打造“中三角”节点城市先行区的快车道。</span> \r\n</p>', ' 通城县位于湖北省东南部，界湘北，接赣西，是湖北省的南大门，素有“一脚踏三省”和“吴楚咽喉”、“茶麻古道”、“茶叶之乡”、“云母之乡”、“牲猪大县”、“砂布王国”、“天然药库”等美誉，历为湘鄂赣边贸重镇。 通城辖两乡九镇、3个林区和1个省级经济开发区，人口51万(县城', 1420621458, 1, 1, 18),
(4, '', 1, 255, '身份证办理？', '一、居民身份证办理程序<br />\r\n&nbsp; &nbsp; （一）申领居民身份证<br />\r\n&nbsp; &nbsp; 1、凡年满十六周岁的中国公民，均应申领居民身份证。<br />\r\n&nbsp; &nbsp; 2、须提供的材料：（1）《户口簿》； （2）两张近期居民身份证标准相片。<br />\r\n&nbsp; &nbsp; 3、持上述材料向常住户口所在地户口登记机关履行申领居民身份证手续，并交纳证件工本费10元。<br />\r\n<br />\r\n&nbsp; &nbsp; （二）补领居民身份证<br />\r\n&nbsp; &nbsp; 1、公民遗失居民身份证时，应当向公安机关报告，可以向常住户口所在地户口登记机关申领身份证。从报告之日起3个月内仍未找到居民身份证的，应向常住户口所在地的户口登记机关申报补领新证。<br />\r\n&nbsp; &nbsp; 2、须提供的材料：（1）《户口簿》； （2）本人单位或居委会证明材料；（3）两张近期居民身份证标准相片。&nbsp;<br />\r\n&nbsp; &nbsp; 3、持上述材料向常住户口所在地户口登记机关履行补领居民身份证手续，并交纳证件工本费20元。<br />\r\n<br />\r\n&nbsp; &nbsp; （三）换领居民身份证<br />\r\n&nbsp; &nbsp; 1、公民常住户口迁出本市市辖区和本县行政区域的，在迁入地办理户口登记手续的同时换领居民身份证；因居民身份证有效期满、变更内容、污损或残缺不能辩认的，也可申报换领新证。<br />\r\n&nbsp; &nbsp; 2、须提供的材料：<br />\r\n&nbsp; &nbsp; （1）属居民身份证有效期满、变更内容、污损或残缺不能辩认的：①《户口簿》及原居民身份证；②两张近期居民身份证标准相片。<br />\r\n&nbsp; &nbsp; （2）属迁移变动的：①《迁移证》及原居民身份证；②两张近期居民身份证标准相片。&nbsp;<br />\r\n持上述材料向常住户口所在地或迁入地的户口登记机关履行换领居民身份证手续，并交纳证件工本费10元。<br />\r\n<br />\r\n&nbsp; &nbsp; （四） 领临时身份证<br />\r\n&nbsp; &nbsp; 1、住在中华人民共和国境内的16周岁以上的中国公民，尚待领取居民身份证或原证丢失、损毁尚未补领的人员，可根据需要申请领取临时身份证。<br />\r\n&nbsp; &nbsp; 2、须提供的材料：（1）填写《申领临时身份证登记表》； （2）《户口簿》；（3）两张近期居民身份证标准相片。<br />\r\n&nbsp; &nbsp; 3、持上述材料到常住户口所在地的户口登记机关履行申领临时身份证手续。<br />\r\n<br />\r\n&nbsp; &nbsp; （五） 申领居民身份证快证<br />\r\n&nbsp; &nbsp; 1、本市常住人口年满16周岁以上的公民申领或遗失居民身份证后，在办理公证、出境出国领取护照、提取贷款、升学、外出务工经商或出差等权益事务时，急需使用居民身份证的，可申请办理居民身份证快证。<br />\r\n&nbsp; &nbsp; 2、须提供的材料：（1）申请办理快证的书面报告；（2）《户口簿》；（3）两张近期居民身份证标准相片；（4）填写加快制作居民身份证申请表。&nbsp;<br />\r\n&nbsp; &nbsp; 3、持上述材料到常住户口所在地的户口登记机关办理并将专用信封送辖市（区）公安机关审核。<br />\r\n&nbsp; &nbsp; 4、凭辖市（区）公安机关专用信封，到市公安局居民身份证制证所办理，并交纳加快制作居民身份证工本费80元。&nbsp;<br />\r\n<br />\r\n二、居民身份证办理时限<br />\r\n&nbsp; &nbsp; 申、换、补领居民身份证，从受理之日起市区45天、辖市和农村地区60天发给证件；快证5个工作日办结；临时身份证1天办结。<br />', '一、居民身份证办理程序 （一）申领居民身份证 1、凡年满十六周岁的中国公民，均应申领居民身份证。 2、须提供的材料：（1）《户口簿》； （2）两张近期居民身份证标准相片。 3、持上述材料向常住户口所在地户口登记机关履行申领居民身份证手续，并交纳证件工本费10元。 （二）补领居民身份证 1', 1420621464, 1, 1, 19),
(5, '', 1, 255, '如何办理新生儿上户口？', '<p>\r\n	<span style="color:#000000;font-size:14px;">　　<strong>新生儿入户准备材料及办理流程</strong></span> \r\n</p>\r\n<p>\r\n	<span style="color:#000000;font-size:14px;">　　1、为宝宝取好名字</span> \r\n</p>\r\n<p>\r\n	<span style="color:#000000;font-size:14px;">　　2、去出生医院办理“出生医学证明”——所需证件：夫妻双方身份证及复印件、出院费用清单原件。</span> \r\n</p>\r\n<p>\r\n	<span style="color:#000000;font-size:14px;">　　3、去户籍所在地的辖区派出所领取入户申请表——填好，派出所会提供一张纸条，上面列了所需证件，这点还是很人性化的(下文也会提到)</span> \r\n</p>\r\n<p>\r\n	<span style="color:#000000;font-size:14px;">　　4、去居委会办理入户核实程序，</span> \r\n</p>\r\n<p>\r\n	<span style="color:#000000;font-size:14px;">　　(1)去单位开好入户证明及计划生育协议书(一般由行政部门出具，需提供生产医院出具的出院单原件，复印后单位存档)，</span> \r\n</p>\r\n<p>\r\n	<span style="color:#000000;font-size:14px;">　　(2)带好户口本、夫妻双方身份证、出生证、结婚证、计划生育服务证、单位证明原件及复印件</span> \r\n</p>\r\n<p>\r\n	<span style="color:#000000;font-size:14px;">　　居委会核实后，会写上“核实无误，准予入户”并盖居委会公章，然后告诉你要去上级部门——街道办事处。</span> \r\n</p>\r\n<p>\r\n	<span style="color:#000000;font-size:14px;">　　5、街道办事处(计生办)：准备户口本、夫妻双方身份证、出生证、结婚证、计划生育服务证及复印件，出示居委会证明及公安局入户申请表——计生办核实无误(符合政策)——核发准予入户证明</span> \r\n</p>\r\n<p>\r\n	<span style="color:#000000;font-size:14px;">　　6、回到辖区派出所，正式办理新生儿入户手续：准备户口本、夫妻双方身份证、出生证、结婚证、计划生育服务证原件及复印件，正常办理。</span> \r\n</p>\r\n<p>\r\n	<span style="color:#000000;font-size:14px;">　　证件需复印次数：</span> \r\n</p>\r\n<p>\r\n	<span style="color:#000000;font-size:14px;">　　A、夫妻双方身份证：4次</span> \r\n</p>\r\n<p>\r\n	<span style="color:#000000;font-size:14px;">　　B、结婚证(单方即可)：3次</span> \r\n</p>\r\n<p>\r\n	<span style="color:#000000;font-size:14px;">　　C、出生医学证明：3次</span> \r\n</p>\r\n<p>\r\n	<span style="color:#000000;font-size:14px;">　　D、户口本：3次</span> \r\n</p>\r\n<p>\r\n	<span style="color:#000000;font-size:14px;">　　E、计划生育服务证：3次</span> \r\n</p>\r\n<p>\r\n	<span style="color:#000000;font-size:14px;">　　F、单位证明：1次</span> \r\n</p>\r\n<p>\r\n	<span style="color:#000000;font-size:14px;">　　G、其他所需证件按办理部门要求</span> \r\n</p>\r\n<p>\r\n	<span style="color:#000000;font-size:14px;">　　<strong>温馨提示：</strong>超生小孩经核实后，准予登记常住户口(无准生证的，提供处理文件或计生部门证明，派出所建好台帐，为计生部门提供查询依据)。</span> \r\n</p>', ' 新生儿入户准备材料及办理流程 1、为宝宝取好名字 2、去出生医院办理“出生医学证明”——所需证件：夫妻双方身份证及复印件、出院费用清单原件。 3、去户籍所在地的辖区派出所领取入户申请表——填好，派出所会提供一张纸条，上面列了所需证件，这点还是很人性化的(下文也会提', 1420790860, 1, 1, 17),
(6, '', 1, 255, '如何办理结婚证？', '<p>\r\n	<span style="color:#000000;font-size:14px;">　　要结婚了，要领证了，是不是还不清楚领小小红本需要哪些证件和物品?幸福小编已经为你整理出一份清单，快来看看吧!</span>\r\n</p>\r\n<p>\r\n	<span style="color:#000000;font-size:14px;">　　登记地点：男女一方户口所在地的婚姻登记机关。</span>\r\n</p>\r\n<p>\r\n	<span style="color:#000000;font-size:14px;">　　<strong>携带证明：</strong></span>\r\n</p>\r\n<p>\r\n	<span style="color:#000000;font-size:14px;">　　<strong>1、居民身份证</strong></span>\r\n</p>\r\n<p>\r\n	<span style="color:#000000;font-size:14px;"><strong>　　2、户口簿(或者集体户籍证明)</strong></span>\r\n</p>\r\n<p>\r\n	<span style="color:#000000;font-size:14px;"><strong>　　3、婚姻状况证明</strong></span>\r\n</p>\r\n<p>\r\n	<span style="color:#000000;font-size:14px;">　　①固定工、离退休职工由所在单位出具</span>\r\n</p>\r\n<p>\r\n	<span style="color:#000000;font-size:14px;">　　②待业、个体无业人员由居(村)委会出具 结婚证</span>\r\n</p>\r\n<p>\r\n	<span style="color:#000000;font-size:14px;">　　③待业人员、个体户还应提供劳动手册(或执照)</span>\r\n</p>\r\n<p>\r\n	<span style="color:#000000;font-size:14px;">　　4、二寸彩照3张本人近期正面免冠二寸单人彩照3张，双方照片颜色统一，结婚登记处有快照服务。</span>\r\n</p>\r\n<p>\r\n	<span style="color:#000000;font-size:14px;">　　5、再婚当事人的特殊证明(另外需持①--④的证明)离婚证书(或解决夫妻关系证明)(或法院调解书)(或法院离婚判决书)注：持初级法院判决书的，还需带好初级法院判决生效的证明。</span>\r\n</p>\r\n<p>\r\n	<span style="color:#000000;font-size:14px;">　　6、因私出境人员的特殊证明(另外需持①--④的证明)我驻外使、领馆认证(或公证)的在国外期间的婚姻证明。</span>\r\n</p>\r\n<p>\r\n	<span style="color:#000000;font-size:14px;">　　7、因私出境回国定居者的特殊证明(另外需持①--④的证明)如无在国外期间的婚姻状况证明，可持经公证的本人在国外的未婚证明书。</span>\r\n</p>', ' 要结婚了，要领证了，是不是还不清楚领小小红本需要哪些证件和物品?幸福小编已经为你整理出一份清单，快来看看吧! 登记地点：男女一方户口所在地的婚姻登记机关。 携带证明： 1、居民身份证 2、户口簿(或者集体户籍证明) 3、婚姻状况证明 ①固定工、离退休职工由所在单位出具 ②', 1420791289, 1, 1, 21),
(7, '', 1, 255, '肺结核如何防治？', '<p>\r\n	</p><p>\r\n		　　<span style="color:#000000;font-size:18px;"><strong>肺结核如何防治，一张图详解。</strong></span><span style="line-height:1.5;color:#000000;font-size:18px;"><strong></strong></span>\r\n	</p>\r\n\r\n<p>\r\n	<img src="http://www.infol.com.cn/data/upload/shop/member/24/24_04790527297590936.jpg" width="650" height="671" alt="" />\r\n</p>', ' 肺结核如何防治，一张图详解。 ', 1425711441, 1, 1, 24),
(8, '', 1, 255, '妇幼保健，婚前保健，孕期保健，孕妇营养，产后康复，母乳喂养，儿童保健，公共卫生', '<p>\r\n	<span style="color:#000000;font-size:16px;">妇幼保健，婚前保健，孕期保健，孕妇营养，产后康复，母乳喂养，儿童保健，公共卫生</span><span style="color:#000000;font-size:16px;"></span>\r\n</p>\r\n<p>\r\n	<img src="http://www.infol.com.cn/data/upload/shop/member/24/24_04791390730426534.jpg" width="680" height="1891" alt="" />\r\n</p>', ' 妇幼保健，婚前保健，孕期保健，孕妇营养，产后康复，母乳喂养，儿童保健，公共卫生 ', 1425798702, 1, 1, 27),
(9, '', 1, 255, '孕期检查，孕期检查项目，怀孕周期，怀孕B超', '<p>\r\n	<span style="color:#000000;font-size:18px;">孕期检查，孕期检查项目，怀孕周期，怀孕B超</span><span style="color:#000000;font-size:18px;"></span> \r\n</p>\r\n<p>\r\n	<img src="http://www.infol.com.cn/data/upload/shop/member/24/24_04791385161044047.jpg" width="680" height="1079" alt="" /> \r\n</p>', ' 孕期检查，孕期检查项目，怀孕周期，怀孕B超 ', 1425799129, 1, 1, 42);

-- --------------------------------------------------------

--
-- 表的结构 `cor_life_info`
--

CREATE TABLE IF NOT EXISTS `cor_life_info` (
  `id` int(11) NOT NULL AUTO_INCREMENT COMMENT '索引id',
  `url` varchar(100) DEFAULT NULL COMMENT '跳转链接',
  `is_show` tinyint(1) unsigned NOT NULL DEFAULT '1' COMMENT '是否显示，0为否，1为是，默认为1',
  `sort` tinyint(3) unsigned NOT NULL DEFAULT '255' COMMENT '排序',
  `title` varchar(100) DEFAULT NULL COMMENT '标题',
  `content` text COMMENT '内容',
  `tel` varchar(255) NOT NULL DEFAULT '',
  `time` int(10) unsigned NOT NULL DEFAULT '0' COMMENT '发布时间',
  `start_date` int(10) unsigned NOT NULL DEFAULT '0',
  `end_date` int(10) unsigned NOT NULL DEFAULT '0',
  PRIMARY KEY (`id`)
) ENGINE=InnoDB  DEFAULT CHARSET=utf8 COMMENT='文章表' AUTO_INCREMENT=27 ;

--
-- 转存表中的数据 `cor_life_info`
--

INSERT INTO `cor_life_info` (`id`, `url`, `is_show`, `sort`, `title`, `content`, `tel`, `time`, `start_date`, `end_date`) VALUES
(1, NULL, 1, 255, '通城汇通快递', '汇通快递', '0715-4331558', 1420538987, 1421942400, 1485792000),
(2, NULL, 1, 255, '通城申通快递', '申通快递', '0715-4354367', 1420539193, 1421942400, 1485792000),
(3, NULL, 1, 255, '通城中通快递', '中通快递', '0715-4322599', 1420539196, 1421942400, 1485792000),
(4, NULL, 1, 255, '通城韵达快递', '韵达快递', '0715-4334455', 1420539197, 1421942400, 1485792000),
(5, NULL, 1, 255, '通城圆通快递', '圆通快递', '0715-4313111', 1420539198, 1421942400, 1485792000),
(6, NULL, 1, 255, '李海元专业布标广告安装', '通城县全城布标、户外喷绘广告牌专业安装服务。', '13972844542', 1420539204, 1421942400, 1454169600),
(7, NULL, 1, 255, '通城宅急送快递', '宅急送快递', '4006 789000', 1421893606, 1421942400, 1485792000),
(8, NULL, 1, 255, '通城优速物流快递', '优速物流快递', '0715-4354469', 1421893641, 1421942400, 1485792000),
(9, NULL, 1, 255, '通城邮政快递', '通城县隽水镇民主路邮政网点', '0715-4323062', 1421893704, 1420041600, 1485792000),
(10, NULL, 1, 255, '通城顺风快递', '顺风快递', '4008 111111', 1421893919, 1421942400, 1485792000),
(11, NULL, 1, 255, '聂师傅快的出租车', '聂师傅快的出租，通城至武汉，武汉至通城，4人拼车', '15872789032', 1425781976, 1425744000, 1741363200),
(12, NULL, 1, 255, '卢师傅快的出租车', '卢师傅快的出租，通城至武汉，武汉至通城，4人拼车', '13797256232', 1425782060, 1425744000, 1741363200),
(13, NULL, 1, 255, '胡师傅快的出租车', '胡师傅快的出租，通城至武汉，武汉至通城，4人拼车', '13872162271', 1425782128, 1425744000, 1741363200),
(14, NULL, 1, 255, '郑师傅快的出租车', '郑师傅快的出租，通城至武汉，武汉至通城，4人拼车', '13972831276', 1425782263, 1425744000, 1741363200),
(15, NULL, 1, 255, '王师傅快的出租车', '王师傅快的出租，通城至武汉，武汉至通城，4人拼车', '13451094518', 1425782463, 1425744000, 1741363200),
(16, NULL, 1, 255, '雷师傅快的出租车', '雷师傅快的出租，通城至武汉，武汉至通城，4人拼车', '15872843695', 1425782508, 1425744000, 1741363200),
(17, NULL, 1, 255, '刘师傅快的出租车', '刘师傅快的出租，通城至武汉，武汉至通城，4人拼车', '18371510186', 1425782561, 1425744000, 1741363200),
(18, NULL, 1, 255, '付师傅快的出租车', '付师傅快的出租，通城至武汉，武汉至通城，4人拼车', '13476935759', 1425782643, 1425744000, 1741363200),
(19, NULL, 1, 255, '何师傅快的出租车', '何师傅快的出租，通城至武汉，武汉至通城，4人拼车', '13972824608', 1425782687, 1425744000, 1741363200),
(20, NULL, 1, 255, '危师傅快的出租车', '危师傅快的出租，通城至武汉，武汉至通城，4人拼车', '18727855840', 1425782733, 1425744000, 1741363200),
(21, NULL, 1, 255, '喜客来卤味快餐', '卤味快餐，小炒快餐，汤。订餐，外卖，送餐', '0715-4688311', 1425782781, 1425744000, 1489161600),
(22, NULL, 1, 255, '吴师傅三轮车出租搬家托运', '三轮车出租，搬家，托运', '18972834578', 1426037262, 1426003200, 1489161600),
(23, NULL, 1, 255, '口福多瓦罐快餐外卖', '瓦罐快餐，外卖，营养美味', '0715-4689789', 1426162503, 1426089600, 1489248000),
(24, NULL, 1, 255, '尚品味新派煲仔饭，快餐', '新派煲仔饭，营养卫生，美味实惠。', '0715-4338333', 1426162659, 1426089600, 1489248000),
(25, NULL, 1, 255, '好7煲仔饭，快餐', '煲仔饭，营养快餐，外卖', '0715-4351996', 1426162753, 1426089600, 1489248000),
(26, NULL, 1, 255, '机动车代办证，代办行驶证', '机动车辆保险、企业财产保险，家庭财产保险，建筑工程保险，短期健康保险，意外伤害保险和再保险业务。导购各种品牌汽车、摩托车，代办机动车证照。', '13872179788', 1426163027, 1426089600, 1489248000);

-- --------------------------------------------------------

--
-- 表的结构 `cor_life_magazine`
--

CREATE TABLE IF NOT EXISTS `cor_life_magazine` (
  `id` int(11) NOT NULL AUTO_INCREMENT COMMENT '索引id',
  `url` varchar(100) DEFAULT NULL COMMENT '跳转链接',
  `is_show` tinyint(1) unsigned NOT NULL DEFAULT '1' COMMENT '是否显示，0为否，1为是，默认为1',
  `sort` tinyint(3) unsigned NOT NULL DEFAULT '255' COMMENT '排序',
  `title` varchar(100) DEFAULT NULL COMMENT '标题',
  `thumb` varchar(255) NOT NULL DEFAULT '',
  `content` text COMMENT '内容',
  `time` int(10) unsigned NOT NULL DEFAULT '0' COMMENT '发布时间',
  `click` int(10) unsigned NOT NULL DEFAULT '0',
  PRIMARY KEY (`id`)
) ENGINE=InnoDB  DEFAULT CHARSET=utf8 COMMENT='文章表' AUTO_INCREMENT=6 ;

--
-- 转存表中的数据 `cor_life_magazine`
--

INSERT INTO `cor_life_magazine` (`id`, `url`, `is_show`, `sort`, `title`, `thumb`, `content`, `time`, `click`) VALUES
(1, 'http://www.zhichiwangluo.com/zhichi/index.php?r=Invitation/showNewInvitation&amp;id=12705', 1, 255, 'VIPSHOP', '04738780803559979_small.jpg', '1', 1420534064, 32),
(2, '', 1, 255, '杂志2', '04738780697738521_small.jpg', '2', 1420534073, 19),
(3, '', 1, 255, '杂志3', '04738780889450956_small.jpg', '3', 1420534092, 21),
(4, '', 1, 255, '杂志4', '04738780969130483_small.jpg', '4', 1420534098, 22),
(5, '', 1, 255, '杂志5', '04738781022459903_small.jpg', '5', 1420534104, 18);

-- --------------------------------------------------------

--
-- 表的结构 `cor_life_tag`
--

CREATE TABLE IF NOT EXISTS `cor_life_tag` (
  `id` int(10) unsigned NOT NULL AUTO_INCREMENT COMMENT '标签编号',
  `title` varchar(50) NOT NULL COMMENT '标签名称',
  `sort` tinyint(1) unsigned NOT NULL COMMENT '标签排序',
  `num` int(10) unsigned NOT NULL DEFAULT '0' COMMENT '标签使用计数',
  `is_hot` tinyint(1) unsigned NOT NULL DEFAULT '0',
  PRIMARY KEY (`id`)
) ENGINE=InnoDB  DEFAULT CHARSET=utf8 COMMENT='CMS标签表' AUTO_INCREMENT=192 ;

--
-- 转存表中的数据 `cor_life_tag`
--

INSERT INTO `cor_life_tag` (`id`, `title`, `sort`, `num`, `is_hot`) VALUES
(1, '家具', 0, 3, 0),
(2, '风格', 0, 2, 0),
(3, '家居', 0, 1, 0),
(4, '新年', 0, 0, 0),
(5, '便民电话', 0, 2, 1),
(6, '生活服务', 0, 2, 0),
(7, '巨宇网络', 0, 0, 0),
(8, '咸宁市', 0, 0, 0),
(9, '现代服务业', 0, 0, 0),
(10, '领军人才', 0, 0, 0),
(11, '', 0, 28, 0),
(12, '通城县', 0, 54, 0),
(13, '通城话', 0, 1, 0),
(14, '张家十伢', 0, 5, 0),
(15, '羊年祝福', 0, 0, 1),
(16, '新年祝福', 0, 0, 0),
(17, '微社区', 0, 0, 1),
(18, '红枣', 0, 2, 0),
(19, '美颜', 0, 2, 0),
(20, '抗癌', 0, 2, 0),
(21, '羊年', 0, 12, 0),
(22, '晒年味', 0, 12, 0),
(23, '励志', 0, 36, 0),
(24, '职场', 0, 2, 0),
(25, '通城拍打舞', 0, 4, 0),
(26, '开网店', 0, 3, 0),
(27, '商品详情', 0, 2, 0),
(28, '商品描述', 0, 0, 0),
(29, '人生', 0, 24, 0),
(30, '不动产', 0, 8, 0),
(31, '房产', 0, 8, 0),
(32, '小产权房', 0, 3, 0),
(33, '婚姻', 0, 10, 0),
(34, '离婚', 0, 7, 0),
(35, '小三', 0, 3, 0),
(36, '超生儿', 0, 2, 0),
(37, '遗弃儿', 0, 2, 0),
(38, '户口', 0, 2, 0),
(39, '黑户口', 0, 2, 0),
(40, '互联网', 0, 21, 0),
(41, '账号', 0, 3, 0),
(42, '头像', 0, 3, 0),
(43, '旺财', 0, 2, 0),
(44, '风水', 0, 2, 0),
(45, '植物', 0, 2, 0),
(46, '家装', 0, 2, 0),
(47, '婚娶', 0, 3, 0),
(48, '优秀男人', 0, 3, 0),
(49, '女人', 0, 12, 0),
(50, '信用卡还款', 0, 2, 0),
(51, '信用卡记录', 0, 2, 0),
(52, '吸金', 0, 6, 0),
(53, '朝阳产业', 0, 6, 0),
(54, '热门工作', 0, 6, 0),
(55, '房地产', 0, 5, 0),
(56, '楼市', 0, 5, 0),
(57, '泡沫经济', 0, 5, 0),
(58, '女干部', 0, 3, 0),
(59, '退休', 0, 3, 0),
(60, '退休年龄', 0, 3, 0),
(61, '百家姓', 0, 7, 0),
(62, '姓氏', 0, 1, 0),
(63, '偏僻姓氏', 0, 5, 0),
(64, '佛家', 0, 2, 0),
(65, '佛文化', 0, 2, 0),
(66, '语录', 0, 2, 0),
(67, '结婚', 0, 6, 0),
(68, '期限婚姻', 0, 6, 0),
(69, '城市', 0, 3, 0),
(70, '旅游', 0, 10, 0),
(71, '新法规', 0, 13, 0),
(72, '新政策', 0, 13, 0),
(73, '电商', 0, 4, 0),
(74, '实体店', 0, 4, 0),
(75, '通城', 0, 156, 0),
(76, '写手部落', 0, 4, 0),
(77, 'B2B2C电商平台', 0, 49, 0),
(78, '胖东来百货', 0, 3, 0),
(79, '高新', 0, 3, 0),
(80, '经营管理', 0, 3, 0),
(81, '留学', 0, 7, 0),
(82, '出国', 0, 7, 0),
(83, '回归', 0, 7, 0),
(84, '伏羲', 0, 0, 0),
(85, '幕阜山', 0, 0, 0),
(86, '名人', 0, 6, 0),
(87, '诗歌', 0, 46, 0),
(88, '威廉·巴特勒·叶芝', 0, 2, 0),
(89, '两会', 0, 13, 0),
(90, '科技', 0, 5, 0),
(91, '电子商务', 0, 43, 0),
(92, '艺人', 0, 6, 0),
(93, '谭国荣', 0, 6, 0),
(94, '篾竹字画', 0, 6, 0),
(95, '好男人', 0, 6, 0),
(96, '异地恋', 0, 0, 0),
(97, '爱情', 0, 0, 0),
(98, '情感', 0, 0, 0),
(99, '植树', 0, 8, 0),
(100, '造林', 0, 3, 0),
(101, '苗木', 0, 3, 0),
(102, '春耕', 0, 2, 0),
(103, '塘湖镇', 0, 2, 0),
(104, '三级干部大会', 0, 2, 0),
(105, '三赢兴科技有限公司', 0, 3, 0),
(106, '三八妇女节', 0, 8, 0),
(107, '义诊', 0, 8, 0),
(108, '关爱女性', 0, 8, 0),
(109, '崇阳县', 0, 5, 0),
(110, '商务局', 0, 5, 0),
(111, '原创文学', 0, 43, 0),
(112, '感悟人生', 0, 4, 0),
(113, '民生', 0, 7, 0),
(114, '死里逃生', 0, 5, 0),
(115, '植树节', 0, 11, 0),
(116, '植树造林', 0, 6, 0),
(117, '下岗', 0, 4, 0),
(118, '改革', 0, 4, 0),
(119, '破产', 0, 4, 0),
(120, '通城名人', 0, 6, 0),
(121, '蚩尤', 0, 6, 0),
(122, '陈家湾', 0, 6, 0),
(123, '铁柱港', 0, 4, 0),
(124, '大禹', 0, 4, 0),
(125, '医生', 0, 11, 0),
(126, '徐大洲', 0, 11, 0),
(127, '文化建设', 0, 3, 0),
(128, '拍打舞', 0, 3, 0),
(129, '八百壮士', 0, 3, 0),
(130, '020', 0, 10, 0),
(131, '社区', 0, 4, 0),
(132, '平台', 0, 4, 0),
(133, '020转型', 0, 5, 0),
(134, '四庄乡', 0, 4, 0),
(135, '药姑山', 0, 9, 0),
(136, '瑶族遗址', 0, 4, 0),
(137, '瑶族文化', 0, 4, 0),
(138, '瑶族', 0, 4, 0),
(139, '漂亮', 0, 8, 0),
(140, '母亲', 0, 8, 0),
(141, '留守儿童', 0, 6, 0),
(142, '爱心妈妈', 0, 6, 0),
(143, '3.15', 0, 10, 0),
(144, '消费者权益日', 0, 10, 0),
(145, '消费者权益保护法', 0, 10, 0),
(146, '食品安全', 0, 10, 0),
(147, '化学', 0, 10, 0),
(148, '李克强', 0, 6, 0),
(149, '风口', 0, 15, 0),
(150, '互联网+', 0, 15, 0),
(151, '朋友圈', 0, 9, 0),
(152, '微信', 0, 9, 0),
(153, '油茶', 0, 9, 0),
(154, '黄袍山茶油', 0, 3, 0),
(155, '本草天香', 0, 3, 0),
(156, '电商培训', 0, 24, 0),
(157, '李可强', 0, 8, 0),
(158, '上班族 养生 健康', 0, 0, 0),
(159, '上班族', 0, 15, 0),
(160, '养生', 0, 21, 0),
(161, '健康', 0, 21, 0),
(162, '茶叶', 0, 3, 0),
(163, '大柱茶厂', 0, 3, 0),
(164, '双狮茶叶', 0, 3, 0),
(165, '黄袍山绿色产品', 0, 4, 0),
(166, '公务员考试', 0, 12, 0),
(167, '低门槛', 0, 12, 0),
(168, '缉毒', 0, 5, 0),
(169, '毒品', 0, 5, 0),
(170, '踏青', 0, 6, 0),
(171, '黄袍山', 0, 6, 0),
(172, '油菜花', 0, 6, 0),
(173, '樱桃花', 0, 6, 0),
(174, '电话骚扰', 0, 3, 0),
(175, '电话营销', 0, 3, 0),
(176, '电信诈骗', 0, 3, 0),
(177, '腾讯', 0, 7, 0),
(178, '微软', 0, 7, 0),
(179, '电脑管家', 0, 7, 0),
(180, 'win10', 0, 7, 0),
(181, '杀毒软件', 0, 7, 0),
(182, '大禹治水', 0, 6, 0),
(183, '传说', 0, 6, 0),
(184, '亲子', 0, 5, 0),
(185, '教育', 0, 5, 0),
(186, '近代名人', 0, 5, 0),
(187, '抗倭英雄', 0, 5, 0),
(188, '港澳游', 0, 19, 0),
(189, '青年', 0, 6, 0),
(190, '理想', 0, 6, 0),
(191, '梦想', 0, 6, 0);

-- --------------------------------------------------------

--
-- 表的结构 `cor_life_vote`
--

CREATE TABLE IF NOT EXISTS `cor_life_vote` (
  `id` int(11) NOT NULL AUTO_INCREMENT COMMENT '索引id',
  `url` varchar(100) DEFAULT NULL COMMENT '跳转链接',
  `is_show` tinyint(1) unsigned NOT NULL DEFAULT '1' COMMENT '是否显示，0为否，1为是，默认为1',
  `is_hot` tinyint(1) unsigned NOT NULL DEFAULT '0',
  `is_best` tinyint(1) unsigned NOT NULL DEFAULT '0',
  `sort` tinyint(3) unsigned NOT NULL DEFAULT '255' COMMENT '排序',
  `title` varchar(100) DEFAULT NULL COMMENT '标题',
  `tel` varchar(255) NOT NULL DEFAULT '',
  `time` int(10) unsigned NOT NULL DEFAULT '0' COMMENT '发布时间',
  PRIMARY KEY (`id`)
) ENGINE=InnoDB  DEFAULT CHARSET=utf8 COMMENT='文章表' AUTO_INCREMENT=3 ;

--
-- 转存表中的数据 `cor_life_vote`
--

INSERT INTO `cor_life_vote` (`id`, `url`, `is_show`, `is_hot`, `is_best`, `sort`, `title`, `tel`, `time`) VALUES
(1, NULL, 1, 1, 1, 255, '问题答题征集', '', 1420651939),
(2, NULL, 1, 1, 1, 255, '问题答案大家评', '', 1420743393);

-- --------------------------------------------------------

--
-- 表的结构 `cor_life_vote_item`
--

CREATE TABLE IF NOT EXISTS `cor_life_vote_item` (
  `id` int(11) NOT NULL AUTO_INCREMENT COMMENT '索引id',
  `vid` int(11) unsigned NOT NULL DEFAULT '0',
  `sort` tinyint(3) unsigned NOT NULL DEFAULT '255' COMMENT '排序',
  `title` varchar(100) DEFAULT NULL COMMENT '标题',
  `num` int(10) unsigned NOT NULL DEFAULT '0' COMMENT '发布时间',
  PRIMARY KEY (`id`)
) ENGINE=InnoDB  DEFAULT CHARSET=utf8 COMMENT='文章表' AUTO_INCREMENT=10 ;

--
-- 转存表中的数据 `cor_life_vote_item`
--

INSERT INTO `cor_life_vote_item` (`id`, `vid`, `sort`, `title`, `num`) VALUES
(1, 1, 1, '驾驶证换证该怎么办理？', 32),
(2, 1, 2, '如何办理小孩出生证？', 0),
(3, 1, 3, '通城县在哪里？', 0),
(4, 1, 4, '身份证办理？', 0),
(6, 2, 1, '驾驶证换证该怎么办理？', 5),
(7, 2, 2, '如何办理小孩出生证？', 1),
(8, 2, 3, '通城县在哪里？', 0),
(9, 2, 4, '身份证办理？', 1);

-- --------------------------------------------------------

--
-- 表的结构 `cor_link`
--

CREATE TABLE IF NOT EXISTS `cor_link` (
  `link_id` int(10) unsigned NOT NULL AUTO_INCREMENT COMMENT 'Ë÷Òýid',
  `link_title` varchar(100) DEFAULT NULL COMMENT '±êÌâ',
  `link_url` varchar(100) DEFAULT NULL COMMENT 'Á´½Ó',
  `link_pic` varchar(100) DEFAULT NULL COMMENT 'Í¼Æ¬',
  `link_sort` tinyint(3) unsigned NOT NULL DEFAULT '255' COMMENT 'ÅÅÐò',
  PRIMARY KEY (`link_id`)
) ENGINE=MyISAM  DEFAULT CHARSET=utf8 COMMENT='ºÏ×÷»ï°é±í' AUTO_INCREMENT=4 ;

--
-- 转存表中的数据 `cor_link`
--

INSERT INTO `cor_link` (`link_id`, `link_title`, `link_url`, `link_pic`, `link_sort`) VALUES
(2, '支付宝', 'http://www.alipay.com', '04730134679805649.png', 255),
(3, '财付通', 'https://www.tenpay.com', '04730134917825612.png', 255);

-- --------------------------------------------------------

--
-- 表的结构 `cor_lock`
--

CREATE TABLE IF NOT EXISTS `cor_lock` (
  `pid` bigint(20) unsigned NOT NULL COMMENT 'IP+TYPE',
  `pvalue` tinyint(3) unsigned NOT NULL DEFAULT '1' COMMENT '次数',
  `expiretime` int(11) NOT NULL DEFAULT '0' COMMENT '锁定截止时间',
  KEY `ip` (`pid`)
) ENGINE=InnoDB DEFAULT CHARSET=utf8 COMMENT='防灌水表';

--
-- 转存表中的数据 `cor_lock`
--

INSERT INTO `cor_lock` (`pid`, `pvalue`, `expiretime`) VALUES
(18734349493, 1, 1421979512),
(27429355143, 1, 1421980333),
(94690796003, 1, 1422223011),
(19034348823, 1, 1422252937),
(15048859533, 1, 1422304654),
(17809979893, 1, 1422538554),
(103551515501, 1, 1422761335),
(187344159701, 1, 1422974254),
(19018315961, 1, 1423110983),
(17809979841, 1, 1423218903),
(45460121603, 1, 1423474750),
(99336513903, 1, 1423541558),
(15048841513, 1, 1424137997),
(203405416301, 1, 1424667362),
(20340540553, 1, 1425029903),
(203405416601, 1, 1425272322),
(187344116604, 1, 1425611935),
(37069480991, 1, 1425627160),
(37069480993, 1, 1425627184),
(45427409801, 1, 1425700583),
(45427409803, 1, 1425700714),
(20340731023, 1, 1425746840),
(97652761803, 1, 1425873396),
(18734351493, 1, 1425885118),
(17809979933, 1, 1426055177),
(20340645453, 1, 1426071556),
(203405154301, 1, 1426509818),
(20340515434, 1, 1426509895),
(20340536533, 1, 1426558155),
(98967963603, 1, 1426748275),
(20045778963, 1, 1427187472),
(82718534303, 1, 1427373002);

-- --------------------------------------------------------

--
-- 表的结构 `cor_mail_msg_temlates`
--

CREATE TABLE IF NOT EXISTS `cor_mail_msg_temlates` (
  `name` varchar(100) NOT NULL COMMENT '模板名称',
  `title` varchar(100) DEFAULT NULL COMMENT '模板标题',
  `code` varchar(100) NOT NULL COMMENT '模板调用代码',
  `content` text NOT NULL COMMENT '模板内容',
  `type` tinyint(1) NOT NULL COMMENT '模板类别，0为邮件，1为短信息，默认为0',
  `mail_switch` tinyint(1) unsigned NOT NULL DEFAULT '0' COMMENT '是否开启',
  PRIMARY KEY (`code`)
) ENGINE=InnoDB DEFAULT CHARSET=utf8 COMMENT='邮件模板表';

--
-- 转存表中的数据 `cor_mail_msg_temlates`
--

INSERT INTO `cor_mail_msg_temlates` (`name`, `title`, `code`, `content`, `type`, `mail_switch`) VALUES
('<strong>[给买家]</strong>店铺调整了订单费用的邮件通知', '{$site_name}提醒:店铺{$store_name}调整了您的订单费用', 'email_tobuyer_adjust_fee_notify', '<p>\r\n	尊敬的{$buyer_name}:\r\n</p>\r\n<p style="" padding-left:="" 30px;="">与您交易的店铺{$store_name}调整了您订单号为{$order_sn}的订单的费用，请您及时付款。\r\n	</p>\r\n<p style="" padding-left:="" 30px;="">查看订单详细信息请点击以下链接\r\n</p>\r\n<p style="" padding-left:="" 30px;=""><a href="{$site_url}/index.php?act=member&amp;op=show_order&amp;order_id={$order_id}" target="_blank">{$site_url}/index.php?act=member&amp;op=show_order&amp;order_id={$order_id}</a><br />\r\n \r\n	</p>\r\n<p style="text-align: right;" text-align:="" right;="">{$site_name}\r\n</p>\r\n<p style="text-align: right;" text-align:="" right;="">{$mail_send_time}\r\n	</p>', 0, 1),
('<strong>[给买家]</strong>订单被取消的邮件通知', '{$site_name}提醒:您的订单{$order_sn}已被取消', 'email_tobuyer_cancel_order_notify', '<p>\r\n	尊敬的{$buyer_name}:\r\n</p>\r\n<p style="" padding-left:="" 30px;="">与您交易的店铺{$store_name}已经取消了您的订单{$order_sn}。\r\n	</p>\r\n<p style="" padding-left:="" 30px;="">原因：{$reason}\r\n</p>\r\n<p style="" padding-left:="" 30px;="">查看订单详细信息请点击以下链接\r\n	</p>\r\n<p style="" padding-left:="" 30px;=""><a href="{$site_url}/index.php?act=member&amp;op=show_order&amp;order_id={$order_id}" target="_blank">{$site_url}/index.php?act=member&amp;op=show_order&amp;order_id={$order_id}</a> \r\n</p>\r\n<p style="text-align: right;" text-align:="" right;="">{$site_name}\r\n	</p>\r\n<p style="text-align: right;" text-align:="" right;="">{$mail_send_time}\r\n</p>', 0, 1),
('<strong>[给买家]</strong>店铺确认收到即时到帐的货款并完成交易的邮件通知', '{$site_name}提醒:店铺{$store_name}确认收到了您的货款，交易完成！', 'email_tobuyer_cod_order_finish_notify', '<p>\r\n	尊敬的{$buyer_name}:\r\n</p>\r\n<p style="" padding-left:="" 30px;="">与您交易的店铺{$store_name}已经确认收到了您的货到付款订单{$order_sn}的付款，交易完成！您可以到用户中心-&gt;我的订单中对该交易进行评价。\r\n	</p>\r\n<p style="" padding-left:="" 30px;="">查看订单详细信息请点击以下链接\r\n</p>\r\n<p style="" padding-left:="" 30px;=""><a href="{$site_url}/index.php?act=member&amp;op=show_order&amp;order_id={$order_id}" target="_blank">{$site_url}/index.php?act=member&amp;op=show_order&amp;order_id={$order_id}</a> \r\n	</p>\r\n<p style="" padding-left:="" 30px;="">查看我的订单列表请点击以下链接\r\n</p>\r\n<p style="" padding-left:="" 30px;=""><a href="{$site_url}/index.php?act=member&amp;op=order" target="_blank">{$site_url}/index.php?act=member&amp;op=order</a> \r\n	</p>\r\n<p style="text-align: right;" text-align:="" right;="">{$site_name}\r\n</p>\r\n<p style="text-align: right;" text-align:="" right;="">{$mail_send_time}\r\n	</p>', 0, 1),
('<strong>[给买家]</strong>店铺已确认了订单的邮件通知', '{$site_name}提醒:店铺{$store_name}已确认了您的订单', 'email_tobuyer_confirm_cod_order_notify', '尊敬的{$buyer_name}:\r\n<p style="" padding-left:="" 30px;="">与您交易的店铺{$store_name}已经确认了您的货到付款订单{$order_sn}，请耐心等待发货。\r\n	</p>\r\n<p style="" padding-left:="" 30px;="">查看订单详细信息请点击以下链接\r\n</p>\r\n<p style="" padding-left:="" 30px;=""><a href="{$site_url}/index.php?act=member&amp;op=show_order&amp;order_id={$order_id}" target="_blank">{$site_url}/index.php?act=member&amp;op=show_order&amp;order_id={$order_id}</a> \r\n	</p>\r\n<p style="text-align: right;" text-align:="" right;="">{$site_name}\r\n</p>\r\n<p style="text-align: right;" text-align:="" right;="">{$mail_send_time}\r\n	</p>', 0, 1),
('<strong>[给买家]</strong>订单已生成的邮件通知', '{$site_name}提醒:您的订单已生成', 'email_tobuyer_new_order_notify', '尊敬的{$buyer_name}:\r\n<p style="">您在{$site_name}上下的订单已生成，订单号{$order_sn}。\r\n	</p>\r\n<p style="">订单商品详细：\r\n</p>\r\n<p style="">{$goods_list}\r\n	</p>\r\n<p style="">查看订单详细信息请点击以下链接\r\n</p>\r\n<p style=""><a href="{$site_url}/index.php?act=member_order&amp;op=show_order&amp;order_id={$order_id}" target="_blank">{$site_url}/index.php?act=member_order&amp;op=show_order&amp;order_id={$order_id}</a> \r\n	</p>\r\n<p style="text-align: right;">{$site_name}\r\n</p>\r\n<p style="text-align: right;">{$mail_send_time}\r\n	</p>', 0, 1),
('<strong>[给买家]</strong>店铺确认收到线下支付的货款的邮件通知', '{$site_name}提醒:店铺{$store_name}已确认收到了您线下支付的货款', 'email_tobuyer_offline_pay_success_notify', '尊敬的{$buyer_name}:\r\n<p style="" padding-left:="" 30px;="">与您交易的店铺{$store_name}已经确认了收到了您的订单{$order_sn}的付款，请耐心等待卖家发货。\r\n	</p>\r\n<p style="" padding-left:="" 30px;="">查看订单详细信息请点击以下链接\r\n</p>\r\n<p style="" padding-left:="" 30px;=""><a href="{$site_url}/index.php?act=member&amp;op=show_order&amp;order_id={$order_id}" target="_blank">{$site_url}/index.php?act=member&amp;op=show_order&amp;order_id={$order_id}</a> \r\n	</p>\r\n<p style="text-align: right;" text-align:="" right;="">{$site_name}\r\n</p>\r\n<p style="text-align: right;" text-align:="" right;="">{$mail_send_time}\r\n	</p>', 0, 1),
('<strong>[给买家]</strong>订单已发货的邮件通知', '{$site_name}提醒:您的订单{$order_sn}已发货', 'email_tobuyer_shipped_notify', '尊敬的{$buyer_name}:\r\n<p style="" padding-left:="" 30px;="">与您交易的店铺{$store_name}已经给您的订单{$order_sn}发货了，请注意查收。\r\n	</p>\r\n<p style="" padding-left:="" 30px;="">发货单号：{$invoice_no}\r\n</p>\r\n<p style="" padding-left:="" 30px;="">查看订单详细信息请点击以下链接\r\n	</p>\r\n<p style="" padding-left:="" 30px;=""><a href="{$site_url}/index.php?act=member&amp;op=show_order&amp;order_id={$order_id}" target="_blank">{$site_url}/index.php?act=member&amp;op=show_order&amp;order_id={$order_id}</a> \r\n</p>\r\n<p style="text-align: right;" text-align:="" right;="">{$site_name}\r\n	</p>\r\n	<div style="text-align:right;">\r\n	</div>\r\n<p style="text-align: right;" text-align:="" right;="">{$mail_send_time}\r\n</p>', 0, 1),
('<strong>[给卖家]</strong>买家取消了订单的邮件通知', '{$site_name}提醒:买家{$buyer_name}取消了订单{$order_sn}', 'email_toseller_cancel_order_notify', '尊敬的{$seller_name}:\r\n<p style="" padding-left:="" 30px;="">买家{$buyer_name}已经取消了与您交易的订单{$order_sn}。</p>\r\n<p style="" padding-left:="" 30px;="">原因：{$reason}</p>\r\n<p style="" padding-left:="" 30px;="">查看订单详细信息请点击以下链接</p>\r\n<p style="" padding-left:="" 30px;=""><a href="{$site_url}/index.php?act=store_order&amp;op=show_order&amp;order_id={$order_id}" target="_blank">{$site_url}/index.php?act=store_order&amp;op=show_order&amp;order_id={$order_id}</a></p>\r\n<p style="" padding-left:="" 30px;="">查看您的订单列表管理页请点击以下链接</p>\r\n<p style="" padding-left:="" 30px;=""><a href="{$site_url}/index.php?act=store_order&amp;op=show_order" target="_blank">{$site_url}/index.php?act=store_order&amp;op=show_order</a></p>\r\n<p style="text-align: right;" text-align:="" right;="">{$site_name}</p>\r\n<p style="text-align: right;" text-align:="" right;="">{$mail_send_time}</p>', 0, 1),
('<strong>[给卖家]</strong>买家申请了退款的邮件通知', '{$site_name}提醒:买家{$buyer_name}申请了订单{$order_sn}退款', 'email_toseller_cancel_order_refund', '尊敬的{$seller_name}:\r\n<p style="">买家{$buyer_name}已经申请退款了与您交易的订单{$order_sn}。\r\n	</p>\r\n<p style="">原因：{$reason}\r\n</p>\r\n<p style="">查看订单详细信息请点击以下链接\r\n	</p>\r\n<p style=""><a href="{$site_url}/index.php?act=store_order&amp;op=show_order&amp;order_id={$order_id}" target="_blank">{$site_url}/index.php?act=store_order&amp;op=show_order&amp;order_id={$order_id}</a>\r\n</p>\r\n<p style="">查看您的订单列表管理页请点击以下链接\r\n	</p>\r\n<p style=""><a href="{$site_url}/index.php?act=store_order&amp;op=show_order" target="_blank">{$site_url}/index.php?act=store_order&amp;op=show_order</a>\r\n</p>\r\n<p style="text-align: right;">{$site_name}\r\n	</p>\r\n<p style="text-align: right;">{$mail_send_time}\r\n</p>', 0, 1),
('<strong>[给卖家]</strong>买家确认了订单并完成交易的邮件通知', '{$site_name}提醒:买家确认了与您交易的订单{$order_sn}，交易完成', 'email_toseller_finish_notify', '尊敬的{$seller_name}:\r\n<p style="" padding-left:="" 30px;="">买家{$buyer_name}已经确认了与您交易的订单{$order_sn}。交易完成</p>\r\n<p style="" padding-left:="" 30px;="">查看订单详细信息请点击以下链接</p>\r\n<p style="" padding-left:="" 30px;=""><a href="{$site_url}/index.php?act=store_order&amp;op=show_order&amp;order_id={$order_id}" target="_blank">{$site_url}/index.php?act=store_order&amp;op=show_order&amp;order_id={$order_id}</a></p>\r\n<p style="" padding-left:="" 30px;="">查看您的订单列表管理页请点击以下链接</p>\r\n<p style="" padding-left:="" 30px;=""><a href="{$site_url}/index.php?act=store_order&amp;op=show_order" target="_blank">{$site_url}/index.php?act=store_order&amp;op=show_order</a></p>\r\n<p style="text-align: right;" text-align:="" right;="">{$site_name}</p>\r\n<p style="text-align: right;" text-align:="" right;="">{$mail_send_time}</p>', 0, 1),
('<strong>[给卖家]</strong>有新订单需要处理的邮件通知', '{$site_name}提醒:您有一个新订单需要处理', 'email_toseller_new_order_notify', '尊敬的{$seller_name}:\r\n<p style="">您有一个新的订单需要处理，订单号{$order_sn}，请尽快处理。\r\n	</p>\r\n<p style="">订单商品详细：\r\n</p>\r\n<p style="">{$goods_list}\r\n	</p>\r\n<p style="">查看订单详细信息请点击以下链接\r\n</p>\r\n<p style=""><a href="{$site_url}/index.php?act=store_order&amp;op=show_order&amp;order_id={$order_id}" target="_blank">{$site_url}/index.php?act=store_order&amp;op=show_order&amp;order_id={$order_id}</a>\r\n	</p>\r\n<p style="">查看您的订单列表管理页请点击以下链接\r\n</p>\r\n<p style=""><a href="{$site_url}/index.php?act=store_order&amp;op=index" target="_blank">{$site_url}/index.php?act=store_order&amp;op=index</a>\r\n	</p>\r\n<p style="text-align: right;">{$site_name}\r\n</p>\r\n<p style="text-align: right;">{$mail_send_time}\r\n	</p>', 0, 1),
('<strong>[给卖家]</strong>买家已经完成线下付款的邮件通知', '{$site_name}提醒:买家{$buyer_name}已通过线下支付支付了订单的费用', 'email_toseller_offline_pay_notify', '尊敬的{$seller_name}:\r\n<p style="" padding-left:="" 30px;="">买家{$buyer_name}已通过线下支付支付了与您交易的订单{$order_sn}。请注意查收。</p>\r\n<p style="" padding-left:="" 30px;="">支付信息：{$pay_message}</p>\r\n<p style="" padding-left:="" 30px;="">查看订单详细信息请点击以下链接</p>\r\n<p style="" padding-left:="" 30px;=""><a href="{$site_url}/index.php?act=store_order&amp;op=show_order&amp;order_id={$order_id}" target="_blank">{$site_url}/index.php?act=store_order&amp;op=show_order&amp;order_id={$order_id}</a></p>\r\n<p style="" padding-left:="" 30px;="">查看您的订单列表管理页请点击以下链接</p>\r\n<p style="" padding-left:="" 30px;=""><a href="{$site_url}/index.php?act=store_order&amp;op=show_order" target="_blank">{$site_url}/index.php?act=store_order&amp;op=show_order</a></p>\r\n<p style="text-align: right;" text-align:="" right;="">{$site_name}</p>\r\n<p style="text-align: right;" text-align:="" right;="">{$mail_send_time}</p>', 0, 1),
('<strong>[给卖家]</strong>买家已付款的邮件通知', '{$site_name}提醒:买家{$buyer_name}已付款', 'email_toseller_online_pay_success_notify', '尊敬的{$seller_name}:\r\n<p style="" padding-left:="" 30px;="">买家{$buyer_name}已通过线上支付完成了订单{$.order_sn}的付款，请核实并尽快安排发货。</p>\r\n<p style="" padding-left:="" 30px;="">查看订单详细信息请点击以下链接</p>\r\n<p style="" padding-left:="" 30px;=""><a href="{$site_url}/index.php?act=store_order&amp;op=show_order&amp;order_id={$order_id}" target="_blank">{$site_url}/index.php?act=store_order&amp;op=show_order&amp;order_id={$order_id}</a></p>\r\n<p style="" padding-left:="" 30px;="">查看您的订单列表管理页请点击以下链接</p>\r\n<p style="" padding-left:="" 30px;=""><a href="{$site_url}/index.php?act=store_order&amp;op=show_order" target="_blank">{$site_url}/index.php?act=store_order&amp;op=show_order</a></p>\r\n<p style="text-align: right;" text-align:="" right;="">{$site_name}</p>\r\n<p style="text-align: right;" text-align:="" right;="">{$mail_send_time}</p>', 0, 1),
('<strong>[给用户]</strong>用户修改了密码的邮件通知', '{$site_name}提醒:{$user_name}修改密码设置', 'email_touser_find_password', '<p>尊敬的{$user_name}:</p>\r\n<p>您好, 您刚才在{$site_name}申请了重置密码，您的新密码为<span style="color:#ff9900;">{$new_password}</span>。</p>\r\n<p>请点击<a href="{$site_url}" target="_blank">{$site_url}</a>登录，修改您的新密码。</p>\r\n<p style="text-align:right;">{$site_name}</p>\r\n<p style="text-align:right;">{$mail_send_time}</p>', 0, 1),
('<strong>[给买家]</strong>生成订单短信通知', '{$site_name}提醒:您刚刚创建了一个订单', 'sms_tobuyer_new_order_notify', '尊敬的{$buyer_name}:\r\n您刚刚创建了一个订单，订单号{$order_sn}，如果非本人操作请及时联系我们。', 1, 0),
('<strong>[给买家]</strong>订单已发货的邮件通知', '{$site_name}提醒:您的订单{$order_sn}已发货', 'sms_tobuyer_shipped_notify', '尊敬的{$buyer_name}:\r\n与您交易的店铺{$store_name}已经给您的订单{$order_sn}发货了，请注意查收。\r\n发货单号：{$invoice_no}', 1, 1),
('<strong>[给卖家]</strong>买家申请了退款的短信通知', '{$site_name}提醒:买家{$buyer_name}申请了订单{$order_sn}退款', 'sms_toseller_cancel_order_refund', '尊敬的{$seller_name}:\r\n买家{$buyer_name}已经申请退款了与您交易的订单{$order_sn}。\r\n原因：{$reason}', 1, 1),
('<strong>[给卖家]</strong>买家确认了订单并完成交易的邮件通知', '{$site_name}提醒:买家确认了与您交易的订单{$order_sn}，交易完成', 'sms_toseller_finish_notify', '尊敬的{$seller_name}:\r\n买家{$buyer_name}已经确认了与您交易的订单{$order_sn}。交易完成', 1, 1),
('<strong>[给卖家]</strong>有新订单需要处理的短信通知', '{$site_name}提醒:您有一个新订单需要处理', 'sms_toseller_new_order_notify', '尊敬的{$seller_name}:\r\n您有一个新的订单需要处理，订单号{$order_sn}，请尽快处理。', 1, 1);

-- --------------------------------------------------------

--
-- 表的结构 `cor_mb_ad`
--

CREATE TABLE IF NOT EXISTS `cor_mb_ad` (
  `link_id` int(10) unsigned NOT NULL AUTO_INCREMENT COMMENT '索引id',
  `link_title` varchar(100) DEFAULT NULL COMMENT '标题',
  `link_pic` varchar(150) DEFAULT NULL COMMENT '图片',
  `link_sort` tinyint(3) unsigned NOT NULL DEFAULT '255' COMMENT '排序',
  `link_keyword` varchar(10) DEFAULT NULL COMMENT '关键字',
  PRIMARY KEY (`link_id`)
) ENGINE=InnoDB  DEFAULT CHARSET=utf8 COMMENT='手机端广告' AUTO_INCREMENT=18 ;

--
-- 转存表中的数据 `cor_mb_ad`
--

INSERT INTO `cor_mb_ad` (`link_id`, `link_title`, `link_pic`, `link_sort`, `link_keyword`) VALUES
(13, '日用百货', '04760363810793542.jpg', 128, '#'),
(14, '粮油调味', '04764729911609713.jpg', 52, '食用油'),
(15, '中外名酒', '04768991349562091.jpg', 53, '白酒'),
(17, '休闲零食', '04764713838809784.jpg', 50, '坚果炒货');

-- --------------------------------------------------------

--
-- 表的结构 `cor_mb_category`
--

CREATE TABLE IF NOT EXISTS `cor_mb_category` (
  `gc_id` smallint(5) unsigned DEFAULT NULL COMMENT '商城系统的分类ID',
  `gc_thumb` varchar(150) DEFAULT NULL COMMENT '缩略图',
  `gc_desc` varchar(255) NOT NULL DEFAULT ''
) ENGINE=InnoDB DEFAULT CHARSET=utf8 COMMENT='一级分类缩略图[手机端]';

--
-- 转存表中的数据 `cor_mb_category`
--

INSERT INTO `cor_mb_category` (`gc_id`, `gc_thumb`, `gc_desc`) VALUES
(1, '04761944060126131.jpg', '经典简约保暖'),
(2, '04761944148689088.jpg', ''),
(3, '04761944337320834.jpg', ''),
(256, '04761944456526611.jpg', ''),
(308, '04761944531139607.jpg', ''),
(470, '04761944620190107.jpg', ''),
(530, '04761944711658740.jpg', ''),
(593, '04761944799159750.jpg', ''),
(662, '04761944896050271.jpg', ''),
(730, '04761944955008789.jpg', ''),
(825, '04761945037316074.jpg', ''),
(888, '04762047613445409.jpg', ''),
(959, '04762046653215136.jpg', ''),
(1037, '04761945577380259.jpg', '');

-- --------------------------------------------------------

--
-- 表的结构 `cor_mb_feedback`
--

CREATE TABLE IF NOT EXISTS `cor_mb_feedback` (
  `id` mediumint(8) unsigned NOT NULL AUTO_INCREMENT,
  `content` text,
  `type` enum('1','2') DEFAULT '2' COMMENT '1来自手机端2来自PC端',
  `ftime` int(10) unsigned DEFAULT '0' COMMENT '反馈时间',
  PRIMARY KEY (`id`)
) ENGINE=InnoDB DEFAULT CHARSET=utf8 COMMENT='意见反馈' AUTO_INCREMENT=1 ;

-- --------------------------------------------------------

--
-- 表的结构 `cor_mb_home`
--

CREATE TABLE IF NOT EXISTS `cor_mb_home` (
  `h_id` int(10) unsigned NOT NULL AUTO_INCREMENT COMMENT '索引',
  `h_title` varchar(6) NOT NULL COMMENT '标题',
  `h_desc` varchar(10) NOT NULL COMMENT '描述',
  `h_img` varchar(100) NOT NULL COMMENT '图片',
  `h_keyword` varchar(6) NOT NULL COMMENT '关键字',
  `h_sort` tinyint(3) unsigned NOT NULL DEFAULT '255' COMMENT '排序',
  `h_type` varchar(10) NOT NULL COMMENT '类型 (type1 type2)',
  `h_multi_keyword` varchar(50) DEFAULT NULL COMMENT '多关键字',
  PRIMARY KEY (`h_id`)
) ENGINE=InnoDB  DEFAULT CHARSET=utf8 COMMENT='首页设置' AUTO_INCREMENT=8 ;

--
-- 转存表中的数据 `cor_mb_home`
--

INSERT INTO `cor_mb_home` (`h_id`, `h_title`, `h_desc`, `h_img`, `h_keyword`, `h_sort`, `h_type`, `h_multi_keyword`) VALUES
(1, '我就是女王', '复古金属铆钉', 'd4b5e0cde3e4457de657c3513feed273.jpg', '正品', 255, 'type1', '男装,女装'),
(2, '精选大牌', '夏季流行靓装', '6a3addc96ec4c36ecad610476438b580.jpg', '夏', 255, 'type1', NULL),
(3, '碧玺戒指', '象征权力富贵', '2f2fd447ac16d6157ff4d747f4995de4.jpg', '饰品', 255, 'type1', NULL),
(4, '美眉衣橱', '最有爱单品', '4f5c910133eb21c411241a850a918107.jpg', '夏装', 255, 'type2', NULL),
(5, '达人力荐', '最热收藏清淡', '8d5b45cd33d84c60b8d2d47ecfcb6e61.jpg', '正版', 255, 'type2', NULL),
(6, '居家生活', '周周精彩', '5006e172d8081f6bf6ce98ed526c5b98.jpg', '盘', 255, 'type2', NULL),
(7, '包包新品季', '优惠享不停', 'b3d707bd4d564034475ebba209a7646f.jpg', '包', 255, 'type2', NULL);

-- --------------------------------------------------------

--
-- 表的结构 `cor_mb_user_token`
--

CREATE TABLE IF NOT EXISTS `cor_mb_user_token` (
  `token_id` int(10) unsigned NOT NULL AUTO_INCREMENT COMMENT '令牌编号',
  `member_id` int(10) unsigned NOT NULL COMMENT '用户编号',
  `member_name` varchar(50) NOT NULL COMMENT '用户名',
  `token` varchar(50) NOT NULL COMMENT '登录令牌',
  `login_time` int(10) unsigned NOT NULL COMMENT '登录时间',
  `client_type` varchar(10) NOT NULL COMMENT '客户端类型 android wap',
  PRIMARY KEY (`token_id`)
) ENGINE=InnoDB  DEFAULT CHARSET=utf8 COMMENT='移动端登陆令牌表' AUTO_INCREMENT=70 ;

--
-- 转存表中的数据 `cor_mb_user_token`
--

INSERT INTO `cor_mb_user_token` (`token_id`, `member_id`, `member_name`, `token`, `login_time`, `client_type`) VALUES
(1, 2, 'haha', '715f11a226d91b4176384a10326739a0', 1416126509, 'wap'),
(2, 8, '乐生活', '426ebd63409ff4c83bd64c31a32f77d1', 1416534701, 'wap'),
(3, 5, 'xiner', '8a02878ccc2a886e37a6995b64cf3b61', 1416573478, 'wap'),
(4, 3, 'mxjyweb', 'a2377b37bdbb08909859cfd8be53f8f3', 1417146845, 'wap'),
(5, 8, '乐生活', '778972c95d152c8178d021f49dbb5a71', 1418438292, 'wap'),
(6, 5, 'xiner', 'd9d68d06402a383e2f1bddbfd004a8f7', 1418616536, 'wap'),
(7, 1, 'corshop', 'c3551a35e03099f3c5fc5f0c5129d1ff', 1418865947, 'wap'),
(8, 15, '淘几个喜欢', 'ce62f3fda1c6159bbf66484ee2f40cec', 1419353008, 'wap'),
(9, 9, '吴海斌', 'a65722daf35d51cd8ccaa00439eba59a', 1420889089, 'wap'),
(10, 24, '骑士红红', '4821ddf89dee0d1ec422bc51f7a2218a', 1421024856, 'wap'),
(11, 27, '刘佳勇', '3e858dc27c98987669df0446f2eaa92b', 1421284135, 'wap'),
(12, 28, '娇点工艺', '06109c25f3b256838c0770a989a03aa8', 1421292004, 'wap'),
(13, 31, '888', '7f668bf9482540ac54d96c9cc1f91268', 1421487132, 'wap'),
(14, 5, 'xiner', '3290a04aa02733bd67bed80d10b3e863', 1422170767, 'wap'),
(15, 5, 'xiner', 'fe473aeb9c2504d0ba02c03d7c293a43', 1422178565, 'wap'),
(16, 5, 'xiner', 'ede2c20855a9903d82e357103d390c10', 1422186424, 'wap'),
(17, 39, '18819118351', 'f2d5128991a5c32d4eb26951ac2b16c8', 1422357949, 'wap'),
(18, 8, '乐生活', '6bb1754cfcce69dbc04c7a5251b4ac1d', 1422796404, 'wap'),
(19, 5, 'xiner', '9f3abb0e8b746f9fbeff2ee1d32e68a7', 1423011190, 'wap'),
(20, 5, 'xiner', '8776ddabf7dd4f21af31c8ef45b70072', 1423014840, 'wap'),
(21, 5, 'xiner', '2946d2ca5acb4a84a96f3f806b1a080c', 1423017619, 'wap'),
(22, 5, 'xiner', '12add8138c0f34440d322d176f405638', 1423017799, 'wap'),
(23, 5, 'xiner', 'b97284d276af5400a60da8e557f86beb', 1423018165, 'wap'),
(24, 5, 'xiner', 'ec99876ecef3fedc3256654059ecd8e3', 1423042683, 'wap'),
(25, 5, 'xiner', 'eeca9fb54fa718c2e6037b045774dfef', 1423216101, 'wap'),
(26, 24, '骑士红红', '566c81b39457f11b925026eeb4dea993', 1423271377, 'wap'),
(27, 24, '骑士红红', 'ef82a332171855ac389b06af95618a7c', 1423271378, 'wap'),
(28, 8, '乐生活', '976ecfd5e70269c815dccbb8d191ab37', 1423298015, 'wap'),
(29, 24, '骑士红红', '15550ba646dc918b50a3d0fe469033d0', 1423454231, 'wap'),
(30, 8, '乐生活', 'bdd21739ff59114ea33901c77430f6c2', 1423462161, 'wap'),
(31, 8, '乐生活', 'f02e72ae6be2e9f55c58286aa7dc4390', 1423462288, 'wap'),
(32, 41, 'kayvin', '53267051bf864585bdec47279590e690', 1423477565, 'wap'),
(33, 8, '乐生活', 'ed2b900f263dcc76d9f055b51ce0f0c5', 1424062914, 'wap'),
(34, 15, '淘几个喜欢', '029367b0aac0de23d0e31f6267e5e431', 1425372829, 'wap'),
(35, 15, '淘几个喜欢', '17d053d72c65d7839767a4f8b2fdae44', 1425372829, 'wap'),
(36, 17, '缘因有你', 'adba950281d606ee6ee0cb6a1bf74bab', 1425373205, 'wap'),
(37, 52, '信念', 'ded8f7e73c544df71bcc096199afa8ba', 1425627228, 'wap'),
(38, 5, 'xiner', '7658d8da2c50b6c3707facd85be8a243', 1425648509, 'wap'),
(39, 5, 'xiner', '89a178d260d6df3e076b089aa96cd104', 1425648767, 'wap'),
(40, 5, 'xiner', 'ba20486794407f19275c9718bd79022a', 1425691062, 'wap'),
(41, 5, 'xiner', '26def05ed4f856556257151bcd01414a', 1425691675, 'wap'),
(42, 24, '骑士红红', 'b0996f5e3ebf166f9eb1ace291fe7548', 1425707342, 'wap'),
(43, 57, '放学铃声才是中国好声音', '474b24c8c8a7df875dadad6bcaa85032', 1425714855, 'wap'),
(44, 24, '骑士红红', '9490b03c4537f4ab2f211fb9d592f2bb', 1425795293, 'wap'),
(45, 8, '乐生活', '7369447e56c49d60e2e06b00cdf61ff0', 1425978633, 'wap'),
(46, 64, '幸福在追求中', 'acd11585a40a447a6727c0620cee2838', 1426150834, 'wap'),
(47, 64, '幸福在追求中', 'bfe072b9c608aea05dd4f3e33d4462fc', 1426150927, 'wap'),
(48, 6, 'fdxmslx', '7c70988e984f798eebe2a074adbaf72a', 1426327303, 'wap'),
(49, 5, 'xiner', '66c38112ed589cec5857fbbf4ffd1079', 1426333859, 'wap'),
(50, 5, 'xiner', 'e6bacc989ae9263b9ad730192a4a3ea7', 1426334821, 'wap'),
(51, 65, 'huzhi', 'be889a1737192aa4a823d57161c0861c', 1426349007, 'wap'),
(52, 65, 'huzhi', 'c9588ea2c8b79ab287360ab655c7b189', 1426349042, 'wap'),
(53, 65, 'huzhi', '93010f78a89fb4bb76e6633587a7bde8', 1426416561, 'wap'),
(54, 66, '好太太智能晾衣架', '12df62c1eabe88e923c3d235fc63bf9e', 1426547786, 'wap'),
(55, 66, '好太太智能晾衣架', 'e3290a7a5a98bc9764fdd652cc9fe770', 1426548014, 'wap'),
(56, 67, 'wxg2015', 'af841d29c3bd6008b70e8fc481b6d5d7', 1426555503, 'wap'),
(57, 69, '172839', 'ec8c615283444e60527308aa3bf40cdf', 1426563329, 'wap'),
(58, 71, '才尽江南', '4683f192298f2a6e7e87f0b895dc47e9', 1426605356, 'wap'),
(59, 67, 'wxg2015', '4a665a1053bc44d81dacee0806ba47a2', 1426673802, 'wap'),
(60, 67, 'wxg2015', 'f44e79cc43afd808a16b771a961ad8ee', 1426673836, 'wap'),
(61, 72, '孚龙管业', '40ce4033e911600f7c3ad65d0bef8127', 1426676857, 'wap'),
(62, 73, '易和养生', 'bda0afebbe051e2df1370d3ce9d2307b', 1426733954, 'wap'),
(63, 79, 'f lo r', '51a87fe9ee3891b67177edf39d472aa8', 1427375949, 'wap'),
(64, 80, 'demo1', '1ab2b5d0f4fb382eb6081c4e8edd0c3c', 1427443563, 'wap'),
(65, 80, 'demo1', '9d0924a71a00fb56a466dee5b149e1ed', 1427444732, 'wap'),
(66, 80, 'demo1', '1b5fe93004033943420ed442057f8752', 1427448722, 'wap'),
(67, 80, 'demo1', '7dab98207478e6395f010df0e8b616d8', 1427465977, 'wap'),
(68, 78, 'tao123', 'ca6c6cf4267677fb06c21e92ba4af673', 1427508399, 'wap'),
(69, 78, 'tao123', 'dc842134e736cd3ad7f41f384b12b52c', 1427854444, 'wap');

-- --------------------------------------------------------

--
-- 表的结构 `cor_member`
--

CREATE TABLE IF NOT EXISTS `cor_member` (
  `member_id` int(11) NOT NULL AUTO_INCREMENT COMMENT '会员id',
  `member_name` varchar(50) NOT NULL COMMENT '会员名称',
  `member_truename` varchar(20) DEFAULT NULL COMMENT '真实姓名',
  `member_avatar` varchar(50) DEFAULT NULL COMMENT '会员头像',
  `member_sex` tinyint(1) DEFAULT NULL COMMENT '会员性别',
  `member_birthday` date DEFAULT NULL COMMENT '生日',
  `member_passwd` varchar(32) NOT NULL COMMENT '会员密码',
  `member_email` varchar(100) NOT NULL COMMENT '会员邮箱',
  `member_qq` varchar(100) DEFAULT NULL COMMENT 'qq',
  `member_ww` varchar(100) DEFAULT NULL COMMENT '阿里旺旺',
  `member_login_num` int(11) NOT NULL DEFAULT '1' COMMENT '登录次数',
  `member_time` varchar(10) NOT NULL COMMENT '会员注册时间',
  `member_login_time` varchar(10) NOT NULL COMMENT '当前登录时间',
  `member_old_login_time` varchar(10) NOT NULL COMMENT '上次登录时间',
  `member_login_ip` varchar(20) DEFAULT NULL COMMENT '当前登录ip',
  `member_old_login_ip` varchar(20) DEFAULT NULL COMMENT '上次登录ip',
  `member_qqopenid` varchar(100) DEFAULT NULL COMMENT 'qq互联id',
  `member_qqinfo` text COMMENT 'qq账号相关信息',
  `member_sinaopenid` varchar(100) DEFAULT NULL COMMENT '新浪微博登录id',
  `member_sinainfo` text COMMENT '新浪账号相关信息序列化值',
  `member_points` int(11) NOT NULL DEFAULT '0' COMMENT '会员积分',
  `available_predeposit` decimal(10,2) unsigned NOT NULL DEFAULT '0.00' COMMENT '预存款可用金额',
  `freeze_predeposit` decimal(10,2) unsigned NOT NULL DEFAULT '0.00' COMMENT '预存款冻结金额',
  `inform_allow` tinyint(1) NOT NULL DEFAULT '1' COMMENT '是否允许举报(1可以/2不可以)',
  `is_buy` tinyint(1) NOT NULL DEFAULT '1' COMMENT '会员是否有购买权限 1为开启 0为关闭',
  `is_allowtalk` tinyint(1) NOT NULL DEFAULT '1' COMMENT '会员是否有咨询和发送站内信的权限 1为开启 0为关闭',
  `member_state` tinyint(1) NOT NULL DEFAULT '1' COMMENT '会员的开启状态 1为开启 0为关闭',
  `member_credit` int(11) NOT NULL DEFAULT '0' COMMENT '会员信用',
  `member_snsvisitnum` int(11) NOT NULL DEFAULT '0' COMMENT 'sns空间访问次数',
  `member_areaid` int(11) DEFAULT NULL COMMENT '地区ID',
  `member_cityid` int(11) DEFAULT NULL COMMENT '城市ID',
  `member_provinceid` int(11) DEFAULT NULL COMMENT '省份ID',
  `member_areainfo` varchar(255) DEFAULT NULL COMMENT '地区内容',
  `member_privacy` text COMMENT '隐私设定',
  `member_tel` varchar(12) NOT NULL,
  PRIMARY KEY (`member_id`),
  KEY `member_name` (`member_name`)
) ENGINE=InnoDB  DEFAULT CHARSET=utf8 COMMENT='会员表' AUTO_INCREMENT=81 ;

--
-- 转存表中的数据 `cor_member`
--

INSERT INTO `cor_member` (`member_id`, `member_name`, `member_truename`, `member_avatar`, `member_sex`, `member_birthday`, `member_passwd`, `member_email`, `member_qq`, `member_ww`, `member_login_num`, `member_time`, `member_login_time`, `member_old_login_time`, `member_login_ip`, `member_old_login_ip`, `member_qqopenid`, `member_qqinfo`, `member_sinaopenid`, `member_sinainfo`, `member_points`, `available_predeposit`, `freeze_predeposit`, `inform_allow`, `is_buy`, `is_allowtalk`, `member_state`, `member_credit`, `member_snsvisitnum`, `member_areaid`, `member_cityid`, `member_provinceid`, `member_areainfo`, `member_privacy`, `member_tel`) VALUES
(1, 'corshop', '', '', 0, NULL, '2f2d895fa074fd487d60e80104b07956', '1526259626@qq.com', '1526259626', '', 29, '1387941824', '1427680122', '1427089748', '121.229.101.161', '117.88.76.213', '', '', '', '', 215, '0.00', '0.00', 1, 1, 1, 1, 0, 38, 2898, 268, 17, '广东省 深圳市 宝安区', 'a:7:{s:5:"email";s:1:"0";s:8:"truename";s:1:"0";s:3:"sex";s:1:"0";s:8:"birthday";s:1:"0";s:4:"area";s:1:"0";s:2:"qq";s:1:"0";s:2:"ww";s:1:"0";}', ''),
(2, 'haha', '', 'avatar_2.jpg', 1, '1995-10-09', '06db23142943da2f98d2f9b59f2cee2a', '1325853503@qq.com', '', '', 61, '1415968988', '1426735225', '1426468897', '58.52.138.107', '58.52.138.107', '', '', '', '', 220, '0.00', '0.00', 1, 1, 1, 1, 0, 44, 2898, 1, 1, '广东省 深圳市 宝安区', 'a:7:{s:5:"email";s:1:"2";s:8:"truename";s:1:"0";s:3:"sex";s:1:"1";s:8:"birthday";s:1:"1";s:4:"area";s:1:"0";s:2:"qq";s:1:"0";s:2:"ww";s:1:"0";}', ''),
(3, 'mxjyweb', '', 'avatar_3.jpg', 0, NULL, '048efefca2d1173a281ab895cbbc2ff3', '599913763@qq.com', '', '', 14, '1416047052', '1421221246', '1421221086', '113.90.81.146', '113.90.81.146', '', '', '', '', 62, '9900.00', '0.00', 1, 1, 1, 1, 0, 19, 0, 0, 2, '', 'a:7:{s:5:"email";s:1:"0";s:8:"truename";s:1:"0";s:3:"sex";s:1:"0";s:8:"birthday";s:1:"0";s:4:"area";s:1:"0";s:2:"qq";s:1:"0";s:2:"ww";s:1:"2";}', '13418530557'),
(4, 'tcdq', '', '', 3, NULL, 'fed77a399feb8be6db8bad528ee379fc', '418559924@qq.com', '', '', 10, '1416131144', '1417077814', '1416531617', '121.61.40.122', '221.233.229.240', '', '', '', '', 35, '0.00', '0.00', 1, 1, 1, 1, 0, 27, 2898, 268, 17, '广东省 深圳市 宝安区', 'a:7:{s:5:"email";s:1:"0";s:8:"truename";s:1:"0";s:3:"sex";s:1:"0";s:8:"birthday";s:1:"0";s:4:"area";s:1:"0";s:2:"qq";s:1:"0";s:2:"ww";s:1:"0";}', ''),
(5, 'xiner', '馨儿', 'avatar_5.jpg', 2, '1995-11-19', '06db23142943da2f98d2f9b59f2cee2a', '1226167129@qq.com', '1325853503', '', 110, '1416281201', '1426335520', '1426334821', '111.179.35.161', '111.179.35.161', '', '', '', '', 159, '53.09', '0.00', 1, 1, 1, 1, 0, 69, 2898, 2, 2, '广东省 深圳市 宝安区', 'a:7:{s:5:"email";s:1:"0";s:8:"truename";s:1:"0";s:3:"sex";s:1:"0";s:8:"birthday";s:1:"0";s:4:"area";s:1:"0";s:2:"qq";s:1:"2";s:2:"ww";s:1:"2";}', ''),
(6, 'fdxmslx', '', '', 0, NULL, '4297f44b13955235245b2497399d7a93', 'fdxmslx@126.com', '', NULL, 10, '1416384736', '1426327303', '1426316326', '113.110.183.7', '113.110.183.7', '', '', '', '', 145, '0.00', '0.00', 1, 1, 1, 1, 0, 0, NULL, NULL, NULL, NULL, NULL, ''),
(7, 'lingling1314', '', 'avatar_7.jpg', 2, NULL, '5c894ddb27f11642861f9a5d0b0191e7', '445277975@qq.com', '445277975', '', 56, '1416448364', '1419142072', '1419094783', '221.233.229.156', '221.233.229.156', '', '', '', '', 125, '0.00', '0.00', 1, 1, 1, 1, 0, 41, 2898, 268, 17, '广东省 深圳市 宝安区', 'a:7:{s:5:"email";s:1:"2";s:8:"truename";s:1:"0";s:3:"sex";s:1:"2";s:8:"birthday";s:1:"0";s:4:"area";s:1:"2";s:2:"qq";s:1:"2";s:2:"ww";s:1:"0";}', ''),
(8, '乐生活', '李良', '', 1, NULL, '8993d6fb2f8ee137f93b0125d6f0229f', 'ybzxliliang@126.com', '1214827063', '', 28, '1416492028', '1426656092', '1425978633', '106.39.223.103', '119.103.157.146', '', '', '', '', 120, '0.00', '0.00', 1, 1, 1, 1, 0, 37, 2898, 0, 2, '广东省 深圳市 宝安区', 'a:7:{s:5:"email";s:1:"2";s:8:"truename";s:1:"0";s:3:"sex";s:1:"0";s:8:"birthday";s:1:"0";s:4:"area";s:1:"0";s:2:"qq";s:1:"0";s:2:"ww";s:1:"0";}', ''),
(9, '吴海斌', '吴海斌', '', 3, NULL, 'b0d4c007bdd67374bbffdba1f7abc2e9', '1348470527@qq.com', '1348470527', '', 3, '1416576699', '1417579567', '1416576914', '27.24.147.225', '111.170.90.242', '', '', '', '', 15, '0.00', '0.00', 1, 1, 1, 1, 0, 5, 2898, 1, 1, '广东省 深圳市 宝安区', 'a:7:{s:5:"email";s:1:"1";s:8:"truename";s:1:"1";s:3:"sex";s:1:"1";s:8:"birthday";s:1:"1";s:4:"area";s:1:"1";s:2:"qq";s:1:"1";s:2:"ww";s:1:"1";}', ''),
(10, '眺望幸福', '', '', 0, NULL, 'ae5cba46d222f7b198392cda909a4447', '1085310398@qq.com', '', NULL, 1, '1416971606', '1416971606', '1416971606', '121.61.52.125', '121.61.52.125', '', '', '', '', 10, '0.00', '0.00', 1, 1, 1, 1, 0, 1, NULL, NULL, NULL, NULL, NULL, ''),
(11, 'fdxmslx2', '', '', 0, NULL, '4297f44b13955235245b2497399d7a93', 'fdxmslx2@126.com', '', NULL, 1, '1417005029', '1417005029', '1417005029', '127.0.0.1', '127.0.0.1', '', '', '', '', 10, '0.00', '0.00', 1, 1, 1, 1, 0, 1, NULL, NULL, NULL, NULL, NULL, ''),
(12, '花儿谢了', '', '', 0, NULL, '5c894ddb27f11642861f9a5d0b0191e7', '123@163.com', '', '', 1, '1417160878', '1417160878', '1417160878', '121.61.40.122', '121.61.40.122', '', '', '', '', 10, '0.00', '0.00', 1, 1, 1, 1, 0, 3, 0, 0, 0, '', 'a:7:{s:5:"email";s:1:"0";s:8:"truename";s:1:"0";s:3:"sex";s:1:"0";s:8:"birthday";s:1:"0";s:4:"area";s:1:"0";s:2:"qq";s:1:"0";s:2:"ww";s:1:"0";}', ''),
(13, '15872036688', '葛云龙', '', 1, NULL, 'e10adc3949ba59abbe56e057f20f883e', '942723854@qq.com', '942723854', '', 2, '1417653819', '1417656286', '1417653819', '27.24.171.195', '121.61.54.238', '', '', '', '', 10, '0.00', '0.00', 1, 1, 1, 1, 0, 22, 2898, 268, 1, '广东省 深圳市 宝安区', 'a:7:{s:5:"email";s:1:"0";s:8:"truename";s:1:"1";s:3:"sex";s:1:"0";s:8:"birthday";s:1:"0";s:4:"area";s:1:"0";s:2:"qq";s:1:"0";s:2:"ww";s:1:"0";}', '15872036688'),
(14, 'luo4321786', '罗志刚', '', 1, '1967-06-05', 'cb73fca01d53899d412c083a536746b2', '2480975539@qq.com', '2480975539', '', 1, '1418334264', '1418334264', '1418334264', '223.104.20.7', '223.104.20.7', '', '', '', '', 10, '0.00', '0.00', 1, 1, 1, 1, 0, 1, 2898, 268, 17, '广东省 深圳市 宝安区', 'a:7:{s:5:"email";s:1:"0";s:8:"truename";s:1:"0";s:3:"sex";s:1:"0";s:8:"birthday";s:1:"0";s:4:"area";s:1:"0";s:2:"qq";s:1:"0";s:2:"ww";s:1:"0";}', '15872790382'),
(15, '淘几个喜欢', '', '', 0, NULL, 'da4ba5e09b5890be0d1c9ab140853ce7', '1115044633@qq.com', '', NULL, 4, '1418517560', '1425372829', '1425372829', '113.57.183.10', '113.57.183.10', '', '', '', '', 20, '0.00', '0.00', 1, 1, 1, 1, 0, 18, NULL, NULL, NULL, NULL, NULL, ''),
(16, '何媛媛hyy', '何媛媛', '', 2, '1991-09-21', '241aeab6feb265f541373246213c69e5', '446037523@qq.com', '446037523', '', 3, '1418610704', '1418782640', '1418747712', '121.61.126.105', '121.61.126.105', '', '', '', '', 15, '0.00', '0.00', 1, 1, 1, 1, 0, 0, 2898, 268, 17, '广东省 深圳市 宝安区', 'a:7:{s:5:"email";s:1:"0";s:8:"truename";s:1:"0";s:3:"sex";s:1:"0";s:8:"birthday";s:1:"0";s:4:"area";s:1:"0";s:2:"qq";s:1:"0";s:2:"ww";s:1:"0";}', '13872161656'),
(17, '缘因有你', '', '', 2, NULL, '4f7dc9d760710b848ca3e02b7a1468ef', '1035741326@qq.com', '1035741326', '紫色藤蔓zstm', 14, '1418922929', '1425976141', '1425373205', '111.179.111.238', '221.233.226.146', '', '', '', '', 41, '200.00', '0.00', 1, 1, 1, 1, 0, 2, 2898, 2, 2, '广东省 深圳市 宝安区', 'a:7:{s:5:"email";s:1:"2";s:8:"truename";s:1:"2";s:3:"sex";s:1:"2";s:8:"birthday";s:1:"2";s:4:"area";s:1:"2";s:2:"qq";s:1:"2";s:2:"ww";s:1:"2";}', '15997981770'),
(18, '123', '', '', 0, NULL, 'e10adc3949ba59abbe56e057f20f883e', '984536800@qq.com', '', NULL, 1, '1419212109', '1419212109', '1419212109', '27.24.168.40', '27.24.168.40', '', '', '', '', 10, '0.00', '0.00', 1, 1, 1, 1, 0, 1, NULL, NULL, NULL, NULL, NULL, ''),
(19, 'hbtclwd', '李卫东', '', 1, '1968-09-03', 'bf847733bc9a17352e2ec4e03aa932da', '372713694@qq.com', '372713694', '', 1, '1419408975', '1419408975', '1419408975', '106.39.223.141', '106.39.223.141', '', '', '', '', 10, '0.00', '0.00', 1, 1, 1, 1, 0, 0, 2898, 2, 2, '广东省 深圳市 宝安区', 'a:7:{s:5:"email";s:1:"2";s:8:"truename";s:1:"2";s:3:"sex";s:1:"0";s:8:"birthday";s:1:"2";s:4:"area";s:1:"2";s:2:"qq";s:1:"2";s:2:"ww";s:1:"2";}', '13971814072'),
(20, 'bxgz', '', '', 0, NULL, '06db23142943da2f98d2f9b59f2cee2a', '2924646711@qq.com', '', NULL, 6, '1419578259', '1421571591', '1419836844', '111.179.62.243', '121.61.49.213', '', '', '', '', 20, '0.01', '0.00', 1, 1, 1, 1, 0, 0, NULL, NULL, NULL, NULL, NULL, ''),
(21, 'guizhou', '', '', 0, NULL, 'e10adc3949ba59abbe56e057f20f883e', '1011174136@qq.com', '', NULL, 1, '1419616466', '1419616466', '1419616466', '220.171.241.200', '220.171.241.200', '', '', '', '', 10, '0.00', '0.00', 1, 1, 1, 1, 0, 0, NULL, NULL, NULL, NULL, NULL, ''),
(22, 'Shareazalili', '', '', 0, NULL, '0af2806961e940d06242cf36978214f4', 'usermp3@outlook.com', '', NULL, 1, '1419626199', '1419626199', '1419626199', '213.159.38.90', '213.159.38.90', '', '', '', '', 10, '0.00', '0.00', 1, 1, 1, 1, 0, 0, NULL, NULL, NULL, NULL, NULL, ''),
(23, 'tzlift8', '徐博', '', 3, NULL, '89b720e2dee095b8901a89dab82b4db4', '13961011588@126.com', '702461526', '', 2, '1419813998', '1419984921', '1419813998', '180.122.242.92', '117.94.143.4', '', '', '', '', 15, '0.00', '0.00', 1, 1, 1, 1, 0, 0, 2128, 10, 0, '江苏省	泰州市	高港区', 'a:7:{s:5:"email";s:1:"0";s:8:"truename";s:1:"0";s:3:"sex";s:1:"0";s:8:"birthday";s:1:"0";s:4:"area";s:1:"0";s:2:"qq";s:1:"0";s:2:"ww";s:1:"0";}', '13961011588'),
(24, '骑士红红', '杜红', 'avatar_24.jpg', 2, '1992-06-18', 'e0cc0a19cf8a484e5759b7fa0a6b1072', '470840532@qq.com', '470840532', '骑士红红', 12, '1420877252', '1426412007', '1426404159', '221.233.229.182', '221.233.229.182', '', '', '', '', 45, '0.00', '0.00', 1, 1, 1, 1, 0, 5, 2898, 2, 1, '广东省 深圳市 宝安区', 'a:7:{s:5:"email";s:1:"1";s:8:"truename";s:1:"2";s:3:"sex";s:1:"0";s:8:"birthday";s:1:"2";s:4:"area";s:1:"0";s:2:"qq";s:1:"2";s:2:"ww";s:1:"2";}', '15872787633'),
(25, 'Michealer', '', '', 0, NULL, '857753b1d9ab30a16b6e4d349828bb2f', 'tanja.murashckina2016@yandex.com', '', NULL, 1, '1420936499', '1420936499', '1420936499', '95.25.87.235', '95.25.87.235', '', '', '', '', 10, '0.00', '0.00', 1, 1, 1, 1, 0, 0, NULL, NULL, NULL, NULL, NULL, ''),
(26, '阳光教育培训', '吴石祥', '', 1, NULL, '504056286844b324652888c8da162214', 'longtime9-99@163.com', '527756842', '', 1, '1421219796', '1421219796', '1421219796', '111.179.63.31', '111.179.63.31', '', '', '', '', 10, '0.00', '0.00', 1, 1, 1, 1, 0, 0, 0, 0, 0, '', 'a:7:{s:5:"email";s:1:"0";s:8:"truename";s:1:"0";s:3:"sex";s:1:"0";s:8:"birthday";s:1:"0";s:4:"area";s:1:"0";s:2:"qq";s:1:"0";s:2:"ww";s:1:"0";}', ''),
(27, '刘佳勇', '', '', 0, NULL, '4cb22e33783ae9a3a91cf2ddeaba7faa', 'kingliu001@163.com', '', NULL, 1, '1421284135', '1421284135', '1421284135', '223.104.20.105', '223.104.20.105', '', '', '', '', 10, '0.00', '0.00', 1, 1, 1, 1, 0, 0, NULL, NULL, NULL, NULL, NULL, ''),
(28, '娇点工艺', '', '', 0, NULL, 'f3f4c66eeb4704286ac65269061cc975', '719141300@qq.com', '', NULL, 1, '1421292004', '1421292004', '1421292004', '111.179.34.77', '111.179.34.77', '', '', '', '', 10, '0.00', '0.00', 1, 1, 1, 1, 0, 0, NULL, NULL, NULL, NULL, NULL, ''),
(29, '龙盈易购', '', '', 0, NULL, '978cb73e259d2807f39e15d3eae6eb1d', '346106139@qq.com', '', NULL, 1, '1421382311', '1421382311', '1421382311', '121.61.54.17', '121.61.54.17', '', '', '', '', 10, '0.00', '0.00', 1, 1, 1, 1, 0, 0, NULL, NULL, NULL, NULL, NULL, ''),
(30, '王强ZXY2014', '', '', 0, NULL, 'd02c65b6d9111a08169798509f2010aa', '563972238@qq.com', '', NULL, 1, '1421389648', '1421389648', '1421389648', '106.120.152.236', '106.120.152.236', '', '', '', '', 10, '0.00', '0.00', 1, 1, 1, 1, 0, 0, NULL, NULL, NULL, NULL, NULL, ''),
(31, '888', '', '', 0, NULL, '202cb962ac59075b964b07152d234b70', '826145441@qq.com', '', NULL, 1, '1421487132', '1421487132', '1421487132', '113.56.22.58', '113.56.22.58', '', '', '', '', 10, '0.00', '0.00', 1, 1, 1, 1, 0, 0, NULL, NULL, NULL, NULL, NULL, ''),
(32, '购物乐', '黄芬', '', 2, NULL, 'a48c2ed8209c788dcfff8bfb7d4f17f1', '1036671660@qq.com', '', '玉马200', 1, '1421504277', '1421504277', '1421504277', '27.24.223.36', '27.24.223.36', '', '', '', '', 10, '0.00', '0.00', 1, 1, 1, 1, 0, 0, 2898, 2, 2, '广东省 深圳市 宝安区', 'a:7:{s:5:"email";s:1:"2";s:8:"truename";s:1:"2";s:3:"sex";s:1:"0";s:8:"birthday";s:1:"0";s:4:"area";s:1:"0";s:2:"qq";s:1:"0";s:2:"ww";s:1:"2";}', '13886536317'),
(33, '18971800630', '', '', 0, NULL, '1e145acfde512fb58c35a556f1dfe77c', '365679790@qq.com', '', NULL, 2, '1421627032', '1421640462', '1421627032', '121.61.53.49', '27.24.147.222', '', '', '', '', 10, '0.00', '0.00', 1, 1, 1, 1, 0, 0, NULL, NULL, NULL, NULL, NULL, ''),
(34, 'bztcy', '', '', 0, NULL, 'e10adc3949ba59abbe56e057f20f883e', '12345@qq.com', '', NULL, 1, '1421978912', '1421978912', '1421978912', '111.170.89.69', '111.170.89.69', '', '', '', '', 10, '0.00', '0.00', 1, 1, 1, 1, 0, 0, NULL, NULL, NULL, NULL, NULL, ''),
(35, 'candle1238', '', '', 0, NULL, 'f9405b7aca18056e5a8ce2e7de5120a9', '105514882@qq.com', '', NULL, 1, '1421979733', '1421979733', '1421979733', '163.125.223.218', '163.125.223.218', '', '', '', '', 10, '0.00', '0.00', 1, 1, 1, 1, 0, 1, NULL, NULL, NULL, NULL, NULL, ''),
(36, 'Daniielned', '', '', 0, NULL, '1f612eda55215f042d1297c8bd5373c3', 'danielshtorm@yandex.ru', '', NULL, 1, '1422222411', '1422222411', '1422222411', '5.164.221.236', '5.164.221.236', '', '', '', '', 10, '0.00', '0.00', 1, 1, 1, 1, 0, 0, NULL, NULL, NULL, NULL, NULL, ''),
(37, 'we6design', '', '', 0, NULL, '6862d97efc6ba48b7a16b8e49c12e948', '1308880253@qq.com', '', NULL, 1, '1422252337', '1422252337', '1422252337', '113.116.28.130', '113.116.28.130', '', '', '', '', 10, '0.00', '0.00', 1, 1, 1, 1, 0, 0, NULL, NULL, NULL, NULL, NULL, ''),
(38, 'PatrickPexy', '', '', 0, NULL, 'ee8e0dca5d58701f8e4bf091069039ca', 'masch.demidowa2015@yandex.com', '', NULL, 1, '1422304054', '1422304054', '1422304054', '89.178.188.193', '89.178.188.193', '', '', '', '', 10, '0.00', '0.00', 1, 1, 1, 1, 0, 0, NULL, NULL, NULL, NULL, NULL, ''),
(39, '18819118351', '', '', 0, NULL, '276804bebac4abb32394732eddc0db56', '765514492@qq.con', '', NULL, 1, '1422357949', '1422357949', '1422357949', '121.61.51.142', '121.61.51.142', '', '', '', '', 10, '0.00', '0.00', 1, 1, 1, 1, 0, 0, NULL, NULL, NULL, NULL, NULL, ''),
(40, 'smj', '', '', 3, NULL, 'e10adc3949ba59abbe56e057f20f883e', '916418548@qq.com', '916418548', '', 5, '1422427277', '1424875201', '1422431489', '121.61.52.22', '61.184.181.19', '', '', '', '', 15, '0.00', '0.00', 1, 1, 1, 1, 0, 2, 2898, 268, 17, '广东省 深圳市 宝安区', 'a:7:{s:5:"email";s:1:"0";s:8:"truename";s:1:"0";s:3:"sex";s:1:"0";s:8:"birthday";s:1:"0";s:4:"area";s:1:"0";s:2:"qq";s:1:"0";s:2:"ww";s:1:"0";}', '15334192999'),
(41, 'kayvin', '', '', 3, NULL, '5c19fdd8466c37ea447c8a0c17a75042', '277405656@qq.com', '277405656', '', 5, '1422504066', '1423477565', '1423184938', '117.136.81.206', '121.61.50.103', '', '', '', '', 30, '0.00', '0.00', 1, 1, 1, 1, 0, 2, 0, 0, 0, '', 'a:7:{s:5:"email";s:1:"0";s:8:"truename";s:1:"0";s:3:"sex";s:1:"0";s:8:"birthday";s:1:"0";s:4:"area";s:1:"0";s:2:"qq";s:1:"0";s:2:"ww";s:1:"0";}', '18664333530'),
(42, 'dingyuanfang', '', '', 3, '1982-04-16', '96507f0f63d6d37b1d07f8dda59d73ed', 'dingyuanfang002@qq.com', '270281467', '', 1, '1422537237', '1422537237', '1422537237', '115.102.3.3', '115.102.3.3', '', '', '', '', 10, '0.00', '0.00', 1, 1, 1, 1, 0, 7, 2898, 2, 2, '广东省 深圳市 宝安区', 'a:7:{s:5:"email";s:1:"0";s:8:"truename";s:1:"2";s:3:"sex";s:1:"0";s:8:"birthday";s:1:"2";s:4:"area";s:1:"0";s:2:"qq";s:1:"0";s:2:"ww";s:1:"0";}', '15272748338'),
(43, '通城密室逃脱', '', '', 0, NULL, 'df1ff57c202690eeda64eb4eb52c0eea', '344926821@qq.com', '', NULL, 1, '1422537954', '1422537954', '1422537954', '106.39.223.101', '106.39.223.101', '', '', '', '', 10, '0.00', '0.00', 1, 1, 1, 1, 0, 0, NULL, NULL, NULL, NULL, NULL, ''),
(44, '唯美花店', '黎禄', '', 1, '1991-06-13', '19f90cc29d1268ade941ee2fe96223b8', '849555996@qq.com', '849555996', '小路的路33', 1, '1423218597', '1423218597', '1423218597', '106.39.223.96', '106.39.223.96', '', '', '', '', 10, '0.00', '0.00', 1, 1, 1, 1, 0, 0, 2898, 268, 17, '广东省 深圳市 宝安区', 'a:7:{s:5:"email";s:1:"0";s:8:"truename";s:1:"0";s:3:"sex";s:1:"0";s:8:"birthday";s:1:"0";s:4:"area";s:1:"0";s:2:"qq";s:1:"0";s:2:"ww";s:1:"0";}', '15957977595'),
(45, '品味生活', '', '', 3, NULL, '8fcb6254460a70ba63fd00e077282d9d', '550359281q@qq.com', '', '', 1, '1423474150', '1423474150', '1423474150', '27.24.170.0', '27.24.170.0', '', '', '', '', 10, '0.00', '0.00', 1, 1, 1, 1, 0, 0, 0, 0, 0, '', 'a:7:{s:5:"email";s:1:"0";s:8:"truename";s:1:"0";s:3:"sex";s:1:"0";s:8:"birthday";s:1:"0";s:4:"area";s:1:"0";s:2:"qq";s:1:"0";s:2:"ww";s:1:"0";}', ''),
(46, 'ncchmy', '', '', 0, NULL, '06a5ac9504e3a3c83574cf7a6479be2d', '563447637@qq.com', '', NULL, 1, '1423540958', '1423540958', '1423540958', '59.53.140.147', '59.53.140.147', '', '', '', '', 10, '0.00', '0.00', 1, 1, 1, 1, 0, 0, NULL, NULL, NULL, NULL, NULL, ''),
(47, 'Robertsine', '', '', 0, NULL, '6ec7cf7cb74b4db8f605e7fd8ba1c12c', 'tuhanowsckaya2015@gmail.com', '', NULL, 1, '1424137398', '1424137398', '1424137398', '89.178.181.183', '89.178.181.183', '', '', '', '', 10, '0.00', '0.00', 1, 1, 1, 1, 0, 0, NULL, NULL, NULL, NULL, NULL, ''),
(48, '徐志熬XUZHIAO', '徐志熬', 'avatar_48.jpg', 1, '1982-05-27', '1eb53064aa1e1a92848194d2696de92c', 'xuzhiaonet@163.com', '913338074', '', 2, '1425029303', '1425031798', '1425029303', '121.61.51.167', '121.61.51.167', '', '', '', '', 10, '0.00', '0.00', 1, 1, 1, 1, 0, 1, 2898, 2, 0, '广东省 深圳市 宝安区', 'a:7:{s:5:"email";s:1:"0";s:8:"truename";s:1:"0";s:3:"sex";s:1:"0";s:8:"birthday";s:1:"2";s:4:"area";s:1:"0";s:2:"qq";s:1:"0";s:2:"ww";s:1:"0";}', '15271295186'),
(49, '宇先生', '', 'avatar_49.jpg', 0, NULL, '17a01f96e567465f5cc8d75e55eb2733', 'yangfengyu520@126.com', '', NULL, 58, '1425601746', '1426661802', '1426641135', '58.52.138.107', '58.52.138.107', '', '', '', '', 65, '0.00', '0.00', 1, 1, 1, 1, 0, 20, NULL, NULL, NULL, NULL, NULL, ''),
(50, 'liyulinlaoshi', '', '', 0, NULL, '43605cb77d11f7fc94a9aabc6747128e', '351202147@qq.com', '', NULL, 9, '1425611048', '1426725218', '1426151300', '58.52.138.107', '111.170.90.13', '', '', '', '', 25, '0.00', '0.00', 1, 1, 1, 1, 0, 2, NULL, NULL, NULL, NULL, NULL, ''),
(51, 'paul@crt.cn', '', '', 0, NULL, '9189cab2b2b340d5180df10785b8e112', 'paul@crt.cn', '', NULL, 1, '1425626584', '1425626584', '1425626584', '220.243.138.3', '220.243.138.3', '', '', '', '', 10, '0.00', '0.00', 1, 1, 1, 1, 0, 0, NULL, NULL, NULL, NULL, NULL, ''),
(52, '信念', '', '', 0, NULL, 'b2fc7c99fa56b6d3eb87d49c88971c67', '1443704658@qq.com', '', NULL, 11, '1425627228', '1426687520', '1425999996', '113.104.163.158', '113.116.140.243', '', '', '', '', 20, '0.00', '0.00', 1, 1, 1, 1, 0, 7, NULL, NULL, NULL, NULL, NULL, ''),
(53, 'yigeren', '', '', 1, '1995-05-20', '8590531743c0479e574a948af4f08c8e', '297077996@qq.com', '', '', 1, '1425630418', '1425630418', '1425630418', '111.170.113.142', '111.170.113.142', '', '', '', '', 10, '0.00', '0.00', 1, 1, 1, 1, 0, 0, 17, 0, 17, '湖北省', 'a:7:{s:5:"email";s:1:"0";s:8:"truename";s:1:"0";s:3:"sex";s:1:"0";s:8:"birthday";s:1:"0";s:4:"area";s:1:"0";s:2:"qq";s:1:"0";s:2:"ww";s:1:"0";}', ''),
(54, 'Ziginglighting', 'Erica', '', 2, '1983-12-30', '1b26e5594da6bafae7ac4873408a79ae', '86552497@qq.com', '86552497', '', 1, '1425646819', '1425646819', '1425646819', '106.39.223.96', '106.39.223.96', '', '', '', '', 10, '0.00', '0.00', 1, 1, 1, 1, 0, 0, 2898, 0, 0, '广东省 深圳市 宝安区', 'a:7:{s:5:"email";s:1:"0";s:8:"truename";s:1:"0";s:3:"sex";s:1:"2";s:8:"birthday";s:1:"0";s:4:"area";s:1:"0";s:2:"qq";s:1:"0";s:2:"ww";s:1:"0";}', ''),
(55, '南隽', '', '', 1, NULL, 'aa3caf4d2390db51ad6578ec214af947', '906380585@qq.com', '', '', 1, '1425690230', '1425690230', '1425690230', '111.170.113.142', '111.170.113.142', '', '', '', '', 10, '0.00', '0.00', 1, 1, 1, 1, 0, 1, 0, 0, 0, '', 'a:7:{s:5:"email";s:1:"0";s:8:"truename";s:1:"0";s:3:"sex";s:1:"0";s:8:"birthday";s:1:"0";s:4:"area";s:1:"0";s:2:"qq";s:1:"0";s:2:"ww";s:1:"0";}', ''),
(56, '牧羊人', '', '', 0, NULL, '0764220701093be5b23bc44876d1709c', 'dingmingchao777@163.com', '', NULL, 1, '1425700114', '1425700114', '1425700114', '27.19.172.50', '27.19.172.50', '', '', '', '', 10, '0.00', '0.00', 1, 1, 1, 1, 0, 0, NULL, NULL, NULL, NULL, NULL, ''),
(57, '放学铃声才是中国好声音', '', '', 0, NULL, '17ad576af1a0d35cb7064cb8be0cc258', '1468239175@qq.com', '', NULL, 1, '1425714855', '1425714855', '1425714855', '111.179.111.142', '111.179.111.142', '', '', '', '', 10, '0.00', '0.00', 1, 1, 1, 1, 0, 0, NULL, NULL, NULL, NULL, NULL, ''),
(58, '洛丽塔', '', '', 0, NULL, 'd5067e1047154b939a625dbf74b9fd32', '297077696@qq.com', '', NULL, 1, '1425746240', '1425746240', '1425746240', '121.61.126.14', '121.61.126.14', '', '', '', '', 10, '0.00', '0.00', 1, 1, 1, 1, 0, 1, NULL, NULL, NULL, NULL, NULL, ''),
(59, '隽南', '杜文辉', '', 1, NULL, '9a20ba77df3fd09a437b9f84fd6ece0c', '906380585@163.com', '906380585', '', 2, '1425872796', '1425873032', '1425872796', '58.52.161.2', '58.52.161.2', '', '', '', '', 10, '0.00', '0.00', 1, 1, 1, 1, 0, 0, 2898, 2, 1, '广东省 深圳市 宝安区', 'a:7:{s:5:"email";s:1:"0";s:8:"truename";s:1:"0";s:3:"sex";s:1:"0";s:8:"birthday";s:1:"1";s:4:"area";s:1:"0";s:2:"qq";s:1:"0";s:2:"ww";s:1:"2";}', '13545581578'),
(60, '皮江星', '', '', 0, NULL, 'a99e904dd0cbb8add83e4699a82b2381', '253621911@qq.com', '', NULL, 5, '1425884518', '1426294325', '1426208249', '58.52.138.107', '58.52.138.107', '', '', '', '', 25, '0.00', '0.00', 1, 1, 1, 1, 0, 2, NULL, NULL, NULL, NULL, NULL, ''),
(61, '轻松自如', '李良', '', 3, NULL, '8993d6fb2f8ee137f93b0125d6f0229f', '1214827063@qq.com', '1214827063', '', 1, '1425909327', '1425909327', '1425909327', '115.102.3.3', '115.102.3.3', '', '', '', '', 10, '0.00', '0.00', 1, 1, 1, 1, 0, 0, 2898, 268, 17, '广东省 深圳市 宝安区', 'a:7:{s:5:"email";s:1:"0";s:8:"truename";s:1:"0";s:3:"sex";s:1:"0";s:8:"birthday";s:1:"0";s:4:"area";s:1:"0";s:2:"qq";s:1:"0";s:2:"ww";s:1:"0";}', '13986621834'),
(62, '好又多商城', '', '', 0, NULL, '470de5aa5bb07d92e9a3b1a0152933ef', 'beyond0207@163.com', '', NULL, 1, '1426054577', '1426054577', '1426054577', '106.39.223.105', '106.39.223.105', '', '', '', '', 10, '0.00', '0.00', 1, 1, 1, 1, 0, 0, NULL, NULL, NULL, NULL, NULL, ''),
(63, '广场有鸟', '', '', 0, NULL, '5ce540339ea4e006112f497d29f71183', '137832088@qq.com', '', NULL, 2, '1426070956', '1426123727', '1426070956', '111.179.62.8', '121.61.92.161', '', '', '', '', 10, '0.00', '0.00', 1, 1, 1, 1, 0, 3, NULL, NULL, NULL, NULL, NULL, ''),
(64, '幸福在追求中', '', '', 0, NULL, '04a4aa65f0017ee85dfd2dfc7fe45b7e', 'Lixia63_love@163.com', '', NULL, 2, '1426150834', '1426150927', '1426150834', '121.10.72.201', '121.10.72.201', '', '', '', '', 10, '0.00', '0.00', 1, 1, 1, 1, 0, 0, NULL, NULL, NULL, NULL, NULL, ''),
(65, 'huzhi', '', '', 0, NULL, '19b32b0e6ff0ed11609ce59cfbe3e616', '464459534@qq.com', '', NULL, 4, '1426349007', '1426585969', '1426416561', '125.89.63.67', '119.103.177.79', '', '', '', '', 15, '0.00', '0.00', 1, 1, 1, 1, 0, 0, NULL, NULL, NULL, NULL, NULL, ''),
(66, '好太太智能晾衣架', '', '', 0, NULL, '2a3f457285f606789467506da4399983', '746276945@qq.com', '', NULL, 2, '1426547786', '1426548015', '1426547786', '117.136.81.253', '117.136.81.253', '', '', '', '', 10, '0.00', '0.00', 1, 1, 1, 1, 0, 0, NULL, NULL, NULL, NULL, NULL, ''),
(67, 'wxg2015', '', '', 3, NULL, '226a8029706f80c02278617c355cc093', '1043555122@qq.com', '1043555122', '', 4, '1426555503', '1426673836', '1426673802', '111.179.51.7', '111.179.51.7', '', '', '', '', 15, '0.00', '0.00', 1, 1, 1, 1, 0, 1, 2898, 268, 17, '广东省 深圳市 宝安区', 'a:7:{s:5:"email";s:1:"0";s:8:"truename";s:1:"0";s:3:"sex";s:1:"0";s:8:"birthday";s:1:"0";s:4:"area";s:1:"0";s:2:"qq";s:1:"0";s:2:"ww";s:1:"0";}', '13986630680'),
(68, '正泰电气', '', '', 3, NULL, '7bb5ed0fb7dce6db0c32be88c9698575', '540346591@qq.com', '540346591', '', 4, '1426557555', '1426656858', '1426648944', '121.61.50.21', '121.61.50.21', '', '', '', '', 15, '0.00', '0.00', 1, 1, 1, 1, 0, 0, 2898, 268, 17, '广东省 深圳市 宝安区', 'a:7:{s:5:"email";s:1:"0";s:8:"truename";s:1:"0";s:3:"sex";s:1:"0";s:8:"birthday";s:1:"0";s:4:"area";s:1:"0";s:2:"qq";s:1:"0";s:2:"ww";s:1:"0";}', '13972814327'),
(69, '172839', '', '', 0, NULL, '08fd71a60fbbe8210cd5853c56d1cd84', '190241879@qq.com', '', NULL, 1, '1426563329', '1426563329', '1426563329', '223.104.20.73', '223.104.20.73', '', '', '', '', 10, '0.00', '0.00', 1, 1, 1, 1, 0, 0, NULL, NULL, NULL, NULL, NULL, ''),
(70, '黎小荣', '', '', 3, NULL, 'e10adc3949ba59abbe56e057f20f883e', '12378@qq.com', '', '', 2, '1426580558', '1426582517', '1426580558', '58.52.138.107', '58.52.138.107', '', '', '', '', 10, '0.00', '0.00', 1, 1, 1, 1, 0, 0, 2898, 268, 17, '广东省 深圳市 宝安区', 'a:7:{s:5:"email";s:1:"0";s:8:"truename";s:1:"0";s:3:"sex";s:1:"0";s:8:"birthday";s:1:"0";s:4:"area";s:1:"0";s:2:"qq";s:1:"0";s:2:"ww";s:1:"0";}', '13986619359'),
(71, '才尽江南', '', '', 0, NULL, 'b0aca43a6e491b35409b1d23566f43bb', '543081412@qq.com', '', NULL, 1, '1426605356', '1426605356', '1426605356', '111.179.109.217', '111.179.109.217', '', '', '', '', 10, '0.00', '0.00', 1, 1, 1, 1, 0, 0, NULL, NULL, NULL, NULL, NULL, ''),
(72, '孚龙管业', '', '', 0, NULL, '4259e19ad6430d9dff1af0f9afaf559c', '103302503@qq.com', '', NULL, 1, '1426676857', '1426676857', '1426676857', '183.93.55.73', '183.93.55.73', '', '', '', '', 10, '0.00', '0.00', 1, 1, 1, 1, 0, 0, NULL, NULL, NULL, NULL, NULL, ''),
(73, '易和养生', '', '', 3, NULL, '510fbebfeddd80b5e1975d4405d6bbc3', '495140668@qq.com', '495140668', '', 2, '1426733069', '1426733954', '1426733069', '58.52.138.107', '58.52.138.107', '', '', '', '', 10, '0.00', '0.00', 1, 1, 1, 1, 0, 0, 2898, 268, 17, '广东省 深圳市 宝安区', 'a:7:{s:5:"email";s:1:"0";s:8:"truename";s:1:"0";s:3:"sex";s:1:"0";s:8:"birthday";s:1:"0";s:4:"area";s:1:"0";s:2:"qq";s:1:"0";s:2:"ww";s:1:"0";}', '15872088637'),
(74, '15016902929', '', '', 0, NULL, '25c7e8266de1c11b8dd4b68a85647256', '15016902929@163.com', '', NULL, 1, '1426747676', '1426747676', '1426747676', '58.253.80.20', '58.253.80.20', '', '', '', '', 10, '0.00', '0.00', 1, 1, 1, 1, 0, 0, NULL, NULL, NULL, NULL, NULL, ''),
(75, '小熊1989', '', '', 0, NULL, '435bffd92fa704cb1d7ed62c9a53b6ad', '2081186935@qq.com', '', NULL, 1, '1426818875', '1426818875', '1426818875', '113.110.180.90', '113.110.180.90', '', '', '', '', 10, '0.00', '0.00', 1, 1, 1, 1, 0, 0, NULL, NULL, NULL, NULL, NULL, ''),
(76, 'cor888', '', '', 3, NULL, 'c1f637e824a9939c451b54bf2b924b59', '360310981@qq.com', '', '', 1, '1426830255', '1426830255', '1426830255', '113.110.180.90', '113.110.180.90', '', '', '', '', 10, '0.00', '0.00', 1, 1, 1, 1, 0, 1, 0, 0, 0, '', 'a:7:{s:5:"email";s:1:"0";s:8:"truename";s:1:"0";s:3:"sex";s:1:"0";s:8:"birthday";s:1:"0";s:4:"area";s:1:"0";s:2:"qq";s:1:"0";s:2:"ww";s:1:"0";}', ''),
(77, 'xiaox', '', '', 0, NULL, 'ecb46aecbd82711a5280cdcf6de6f612', '445501725@qq.com', '', NULL, 1, '1427186872', '1427186872', '1427186872', '119.123.110.104', '119.123.110.104', '', '', '', '', 10, '0.00', '0.00', 1, 1, 1, 1, 0, 0, NULL, NULL, NULL, NULL, NULL, ''),
(78, 'tao123', '', '', 3, NULL, '61646a6e06a863c198c4a8b015bef05b', '578205475@qq.com', '', '', 8, '1427372402', '1427854444', '1427508399', '121.237.70.128', '49.65.251.1', '', '', '', '', 25, '0.00', '0.00', 1, 1, 1, 1, 0, 2, 0, 0, 0, '', 'a:7:{s:5:"email";s:1:"0";s:8:"truename";s:1:"0";s:3:"sex";s:1:"0";s:8:"birthday";s:1:"0";s:4:"area";s:1:"0";s:2:"qq";s:1:"0";s:2:"ww";s:1:"0";}', ''),
(79, 'f lo r', '', '', 0, NULL, '6c8c0fd450b73e177dbab8506ec1458b', '3681917@qq.com', '', NULL, 1, '1427375949', '1427375949', '1427375949', '180.111.241.160', '180.111.241.160', '', '', '', '', 10, '0.00', '0.00', 1, 1, 1, 1, 0, 0, NULL, NULL, NULL, NULL, NULL, ''),
(80, 'demo1', '', '', 0, NULL, 'd6b44094f7d9d13a55c3f1c3e57b018e', '103832740@qq.com', '', NULL, 4, '1427443563', '1427465977', '1427448722', '153.3.77.72', '49.65.225.171', '', '', '', '', 10, '0.00', '0.00', 1, 1, 1, 1, 0, 0, NULL, NULL, NULL, NULL, NULL, '');

-- --------------------------------------------------------

--
-- 表的结构 `cor_message`
--

CREATE TABLE IF NOT EXISTS `cor_message` (
  `message_id` int(11) NOT NULL AUTO_INCREMENT COMMENT '短消息索引id',
  `message_parent_id` int(11) NOT NULL COMMENT '回复短消息message_id',
  `from_member_id` int(11) NOT NULL COMMENT '短消息发送人',
  `to_member_id` varchar(1000) NOT NULL COMMENT '短消息接收人',
  `message_title` varchar(50) DEFAULT NULL COMMENT '短消息标题',
  `message_body` varchar(255) NOT NULL COMMENT '短消息内容',
  `message_time` varchar(10) NOT NULL COMMENT '短消息发送时间',
  `message_update_time` varchar(10) DEFAULT NULL COMMENT '短消息回复更新时间',
  `message_open` tinyint(1) NOT NULL DEFAULT '0' COMMENT '短消息打开状态',
  `message_state` tinyint(1) NOT NULL DEFAULT '0' COMMENT '短消息状态，0为正常状态，1为发送人删除状态，2为接收人删除状态',
  `message_type` tinyint(1) NOT NULL DEFAULT '0' COMMENT '0为私信、1为系统消息、2为留言',
  `read_member_id` varchar(1000) DEFAULT NULL COMMENT '已经读过该消息的会员id',
  `del_member_id` varchar(1000) DEFAULT NULL COMMENT '已经删除该消息的会员id',
  `message_ismore` tinyint(1) NOT NULL DEFAULT '0' COMMENT '站内信是否为一条发给多个用户 0为否 1为多条 ',
  `from_member_name` varchar(100) DEFAULT NULL COMMENT '发信息人用户名',
  `to_member_name` varchar(100) DEFAULT NULL COMMENT '接收人用户名',
  PRIMARY KEY (`message_id`),
  KEY `from_member_id` (`from_member_id`),
  KEY `to_member_id` (`to_member_id`(255)),
  KEY `message_ismore` (`message_ismore`)
) ENGINE=InnoDB  DEFAULT CHARSET=utf8 COMMENT='短消息' AUTO_INCREMENT=8 ;

--
-- 转存表中的数据 `cor_message`
--

INSERT INTO `cor_message` (`message_id`, `message_parent_id`, `from_member_id`, `to_member_id`, `message_title`, `message_body`, `message_time`, `message_update_time`, `message_open`, `message_state`, `message_type`, `read_member_id`, `del_member_id`, `message_ismore`, `from_member_name`, `to_member_name`) VALUES
(1, 0, 8, '5', NULL, '上午好！见面打声招呼，一天心情好！', '1416615461', '1416733380', 1, 0, 2, '', '', 0, '乐生活', 'xiner'),
(2, 1, 5, '8', NULL, '上午好！', '1416733380', '1416733380', 0, 2, 0, '', '', 0, 'xiner', '乐生活'),
(3, 0, 0, 'all', NULL, '亲爱的会员：\r\n非常高兴您已成为本站的会员。为感谢您的关注和分享，请时刻留意您账户的哈金豆余额，惊喜好礼等你拿！每天登录，可获得5哈金豆奖励。', '1421571382', '1421571382', 0, 0, 1, ',1,2,5,17,20,40,78,', ',49,', 1, '', ''),
(4, 0, 0, ',5,', NULL, '您好！', '1423216069', '1423216069', 0, 0, 1, '', '', 1, '', ''),
(5, 0, 0, ',5,', NULL, '你好！！', '1423216225', '1423216225', 0, 0, 1, '', '', 1, '', ''),
(6, 0, 49, '52', NULL, ':loveliness:今天下雨了。', '1425775882', '1425775882', 1, 0, 2, '', '', 0, '宇先生', '信念'),
(7, 0, 49, '58', NULL, '谢谢你:loveliness:', '1425775928', '1425775928', 0, 0, 2, '', '', 0, '宇先生', '洛丽塔');

-- --------------------------------------------------------

--
-- 表的结构 `cor_micro_adv`
--

CREATE TABLE IF NOT EXISTS `cor_micro_adv` (
  `adv_id` int(11) unsigned NOT NULL AUTO_INCREMENT COMMENT '广告编号',
  `adv_type` varchar(50) DEFAULT '' COMMENT '广告类型',
  `adv_name` varchar(255) NOT NULL DEFAULT '' COMMENT '广告名称',
  `adv_image` varchar(255) NOT NULL DEFAULT '' COMMENT '广告图片',
  `adv_url` varchar(255) NOT NULL DEFAULT '' COMMENT '广告链接',
  `adv_sort` tinyint(1) unsigned NOT NULL DEFAULT '255' COMMENT '广告排序',
  PRIMARY KEY (`adv_id`)
) ENGINE=InnoDB DEFAULT CHARSET=utf8 COMMENT='微商城广告表' AUTO_INCREMENT=1 ;

-- --------------------------------------------------------

--
-- 表的结构 `cor_micro_comment`
--

CREATE TABLE IF NOT EXISTS `cor_micro_comment` (
  `comment_id` int(10) unsigned NOT NULL AUTO_INCREMENT COMMENT '评论编号',
  `comment_type` tinyint(1) NOT NULL COMMENT '评论类型编号',
  `comment_object_id` int(10) unsigned NOT NULL COMMENT '推荐商品编号',
  `comment_message` varchar(255) NOT NULL COMMENT '评论内容',
  `comment_member_id` int(10) unsigned NOT NULL COMMENT '评论人编号',
  `comment_time` int(10) unsigned NOT NULL COMMENT '评论时间',
  PRIMARY KEY (`comment_id`)
) ENGINE=InnoDB  DEFAULT CHARSET=utf8 COMMENT='微商城商品评论表' AUTO_INCREMENT=3 ;

--
-- 转存表中的数据 `cor_micro_comment`
--

INSERT INTO `cor_micro_comment` (`comment_id`, `comment_type`, `comment_object_id`, `comment_message`, `comment_member_id`, `comment_time`) VALUES
(1, 1, 12, '就近取看货，验正。', 8, 1416831050),
(2, 4, 1, '不错，非常的好', 3, 1417077161);

-- --------------------------------------------------------

--
-- 表的结构 `cor_micro_goods`
--

CREATE TABLE IF NOT EXISTS `cor_micro_goods` (
  `commend_id` int(10) unsigned NOT NULL AUTO_INCREMENT COMMENT '推荐编号',
  `commend_member_id` int(10) unsigned NOT NULL COMMENT '推荐人用户编号',
  `commend_goods_id` int(10) unsigned NOT NULL COMMENT '推荐商品编号',
  `commend_goods_commonid` int(10) unsigned NOT NULL COMMENT '商品公共表id',
  `commend_goods_store_id` int(10) unsigned NOT NULL COMMENT '推荐商品店铺编号',
  `commend_goods_name` varchar(100) NOT NULL COMMENT '推荐商品名称',
  `commend_goods_price` decimal(11,2) NOT NULL COMMENT '推荐商品价格',
  `commend_goods_image` varchar(100) NOT NULL COMMENT '推荐商品图片',
  `commend_message` varchar(1000) NOT NULL COMMENT '推荐信息',
  `commend_time` int(10) unsigned NOT NULL COMMENT '推荐时间',
  `class_id` int(10) unsigned NOT NULL,
  `like_count` int(10) unsigned NOT NULL DEFAULT '0' COMMENT '喜欢数',
  `comment_count` int(10) unsigned NOT NULL DEFAULT '0' COMMENT '评论数',
  `click_count` int(10) unsigned NOT NULL DEFAULT '0' COMMENT '点击数',
  `microshop_commend` tinyint(3) unsigned NOT NULL DEFAULT '0' COMMENT '首页推荐 0-否 1-推荐',
  `microshop_sort` tinyint(3) unsigned NOT NULL DEFAULT '255' COMMENT '排序',
  PRIMARY KEY (`commend_id`)
) ENGINE=InnoDB  DEFAULT CHARSET=utf8 COMMENT='微商城推荐商品表随心看' AUTO_INCREMENT=21 ;

--
-- 转存表中的数据 `cor_micro_goods`
--

INSERT INTO `cor_micro_goods` (`commend_id`, `commend_member_id`, `commend_goods_id`, `commend_goods_commonid`, `commend_goods_store_id`, `commend_goods_name`, `commend_goods_price`, `commend_goods_image`, `commend_message`, `commend_time`, `class_id`, `like_count`, `comment_count`, `click_count`, `microshop_commend`, `microshop_sort`) VALUES
(18, 17, 357, 100197, 7, '巴旦木 坚果零食 新疆薄壳杏仁手剥扁桃仁 500g  小珍珠', '25.80', '7_04765310723591147.jpg', '过年了，给小孩买了2斤，味道真的很香！！', 1423744446, 17, 0, 0, 149, 1, 255),
(19, 17, 347, 100189, 7, '碧根果 长寿果美国山核桃坚果零食奶油味  500g', '33.50', '7_04763618050273058.jpg', '抱着试试看的心情买了2斤，没想到小孩抢着吃，卖家送货上门速度很快。', 1423744611, 17, 0, 0, 16, 1, 255),
(20, 5, 276, 100130, 1, '昭君故里酒 美之梦酒 优质白酒 500ml 浓香型 42度', '118.00', '1_04717754051864205.jpg', '味道纯正，是正品，赞！！', 1423746114, 20, 0, 0, 9, 1, 255);

-- --------------------------------------------------------

--
-- 表的结构 `cor_micro_goods_class`
--

CREATE TABLE IF NOT EXISTS `cor_micro_goods_class` (
  `class_id` int(11) unsigned NOT NULL AUTO_INCREMENT COMMENT '分类编号 ',
  `class_name` varchar(50) NOT NULL COMMENT '分类名称',
  `class_parent_id` int(11) unsigned NOT NULL COMMENT '父级分类编号',
  `class_sort` tinyint(4) unsigned NOT NULL COMMENT '排序',
  `class_keyword` varchar(500) NOT NULL DEFAULT '' COMMENT '分类关键字',
  `class_image` varchar(100) NOT NULL DEFAULT '' COMMENT '分类图片',
  `class_commend` tinyint(1) unsigned NOT NULL DEFAULT '0' COMMENT '推荐标志0-不推荐 1-推荐到首页',
  `class_default` tinyint(1) unsigned NOT NULL DEFAULT '0' COMMENT '默认标志，0-非默认 1-默认',
  PRIMARY KEY (`class_id`)
) ENGINE=InnoDB  DEFAULT CHARSET=utf8 COMMENT='微商城商品随心看分类表' AUTO_INCREMENT=21 ;

--
-- 转存表中的数据 `cor_micro_goods_class`
--

INSERT INTO `cor_micro_goods_class` (`class_id`, `class_name`, `class_parent_id`, `class_sort`, `class_keyword`, `class_image`, `class_commend`, `class_default`) VALUES
(1, '风尚', 0, 4, '', '', 0, 0),
(2, '时装', 1, 255, '', '', 0, 0),
(3, '配饰', 1, 255, '', '', 0, 0),
(4, '美妆', 0, 2, '', '', 0, 0),
(5, '美容', 4, 255, '', '', 0, 0),
(6, '护肤', 4, 255, '', '', 0, 0),
(7, '乐活', 0, 3, '', '', 0, 0),
(8, '家居', 7, 255, '', '', 0, 0),
(9, '户外', 7, 255, '', '', 0, 0),
(10, '酷玩', 0, 6, '', '', 0, 0),
(11, '数码', 10, 255, '', '', 0, 0),
(12, '家电', 10, 255, '', '', 0, 0),
(13, '美食', 0, 1, '', '', 1, 0),
(14, '妈咪爱', 0, 5, '', '', 0, 0),
(16, '绿色', 13, 255, '', '', 0, 0),
(17, '特产', 13, 255, '', '', 0, 0),
(18, '母婴', 14, 255, '', '', 0, 0),
(19, '玩具', 14, 255, '', '', 0, 0),
(20, '好吃佬', 13, 1, '', '', 0, 0);

-- --------------------------------------------------------

--
-- 表的结构 `cor_micro_goods_relation`
--

CREATE TABLE IF NOT EXISTS `cor_micro_goods_relation` (
  `relation_id` int(10) unsigned NOT NULL AUTO_INCREMENT COMMENT '关系编号',
  `class_id` int(10) unsigned NOT NULL COMMENT '微商城商品分类编号',
  `shop_class_id` int(10) unsigned NOT NULL COMMENT '商城商品分类编号',
  PRIMARY KEY (`relation_id`)
) ENGINE=InnoDB  DEFAULT CHARSET=utf8 COMMENT='微商城商品分类和商城商品分类对应关系' AUTO_INCREMENT=103 ;

--
-- 转存表中的数据 `cor_micro_goods_relation`
--

INSERT INTO `cor_micro_goods_relation` (`relation_id`, `class_id`, `shop_class_id`) VALUES
(16, 2, 16),
(17, 2, 34),
(18, 2, 33),
(19, 2, 32),
(20, 2, 19),
(21, 2, 18),
(22, 2, 17),
(23, 2, 15),
(24, 2, 14),
(25, 2, 13),
(26, 2, 12),
(27, 2, 30),
(28, 2, 20),
(29, 2, 21),
(30, 2, 23),
(31, 2, 31),
(32, 2, 29),
(33, 2, 28),
(34, 2, 22),
(35, 2, 27),
(36, 2, 26),
(37, 2, 24),
(38, 2, 25),
(39, 2, 1053),
(40, 2, 40),
(41, 2, 57),
(42, 2, 56),
(43, 2, 55),
(44, 2, 50),
(45, 2, 49),
(46, 2, 48),
(47, 2, 47),
(48, 2, 46),
(49, 2, 45),
(50, 2, 44),
(51, 2, 43),
(52, 2, 42),
(53, 2, 41),
(54, 2, 39),
(55, 2, 38),
(56, 2, 37),
(57, 2, 36),
(58, 2, 51),
(59, 2, 35),
(60, 2, 54),
(61, 2, 53),
(62, 2, 52),
(63, 2, 69),
(64, 2, 73),
(65, 2, 58),
(66, 2, 59),
(67, 2, 60),
(68, 2, 63),
(69, 2, 61),
(70, 2, 62),
(71, 2, 71),
(72, 2, 70),
(73, 2, 64),
(74, 2, 65),
(75, 2, 66),
(76, 2, 67),
(77, 2, 68),
(78, 2, 72),
(79, 2, 87),
(80, 2, 85),
(81, 2, 139),
(82, 2, 138),
(83, 2, 141),
(84, 2, 142),
(85, 2, 145),
(86, 2, 140),
(92, 20, 632),
(93, 20, 631),
(94, 20, 630),
(95, 20, 628),
(96, 20, 629),
(101, 17, 606),
(102, 17, 617);

-- --------------------------------------------------------

--
-- 表的结构 `cor_micro_like`
--

CREATE TABLE IF NOT EXISTS `cor_micro_like` (
  `like_id` int(10) unsigned NOT NULL AUTO_INCREMENT COMMENT '喜欢编号',
  `like_type` tinyint(1) NOT NULL COMMENT '喜欢类型编号',
  `like_object_id` int(10) unsigned NOT NULL COMMENT '喜欢对象编号',
  `like_member_id` int(10) unsigned NOT NULL COMMENT '喜欢人编号',
  `like_time` int(10) unsigned NOT NULL COMMENT '喜欢时间',
  PRIMARY KEY (`like_id`)
) ENGINE=InnoDB  DEFAULT CHARSET=utf8 COMMENT='微商城喜欢表' AUTO_INCREMENT=26 ;

--
-- 转存表中的数据 `cor_micro_like`
--

INSERT INTO `cor_micro_like` (`like_id`, `like_type`, `like_object_id`, `like_member_id`, `like_time`) VALUES
(1, 4, 1, 2, 1416468072),
(2, 2, 2, 5, 1416539984),
(3, 4, 1, 5, 1416972696),
(4, 1, 14, 5, 1416972780),
(5, 2, 3, 5, 1416972803),
(6, 1, 15, 7, 1416973180),
(7, 2, 3, 7, 1416973197),
(8, 4, 1, 7, 1416973208),
(9, 1, 13, 7, 1416973224),
(10, 2, 2, 3, 1417077042),
(11, 2, 3, 3, 1417077050),
(12, 1, 14, 3, 1417077057),
(13, 4, 1, 3, 1417077103),
(14, 4, 2, 6, 1417116653),
(15, 2, 2, 7, 1417155151),
(16, 2, 2, 12, 1417161379),
(17, 1, 15, 12, 1417161557),
(18, 4, 1, 12, 1417161573),
(19, 4, 2, 24, 1421201451),
(20, 4, 3, 34, 1422069910),
(21, 4, 1, 34, 1422069911),
(22, 4, 2, 34, 1422069913),
(23, 4, 4, 34, 1422069915),
(24, 2, 4, 17, 1423744720),
(25, 2, 5, 17, 1423744722);

-- --------------------------------------------------------

--
-- 表的结构 `cor_micro_member_info`
--

CREATE TABLE IF NOT EXISTS `cor_micro_member_info` (
  `member_id` int(11) unsigned NOT NULL COMMENT '用户编号',
  `visit_count` int(11) unsigned NOT NULL DEFAULT '0' COMMENT '个人中心访问计数',
  `personal_count` int(11) unsigned NOT NULL DEFAULT '0' COMMENT '已发布个人秀数量',
  `goods_count` int(11) unsigned NOT NULL DEFAULT '0' COMMENT '已发布随心看数量',
  PRIMARY KEY (`member_id`)
) ENGINE=InnoDB DEFAULT CHARSET=utf8 COMMENT='微商城用户信息表';

--
-- 转存表中的数据 `cor_micro_member_info`
--

INSERT INTO `cor_micro_member_info` (`member_id`, `visit_count`, `personal_count`, `goods_count`) VALUES
(1, 135, 0, 0),
(2, 12, 0, 0),
(3, 70, 0, 0),
(4, 4, 0, 0),
(5, 379, 1, 1),
(6, 23, 0, 0),
(7, 564, 1, 0),
(8, 38, 0, 0),
(9, 1, 0, 0),
(12, 11, 0, 0),
(17, 42, 2, 2),
(49, 3, 0, 0),
(52, 3, 0, 0);

-- --------------------------------------------------------

--
-- 表的结构 `cor_micro_personal`
--

CREATE TABLE IF NOT EXISTS `cor_micro_personal` (
  `personal_id` int(10) unsigned NOT NULL AUTO_INCREMENT COMMENT '推荐编号',
  `commend_member_id` int(10) unsigned NOT NULL COMMENT '推荐人用户编号',
  `commend_image` text NOT NULL COMMENT '推荐图片',
  `commend_buy` text NOT NULL COMMENT '购买信息',
  `commend_message` varchar(1000) NOT NULL COMMENT '推荐信息',
  `commend_time` int(10) unsigned NOT NULL COMMENT '推荐时间',
  `class_id` int(10) unsigned NOT NULL,
  `like_count` int(10) unsigned NOT NULL DEFAULT '0' COMMENT '喜欢数',
  `comment_count` int(10) unsigned NOT NULL DEFAULT '0' COMMENT '评论数',
  `click_count` int(10) unsigned NOT NULL DEFAULT '0',
  `microshop_commend` tinyint(3) unsigned NOT NULL DEFAULT '0' COMMENT '首页推荐 0-否 1-推荐',
  `microshop_sort` tinyint(3) unsigned NOT NULL DEFAULT '255' COMMENT '排序',
  PRIMARY KEY (`personal_id`)
) ENGINE=InnoDB  DEFAULT CHARSET=utf8 COMMENT='微商城个人秀表' AUTO_INCREMENT=6 ;

--
-- 转存表中的数据 `cor_micro_personal`
--

INSERT INTO `cor_micro_personal` (`personal_id`, `commend_member_id`, `commend_image`, `commend_buy`, `commend_message`, `commend_time`, `class_id`, `like_count`, `comment_count`, `click_count`, `microshop_commend`, `microshop_sort`) VALUES
(2, 5, '04698836518408005.jpg', 'a:0:{}', '今天到的货，试穿了下，很不错哟！', 1416539668, 1, 4, 0, 57, 1, 255),
(3, 7, '04698979023733160.jpg', 'a:1:{i:0;a:4:{s:4:"link";s:68:"http://www.infol.com.cn/shop/index.php?act=goods&op=index&goods_id=47";s:5:"image";s:81:"http://www.infol.com.cn/data/upload/shop/store/goods/1/1_04418240641767556_240.jpg";s:5:"price";s:6:"129.00";s:5:"title";s:64:"春装 披肩式 超短款 针织 衫开衫 女装 青鸟 梅红";}}', '我的搭配还不错吧^-^', 1416553916, 1, 3, 0, 38, 1, 255),
(4, 17, '04770874189666045.jpg,04770874357896777.jpg', 'a:1:{i:0;a:4:{s:4:"link";s:69:"http://www.infol.com.cn/shop/index.php?act=goods&op=index&goods_id=357";s:5:"image";s:81:"http://www.infol.com.cn/data/upload/shop/store/goods/7/7_04765310723591147_240.jpg";s:5:"price";s:5:"25.80";s:5:"title";s:72:"巴旦木 坚果零食 新疆薄壳杏仁手剥扁桃仁 500g  小珍珠";}}', '第一次买，卖家送货上门真的很快，味道挺香的，赞一把！', 1423743549, 3, 1, 0, 22, 1, 255),
(5, 17, '04770875717085039.jpg,04770875778515397.jpg', 'a:1:{i:0;a:4:{s:4:"link";s:69:"http://www.infol.com.cn/shop/index.php?act=goods&op=index&goods_id=347";s:5:"image";s:81:"http://www.infol.com.cn/data/upload/shop/store/goods/7/7_04763618050273058_240.jpg";s:5:"price";s:5:"33.50";s:5:"title";s:61:"碧根果 长寿果美国山核桃坚果零食奶油味  500g";}}', '过年了，给小孩买了2斤，没想到小孩抢着吃，味道真的很香脆耶！', 1423743665, 3, 1, 0, 15, 1, 255);

-- --------------------------------------------------------

--
-- 表的结构 `cor_micro_personal_class`
--

CREATE TABLE IF NOT EXISTS `cor_micro_personal_class` (
  `class_id` int(11) unsigned NOT NULL AUTO_INCREMENT COMMENT '分类编号 ',
  `class_name` varchar(50) NOT NULL COMMENT '分类名称',
  `class_sort` tinyint(4) unsigned NOT NULL COMMENT '排序',
  `class_image` varchar(100) NOT NULL DEFAULT '' COMMENT '分类图片',
  PRIMARY KEY (`class_id`)
) ENGINE=InnoDB  DEFAULT CHARSET=utf8 COMMENT='微商城个人秀分类表' AUTO_INCREMENT=8 ;

--
-- 转存表中的数据 `cor_micro_personal_class`
--

INSERT INTO `cor_micro_personal_class` (`class_id`, `class_name`, `class_sort`, `class_image`) VALUES
(1, '购物', 255, ''),
(2, '打扮', 255, ''),
(3, '美食', 255, ''),
(4, '女性', 255, ''),
(5, '生活', 255, ''),
(6, '亲子', 255, ''),
(7, '酷帅', 255, '');

-- --------------------------------------------------------

--
-- 表的结构 `cor_micro_store`
--

CREATE TABLE IF NOT EXISTS `cor_micro_store` (
  `microshop_store_id` int(11) unsigned NOT NULL AUTO_INCREMENT COMMENT '店铺街店铺编号',
  `shop_store_id` int(11) unsigned NOT NULL COMMENT '商城店铺编号',
  `microshop_sort` tinyint(1) unsigned DEFAULT '255' COMMENT '排序',
  `microshop_commend` tinyint(1) unsigned DEFAULT '1' COMMENT '推荐首页标志 1-正常 2-推荐',
  `like_count` int(10) unsigned NOT NULL DEFAULT '0' COMMENT '喜欢数',
  `comment_count` int(10) unsigned NOT NULL DEFAULT '0' COMMENT '评论数',
  `click_count` int(10) unsigned NOT NULL DEFAULT '0',
  PRIMARY KEY (`microshop_store_id`)
) ENGINE=InnoDB  DEFAULT CHARSET=utf8 COMMENT='微商城店铺街表' AUTO_INCREMENT=7 ;

--
-- 转存表中的数据 `cor_micro_store`
--

INSERT INTO `cor_micro_store` (`microshop_store_id`, `shop_store_id`, `microshop_sort`, `microshop_commend`, `like_count`, `comment_count`, `click_count`) VALUES
(1, 2, 255, 1, 6, 1, 170),
(2, 1, 1, 1, 3, 0, 142),
(3, 4, 255, 1, 1, 0, 330),
(4, 5, 255, 1, 1, 0, 61),
(5, 6, 255, 1, 0, 0, 73),
(6, 7, 255, 1, 0, 0, 55);

-- --------------------------------------------------------

--
-- 表的结构 `cor_navigation`
--

CREATE TABLE IF NOT EXISTS `cor_navigation` (
  `nav_id` int(11) NOT NULL AUTO_INCREMENT COMMENT '索引ID',
  `nav_type` tinyint(1) NOT NULL DEFAULT '0' COMMENT '类别，0自定义导航，1商品分类，2文章导航，3活动导航，默认为0',
  `nav_title` varchar(100) DEFAULT NULL COMMENT '导航标题',
  `nav_url` varchar(255) DEFAULT NULL COMMENT '导航链接',
  `nav_location` tinyint(1) NOT NULL DEFAULT '0' COMMENT '导航位置，0头部，1中部，2底部，默认为0',
  `nav_new_open` tinyint(1) NOT NULL DEFAULT '0' COMMENT '是否以新窗口打开，0为否，1为是，默认为0',
  `nav_sort` tinyint(3) unsigned NOT NULL DEFAULT '255' COMMENT '排序',
  `item_id` int(10) unsigned NOT NULL DEFAULT '0' COMMENT '类别ID，对应着nav_type中的内容，默认为0',
  PRIMARY KEY (`nav_id`)
) ENGINE=InnoDB  DEFAULT CHARSET=utf8 COMMENT='页面导航表' AUTO_INCREMENT=29 ;

--
-- 转存表中的数据 `cor_navigation`
--

INSERT INTO `cor_navigation` (`nav_id`, `nav_type`, `nav_title`, `nav_url`, `nav_location`, `nav_new_open`, `nav_sort`, `item_id`) VALUES
(6, 0, '关于B2B2C电商平台', 'http://www.infol.com.cn/shop/index.php?act=article&amp;op=show&amp;article_id=48', 2, 0, 255, 0),
(7, 0, '联系我们', 'http://www.infol.com.cn/shop/index.php?act=article&amp;op=show&amp;article_id=49', 2, 0, 240, 0),
(8, 0, '招商入驻', 'http://www.infol.com.cn/shop/index.php?act=article&amp;op=show&amp;article_id=44', 2, 0, 220, 0),
(9, 0, '广告合作', 'http://www.infol.com.cn/shop/index.php?act=article&amp;op=show&amp;article_id=45', 2, 0, 210, 0),
(17, 0, '品牌', 'index.php?act=brand&amp;op=index', 1, 1, 3, 0),
(19, 0, '哈金豆礼品', 'index.php?act=pointprod&amp;op=index', 1, 1, 5, 0),
(21, 0, '逛店铺', '/microshop/', 1, 1, 8, 0),
(23, 0, '招聘英才', 'http://www.infol.com.cn/shop/index.php?act=article&amp;op=show&amp;article_id=46', 2, 0, 230, 0),
(24, 0, '友情链接', 'http://www.infol.com.cn/shop/index.php?act=singlepage&amp;op=link', 2, 0, 235, 0),
(25, 0, '农副特产', 'index.php?act=search&amp;op=index&amp;cate_id=593&amp;show=index', 1, 1, 1, 0),
(28, 0, '汇生活', 'index.php?act=life&amp;op=index', 1, 1, 255, 0);

-- --------------------------------------------------------

--
-- 表的结构 `cor_offpay_area`
--

CREATE TABLE IF NOT EXISTS `cor_offpay_area` (
  `store_id` int(8) NOT NULL COMMENT '商家ID',
  `area_id` text COMMENT '县ID组合'
) ENGINE=InnoDB DEFAULT CHARSET=utf8 COMMENT='货到付款支持地区表';

-- --------------------------------------------------------

--
-- 表的结构 `cor_order`
--

CREATE TABLE IF NOT EXISTS `cor_order` (
  `order_id` int(11) NOT NULL AUTO_INCREMENT COMMENT '订单索引id',
  `order_sn` bigint(20) unsigned NOT NULL COMMENT '订单编号',
  `pay_sn` bigint(20) unsigned NOT NULL COMMENT '支付单号',
  `store_id` int(11) unsigned NOT NULL COMMENT '卖家店铺id',
  `store_name` varchar(50) NOT NULL COMMENT '卖家店铺名称',
  `buyer_id` int(11) unsigned NOT NULL COMMENT '买家id',
  `buyer_name` varchar(50) NOT NULL COMMENT '买家姓名',
  `buyer_email` varchar(80) NOT NULL COMMENT '买家电子邮箱',
  `add_time` int(10) unsigned NOT NULL DEFAULT '0' COMMENT '订单生成时间',
  `payment_code` char(10) NOT NULL DEFAULT '' COMMENT '支付方式名称代码',
  `payment_time` int(10) unsigned DEFAULT '0' COMMENT '支付(付款)时间',
  `finnshed_time` int(10) unsigned NOT NULL DEFAULT '0' COMMENT '订单完成时间',
  `goods_amount` decimal(10,2) unsigned NOT NULL DEFAULT '0.00' COMMENT '商品总价格',
  `order_amount` decimal(10,2) unsigned NOT NULL DEFAULT '0.00' COMMENT '订单总价格',
  `pd_amount` decimal(10,2) unsigned NOT NULL DEFAULT '0.00' COMMENT '预存款支付金额',
  `shipping_fee` decimal(10,2) unsigned DEFAULT '0.00' COMMENT '运费',
  `evaluation_state` enum('0','1') DEFAULT '0' COMMENT '评价状态 0未评价，1已评价',
  `order_state` enum('0','10','20','30','40') NOT NULL DEFAULT '10' COMMENT '订单状态：0(已取消)10(默认):未付款;20:已付款;30:已发货;40:已收货;',
  `refund_state` tinyint(1) unsigned DEFAULT '0' COMMENT '退款状态:0是无退款,1是部分退款,2是全部退款',
  `lock_state` tinyint(1) unsigned DEFAULT '0' COMMENT '锁定状态:0是正常,大于0是锁定,默认是0',
  `refund_amount` decimal(10,2) DEFAULT '0.00' COMMENT '退款金额',
  `delay_time` int(10) unsigned DEFAULT '0' COMMENT '延迟时间,默认为0',
  `order_from` enum('1','2') NOT NULL DEFAULT '1' COMMENT '1WEB2mobile',
  `shipping_code` varchar(50) DEFAULT '' COMMENT '物流单号',
  `is_gift` tinyint(1) unsigned NOT NULL DEFAULT '0',
  PRIMARY KEY (`order_id`)
) ENGINE=InnoDB  DEFAULT CHARSET=utf8 COMMENT='订单表' AUTO_INCREMENT=209 ;

--
-- 转存表中的数据 `cor_order`
--

INSERT INTO `cor_order` (`order_id`, `order_sn`, `pay_sn`, `store_id`, `store_name`, `buyer_id`, `buyer_name`, `buyer_email`, `add_time`, `payment_code`, `payment_time`, `finnshed_time`, `goods_amount`, `order_amount`, `pd_amount`, `shipping_fee`, `evaluation_state`, `order_state`, `refund_state`, `lock_state`, `refund_amount`, `delay_time`, `order_from`, `shipping_code`, `is_gift`) VALUES
(1, 6000000000000101, 110469811167339007, 1, '官方店铺', 7, 'lingling1314', '445277975@qq.com', 1416467167, 'online', 0, 0, '99.00', '99.00', '0.00', '0.00', '0', '0', 0, 0, '0.00', 0, '1', '', 0),
(2, 6000000000000201, 420469818966587005, 1, '官方店铺', 5, 'xiner', '1226167129@qq.com', 1416474966, 'online', 0, 0, '99.00', '99.00', '0.00', '0.00', '0', '0', 0, 0, '0.00', 0, '1', '', 0),
(3, 6000000000000301, 200469884602737007, 1, '官方店铺', 7, 'lingling1314', '445277975@qq.com', 1416540602, 'online', 0, 0, '800.00', '800.00', '0.00', '0.00', '0', '0', 0, 0, '0.00', 0, '1', '', 0),
(4, 6000000000000401, 990469898005340007, 1, '官方店铺', 7, 'lingling1314', '445277975@qq.com', 1416554005, 'online', 0, 0, '129.00', '129.00', '0.00', '0.00', '0', '0', 0, 0, '0.00', 0, '1', '', 0),
(5, 6000000000000501, 440469912766367008, 1, '官方店铺', 8, '乐生活', 'ybzxliliang@126.com', 1416568766, 'online', 0, 0, '800.00', '800.00', '0.00', '0.00', '0', '0', 0, 0, '0.00', 0, '1', '', 0),
(6, 6000000000000601, 540469912839765008, 1, '官方店铺', 8, '乐生活', 'ybzxliliang@126.com', 1416568839, 'online', 0, 0, '800.00', '800.00', '0.00', '0.00', '0', '0', 0, 0, '0.00', 0, '1', '', 0),
(7, 6000000000000701, 360469912870863008, 1, '官方店铺', 8, '乐生活', 'ybzxliliang@126.com', 1416568870, 'online', 0, 0, '600.00', '600.00', '0.00', '0.00', '0', '0', 0, 0, '0.00', 0, '1', '', 0),
(8, 6000000000000801, 780469968206336005, 1, '官方店铺', 5, 'xiner', '1226167129@qq.com', 1416624206, 'online', 0, 0, '99.00', '99.00', '0.00', '0.00', '0', '0', 0, 0, '0.00', 0, '1', '', 0),
(9, 6000000000000901, 240469969600247005, 1, '官方店铺', 5, 'xiner', '1226167129@qq.com', 1416625600, 'predeposit', 1416625600, 1416626001, '800.00', '800.00', '800.00', '0.00', '1', '40', 0, 0, '0.00', 1416625965, '1', '6666666', 0),
(10, 6000000000001001, 490469989348589007, 1, '官方店铺', 7, 'lingling1314', '445277975@qq.com', 1416645348, 'online', 0, 0, '150.00', '150.00', '0.00', '0.00', '0', '0', 0, 0, '0.00', 0, '1', '', 0),
(11, 6000000000001101, 520470150669389003, 1, '官方店铺', 3, 'mxjyweb', '599913763@qq.com', 1416806669, 'predeposit', 1416806669, 1416806827, '129.00', '129.00', '129.00', '0.00', '1', '40', 2, 0, '129.00', 1416807669, '1', NULL, 0),
(12, 6000000000001201, 730470157536159005, 1, '官方店铺', 5, 'xiner', '1226167129@qq.com', 1416813536, 'predeposit', 1416813536, 1416813872, '99.00', '99.00', '99.00', '0.00', '1', '40', 0, 0, '0.00', 1416813777, '1', NULL, 0),
(13, 6000000000001301, 770470161312837007, 1, '官方店铺', 7, 'lingling1314', '445277975@qq.com', 1416817312, 'online', 0, 0, '800.00', '800.00', '0.00', '0.00', '0', '0', 0, 0, '0.00', 0, '1', '', 0),
(14, 6000000000001401, 140470490895190003, 1, '官方店铺', 3, 'mxjyweb', '599913763@qq.com', 1417146895, 'offline', 0, 0, '1.00', '1.00', '0.00', '0.00', '0', '0', 0, 0, '0.00', 0, '1', '', 0),
(15, 6000000000001501, 440470915985720008, 1, '官方店铺', 8, '乐生活', 'ybzxliliang@126.com', 1417571985, 'online', 0, 0, '0.10', '0.10', '0.00', '0.00', '0', '0', 0, 0, '0.00', 0, '1', '', 0),
(16, 6000000000001601, 730470916107016008, 1, '官方店铺', 8, '乐生活', 'ybzxliliang@126.com', 1417572106, 'online', 0, 0, '125.00', '125.00', '0.00', '0.00', '0', '0', 0, 0, '0.00', 0, '1', '', 0),
(17, 6000000000001701, 770470970795074005, 1, '官方店铺', 5, 'xiner', '1226167129@qq.com', 1417626794, 'online', 0, 0, '0.01', '0.01', '0.00', '0.00', '0', '0', 0, 0, '0.00', 0, '1', '', 0),
(18, 6000000000001801, 400470974968373005, 1, '官方店铺', 5, 'xiner', '1226167129@qq.com', 1417630968, 'predeposit', 1417630968, 1419131279, '1.00', '1.00', '1.00', '0.00', '0', '40', 0, 0, '0.00', 1418931391, '1', NULL, 0),
(19, 6000000000001901, 490470989841009008, 1, '官方店铺', 8, '乐生活', 'ybzxliliang@126.com', 1417645840, 'online', 0, 0, '1.00', '1.00', '0.00', '0.00', '0', '0', 0, 0, '0.00', 0, '1', '', 0),
(20, 6000000000002001, 910470994746589006, 1, '官方店铺', 6, 'fdxmslx', 'fdxmslx@126.com', 1417650746, 'online', 0, 0, '1.00', '1.00', '0.00', '0.00', '0', '0', 0, 0, '0.00', 0, '1', '', 0),
(21, 6000000000002101, 410470996592286006, 1, '官方店铺', 6, 'fdxmslx', 'fdxmslx@126.com', 1417652592, 'online', 0, 0, '1.00', '1.00', '0.00', '0.00', '0', '0', 0, 0, '0.00', 0, '1', '', 0),
(22, 6000000000002201, 690470996742124006, 1, '官方店铺', 6, 'fdxmslx', 'fdxmslx@126.com', 1417652741, 'online', 0, 0, '1.00', '1.00', '0.00', '0.00', '0', '0', 0, 0, '0.00', 0, '1', '', 0),
(23, 6000000000002301, 930471745860009008, 1, '官方店铺', 8, '乐生活', 'ybzxliliang@126.com', 1418401859, 'online', 0, 0, '129.00', '129.00', '0.00', '0.00', '0', '0', 0, 0, '0.00', 0, '1', '', 0),
(24, 6000000000002401, 600471753680158005, 1, '官方店铺', 5, 'xiner', '1226167129@qq.com', 1418409680, 'predeposit', 1418409680, 1418930730, '57.00', '57.00', '57.00', '0.00', '0', '40', 0, 0, '0.00', 1418930388, '1', NULL, 0),
(25, 6000000000002501, 330471782307548008, 1, '官方店铺', 8, '乐生活', 'ybzxliliang@126.com', 1418438307, 'online', 0, 0, '70.00', '70.00', '0.00', '0.00', '0', '0', 0, 0, '0.00', 0, '1', '', 0),
(26, 6000000000002601, 600471782337727008, 1, '官方店铺', 8, '乐生活', 'ybzxliliang@126.com', 1418438309, 'online', 0, 0, '70.00', '70.00', '0.00', '0.00', '0', '0', 0, 0, '0.00', 0, '1', '', 0),
(27, 6000000000002701, 770471862358029015, 1, '官方店铺', 15, '淘几个喜欢', '1115044633@qq.com', 1418518357, 'online', 0, 0, '70.00', '70.00', '0.00', '0.00', '0', '0', 0, 0, '0.00', 0, '1', '', 0),
(28, 6000000000002801, 290471882489118008, 1, '官方店铺', 8, '乐生活', 'ybzxliliang@126.com', 1418538488, 'online', 0, 0, '70.00', '70.00', '0.00', '0.00', '0', '0', 0, 0, '0.00', 0, '1', '', 0),
(29, 6000000000002901, 700472267415373017, 1, '官方店铺', 17, '缘因有你', '1035741326@qq.com', 1418923415, 'online', 0, 0, '70.00', '70.00', '0.00', '0.00', '0', '0', 0, 0, '0.00', 0, '1', '', 0),
(30, 6000000000003001, 970472560788883005, 1, '官方店铺', 5, 'xiner', '1226167129@qq.com', 1419216788, 'online', 0, 0, '20.00', '30.00', '0.00', '10.00', '0', '0', 0, 0, '0.00', 0, '1', '', 0),
(31, 6000000000003101, 980472840270050005, 1, '官方店铺', 5, 'xiner', '1226167129@qq.com', 1419496269, 'alipay', 1419496810, 1419497317, '0.01', '0.01', '0.00', '0.00', '0', '40', 0, 0, '0.00', 1419497295, '1', NULL, 0),
(32, 6000000000003201, 390472926003647005, 1, '官方店铺', 5, 'xiner', '1226167129@qq.com', 1419582003, 'online', 0, 0, '150.00', '150.00', '0.00', '0.00', '0', '0', 0, 0, '0.00', 0, '1', '', 0),
(33, 6000000000003301, 630473180543761020, 1, '官方店铺', 20, 'bxgz', '2924646711@qq.com', 1419836543, 'online', 0, 0, '50.00', '50.00', '0.00', '0.00', '0', '0', 0, 0, '0.00', 0, '1', '', 0),
(34, 6000000000003401, 280473180560491020, 1, '官方店铺', 20, 'bxgz', '2924646711@qq.com', 1419836556, 'alipay', 1419837133, 0, '0.01', '0.01', '0.00', '0.00', '0', '0', 2, 0, '0.01', 1419838507, '1', '', 0),
(35, 7000000000003501, 340474368545215005, 1, '官方店铺', 5, 'xiner', '1226167129@qq.com', 1421024545, 'predeposit', 1421024545, 1421024714, '0.01', '0.01', '0.01', '0.00', '0', '40', 0, 0, '0.00', 1421024670, '1', NULL, 1),
(51, 7000000000005101, 900474565317140005, 1, '官方店铺', 5, 'xiner', '1226167129@qq.com', 1421221317, 'online', 0, 0, '0.00', '0.00', '0.00', '0.00', '0', '0', 0, 0, '0.00', 0, '1', '', 1),
(52, 7000000000005201, 190474565341106005, 1, '官方店铺', 5, 'xiner', '1226167129@qq.com', 1421221339, 'online', 0, 0, '0.00', '0.00', '0.00', '0.00', '0', '0', 0, 0, '0.00', 0, '1', '', 1),
(60, 7000000000006001, 970474565715764003, 1, '官方店铺', 3, 'mxjyweb', '599913763@qq.com', 1421221715, 'predeposit', 1421221715, 0, '108.00', '118.00', '118.00', '10.00', '0', '0', 2, 0, '118.00', 1421223131, '1', '', 0),
(61, 7000000000006101, 490474566078328005, 2, '大琪广告印务', 5, 'xiner', '1226167129@qq.com', 1421222078, 'online', 0, 0, '800.00', '820.00', '0.00', '20.00', '0', '0', 0, 0, '0.00', 0, '1', '', 0),
(62, 7000000000006201, 970474566548276026, 2, '大琪广告印务', 26, '阳光教育培训', 'longtime9-99@163.com', 1421222548, 'online', 0, 0, '800.00', '800.00', '0.00', '0.00', '0', '0', 0, 0, '0.00', 0, '1', '', 0),
(63, 7000000000006301, 660474570260946005, 1, '官方店铺', 5, 'xiner', '1226167129@qq.com', 1421226260, 'predeposit', 1421226260, 0, '0.00', '0.00', '0.00', '0.00', '0', '0', 2, 0, '0.00', 1421226513, '1', '', 1),
(64, 7000000000006401, 150474570552147005, 2, '大琪广告印务', 5, 'xiner', '1226167129@qq.com', 1421226552, 'online', 0, 0, '800.00', '820.00', '0.00', '20.00', '0', '0', 0, 0, '0.00', 0, '1', '', 0),
(65, 7000000000006501, 910474972618520033, 1, '官方店铺', 33, '18971800630', '365679790@qq.com', 1421628618, 'online', 0, 0, '20.00', '20.00', '0.00', '0.00', '0', '0', 0, 0, '0.00', 0, '1', '', 0),
(66, 7000000000006601, 990474972618712033, 1, '官方店铺', 33, '18971800630', '365679790@qq.com', 1421628618, 'online', 0, 0, '20.00', '20.00', '0.00', '0.00', '0', '0', 0, 0, '0.00', 0, '1', '', 0),
(67, 7000000000006701, 420474972628204033, 1, '官方店铺', 33, '18971800630', '365679790@qq.com', 1421628624, 'online', 0, 0, '20.00', '20.00', '0.00', '0.00', '0', '0', 0, 0, '0.00', 0, '1', '', 0),
(68, 7000000000006801, 670474972628359033, 1, '官方店铺', 33, '18971800630', '365679790@qq.com', 1421628624, 'online', 0, 0, '20.00', '20.00', '0.00', '0.00', '0', '0', 0, 0, '0.00', 0, '1', '', 0),
(69, 7000000000006901, 780474972628646033, 1, '官方店铺', 33, '18971800630', '365679790@qq.com', 1421628628, 'online', 0, 0, '20.00', '20.00', '0.00', '0.00', '0', '0', 0, 0, '0.00', 0, '1', '', 0),
(70, 7000000000007001, 920474972628828033, 1, '官方店铺', 33, '18971800630', '365679790@qq.com', 1421628628, 'online', 0, 0, '20.00', '20.00', '0.00', '0.00', '0', '0', 0, 0, '0.00', 0, '1', '', 0),
(71, 7000000000007101, 720474972629126033, 1, '官方店铺', 33, '18971800630', '365679790@qq.com', 1421628629, 'online', 0, 0, '20.00', '20.00', '0.00', '0.00', '0', '0', 0, 0, '0.00', 0, '1', '', 0),
(72, 7000000000007201, 290474972629312033, 1, '官方店铺', 33, '18971800630', '365679790@qq.com', 1421628629, 'online', 0, 0, '20.00', '20.00', '0.00', '0.00', '0', '0', 0, 0, '0.00', 0, '1', '', 0),
(73, 7000000000007301, 260474972629585033, 1, '官方店铺', 33, '18971800630', '365679790@qq.com', 1421628629, 'online', 0, 0, '20.00', '20.00', '0.00', '0.00', '0', '0', 0, 0, '0.00', 0, '1', '', 0),
(74, 7000000000007401, 140474972629753033, 1, '官方店铺', 33, '18971800630', '365679790@qq.com', 1421628629, 'online', 0, 0, '20.00', '20.00', '0.00', '0.00', '0', '0', 0, 0, '0.00', 0, '1', '', 0),
(75, 7000000000007501, 600474972629936033, 1, '官方店铺', 33, '18971800630', '365679790@qq.com', 1421628629, 'online', 0, 0, '20.00', '20.00', '0.00', '0.00', '0', '0', 0, 0, '0.00', 0, '1', '', 0),
(76, 7000000000007601, 310474972630110033, 1, '官方店铺', 33, '18971800630', '365679790@qq.com', 1421628629, 'online', 0, 0, '20.00', '20.00', '0.00', '0.00', '0', '0', 0, 0, '0.00', 0, '1', '', 0),
(77, 7000000000007701, 930474972630286033, 1, '官方店铺', 33, '18971800630', '365679790@qq.com', 1421628629, 'online', 0, 0, '20.00', '20.00', '0.00', '0.00', '0', '0', 0, 0, '0.00', 0, '1', '', 0),
(78, 7000000000007801, 930474972630459033, 1, '官方店铺', 33, '18971800630', '365679790@qq.com', 1421628629, 'online', 0, 0, '20.00', '20.00', '0.00', '0.00', '0', '0', 0, 0, '0.00', 0, '1', '', 0),
(79, 7000000000007901, 740474972630701033, 1, '官方店铺', 33, '18971800630', '365679790@qq.com', 1421628629, 'online', 0, 0, '20.00', '20.00', '0.00', '0.00', '0', '0', 0, 0, '0.00', 0, '1', '', 0),
(80, 7000000000008001, 200474972630885033, 1, '官方店铺', 33, '18971800630', '365679790@qq.com', 1421628629, 'online', 0, 0, '20.00', '20.00', '0.00', '0.00', '0', '0', 0, 0, '0.00', 0, '1', '', 0),
(81, 7000000000008101, 300474972631102033, 1, '官方店铺', 33, '18971800630', '365679790@qq.com', 1421628629, 'online', 0, 0, '20.00', '20.00', '0.00', '0.00', '0', '0', 0, 0, '0.00', 0, '1', '', 0),
(82, 7000000000008201, 290474972631271033, 1, '官方店铺', 33, '18971800630', '365679790@qq.com', 1421628629, 'online', 0, 0, '20.00', '20.00', '0.00', '0.00', '0', '0', 0, 0, '0.00', 0, '1', '', 0),
(83, 7000000000008301, 250474972631452033, 1, '官方店铺', 33, '18971800630', '365679790@qq.com', 1421628630, 'online', 0, 0, '20.00', '20.00', '0.00', '0.00', '0', '0', 0, 0, '0.00', 0, '1', '', 0),
(84, 7000000000008401, 890474972631636033, 1, '官方店铺', 33, '18971800630', '365679790@qq.com', 1421628630, 'online', 0, 0, '20.00', '20.00', '0.00', '0.00', '0', '0', 0, 0, '0.00', 0, '1', '', 0),
(85, 7000000000008501, 820474972631980033, 1, '官方店铺', 33, '18971800630', '365679790@qq.com', 1421628630, 'online', 0, 0, '20.00', '20.00', '0.00', '0.00', '0', '0', 0, 0, '0.00', 0, '1', '', 0),
(86, 7000000000008601, 780474972632152033, 1, '官方店铺', 33, '18971800630', '365679790@qq.com', 1421628630, 'online', 0, 0, '20.00', '20.00', '0.00', '0.00', '0', '0', 0, 0, '0.00', 0, '1', '', 0),
(87, 7000000000008701, 530474972632337033, 1, '官方店铺', 33, '18971800630', '365679790@qq.com', 1421628630, 'online', 0, 0, '20.00', '20.00', '0.00', '0.00', '0', '0', 0, 0, '0.00', 0, '1', '', 0),
(88, 7000000000008801, 200474972632514033, 1, '官方店铺', 33, '18971800630', '365679790@qq.com', 1421628630, 'online', 0, 0, '20.00', '20.00', '0.00', '0.00', '0', '0', 0, 0, '0.00', 0, '1', '', 0),
(89, 7000000000008901, 120474972632691033, 1, '官方店铺', 33, '18971800630', '365679790@qq.com', 1421628631, 'online', 0, 0, '20.00', '20.00', '0.00', '0.00', '0', '0', 0, 0, '0.00', 0, '1', '', 0),
(90, 7000000000009001, 460474972632927033, 1, '官方店铺', 33, '18971800630', '365679790@qq.com', 1421628631, 'online', 0, 0, '20.00', '20.00', '0.00', '0.00', '0', '0', 0, 0, '0.00', 0, '1', '', 0),
(91, 7000000000009101, 280474972633196033, 1, '官方店铺', 33, '18971800630', '365679790@qq.com', 1421628631, 'online', 0, 0, '20.00', '20.00', '0.00', '0.00', '0', '0', 0, 0, '0.00', 0, '1', '', 0),
(92, 7000000000009201, 800474972633369033, 1, '官方店铺', 33, '18971800630', '365679790@qq.com', 1421628631, 'online', 0, 0, '20.00', '20.00', '0.00', '0.00', '0', '0', 0, 0, '0.00', 0, '1', '', 0),
(93, 7000000000009301, 100474972633549033, 1, '官方店铺', 33, '18971800630', '365679790@qq.com', 1421628631, 'online', 0, 0, '20.00', '20.00', '0.00', '0.00', '0', '0', 0, 0, '0.00', 0, '1', '', 0),
(94, 7000000000009401, 360474972633726033, 1, '官方店铺', 33, '18971800630', '365679790@qq.com', 1421628631, 'online', 0, 0, '20.00', '20.00', '0.00', '0.00', '0', '0', 0, 0, '0.00', 0, '1', '', 0),
(95, 7000000000009501, 810474972633887033, 1, '官方店铺', 33, '18971800630', '365679790@qq.com', 1421628632, 'online', 0, 0, '20.00', '20.00', '0.00', '0.00', '0', '0', 0, 0, '0.00', 0, '1', '', 0),
(96, 7000000000009601, 960474972634140033, 1, '官方店铺', 33, '18971800630', '365679790@qq.com', 1421628632, 'online', 0, 0, '20.00', '20.00', '0.00', '0.00', '0', '0', 0, 0, '0.00', 0, '1', '', 0),
(97, 7000000000009701, 660474972634321033, 1, '官方店铺', 33, '18971800630', '365679790@qq.com', 1421628632, 'online', 0, 0, '20.00', '20.00', '0.00', '0.00', '0', '0', 0, 0, '0.00', 0, '1', '', 0),
(98, 7000000000009801, 310474972634493033, 1, '官方店铺', 33, '18971800630', '365679790@qq.com', 1421628632, 'online', 0, 0, '20.00', '20.00', '0.00', '0.00', '0', '0', 0, 0, '0.00', 0, '1', '', 0),
(99, 7000000000009901, 290474972634672033, 1, '官方店铺', 33, '18971800630', '365679790@qq.com', 1421628632, 'online', 0, 0, '20.00', '20.00', '0.00', '0.00', '0', '0', 0, 0, '0.00', 0, '1', '', 0),
(100, 7000000000010001, 100474972634852033, 1, '官方店铺', 33, '18971800630', '365679790@qq.com', 1421628632, 'online', 0, 0, '20.00', '20.00', '0.00', '0.00', '0', '0', 0, 0, '0.00', 0, '1', '', 0),
(101, 7000000000010101, 200474972635084033, 1, '官方店铺', 33, '18971800630', '365679790@qq.com', 1421628633, 'online', 0, 0, '20.00', '20.00', '0.00', '0.00', '0', '0', 0, 0, '0.00', 0, '1', '', 0),
(102, 7000000000010201, 550474972635333033, 1, '官方店铺', 33, '18971800630', '365679790@qq.com', 1421628633, 'online', 0, 0, '20.00', '20.00', '0.00', '0.00', '0', '0', 0, 0, '0.00', 0, '1', '', 0),
(103, 7000000000010301, 220474972635466033, 1, '官方店铺', 33, '18971800630', '365679790@qq.com', 1421628633, 'online', 0, 0, '20.00', '20.00', '0.00', '0.00', '0', '0', 0, 0, '0.00', 0, '1', '', 0),
(104, 7000000000010401, 420474972635639033, 1, '官方店铺', 33, '18971800630', '365679790@qq.com', 1421628633, 'online', 0, 0, '20.00', '20.00', '0.00', '0.00', '0', '0', 0, 0, '0.00', 0, '1', '', 0),
(105, 7000000000010501, 140474972635811033, 1, '官方店铺', 33, '18971800630', '365679790@qq.com', 1421628633, 'online', 0, 0, '20.00', '20.00', '0.00', '0.00', '0', '0', 0, 0, '0.00', 0, '1', '', 0),
(106, 7000000000010601, 120474972635983033, 1, '官方店铺', 33, '18971800630', '365679790@qq.com', 1421628633, 'online', 0, 0, '20.00', '20.00', '0.00', '0.00', '0', '0', 0, 0, '0.00', 0, '1', '', 0),
(107, 7000000000010701, 380474972636136033, 1, '官方店铺', 33, '18971800630', '365679790@qq.com', 1421628634, 'online', 0, 0, '20.00', '20.00', '0.00', '0.00', '0', '0', 0, 0, '0.00', 0, '1', '', 0),
(108, 7000000000010801, 910474972636401033, 1, '官方店铺', 33, '18971800630', '365679790@qq.com', 1421628634, 'online', 0, 0, '20.00', '20.00', '0.00', '0.00', '0', '0', 0, 0, '0.00', 0, '1', '', 0),
(109, 7000000000010901, 680474972636575033, 1, '官方店铺', 33, '18971800630', '365679790@qq.com', 1421628634, 'online', 0, 0, '20.00', '20.00', '0.00', '0.00', '0', '0', 0, 0, '0.00', 0, '1', '', 0),
(110, 7000000000011001, 650474972636764033, 1, '官方店铺', 33, '18971800630', '365679790@qq.com', 1421628634, 'online', 0, 0, '20.00', '20.00', '0.00', '0.00', '0', '0', 0, 0, '0.00', 0, '1', '', 0),
(111, 7000000000011101, 340474972636969033, 1, '官方店铺', 33, '18971800630', '365679790@qq.com', 1421628634, 'online', 0, 0, '20.00', '20.00', '0.00', '0.00', '0', '0', 0, 0, '0.00', 0, '1', '', 0),
(112, 7000000000011201, 240474972637139033, 1, '官方店铺', 33, '18971800630', '365679790@qq.com', 1421628634, 'online', 0, 0, '20.00', '20.00', '0.00', '0.00', '0', '0', 0, 0, '0.00', 0, '1', '', 0),
(113, 7000000000011301, 820474972637412033, 1, '官方店铺', 33, '18971800630', '365679790@qq.com', 1421628635, 'online', 0, 0, '20.00', '20.00', '0.00', '0.00', '0', '0', 0, 0, '0.00', 0, '1', '', 0),
(114, 7000000000011401, 720474972637599033, 1, '官方店铺', 33, '18971800630', '365679790@qq.com', 1421628635, 'online', 0, 0, '20.00', '20.00', '0.00', '0.00', '0', '0', 0, 0, '0.00', 0, '1', '', 0),
(115, 7000000000011501, 670474972637772033, 1, '官方店铺', 33, '18971800630', '365679790@qq.com', 1421628635, 'online', 0, 0, '20.00', '20.00', '0.00', '0.00', '0', '0', 0, 0, '0.00', 0, '1', '', 0),
(116, 7000000000011601, 930474972638059033, 1, '官方店铺', 33, '18971800630', '365679790@qq.com', 1421628635, 'online', 0, 0, '20.00', '20.00', '0.00', '0.00', '0', '0', 0, 0, '0.00', 0, '1', '', 0),
(117, 7000000000011701, 920474972638261033, 1, '官方店铺', 33, '18971800630', '365679790@qq.com', 1421628635, 'online', 0, 0, '20.00', '20.00', '0.00', '0.00', '0', '0', 0, 0, '0.00', 0, '1', '', 0),
(118, 7000000000011801, 730474972638422033, 1, '官方店铺', 33, '18971800630', '365679790@qq.com', 1421628635, 'online', 0, 0, '20.00', '20.00', '0.00', '0.00', '0', '0', 0, 0, '0.00', 0, '1', '', 0),
(119, 7000000000011901, 390474972638694033, 1, '官方店铺', 33, '18971800630', '365679790@qq.com', 1421628635, 'online', 0, 0, '20.00', '20.00', '0.00', '0.00', '0', '0', 0, 0, '0.00', 0, '1', '', 0),
(120, 7000000000012001, 820474972638874033, 1, '官方店铺', 33, '18971800630', '365679790@qq.com', 1421628636, 'online', 0, 0, '20.00', '20.00', '0.00', '0.00', '0', '0', 0, 0, '0.00', 0, '1', '', 0),
(121, 7000000000012101, 440474972639055033, 1, '官方店铺', 33, '18971800630', '365679790@qq.com', 1421628636, 'online', 0, 0, '20.00', '20.00', '0.00', '0.00', '0', '0', 0, 0, '0.00', 0, '1', '', 0),
(122, 7000000000012201, 310474972639227033, 1, '官方店铺', 33, '18971800630', '365679790@qq.com', 1421628636, 'online', 0, 0, '20.00', '20.00', '0.00', '0.00', '0', '0', 0, 0, '0.00', 0, '1', '', 0),
(123, 7000000000012301, 750474972639402033, 1, '官方店铺', 33, '18971800630', '365679790@qq.com', 1421628636, 'online', 0, 0, '20.00', '20.00', '0.00', '0.00', '0', '0', 0, 0, '0.00', 0, '1', '', 0),
(124, 7000000000012401, 850474972639590033, 1, '官方店铺', 33, '18971800630', '365679790@qq.com', 1421628636, 'online', 0, 0, '20.00', '20.00', '0.00', '0.00', '0', '0', 0, 0, '0.00', 0, '1', '', 0),
(125, 7000000000012501, 900474972762081033, 2, '大琪广告印务', 33, '18971800630', '365679790@qq.com', 1421628761, 'online', 0, 0, '3.00', '13.00', '0.00', '10.00', '0', '10', 0, 0, '0.00', 0, '1', '', 0),
(126, 7000000000012601, 470474972764639033, 2, '大琪广告印务', 33, '18971800630', '365679790@qq.com', 1421628763, 'online', 0, 0, '3.00', '13.00', '0.00', '10.00', '0', '10', 0, 0, '0.00', 0, '1', '', 0),
(127, 7000000000012701, 180474972764858033, 2, '大琪广告印务', 33, '18971800630', '365679790@qq.com', 1421628764, 'online', 0, 0, '3.00', '13.00', '0.00', '10.00', '0', '10', 0, 0, '0.00', 0, '1', '', 0),
(128, 7000000000012801, 960474972765145033, 2, '大琪广告印务', 33, '18971800630', '365679790@qq.com', 1421628764, 'online', 0, 0, '3.00', '13.00', '0.00', '10.00', '0', '10', 0, 0, '0.00', 0, '1', '', 0),
(129, 7000000000012901, 490474972765325033, 2, '大琪广告印务', 33, '18971800630', '365679790@qq.com', 1421628764, 'online', 0, 0, '3.00', '13.00', '0.00', '10.00', '0', '10', 0, 0, '0.00', 0, '1', '', 0),
(130, 7000000000013001, 470474972765512033, 2, '大琪广告印务', 33, '18971800630', '365679790@qq.com', 1421628764, 'online', 0, 0, '3.00', '13.00', '0.00', '10.00', '0', '10', 0, 0, '0.00', 0, '1', '', 0),
(131, 7000000000013101, 630474984478679033, 1, '官方店铺', 33, '18971800630', '365679790@qq.com', 1421640478, 'online', 0, 0, '140.00', '140.00', '0.00', '0.00', '0', '0', 0, 0, '0.00', 0, '1', '', 0),
(132, 7000000000013201, 440474984488262033, 1, '官方店铺', 33, '18971800630', '365679790@qq.com', 1421640479, 'online', 0, 0, '140.00', '140.00', '0.00', '0.00', '0', '0', 0, 0, '0.00', 0, '1', '', 0),
(133, 7000000000013301, 210474984488439033, 1, '官方店铺', 33, '18971800630', '365679790@qq.com', 1421640480, 'online', 0, 0, '140.00', '140.00', '0.00', '0.00', '0', '0', 0, 0, '0.00', 0, '1', '', 0),
(134, 7000000000013401, 230474984488621033, 1, '官方店铺', 33, '18971800630', '365679790@qq.com', 1421640480, 'online', 0, 0, '140.00', '140.00', '0.00', '0.00', '0', '0', 0, 0, '0.00', 0, '1', '', 0),
(135, 7000000000013501, 760474984488793033, 1, '官方店铺', 33, '18971800630', '365679790@qq.com', 1421640481, 'online', 0, 0, '140.00', '140.00', '0.00', '0.00', '0', '0', 0, 0, '0.00', 0, '1', '', 0),
(136, 7000000000013601, 100474984488993033, 1, '官方店铺', 33, '18971800630', '365679790@qq.com', 1421640481, 'online', 0, 0, '140.00', '140.00', '0.00', '0.00', '0', '0', 0, 0, '0.00', 0, '1', '', 0),
(137, 7000000000013701, 190474984489158033, 1, '官方店铺', 33, '18971800630', '365679790@qq.com', 1421640482, 'online', 0, 0, '140.00', '140.00', '0.00', '0.00', '0', '0', 0, 0, '0.00', 0, '1', '', 0),
(138, 7000000000013801, 600474984489330033, 1, '官方店铺', 33, '18971800630', '365679790@qq.com', 1421640483, 'online', 0, 0, '140.00', '140.00', '0.00', '0.00', '0', '0', 0, 0, '0.00', 0, '1', '', 0),
(139, 7000000000013901, 670474984489490033, 1, '官方店铺', 33, '18971800630', '365679790@qq.com', 1421640484, 'online', 0, 0, '140.00', '140.00', '0.00', '0.00', '0', '0', 0, 0, '0.00', 0, '1', '', 0),
(140, 7000000000014001, 360474984489665033, 1, '官方店铺', 33, '18971800630', '365679790@qq.com', 1421640485, 'online', 0, 0, '140.00', '140.00', '0.00', '0.00', '0', '0', 0, 0, '0.00', 0, '1', '', 0),
(141, 7000000000014101, 660474984489829033, 1, '官方店铺', 33, '18971800630', '365679790@qq.com', 1421640486, 'online', 0, 0, '140.00', '140.00', '0.00', '0.00', '0', '0', 0, 0, '0.00', 0, '1', '', 0),
(142, 7000000000014201, 820474984490012033, 1, '官方店铺', 33, '18971800630', '365679790@qq.com', 1421640487, 'online', 0, 0, '140.00', '140.00', '0.00', '0.00', '0', '0', 0, 0, '0.00', 0, '1', '', 0),
(143, 7000000000014301, 670474984490190033, 1, '官方店铺', 33, '18971800630', '365679790@qq.com', 1421640488, 'online', 0, 0, '140.00', '140.00', '0.00', '0.00', '0', '0', 0, 0, '0.00', 0, '1', '', 0),
(144, 7000000000014401, 170474984490375033, 1, '官方店铺', 33, '18971800630', '365679790@qq.com', 1421640488, 'online', 0, 0, '140.00', '140.00', '0.00', '0.00', '0', '0', 0, 0, '0.00', 0, '1', '', 0),
(145, 7000000000014501, 360474984490549033, 1, '官方店铺', 33, '18971800630', '365679790@qq.com', 1421640488, 'online', 0, 0, '140.00', '140.00', '0.00', '0.00', '0', '0', 0, 0, '0.00', 0, '1', '', 0),
(146, 7000000000014601, 780474984490733033, 1, '官方店铺', 33, '18971800630', '365679790@qq.com', 1421640488, 'online', 0, 0, '140.00', '140.00', '0.00', '0.00', '0', '0', 0, 0, '0.00', 0, '1', '', 0),
(147, 7000000000014701, 770474984490903033, 1, '官方店铺', 33, '18971800630', '365679790@qq.com', 1421640488, 'online', 0, 0, '140.00', '140.00', '0.00', '0.00', '0', '0', 0, 0, '0.00', 0, '1', '', 0),
(148, 7000000000014801, 460474984491084033, 1, '官方店铺', 33, '18971800630', '365679790@qq.com', 1421640489, 'online', 0, 0, '140.00', '140.00', '0.00', '0.00', '0', '0', 0, 0, '0.00', 0, '1', '', 0),
(149, 7000000000014901, 330474984491262033, 1, '官方店铺', 33, '18971800630', '365679790@qq.com', 1421640489, 'online', 0, 0, '140.00', '140.00', '0.00', '0.00', '0', '0', 0, 0, '0.00', 0, '1', '', 0),
(150, 7000000000015001, 510474984491446033, 1, '官方店铺', 33, '18971800630', '365679790@qq.com', 1421640489, 'online', 0, 0, '140.00', '140.00', '0.00', '0.00', '0', '0', 0, 0, '0.00', 0, '1', '', 0),
(151, 7000000000015101, 690474984491637033, 1, '官方店铺', 33, '18971800630', '365679790@qq.com', 1421640489, 'online', 0, 0, '140.00', '140.00', '0.00', '0.00', '0', '0', 0, 0, '0.00', 0, '1', '', 0),
(152, 7000000000015201, 610475323875621035, 1, '官方店铺', 35, 'candle1238', '105514882@qq.com', 1421979875, 'online', 0, 0, '54.00', '54.00', '0.00', '0.00', '0', '0', 0, 0, '0.00', 0, '1', '', 0),
(153, 7000000000015301, 630475514841039005, 5, '通城百丈潭茶业旗舰店', 5, 'xiner', '1226167129@qq.com', 1422170840, 'online', 0, 0, '252.00', '262.00', '0.00', '10.00', '0', '0', 0, 0, '0.00', 0, '1', '', 0),
(154, 7000000000015401, 560475514930461005, 1, '官方店铺', 5, 'xiner', '1226167129@qq.com', 1422170930, 'online', 0, 0, '29.00', '41.00', '0.00', '12.00', '0', '0', 0, 0, '0.00', 0, '1', '', 0),
(155, 7000000000015501, 390475522579478005, 5, '通城百丈潭茶业旗舰店', 5, 'xiner', '1226167129@qq.com', 1422178579, 'online', 0, 0, '9.00', '19.00', '0.00', '10.00', '0', '0', 0, 0, '0.00', 0, '1', '', 0),
(156, 7000000000015601, 960475522588673005, 5, '通城百丈潭茶业旗舰店', 5, 'xiner', '1226167129@qq.com', 1422178581, 'online', 0, 0, '9.00', '19.00', '0.00', '10.00', '0', '0', 0, 0, '0.00', 0, '1', '', 0),
(157, 7000000000015701, 900475530436997005, 5, '通城百丈潭茶业旗舰店', 5, 'xiner', '1226167129@qq.com', 1422186436, 'online', 0, 0, '16.20', '26.20', '0.00', '10.00', '0', '0', 0, 0, '0.00', 0, '1', '', 0),
(158, 7000000000015801, 330475577745282005, 1, '官方店铺', 5, 'xiner', '1226167129@qq.com', 1422233745, 'online', 0, 0, '55.00', '55.00', '0.00', '0.00', '0', '0', 0, 0, '0.00', 0, '1', '', 0),
(159, 7000000000015901, 920475577822362005, 5, '通城百丈潭茶业旗舰店', 5, 'xiner', '1226167129@qq.com', 1422233822, 'online', 0, 0, '90.00', '100.00', '0.00', '10.00', '0', '0', 0, 0, '0.00', 0, '1', '', 0),
(160, 7000000000016001, 230476142641575008, 1, '官方店铺', 8, '乐生活', 'ybzxliliang@126.com', 1422798641, 'online', 0, 0, '29.00', '41.00', '0.00', '12.00', '0', '0', 0, 0, '0.00', 0, '1', '', 0),
(161, 7000000000016101, 450476142650888008, 1, '官方店铺', 8, '乐生活', 'ybzxliliang@126.com', 1422798647, 'online', 0, 0, '29.00', '41.00', '0.00', '12.00', '0', '0', 0, 0, '0.00', 0, '1', '', 0),
(162, 7000000000016201, 600476361565254005, 5, '通城百丈潭茶业旗舰店', 5, 'xiner', '1226167129@qq.com', 1423017565, 'online', 0, 0, '9.00', '19.00', '0.00', '10.00', '0', '0', 0, 0, '0.00', 0, '1', '', 0),
(163, 7000000000016301, 350476361686519005, 5, '通城百丈潭茶业旗舰店', 5, 'xiner', '1226167129@qq.com', 1423017686, 'online', 0, 0, '9.00', '19.00', '0.00', '10.00', '0', '0', 0, 0, '0.00', 0, '1', '', 0),
(164, 7000000000016401, 280476361830568005, 5, '通城百丈潭茶业旗舰店', 5, 'xiner', '1226167129@qq.com', 1423017830, 'online', 0, 0, '9.00', '19.00', '0.00', '10.00', '0', '0', 0, 0, '0.00', 0, '1', '', 0),
(165, 7000000000016501, 300476362378579005, 5, '通城百丈潭茶业旗舰店', 5, 'xiner', '1226167129@qq.com', 1423018378, 'online', 0, 0, '9.00', '19.00', '0.00', '10.00', '0', '0', 0, 0, '0.00', 0, '1', '', 0),
(166, 7000000000016601, 640476362387834005, 5, '通城百丈潭茶业旗舰店', 5, 'xiner', '1226167129@qq.com', 1423018383, 'online', 0, 0, '9.00', '19.00', '0.00', '10.00', '0', '0', 0, 0, '0.00', 0, '1', '', 0),
(167, 7000000000016701, 150476642052918008, 7, '小陆干果', 8, '乐生活', 'ybzxliliang@126.com', 1423298052, 'online', 0, 0, '25.80', '25.80', '0.00', '0.00', '0', '0', 0, 0, '0.00', 0, '1', '', 0),
(168, 7000000000016801, 470476642054962008, 7, '小陆干果', 8, '乐生活', 'ybzxliliang@126.com', 1423298053, 'online', 0, 0, '25.80', '25.80', '0.00', '0.00', '0', '0', 0, 0, '0.00', 0, '1', '', 0),
(169, 7000000000016901, 850476642056769008, 7, '小陆干果', 8, '乐生活', 'ybzxliliang@126.com', 1423298054, 'online', 0, 0, '25.80', '25.80', '0.00', '0.00', '0', '0', 0, 0, '0.00', 0, '1', '', 0),
(170, 7000000000017001, 780476798447852024, 7, '小陆干果', 24, '骑士红红', '470840532@qq.com', 1423454447, 'online', 0, 0, '25.80', '25.80', '0.00', '0.00', '0', '0', 0, 0, '0.00', 0, '1', '', 0),
(171, 7000000000017601, 440476806323619008, 7, '小陆干果', 8, '乐生活', 'ybzxliliang@126.com', 1423462323, 'online', 0, 0, '18.80', '18.80', '0.00', '0.00', '0', '0', 0, 0, '0.00', 0, '1', '', 0),
(172, 7000000000017701, 540476806338200008, 7, '小陆干果', 8, '乐生活', 'ybzxliliang@126.com', 1423462324, 'online', 0, 0, '18.80', '18.80', '0.00', '0.00', '0', '0', 0, 0, '0.00', 0, '1', '', 0),
(173, 7000000000017801, 690476806340329008, 7, '小陆干果', 8, '乐生活', 'ybzxliliang@126.com', 1423462325, 'online', 0, 0, '18.80', '18.80', '0.00', '0.00', '0', '0', 0, 0, '0.00', 0, '1', '', 0),
(174, 7000000000017901, 880476806342815008, 7, '小陆干果', 8, '乐生活', 'ybzxliliang@126.com', 1423462326, 'online', 0, 0, '18.80', '18.80', '0.00', '0.00', '0', '0', 0, 0, '0.00', 0, '1', '', 0),
(175, 7000000000018001, 900476806345852008, 7, '小陆干果', 8, '乐生活', 'ybzxliliang@126.com', 1423462327, 'online', 0, 0, '18.80', '18.80', '0.00', '0.00', '0', '0', 0, 0, '0.00', 0, '1', '', 0),
(176, 7000000000018101, 930476806348087008, 7, '小陆干果', 8, '乐生活', 'ybzxliliang@126.com', 1423462327, 'online', 0, 0, '18.80', '18.80', '0.00', '0.00', '0', '0', 0, 0, '0.00', 0, '1', '', 0),
(177, 7000000000018201, 940476818852270045, 7, '小陆干果', 45, '品味生活', '550359281q@qq.com', 1423474852, 'online', 0, 0, '26.80', '26.80', '0.00', '0.00', '0', '0', 0, 0, '0.00', 0, '1', '', 0),
(178, 7000000000018301, 460476983943687017, 7, '小陆干果', 17, '缘因有你', '1035741326@qq.com', 1423639943, 'online', 0, 0, '33.50', '33.50', '0.00', '0.00', '0', '0', 0, 0, '0.00', 0, '1', '', 0),
(179, 7000000000018401, 860476984247123017, 7, '小陆干果', 17, '缘因有你', '1035741326@qq.com', 1423640247, 'online', 0, 0, '33.50', '33.50', '0.00', '0.00', '0', '0', 0, 0, '0.00', 0, '1', '', 0),
(180, 7000000000018501, 500477053474378017, 7, '小陆干果', 17, '缘因有你', '1035741326@qq.com', 1423709474, 'alipay', 1423709984, 1423741682, '118.60', '118.60', '0.00', '0.00', '1', '40', 0, 0, '0.00', 1423723415, '1', NULL, 0),
(181, 7000000000018601, 230477406942739008, 1, '官方店铺', 8, '乐生活', 'ybzxliliang@126.com', 1424062942, 'online', 0, 0, '70.00', '70.00', '0.00', '0.00', '0', '0', 0, 0, '0.00', 0, '1', '', 0),
(182, 7000000000018701, 230477406951879008, 1, '官方店铺', 8, '乐生活', 'ybzxliliang@126.com', 1424062945, 'online', 0, 0, '70.00', '70.00', '0.00', '0.00', '0', '0', 0, 0, '0.00', 0, '1', '', 0),
(183, 7000000000018801, 280477406953720008, 1, '官方店铺', 8, '乐生活', 'ybzxliliang@126.com', 1424062946, 'online', 0, 0, '70.00', '70.00', '0.00', '0.00', '0', '0', 0, 0, '0.00', 0, '1', '', 0),
(184, 7000000000018901, 840478169653966008, 7, '小陆干果', 8, '乐生活', 'ybzxliliang@126.com', 1424825653, 'online', 0, 0, '38.80', '38.80', '0.00', '0.00', '0', '0', 0, 0, '0.00', 0, '1', '', 0),
(185, 7000000000019001, 820478716873847015, 1, '官方店铺', 15, '淘几个喜欢', '1115044633@qq.com', 1425372873, 'online', 0, 0, '70.00', '70.00', '0.00', '0.00', '0', '0', 0, 0, '0.00', 0, '1', '', 0),
(186, 7000000000019101, 770478716883629015, 1, '官方店铺', 15, '淘几个喜欢', '1115044633@qq.com', 1425372879, 'online', 0, 0, '70.00', '70.00', '0.00', '0.00', '0', '0', 0, 0, '0.00', 0, '1', '', 0),
(187, 7000000000019201, 210478716885870015, 1, '官方店铺', 15, '淘几个喜欢', '1115044633@qq.com', 1425372883, 'online', 0, 0, '70.00', '70.00', '0.00', '0.00', '0', '0', 0, 0, '0.00', 0, '1', '', 0),
(188, 7000000000019301, 170478716887961015, 1, '官方店铺', 15, '淘几个喜欢', '1115044633@qq.com', 1425372885, 'online', 0, 0, '70.00', '70.00', '0.00', '0.00', '0', '0', 0, 0, '0.00', 0, '1', '', 0),
(189, 7000000000019401, 840478970654119051, 7, '小陆干果', 51, 'paul@crt.cn', 'paul@crt.cn', 1425626653, 'online', 0, 0, '33.50', '43.50', '0.00', '10.00', '0', '0', 0, 0, '0.00', 0, '1', '', 0),
(190, 7000000000019501, 920478970663862051, 7, '小陆干果', 51, 'paul@crt.cn', 'paul@crt.cn', 1425626656, 'online', 0, 0, '33.50', '43.50', '0.00', '10.00', '0', '0', 0, 0, '0.00', 0, '1', '', 0),
(191, 7000000000019601, 310478992549401005, 5, '通城百丈潭茶业旗舰店', 5, 'xiner', '1226167129@qq.com', 1425648549, 'online', 0, 0, '252.00', '262.00', '0.00', '10.00', '0', '0', 0, 0, '0.00', 0, '1', '', 0),
(192, 7000000000019701, 590478992551525005, 5, '通城百丈潭茶业旗舰店', 5, 'xiner', '1226167129@qq.com', 1425648550, 'online', 0, 0, '252.00', '262.00', '0.00', '10.00', '0', '0', 0, 0, '0.00', 0, '1', '', 0),
(193, 7000000000019801, 540478992786104005, 1, '官方店铺', 5, 'xiner', '1226167129@qq.com', 1425648785, 'online', 0, 0, '70.00', '70.00', '0.00', '0.00', '0', '0', 0, 0, '0.00', 0, '1', '', 0),
(194, 7000000000019901, 290478992795695005, 1, '官方店铺', 5, 'xiner', '1226167129@qq.com', 1425648787, 'online', 0, 0, '70.00', '70.00', '0.00', '0.00', '0', '0', 0, 0, '0.00', 0, '1', '', 0),
(195, 7000000000020001, 550478992797831005, 1, '官方店铺', 5, 'xiner', '1226167129@qq.com', 1425648790, 'online', 0, 0, '70.00', '70.00', '0.00', '0.00', '0', '0', 0, 0, '0.00', 0, '1', '', 0),
(196, 7000000000020101, 420478992800131005, 1, '官方店铺', 5, 'xiner', '1226167129@qq.com', 1425648794, 'online', 0, 0, '70.00', '70.00', '0.00', '0.00', '0', '0', 0, 0, '0.00', 0, '1', '', 0),
(197, 7000000000020201, 250478992802427005, 1, '官方店铺', 5, 'xiner', '1226167129@qq.com', 1425648795, 'online', 0, 0, '70.00', '70.00', '0.00', '0.00', '0', '0', 0, 0, '0.00', 0, '1', '', 0),
(198, 7000000000020301, 660479035095535005, 1, '官方店铺', 5, 'xiner', '1226167129@qq.com', 1425691095, 'online', 0, 0, '108.00', '118.00', '0.00', '10.00', '0', '0', 0, 0, '0.00', 0, '1', '', 0),
(199, 7000000000020401, 320479035104581005, 1, '官方店铺', 5, 'xiner', '1226167129@qq.com', 1425691098, 'online', 0, 0, '108.00', '118.00', '0.00', '10.00', '0', '0', 0, 0, '0.00', 0, '1', '', 0),
(200, 7000000000020501, 660479035106712005, 1, '官方店铺', 5, 'xiner', '1226167129@qq.com', 1425691102, 'online', 0, 0, '108.00', '118.00', '0.00', '10.00', '0', '0', 0, 0, '0.00', 0, '1', '', 0),
(201, 7000000000020601, 910479035443843005, 1, '官方店铺', 5, 'xiner', '1226167129@qq.com', 1425691443, 'online', 0, 0, '108.00', '118.00', '0.00', '10.00', '0', '0', 0, 0, '0.00', 0, '1', '', 0),
(202, 7000000000020701, 780479035448689005, 1, '官方店铺', 5, 'xiner', '1226167129@qq.com', 1425691447, 'online', 0, 0, '108.00', '118.00', '0.00', '10.00', '0', '0', 0, 0, '0.00', 0, '1', '', 0),
(203, 7000000000020801, 760479035687808005, 1, '官方店铺', 5, 'xiner', '1226167129@qq.com', 1425691687, 'online', 0, 0, '108.00', '118.00', '0.00', '10.00', '0', '0', 0, 0, '0.00', 0, '1', '', 0),
(204, 7000000000020901, 470479660808846006, 1, '官方店铺', 6, 'fdxmslx', 'fdxmslx@126.com', 1426316808, 'online', 0, 0, '0.10', '0.10', '0.00', '0.00', '0', '0', 0, 0, '0.00', 0, '1', '', 0),
(205, 7000000000021001, 390480788186456080, 1, '官方店铺', 80, 'demo1', '103832740@qq.com', 1427444186, 'online', 0, 0, '96.00', '96.00', '0.00', '0.00', '0', '10', 0, 0, '0.00', 0, '1', '', 0),
(206, 7000000000021101, 310480811462021080, 7, '小陆干果', 80, 'demo1', '103832740@qq.com', 1427467461, 'online', 0, 0, '33.50', '43.50', '0.00', '10.00', '0', '10', 0, 0, '0.00', 0, '1', '', 0),
(207, 7000000000021201, 810481198563674078, 2, '大琪广告印务', 78, 'tao123', '578205475@qq.com', 1427854563, 'online', 0, 0, '3.00', '13.00', '0.00', '10.00', '0', '10', 0, 0, '0.00', 0, '1', '', 0),
(208, 7000000000021202, 810481198563674078, 1, '官方店铺', 78, 'tao123', '578205475@qq.com', 1427854563, 'online', 0, 0, '54.00', '54.00', '0.00', '0.00', '0', '10', 0, 0, '0.00', 0, '1', '', 0);

-- --------------------------------------------------------

--
-- 表的结构 `cor_order_bill`
--

CREATE TABLE IF NOT EXISTS `cor_order_bill` (
  `ob_no` int(11) NOT NULL AUTO_INCREMENT COMMENT '结算单编号(年月店铺ID)',
  `ob_start_date` int(11) NOT NULL COMMENT '开始日期',
  `ob_end_date` int(11) NOT NULL COMMENT '结束日期',
  `ob_order_totals` decimal(10,2) NOT NULL DEFAULT '0.00' COMMENT '订单金额',
  `ob_shipping_totals` decimal(10,2) NOT NULL DEFAULT '0.00' COMMENT '运费',
  `ob_order_return_totals` decimal(10,2) NOT NULL DEFAULT '0.00' COMMENT '退单金额',
  `ob_commis_totals` decimal(10,2) NOT NULL DEFAULT '0.00' COMMENT '佣金金额',
  `ob_commis_return_totals` decimal(10,2) NOT NULL DEFAULT '0.00' COMMENT '退还佣金',
  `ob_store_cost_totals` decimal(10,2) NOT NULL DEFAULT '0.00' COMMENT '店铺促销活动费用',
  `ob_result_totals` decimal(10,2) NOT NULL DEFAULT '0.00' COMMENT '应结金额',
  `ob_create_date` int(11) DEFAULT '0' COMMENT '生成结算单日期',
  `os_month` mediumint(6) unsigned NOT NULL COMMENT '结算单年月份',
  `ob_state` enum('1','2','3','4') DEFAULT '1' COMMENT '1默认2店家已确认3平台已审核4结算完成',
  `ob_pay_date` int(11) DEFAULT '0' COMMENT '付款日期',
  `ob_pay_content` varchar(200) DEFAULT '' COMMENT '支付备注',
  `ob_store_id` int(11) NOT NULL COMMENT '店铺ID',
  `ob_store_name` varchar(50) DEFAULT NULL COMMENT '店铺名',
  PRIMARY KEY (`ob_no`)
) ENGINE=InnoDB  DEFAULT CHARSET=utf8 COMMENT='结算表' AUTO_INCREMENT=2015031612 ;

--
-- 转存表中的数据 `cor_order_bill`
--

INSERT INTO `cor_order_bill` (`ob_no`, `ob_start_date`, `ob_end_date`, `ob_order_totals`, `ob_shipping_totals`, `ob_order_return_totals`, `ob_commis_totals`, `ob_commis_return_totals`, `ob_store_cost_totals`, `ob_result_totals`, `ob_create_date`, `os_month`, `ob_state`, `ob_pay_date`, `ob_pay_content`, `ob_store_id`, `ob_store_name`) VALUES
(201411171, 1416153600, 1416758399, '1028.00', '0.00', '0.00', '0.00', '0.00', '0.00', '1028.00', 1426332218, 16777215, '1', 0, '', 1, '官方店铺'),
(201411172, 1416153600, 1416758399, '0.00', '0.00', '0.00', '0.00', '0.00', '0.00', '0.00', 1426332218, 16777215, '1', 0, '', 2, '大琪广告印务'),
(201411173, 1416153600, 1416758399, '0.00', '0.00', '0.00', '0.00', '0.00', '0.00', '0.00', 1426332218, 16777215, '1', 0, '', 3, '南京盈放科技'),
(201411174, 1416153600, 1416758399, '0.00', '0.00', '0.00', '0.00', '0.00', '0.00', '0.00', 1426332218, 16777215, '1', 0, '', 4, '吉米健康水世界'),
(201411175, 1416153600, 1416758399, '0.00', '0.00', '0.00', '0.00', '0.00', '0.00', '0.00', 1426332218, 16777215, '1', 0, '', 5, '通城百丈潭茶业旗舰店'),
(201411176, 1416153600, 1416758399, '0.00', '0.00', '0.00', '0.00', '0.00', '0.00', '0.00', 1426332218, 16777215, '1', 0, '', 6, '稻花香三麦酒'),
(201411177, 1416153600, 1416758399, '0.00', '0.00', '0.00', '0.00', '0.00', '0.00', '0.00', 1426332218, 16777215, '1', 0, '', 7, '小陆干果'),
(201411178, 1416153600, 1416758399, '0.00', '0.00', '0.00', '0.00', '0.00', '0.00', '0.00', 1427438894, 16777215, '1', 0, '', 8, '博洋家纺经销店'),
(201411179, 1416153600, 1416758399, '0.00', '0.00', '0.00', '0.00', '0.00', '0.00', '0.00', 1427438894, 16777215, '1', 0, '', 9, '通城县正泰电器经销部'),
(201411241, 1416758400, 1417363199, '228.00', '0.00', '129.00', '0.00', '0.00', '0.00', '99.00', 1426332218, 16777215, '1', 0, '', 1, '官方店铺'),
(201411242, 1416758400, 1417363199, '0.00', '0.00', '0.00', '0.00', '0.00', '170.00', '-170.00', 1426332218, 16777215, '1', 0, '', 2, '大琪广告印务'),
(201411243, 1416758400, 1417363199, '0.00', '0.00', '0.00', '0.00', '0.00', '0.00', '0.00', 1426332218, 16777215, '1', 0, '', 3, '南京盈放科技'),
(201411244, 1416758400, 1417363199, '0.00', '0.00', '0.00', '0.00', '0.00', '0.00', '0.00', 1426332218, 16777215, '1', 0, '', 4, '吉米健康水世界'),
(201411245, 1416758400, 1417363199, '0.00', '0.00', '0.00', '0.00', '0.00', '0.00', '0.00', 1426332218, 16777215, '1', 0, '', 5, '通城百丈潭茶业旗舰店'),
(201411246, 1416758400, 1417363199, '0.00', '0.00', '0.00', '0.00', '0.00', '0.00', '0.00', 1426332218, 16777215, '1', 0, '', 6, '稻花香三麦酒'),
(201411247, 1416758400, 1417363199, '0.00', '0.00', '0.00', '0.00', '0.00', '0.00', '0.00', 1426332218, 16777215, '1', 0, '', 7, '小陆干果'),
(201411248, 1416758400, 1417363199, '0.00', '0.00', '0.00', '0.00', '0.00', '0.00', '0.00', 1427438894, 16777215, '1', 0, '', 8, '博洋家纺经销店'),
(201411249, 1416758400, 1417363199, '0.00', '0.00', '0.00', '0.00', '0.00', '0.00', '0.00', 1427438894, 16777215, '1', 0, '', 9, '通城县正泰电器经销部'),
(201412011, 1417363200, 1417967999, '0.00', '0.00', '0.00', '0.00', '0.00', '0.00', '0.00', 1426332218, 16777215, '1', 0, '', 1, '官方店铺'),
(201412012, 1417363200, 1417967999, '0.00', '0.00', '0.00', '0.00', '0.00', '0.00', '0.00', 1426332218, 16777215, '1', 0, '', 2, '大琪广告印务'),
(201412013, 1417363200, 1417967999, '0.00', '0.00', '0.00', '0.00', '0.00', '0.00', '0.00', 1426332218, 16777215, '1', 0, '', 3, '南京盈放科技'),
(201412014, 1417363200, 1417967999, '0.00', '0.00', '0.00', '0.00', '0.00', '0.00', '0.00', 1426332218, 16777215, '1', 0, '', 4, '吉米健康水世界'),
(201412015, 1417363200, 1417967999, '0.00', '0.00', '0.00', '0.00', '0.00', '0.00', '0.00', 1426332218, 16777215, '1', 0, '', 5, '通城百丈潭茶业旗舰店'),
(201412016, 1417363200, 1417967999, '0.00', '0.00', '0.00', '0.00', '0.00', '0.00', '0.00', 1426332218, 16777215, '1', 0, '', 6, '稻花香三麦酒'),
(201412017, 1417363200, 1417967999, '0.00', '0.00', '0.00', '0.00', '0.00', '0.00', '0.00', 1426332218, 16777215, '1', 0, '', 7, '小陆干果'),
(201412018, 1417363200, 1417967999, '0.00', '0.00', '0.00', '0.00', '0.00', '0.00', '0.00', 1427438894, 16777215, '1', 0, '', 8, '博洋家纺经销店'),
(201412019, 1417363200, 1417967999, '0.00', '0.00', '0.00', '0.00', '0.00', '0.00', '0.00', 1427438894, 16777215, '1', 0, '', 9, '通城县正泰电器经销部'),
(201412081, 1417968000, 1418572799, '0.00', '0.00', '0.00', '0.00', '0.00', '0.00', '0.00', 1426332218, 16777215, '1', 0, '', 1, '官方店铺'),
(201412082, 1417968000, 1418572799, '0.00', '0.00', '0.00', '0.00', '0.00', '0.00', '0.00', 1426332218, 16777215, '1', 0, '', 2, '大琪广告印务'),
(201412083, 1417968000, 1418572799, '0.00', '0.00', '0.00', '0.00', '0.00', '0.00', '0.00', 1426332218, 16777215, '1', 0, '', 3, '南京盈放科技'),
(201412084, 1417968000, 1418572799, '0.00', '0.00', '0.00', '0.00', '0.00', '0.00', '0.00', 1426332218, 16777215, '1', 0, '', 4, '吉米健康水世界'),
(201412085, 1417968000, 1418572799, '0.00', '0.00', '0.00', '0.00', '0.00', '0.00', '0.00', 1426332218, 16777215, '1', 0, '', 5, '通城百丈潭茶业旗舰店'),
(201412086, 1417968000, 1418572799, '0.00', '0.00', '0.00', '0.00', '0.00', '0.00', '0.00', 1426332218, 16777215, '1', 0, '', 6, '稻花香三麦酒'),
(201412087, 1417968000, 1418572799, '0.00', '0.00', '0.00', '0.00', '0.00', '0.00', '0.00', 1426332218, 16777215, '1', 0, '', 7, '小陆干果'),
(201412088, 1417968000, 1418572799, '0.00', '0.00', '0.00', '0.00', '0.00', '0.00', '0.00', 1427438894, 16777215, '1', 0, '', 8, '博洋家纺经销店'),
(201412089, 1417968000, 1418572799, '0.00', '0.00', '0.00', '0.00', '0.00', '0.00', '0.00', 1427438894, 16777215, '1', 0, '', 9, '通城县正泰电器经销部'),
(201412151, 1418572800, 1419177599, '58.00', '0.00', '0.00', '0.00', '0.00', '0.00', '58.00', 1426332218, 16777215, '1', 0, '', 1, '官方店铺'),
(201412152, 1418572800, 1419177599, '0.00', '0.00', '0.00', '0.00', '0.00', '0.00', '0.00', 1426332218, 16777215, '1', 0, '', 2, '大琪广告印务'),
(201412153, 1418572800, 1419177599, '0.00', '0.00', '0.00', '0.00', '0.00', '0.00', '0.00', 1426332218, 16777215, '1', 0, '', 3, '南京盈放科技'),
(201412154, 1418572800, 1419177599, '0.00', '0.00', '0.00', '0.00', '0.00', '0.00', '0.00', 1426332218, 16777215, '1', 0, '', 4, '吉米健康水世界'),
(201412155, 1418572800, 1419177599, '0.00', '0.00', '0.00', '0.00', '0.00', '0.00', '0.00', 1426332218, 16777215, '1', 0, '', 5, '通城百丈潭茶业旗舰店'),
(201412156, 1418572800, 1419177599, '0.00', '0.00', '0.00', '0.00', '0.00', '0.00', '0.00', 1426332218, 16777215, '1', 0, '', 6, '稻花香三麦酒'),
(201412157, 1418572800, 1419177599, '0.00', '0.00', '0.00', '0.00', '0.00', '0.00', '0.00', 1426332218, 16777215, '1', 0, '', 7, '小陆干果'),
(201412158, 1418572800, 1419177599, '0.00', '0.00', '0.00', '0.00', '0.00', '0.00', '0.00', 1427438894, 16777215, '1', 0, '', 8, '博洋家纺经销店'),
(201412159, 1418572800, 1419177599, '0.00', '0.00', '0.00', '0.00', '0.00', '0.00', '0.00', 1427438894, 16777215, '1', 0, '', 9, '通城县正泰电器经销部'),
(201412221, 1419177600, 1419782399, '0.01', '0.00', '0.00', '0.00', '0.00', '0.00', '0.01', 1426332218, 16777215, '1', 0, '', 1, '官方店铺'),
(201412222, 1419177600, 1419782399, '0.00', '0.00', '0.00', '0.00', '0.00', '0.00', '0.00', 1426332218, 16777215, '1', 0, '', 2, '大琪广告印务'),
(201412223, 1419177600, 1419782399, '0.00', '0.00', '0.00', '0.00', '0.00', '0.00', '0.00', 1426332218, 16777215, '1', 0, '', 3, '南京盈放科技'),
(201412224, 1419177600, 1419782399, '0.00', '0.00', '0.00', '0.00', '0.00', '0.00', '0.00', 1426332218, 16777215, '1', 0, '', 4, '吉米健康水世界'),
(201412225, 1419177600, 1419782399, '0.00', '0.00', '0.00', '0.00', '0.00', '0.00', '0.00', 1426332218, 16777215, '1', 0, '', 5, '通城百丈潭茶业旗舰店'),
(201412226, 1419177600, 1419782399, '0.00', '0.00', '0.00', '0.00', '0.00', '0.00', '0.00', 1426332218, 16777215, '1', 0, '', 6, '稻花香三麦酒'),
(201412227, 1419177600, 1419782399, '0.00', '0.00', '0.00', '0.00', '0.00', '0.00', '0.00', 1426332218, 16777215, '1', 0, '', 7, '小陆干果'),
(201412228, 1419177600, 1419782399, '0.00', '0.00', '0.00', '0.00', '0.00', '0.00', '0.00', 1427438894, 16777215, '1', 0, '', 8, '博洋家纺经销店'),
(201412229, 1419177600, 1419782399, '0.00', '0.00', '0.00', '0.00', '0.00', '0.00', '0.00', 1427438894, 16777215, '1', 0, '', 9, '通城县正泰电器经销部'),
(201412291, 1419782400, 1420387199, '0.00', '0.00', '0.00', '0.00', '0.00', '0.00', '0.00', 1426332218, 16777215, '1', 0, '', 1, '官方店铺'),
(201412292, 1419782400, 1420387199, '0.00', '0.00', '0.00', '0.00', '0.00', '0.00', '0.00', 1426332218, 16777215, '1', 0, '', 2, '大琪广告印务'),
(201412293, 1419782400, 1420387199, '0.00', '0.00', '0.00', '0.00', '0.00', '0.00', '0.00', 1426332218, 16777215, '1', 0, '', 3, '南京盈放科技'),
(201412294, 1419782400, 1420387199, '0.00', '0.00', '0.00', '0.00', '0.00', '0.00', '0.00', 1426332218, 16777215, '1', 0, '', 4, '吉米健康水世界'),
(201412295, 1419782400, 1420387199, '0.00', '0.00', '0.00', '0.00', '0.00', '0.00', '0.00', 1426332218, 16777215, '1', 0, '', 5, '通城百丈潭茶业旗舰店'),
(201412296, 1419782400, 1420387199, '0.00', '0.00', '0.00', '0.00', '0.00', '0.00', '0.00', 1426332218, 16777215, '1', 0, '', 6, '稻花香三麦酒'),
(201412297, 1419782400, 1420387199, '0.00', '0.00', '0.00', '0.00', '0.00', '0.00', '0.00', 1426332218, 16777215, '1', 0, '', 7, '小陆干果'),
(201412298, 1419782400, 1420387199, '0.00', '0.00', '0.00', '0.00', '0.00', '0.00', '0.00', 1427438894, 16777215, '1', 0, '', 8, '博洋家纺经销店'),
(201412299, 1419782400, 1420387199, '0.00', '0.00', '0.00', '0.00', '0.00', '0.00', '0.00', 1427438894, 16777215, '1', 0, '', 9, '通城县正泰电器经销部'),
(201501051, 1420387200, 1420991999, '0.01', '0.00', '0.00', '0.00', '0.00', '0.00', '0.01', 1426332218, 16777215, '1', 0, '', 1, '官方店铺'),
(201501052, 1420387200, 1420991999, '0.00', '0.00', '0.00', '0.00', '0.00', '240.00', '-240.00', 1426332218, 16777215, '1', 0, '', 2, '大琪广告印务'),
(201501053, 1420387200, 1420991999, '0.00', '0.00', '0.00', '0.00', '0.00', '0.00', '0.00', 1426332218, 16777215, '1', 0, '', 3, '南京盈放科技'),
(201501054, 1420387200, 1420991999, '0.00', '0.00', '0.00', '0.00', '0.00', '0.00', '0.00', 1426332218, 16777215, '1', 0, '', 4, '吉米健康水世界'),
(201501055, 1420387200, 1420991999, '0.00', '0.00', '0.00', '0.00', '0.00', '0.00', '0.00', 1426332218, 16777215, '1', 0, '', 5, '通城百丈潭茶业旗舰店'),
(201501056, 1420387200, 1420991999, '0.00', '0.00', '0.00', '0.00', '0.00', '0.00', '0.00', 1426332218, 16777215, '1', 0, '', 6, '稻花香三麦酒'),
(201501057, 1420387200, 1420991999, '0.00', '0.00', '0.00', '0.00', '0.00', '0.00', '0.00', 1426332218, 16777215, '1', 0, '', 7, '小陆干果'),
(201501058, 1420387200, 1420991999, '0.00', '0.00', '0.00', '0.00', '0.00', '0.00', '0.00', 1427438894, 16777215, '1', 0, '', 8, '博洋家纺经销店'),
(201501059, 1420387200, 1420991999, '0.00', '0.00', '0.00', '0.00', '0.00', '0.00', '0.00', 1427438894, 16777215, '1', 0, '', 9, '通城县正泰电器经销部'),
(201501121, 1420992000, 1421596799, '0.01', '0.00', '0.00', '0.00', '0.00', '0.00', '0.01', 1426332218, 16777215, '1', 0, '', 1, '官方店铺'),
(201501122, 1420992000, 1421596799, '0.00', '0.00', '0.00', '0.00', '0.00', '0.00', '0.00', 1426332218, 16777215, '1', 0, '', 2, '大琪广告印务'),
(201501123, 1420992000, 1421596799, '0.00', '0.00', '0.00', '0.00', '0.00', '0.00', '0.00', 1426332218, 16777215, '1', 0, '', 3, '南京盈放科技'),
(201501124, 1420992000, 1421596799, '0.00', '0.00', '0.00', '0.00', '0.00', '0.00', '0.00', 1426332218, 16777215, '1', 0, '', 4, '吉米健康水世界'),
(201501125, 1420992000, 1421596799, '0.00', '0.00', '0.00', '0.00', '0.00', '0.00', '0.00', 1426332218, 16777215, '1', 0, '', 5, '通城百丈潭茶业旗舰店'),
(201501126, 1420992000, 1421596799, '0.00', '0.00', '0.00', '0.00', '0.00', '0.00', '0.00', 1426332218, 16777215, '1', 0, '', 6, '稻花香三麦酒'),
(201501127, 1420992000, 1421596799, '0.00', '0.00', '0.00', '0.00', '0.00', '0.00', '0.00', 1426332218, 16777215, '1', 0, '', 7, '小陆干果'),
(201501128, 1420992000, 1421596799, '0.00', '0.00', '0.00', '0.00', '0.00', '0.00', '0.00', 1427438894, 16777215, '1', 0, '', 8, '博洋家纺经销店'),
(201501129, 1420992000, 1421596799, '0.00', '0.00', '0.00', '0.00', '0.00', '0.00', '0.00', 1427438894, 16777215, '1', 0, '', 9, '通城县正泰电器经销部'),
(201501191, 1421596800, 1422201599, '0.00', '0.00', '0.00', '0.00', '0.00', '0.00', '0.00', 1426332218, 16777215, '1', 0, '', 1, '官方店铺'),
(201501192, 1421596800, 1422201599, '0.00', '0.00', '0.00', '0.00', '0.00', '0.00', '0.00', 1426332218, 16777215, '1', 0, '', 2, '大琪广告印务'),
(201501193, 1421596800, 1422201599, '0.00', '0.00', '0.00', '0.00', '0.00', '0.00', '0.00', 1426332218, 16777215, '1', 0, '', 3, '南京盈放科技'),
(201501194, 1421596800, 1422201599, '0.00', '0.00', '0.00', '0.00', '0.00', '0.00', '0.00', 1426332218, 16777215, '1', 0, '', 4, '吉米健康水世界'),
(201501195, 1421596800, 1422201599, '0.00', '0.00', '0.00', '0.00', '0.00', '0.00', '0.00', 1426332218, 16777215, '1', 0, '', 5, '通城百丈潭茶业旗舰店'),
(201501196, 1421596800, 1422201599, '0.00', '0.00', '0.00', '0.00', '0.00', '0.00', '0.00', 1426332218, 16777215, '1', 0, '', 6, '稻花香三麦酒'),
(201501197, 1421596800, 1422201599, '0.00', '0.00', '0.00', '0.00', '0.00', '0.00', '0.00', 1426332218, 16777215, '1', 0, '', 7, '小陆干果'),
(201501198, 1421596800, 1422201599, '0.00', '0.00', '0.00', '0.00', '0.00', '0.00', '0.00', 1427438894, 16777215, '1', 0, '', 8, '博洋家纺经销店'),
(201501199, 1421596800, 1422201599, '0.00', '0.00', '0.00', '0.00', '0.00', '0.00', '0.00', 1427438894, 16777215, '1', 0, '', 9, '通城县正泰电器经销部'),
(201501261, 1422201600, 1422806399, '0.00', '0.00', '0.00', '0.00', '0.00', '0.00', '0.00', 1426332218, 16777215, '1', 0, '', 1, '官方店铺'),
(201501262, 1422201600, 1422806399, '0.00', '0.00', '0.00', '0.00', '0.00', '0.00', '0.00', 1426332218, 16777215, '1', 0, '', 2, '大琪广告印务'),
(201501263, 1422201600, 1422806399, '0.00', '0.00', '0.00', '0.00', '0.00', '0.00', '0.00', 1426332218, 16777215, '1', 0, '', 3, '南京盈放科技'),
(201501264, 1422201600, 1422806399, '0.00', '0.00', '0.00', '0.00', '0.00', '0.00', '0.00', 1426332218, 16777215, '1', 0, '', 4, '吉米健康水世界'),
(201501265, 1422201600, 1422806399, '0.00', '0.00', '0.00', '0.00', '0.00', '0.00', '0.00', 1426332218, 16777215, '1', 0, '', 5, '通城百丈潭茶业旗舰店'),
(201501266, 1422201600, 1422806399, '0.00', '0.00', '0.00', '0.00', '0.00', '0.00', '0.00', 1426332218, 16777215, '1', 0, '', 6, '稻花香三麦酒'),
(201501267, 1422201600, 1422806399, '0.00', '0.00', '0.00', '0.00', '0.00', '0.00', '0.00', 1426332218, 16777215, '1', 0, '', 7, '小陆干果'),
(201501268, 1422201600, 1422806399, '0.00', '0.00', '0.00', '0.00', '0.00', '0.00', '0.00', 1427438894, 16777215, '1', 0, '', 8, '博洋家纺经销店'),
(201501269, 1422201600, 1422806399, '0.00', '0.00', '0.00', '0.00', '0.00', '0.00', '0.00', 1427438894, 16777215, '1', 0, '', 9, '通城县正泰电器经销部'),
(201502021, 1422806400, 1423411199, '0.00', '0.00', '0.00', '0.00', '0.00', '0.00', '0.00', 1426332218, 16777215, '1', 0, '', 1, '官方店铺'),
(201502022, 1422806400, 1423411199, '0.00', '0.00', '0.00', '0.00', '0.00', '0.00', '0.00', 1426332218, 16777215, '1', 0, '', 2, '大琪广告印务'),
(201502023, 1422806400, 1423411199, '0.00', '0.00', '0.00', '0.00', '0.00', '0.00', '0.00', 1426332218, 16777215, '1', 0, '', 3, '南京盈放科技'),
(201502024, 1422806400, 1423411199, '0.00', '0.00', '0.00', '0.00', '0.00', '0.00', '0.00', 1426332218, 16777215, '1', 0, '', 4, '吉米健康水世界'),
(201502025, 1422806400, 1423411199, '0.00', '0.00', '0.00', '0.00', '0.00', '0.00', '0.00', 1426332218, 16777215, '1', 0, '', 5, '通城百丈潭茶业旗舰店'),
(201502026, 1422806400, 1423411199, '0.00', '0.00', '0.00', '0.00', '0.00', '0.00', '0.00', 1426332218, 16777215, '1', 0, '', 6, '稻花香三麦酒'),
(201502027, 1422806400, 1423411199, '0.00', '0.00', '0.00', '0.00', '0.00', '0.00', '0.00', 1426332218, 16777215, '1', 0, '', 7, '小陆干果'),
(201502028, 1422806400, 1423411199, '0.00', '0.00', '0.00', '0.00', '0.00', '0.00', '0.00', 1427438894, 16777215, '1', 0, '', 8, '博洋家纺经销店'),
(201502029, 1422806400, 1423411199, '0.00', '0.00', '0.00', '0.00', '0.00', '0.00', '0.00', 1427438894, 16777215, '1', 0, '', 9, '通城县正泰电器经销部'),
(201502091, 1423411200, 1424015999, '0.00', '0.00', '0.00', '0.00', '0.00', '0.00', '0.00', 1426332218, 16777215, '1', 0, '', 1, '官方店铺'),
(201502092, 1423411200, 1424015999, '0.00', '0.00', '0.00', '0.00', '0.00', '0.00', '0.00', 1426332218, 16777215, '1', 0, '', 2, '大琪广告印务'),
(201502093, 1423411200, 1424015999, '0.00', '0.00', '0.00', '0.00', '0.00', '0.00', '0.00', 1426332218, 16777215, '1', 0, '', 3, '南京盈放科技'),
(201502094, 1423411200, 1424015999, '0.00', '0.00', '0.00', '0.00', '0.00', '0.00', '0.00', 1426332218, 16777215, '1', 0, '', 4, '吉米健康水世界'),
(201502095, 1423411200, 1424015999, '0.00', '0.00', '0.00', '0.00', '0.00', '0.00', '0.00', 1426332218, 16777215, '1', 0, '', 5, '通城百丈潭茶业旗舰店'),
(201502096, 1423411200, 1424015999, '0.00', '0.00', '0.00', '0.00', '0.00', '0.00', '0.00', 1426332218, 16777215, '1', 0, '', 6, '稻花香三麦酒'),
(201502097, 1423411200, 1424015999, '118.60', '0.00', '0.00', '3.56', '0.00', '150.00', '-34.96', 1426332218, 16777215, '1', 0, '', 7, '小陆干果'),
(201502098, 1423411200, 1424015999, '0.00', '0.00', '0.00', '0.00', '0.00', '0.00', '0.00', 1427438894, 16777215, '1', 0, '', 8, '博洋家纺经销店'),
(201502099, 1423411200, 1424015999, '0.00', '0.00', '0.00', '0.00', '0.00', '0.00', '0.00', 1427438894, 16777215, '1', 0, '', 9, '通城县正泰电器经销部'),
(201502161, 1424016000, 1424620799, '0.00', '0.00', '0.00', '0.00', '0.00', '0.00', '0.00', 1426332218, 16777215, '1', 0, '', 1, '官方店铺'),
(201502162, 1424016000, 1424620799, '0.00', '0.00', '0.00', '0.00', '0.00', '0.00', '0.00', 1426332218, 16777215, '1', 0, '', 2, '大琪广告印务'),
(201502163, 1424016000, 1424620799, '0.00', '0.00', '0.00', '0.00', '0.00', '0.00', '0.00', 1426332218, 16777215, '1', 0, '', 3, '南京盈放科技'),
(201502164, 1424016000, 1424620799, '0.00', '0.00', '0.00', '0.00', '0.00', '0.00', '0.00', 1426332218, 16777215, '1', 0, '', 4, '吉米健康水世界'),
(201502165, 1424016000, 1424620799, '0.00', '0.00', '0.00', '0.00', '0.00', '0.00', '0.00', 1426332218, 16777215, '1', 0, '', 5, '通城百丈潭茶业旗舰店'),
(201502166, 1424016000, 1424620799, '0.00', '0.00', '0.00', '0.00', '0.00', '0.00', '0.00', 1426332218, 16777215, '1', 0, '', 6, '稻花香三麦酒'),
(201502167, 1424016000, 1424620799, '0.00', '0.00', '0.00', '0.00', '0.00', '0.00', '0.00', 1426332218, 16777215, '1', 0, '', 7, '小陆干果'),
(201502168, 1424016000, 1424620799, '0.00', '0.00', '0.00', '0.00', '0.00', '0.00', '0.00', 1427438894, 16777215, '1', 0, '', 8, '博洋家纺经销店'),
(201502169, 1424016000, 1424620799, '0.00', '0.00', '0.00', '0.00', '0.00', '0.00', '0.00', 1427438894, 16777215, '1', 0, '', 9, '通城县正泰电器经销部'),
(201502231, 1424620800, 1425225599, '0.00', '0.00', '0.00', '0.00', '0.00', '0.00', '0.00', 1426332218, 16777215, '1', 0, '', 1, '官方店铺'),
(201502232, 1424620800, 1425225599, '0.00', '0.00', '0.00', '0.00', '0.00', '0.00', '0.00', 1426332218, 16777215, '1', 0, '', 2, '大琪广告印务'),
(201502233, 1424620800, 1425225599, '0.00', '0.00', '0.00', '0.00', '0.00', '0.00', '0.00', 1426332218, 16777215, '1', 0, '', 3, '南京盈放科技'),
(201502234, 1424620800, 1425225599, '0.00', '0.00', '0.00', '0.00', '0.00', '0.00', '0.00', 1426332218, 16777215, '1', 0, '', 4, '吉米健康水世界'),
(201502235, 1424620800, 1425225599, '0.00', '0.00', '0.00', '0.00', '0.00', '0.00', '0.00', 1426332218, 16777215, '1', 0, '', 5, '通城百丈潭茶业旗舰店'),
(201502236, 1424620800, 1425225599, '0.00', '0.00', '0.00', '0.00', '0.00', '0.00', '0.00', 1426332218, 16777215, '1', 0, '', 6, '稻花香三麦酒'),
(201502237, 1424620800, 1425225599, '0.00', '0.00', '0.00', '0.00', '0.00', '0.00', '0.00', 1426332218, 16777215, '1', 0, '', 7, '小陆干果'),
(201502238, 1424620800, 1425225599, '0.00', '0.00', '0.00', '0.00', '0.00', '0.00', '0.00', 1427438894, 16777215, '1', 0, '', 8, '博洋家纺经销店'),
(201502239, 1424620800, 1425225599, '0.00', '0.00', '0.00', '0.00', '0.00', '0.00', '0.00', 1427438894, 16777215, '1', 0, '', 9, '通城县正泰电器经销部'),
(201503021, 1425225600, 1425830399, '0.00', '0.00', '0.00', '0.00', '0.00', '0.00', '0.00', 1426332218, 16777215, '1', 0, '', 1, '官方店铺'),
(201503022, 1425225600, 1425830399, '0.00', '0.00', '0.00', '0.00', '0.00', '0.00', '0.00', 1426332218, 16777215, '1', 0, '', 2, '大琪广告印务'),
(201503023, 1425225600, 1425830399, '0.00', '0.00', '0.00', '0.00', '0.00', '0.00', '0.00', 1426332218, 16777215, '1', 0, '', 3, '南京盈放科技'),
(201503024, 1425225600, 1425830399, '0.00', '0.00', '0.00', '0.00', '0.00', '0.00', '0.00', 1426332218, 16777215, '1', 0, '', 4, '吉米健康水世界'),
(201503025, 1425225600, 1425830399, '0.00', '0.00', '0.00', '0.00', '0.00', '0.00', '0.00', 1426332218, 16777215, '1', 0, '', 5, '通城百丈潭茶业旗舰店'),
(201503026, 1425225600, 1425830399, '0.00', '0.00', '0.00', '0.00', '0.00', '0.00', '0.00', 1426332218, 16777215, '1', 0, '', 6, '稻花香三麦酒'),
(201503027, 1425225600, 1425830399, '0.00', '0.00', '0.00', '0.00', '0.00', '0.00', '0.00', 1426332218, 16777215, '1', 0, '', 7, '小陆干果'),
(201503028, 1425225600, 1425830399, '0.00', '0.00', '0.00', '0.00', '0.00', '0.00', '0.00', 1427438894, 16777215, '1', 0, '', 8, '博洋家纺经销店'),
(201503029, 1425225600, 1425830399, '0.00', '0.00', '0.00', '0.00', '0.00', '0.00', '0.00', 1427438894, 16777215, '1', 0, '', 9, '通城县正泰电器经销部'),
(201503091, 1425830400, 1426435199, '0.00', '0.00', '0.00', '0.00', '0.00', '0.00', '0.00', 1426470102, 16777215, '1', 0, '', 1, '官方店铺'),
(201503092, 1425830400, 1426435199, '0.00', '0.00', '0.00', '0.00', '0.00', '0.00', '0.00', 1426470102, 16777215, '1', 0, '', 2, '大琪广告印务'),
(201503093, 1425830400, 1426435199, '0.00', '0.00', '0.00', '0.00', '0.00', '0.00', '0.00', 1426470102, 16777215, '1', 0, '', 3, '南京盈放科技'),
(201503094, 1425830400, 1426435199, '0.00', '0.00', '0.00', '0.00', '0.00', '0.00', '0.00', 1426470102, 16777215, '1', 0, '', 4, '吉米健康水世界'),
(201503095, 1425830400, 1426435199, '0.00', '0.00', '0.00', '0.00', '0.00', '0.00', '0.00', 1426470102, 16777215, '1', 0, '', 5, '通城百丈潭茶业旗舰店'),
(201503096, 1425830400, 1426435199, '0.00', '0.00', '0.00', '0.00', '0.00', '0.00', '0.00', 1426470102, 16777215, '1', 0, '', 6, '稻花香三麦酒'),
(201503097, 1425830400, 1426435199, '0.00', '0.00', '0.00', '0.00', '0.00', '0.00', '0.00', 1426470102, 16777215, '1', 0, '', 7, '小陆干果'),
(201503098, 1425830400, 1426435199, '0.00', '0.00', '0.00', '0.00', '0.00', '0.00', '0.00', 1427438894, 16777215, '1', 0, '', 8, '博洋家纺经销店'),
(201503099, 1425830400, 1426435199, '0.00', '0.00', '0.00', '0.00', '0.00', '0.00', '0.00', 1427438894, 16777215, '1', 0, '', 9, '通城县正泰电器经销部'),
(201503161, 1426435200, 1427039999, '0.00', '0.00', '0.00', '0.00', '0.00', '0.00', '0.00', 1427438894, 16777215, '1', 0, '', 1, '官方店铺'),
(201503162, 1426435200, 1427039999, '0.00', '0.00', '0.00', '0.00', '0.00', '0.00', '0.00', 1427438894, 16777215, '1', 0, '', 2, '大琪广告印务'),
(201503163, 1426435200, 1427039999, '0.00', '0.00', '0.00', '0.00', '0.00', '0.00', '0.00', 1427438894, 16777215, '1', 0, '', 3, '南京盈放科技'),
(201503164, 1426435200, 1427039999, '0.00', '0.00', '0.00', '0.00', '0.00', '0.00', '0.00', 1427438894, 16777215, '1', 0, '', 4, '吉米健康水世界'),
(201503165, 1426435200, 1427039999, '0.00', '0.00', '0.00', '0.00', '0.00', '0.00', '0.00', 1427438894, 16777215, '1', 0, '', 5, '通城百丈潭茶业旗舰店'),
(201503166, 1426435200, 1427039999, '0.00', '0.00', '0.00', '0.00', '0.00', '0.00', '0.00', 1427438894, 16777215, '1', 0, '', 6, '稻花香三麦酒'),
(201503167, 1426435200, 1427039999, '0.00', '0.00', '0.00', '0.00', '0.00', '0.00', '0.00', 1427438894, 16777215, '1', 0, '', 7, '小陆干果'),
(201503168, 1426435200, 1427039999, '0.00', '0.00', '0.00', '0.00', '0.00', '0.00', '0.00', 1427438894, 16777215, '1', 0, '', 8, '博洋家纺经销店'),
(201503169, 1426435200, 1427039999, '0.00', '0.00', '0.00', '0.00', '0.00', '0.00', '0.00', 1427438894, 16777215, '1', 0, '', 9, '通城县正泰电器经销部'),
(2014111710, 1416153600, 1416758399, '0.00', '0.00', '0.00', '0.00', '0.00', '0.00', '0.00', 1427438894, 16777215, '1', 0, '', 10, '通城小王家电'),
(2014111711, 1416153600, 1416758399, '0.00', '0.00', '0.00', '0.00', '0.00', '0.00', '0.00', 1427438894, 16777215, '1', 0, '', 11, '易和养生美容中心'),
(2014112410, 1416758400, 1417363199, '0.00', '0.00', '0.00', '0.00', '0.00', '0.00', '0.00', 1427438894, 16777215, '1', 0, '', 10, '通城小王家电'),
(2014112411, 1416758400, 1417363199, '0.00', '0.00', '0.00', '0.00', '0.00', '0.00', '0.00', 1427438894, 16777215, '1', 0, '', 11, '易和养生美容中心'),
(2014120110, 1417363200, 1417967999, '0.00', '0.00', '0.00', '0.00', '0.00', '0.00', '0.00', 1427438894, 16777215, '1', 0, '', 10, '通城小王家电'),
(2014120111, 1417363200, 1417967999, '0.00', '0.00', '0.00', '0.00', '0.00', '0.00', '0.00', 1427438894, 16777215, '1', 0, '', 11, '易和养生美容中心'),
(2014120810, 1417968000, 1418572799, '0.00', '0.00', '0.00', '0.00', '0.00', '0.00', '0.00', 1427438894, 16777215, '1', 0, '', 10, '通城小王家电'),
(2014120811, 1417968000, 1418572799, '0.00', '0.00', '0.00', '0.00', '0.00', '0.00', '0.00', 1427438894, 16777215, '1', 0, '', 11, '易和养生美容中心'),
(2014121510, 1418572800, 1419177599, '0.00', '0.00', '0.00', '0.00', '0.00', '0.00', '0.00', 1427438894, 16777215, '1', 0, '', 10, '通城小王家电'),
(2014121511, 1418572800, 1419177599, '0.00', '0.00', '0.00', '0.00', '0.00', '0.00', '0.00', 1427438894, 16777215, '1', 0, '', 11, '易和养生美容中心'),
(2014122210, 1419177600, 1419782399, '0.00', '0.00', '0.00', '0.00', '0.00', '0.00', '0.00', 1427438894, 16777215, '1', 0, '', 10, '通城小王家电'),
(2014122211, 1419177600, 1419782399, '0.00', '0.00', '0.00', '0.00', '0.00', '0.00', '0.00', 1427438894, 16777215, '1', 0, '', 11, '易和养生美容中心'),
(2014122910, 1419782400, 1420387199, '0.00', '0.00', '0.00', '0.00', '0.00', '0.00', '0.00', 1427438894, 16777215, '1', 0, '', 10, '通城小王家电'),
(2014122911, 1419782400, 1420387199, '0.00', '0.00', '0.00', '0.00', '0.00', '0.00', '0.00', 1427438894, 16777215, '1', 0, '', 11, '易和养生美容中心'),
(2015010510, 1420387200, 1420991999, '0.00', '0.00', '0.00', '0.00', '0.00', '0.00', '0.00', 1427438894, 16777215, '1', 0, '', 10, '通城小王家电'),
(2015010511, 1420387200, 1420991999, '0.00', '0.00', '0.00', '0.00', '0.00', '0.00', '0.00', 1427438894, 16777215, '1', 0, '', 11, '易和养生美容中心'),
(2015011210, 1420992000, 1421596799, '0.00', '0.00', '0.00', '0.00', '0.00', '0.00', '0.00', 1427438894, 16777215, '1', 0, '', 10, '通城小王家电'),
(2015011211, 1420992000, 1421596799, '0.00', '0.00', '0.00', '0.00', '0.00', '0.00', '0.00', 1427438894, 16777215, '1', 0, '', 11, '易和养生美容中心'),
(2015011910, 1421596800, 1422201599, '0.00', '0.00', '0.00', '0.00', '0.00', '0.00', '0.00', 1427438894, 16777215, '1', 0, '', 10, '通城小王家电'),
(2015011911, 1421596800, 1422201599, '0.00', '0.00', '0.00', '0.00', '0.00', '0.00', '0.00', 1427438894, 16777215, '1', 0, '', 11, '易和养生美容中心'),
(2015012610, 1422201600, 1422806399, '0.00', '0.00', '0.00', '0.00', '0.00', '0.00', '0.00', 1427438894, 16777215, '1', 0, '', 10, '通城小王家电'),
(2015012611, 1422201600, 1422806399, '0.00', '0.00', '0.00', '0.00', '0.00', '0.00', '0.00', 1427438894, 16777215, '1', 0, '', 11, '易和养生美容中心'),
(2015020210, 1422806400, 1423411199, '0.00', '0.00', '0.00', '0.00', '0.00', '0.00', '0.00', 1427438894, 16777215, '1', 0, '', 10, '通城小王家电'),
(2015020211, 1422806400, 1423411199, '0.00', '0.00', '0.00', '0.00', '0.00', '0.00', '0.00', 1427438894, 16777215, '1', 0, '', 11, '易和养生美容中心'),
(2015020910, 1423411200, 1424015999, '0.00', '0.00', '0.00', '0.00', '0.00', '0.00', '0.00', 1427438894, 16777215, '1', 0, '', 10, '通城小王家电'),
(2015020911, 1423411200, 1424015999, '0.00', '0.00', '0.00', '0.00', '0.00', '0.00', '0.00', 1427438894, 16777215, '1', 0, '', 11, '易和养生美容中心'),
(2015021610, 1424016000, 1424620799, '0.00', '0.00', '0.00', '0.00', '0.00', '0.00', '0.00', 1427438894, 16777215, '1', 0, '', 10, '通城小王家电'),
(2015021611, 1424016000, 1424620799, '0.00', '0.00', '0.00', '0.00', '0.00', '0.00', '0.00', 1427438894, 16777215, '1', 0, '', 11, '易和养生美容中心'),
(2015022310, 1424620800, 1425225599, '0.00', '0.00', '0.00', '0.00', '0.00', '0.00', '0.00', 1427438894, 16777215, '1', 0, '', 10, '通城小王家电'),
(2015022311, 1424620800, 1425225599, '0.00', '0.00', '0.00', '0.00', '0.00', '0.00', '0.00', 1427438894, 16777215, '1', 0, '', 11, '易和养生美容中心'),
(2015030210, 1425225600, 1425830399, '0.00', '0.00', '0.00', '0.00', '0.00', '0.00', '0.00', 1427438894, 16777215, '1', 0, '', 10, '通城小王家电'),
(2015030211, 1425225600, 1425830399, '0.00', '0.00', '0.00', '0.00', '0.00', '0.00', '0.00', 1427438894, 16777215, '1', 0, '', 11, '易和养生美容中心'),
(2015030910, 1425830400, 1426435199, '0.00', '0.00', '0.00', '0.00', '0.00', '0.00', '0.00', 1427438894, 16777215, '1', 0, '', 10, '通城小王家电'),
(2015030911, 1425830400, 1426435199, '0.00', '0.00', '0.00', '0.00', '0.00', '0.00', '0.00', 1427438894, 16777215, '1', 0, '', 11, '易和养生美容中心'),
(2015031610, 1426435200, 1427039999, '0.00', '0.00', '0.00', '0.00', '0.00', '11.00', '-11.00', 1427438894, 16777215, '1', 0, '', 10, '通城小王家电'),
(2015031611, 1426435200, 1427039999, '0.00', '0.00', '0.00', '0.00', '0.00', '0.00', '0.00', 1427438894, 16777215, '1', 0, '', 11, '易和养生美容中心');

-- --------------------------------------------------------

--
-- 表的结构 `cor_order_common`
--

CREATE TABLE IF NOT EXISTS `cor_order_common` (
  `order_id` int(11) NOT NULL AUTO_INCREMENT COMMENT '订单索引id',
  `store_id` int(10) unsigned NOT NULL COMMENT '店铺ID',
  `shipping_time` int(10) unsigned NOT NULL DEFAULT '0' COMMENT '配送时间',
  `shipping_express_id` tinyint(1) NOT NULL DEFAULT '0' COMMENT '配送公司ID',
  `evaluation_time` int(10) unsigned NOT NULL DEFAULT '0' COMMENT '评价时间',
  `evalseller_state` enum('0','1') NOT NULL DEFAULT '0' COMMENT '卖家是否已评价买家',
  `evalseller_time` int(10) unsigned NOT NULL COMMENT '卖家评价买家的时间',
  `order_message` varchar(300) DEFAULT NULL COMMENT '订单留言',
  `order_pointscount` int(11) NOT NULL DEFAULT '0' COMMENT '订单赠送积分',
  `voucher_price` int(11) DEFAULT NULL COMMENT '代金券面额',
  `voucher_code` varchar(32) DEFAULT NULL COMMENT '代金券编码',
  `deliver_explain` text COMMENT '发货备注',
  `daddress_id` mediumint(9) NOT NULL DEFAULT '0' COMMENT '发货地址ID',
  `reciver_name` varchar(50) NOT NULL COMMENT '收货人姓名',
  `reciver_info` varchar(500) NOT NULL COMMENT '收货人其它信息',
  `reciver_province_id` mediumint(8) unsigned NOT NULL DEFAULT '0' COMMENT '收货人省级ID',
  `invoice_info` varchar(500) DEFAULT '' COMMENT '发票信息',
  `promotion_info` varchar(500) DEFAULT '' COMMENT '促销信息备注',
  PRIMARY KEY (`order_id`)
) ENGINE=InnoDB  DEFAULT CHARSET=utf8 COMMENT='订单信息扩展表' AUTO_INCREMENT=209 ;

--
-- 转存表中的数据 `cor_order_common`
--

INSERT INTO `cor_order_common` (`order_id`, `store_id`, `shipping_time`, `shipping_express_id`, `evaluation_time`, `evalseller_state`, `evalseller_time`, `order_message`, `order_pointscount`, `voucher_price`, `voucher_code`, `deliver_explain`, `daddress_id`, `reciver_name`, `reciver_info`, `reciver_province_id`, `invoice_info`, `promotion_info`) VALUES
(1, 1, 0, 0, 0, '0', 0, '', 0, NULL, NULL, NULL, 0, '胡美玲', 'a:2:{s:7:"address";s:58:"广东省 深圳市 宝安区&nbsp;玉立大道一巷13号";s:5:"phone";s:11:"13631563811";}', 17, 'a:0:{}', ''),
(2, 1, 0, 0, 0, '0', 0, '', 0, NULL, NULL, NULL, 0, '馨儿', 'a:2:{s:7:"address";s:53:"广东省 深圳市 宝安区&nbsp;通泰建材市场";s:5:"phone";s:11:"18888888888";}', 17, 'a:0:{}', ''),
(3, 1, 0, 0, 0, '0', 0, '', 0, NULL, NULL, NULL, 0, '胡美玲', 'a:2:{s:7:"address";s:58:"广东省 深圳市 宝安区&nbsp;玉立大道一巷13号";s:5:"phone";s:11:"13631563811";}', 17, 'a:0:{}', ''),
(4, 1, 0, 0, 0, '0', 0, '', 0, NULL, NULL, NULL, 0, '胡美玲', 'a:2:{s:7:"address";s:58:"广东省 深圳市 宝安区&nbsp;玉立大道一巷13号";s:5:"phone";s:11:"13631563811";}', 17, 'a:0:{}', ''),
(5, 1, 0, 0, 0, '0', 0, '', 0, NULL, NULL, NULL, 0, '李良', 'a:2:{s:7:"address";s:53:"广东省 深圳市 宝安区&nbsp;隽水寄宿中学";s:5:"phone";s:11:"18120362016";}', 17, 'a:0:{}', ''),
(6, 1, 0, 0, 0, '0', 0, '', 0, NULL, NULL, NULL, 0, '李良', 'a:2:{s:7:"address";s:53:"广东省 深圳市 宝安区&nbsp;隽水寄宿中学";s:5:"phone";s:11:"18120362016";}', 17, 'a:0:{}', ''),
(7, 1, 0, 0, 0, '0', 0, '', 0, NULL, NULL, NULL, 0, '李良', 'a:2:{s:7:"address";s:53:"广东省 深圳市 宝安区&nbsp;隽水寄宿中学";s:5:"phone";s:11:"18120362016";}', 17, 'a:0:{}', ''),
(8, 1, 0, 0, 0, '0', 0, '', 0, NULL, NULL, NULL, 0, '馨儿', 'a:2:{s:7:"address";s:53:"广东省 深圳市 宝安区&nbsp;通泰建材市场";s:5:"phone";s:11:"18888888888";}', 17, 'a:0:{}', ''),
(9, 1, 1416625965, 29, 1416626764, '0', 0, '', 80, NULL, NULL, '', 1, '馨儿', 'a:2:{s:7:"address";s:49:"广东省 深圳市 宝安区 通泰建材市场";s:5:"phone";s:11:"18888888888";}', 17, 'a:0:{}', ''),
(10, 1, 0, 0, 0, '0', 0, '', 0, NULL, NULL, NULL, 0, '胡美玲', 'a:2:{s:7:"address";s:58:"广东省 深圳市 宝安区&nbsp;玉立大道一巷13号";s:5:"phone";s:11:"13631563811";}', 17, 'a:0:{}', ''),
(11, 1, 1416806805, 0, 1416806839, '0', 0, '', 12, NULL, NULL, '', 1, '李云良', 'a:2:{s:7:"address";s:49:"广东省	深圳市	福田区 湖北大厦南座";s:5:"phone";s:11:"18938848550";}', 19, 'a:0:{}', ''),
(12, 1, 1416813777, 0, 1416813963, '0', 0, '', 9, NULL, NULL, '', 1, '馨儿', 'a:2:{s:7:"address";s:49:"广东省 深圳市 宝安区 通泰建材市场";s:5:"phone";s:11:"18888888888";}', 17, 'a:0:{}', ''),
(13, 1, 0, 0, 0, '0', 0, '', 0, NULL, NULL, NULL, 0, '胡美玲', 'a:2:{s:7:"address";s:58:"广东省 深圳市 宝安区&nbsp;玉立大道一巷13号";s:5:"phone";s:11:"13631563811";}', 17, 'a:0:{}', ''),
(14, 1, 0, 0, 0, '0', 0, NULL, 0, NULL, NULL, NULL, 0, '李云良', 'a:2:{s:7:"address";s:53:"广东省	深圳市	福田区&nbsp;湖北大厦南座";s:5:"phone";s:11:"18938848550";}', 19, 'a:0:{}', ''),
(15, 1, 0, 0, 0, '0', 0, '', 0, NULL, NULL, NULL, 0, '李良', 'a:2:{s:7:"address";s:53:"广东省 深圳市 宝安区&nbsp;隽水寄宿中学";s:5:"phone";s:11:"18120362016";}', 17, 'a:0:{}', ''),
(16, 1, 0, 0, 0, '0', 0, '', 0, NULL, NULL, NULL, 0, '李良', 'a:2:{s:7:"address";s:53:"广东省 深圳市 宝安区&nbsp;隽水寄宿中学";s:5:"phone";s:11:"18120362016";}', 17, 'a:0:{}', ''),
(17, 1, 0, 0, 0, '0', 0, '', 0, NULL, NULL, NULL, 0, '馨儿', 'a:2:{s:7:"address";s:53:"广东省 深圳市 宝安区&nbsp;通泰建材市场";s:5:"phone";s:11:"18888888888";}', 17, 'a:0:{}', ''),
(18, 1, 1418931391, 0, 0, '0', 0, '', 0, NULL, NULL, '', 1, '馨儿', 'a:2:{s:7:"address";s:49:"广东省 深圳市 宝安区 通泰建材市场";s:5:"phone";s:11:"";}', 17, 'a:0:{}', ''),
(19, 1, 0, 0, 0, '0', 0, '', 0, NULL, NULL, NULL, 0, '李良', 'a:2:{s:7:"address";s:53:"广东省 深圳市 宝安区&nbsp;隽水寄宿中学";s:5:"phone";s:11:"18120362016";}', 17, 'a:0:{}', ''),
(20, 1, 0, 0, 0, '0', 0, '', 0, NULL, NULL, NULL, 0, '测试', 'a:2:{s:7:"address";s:38:"广东省	深圳市	福田区&nbsp;123";s:5:"phone";s:11:"15889681500";}', 19, 'a:0:{}', ''),
(21, 1, 0, 0, 0, '0', 0, '', 0, NULL, NULL, NULL, 0, '测试', 'a:2:{s:7:"address";s:38:"广东省	深圳市	福田区&nbsp;123";s:5:"phone";s:11:"15889681500";}', 19, 'a:0:{}', ''),
(22, 1, 0, 0, 0, '0', 0, '', 0, NULL, NULL, NULL, 0, '测试', 'a:2:{s:7:"address";s:38:"广东省	深圳市	福田区&nbsp;123";s:5:"phone";s:11:"15889681500";}', 19, 'a:0:{}', ''),
(23, 1, 0, 0, 0, '0', 0, '', 0, NULL, NULL, NULL, 0, '李良', 'a:2:{s:7:"address";s:53:"广东省 深圳市 宝安区&nbsp;隽水寄宿中学";s:5:"phone";s:11:"18120362016";}', 17, 'a:0:{}', ''),
(24, 1, 1418930388, 0, 0, '0', 0, '', 5, NULL, NULL, '', 1, '馨儿', 'a:2:{s:7:"address";s:49:"广东省 深圳市 宝安区 通泰建材市场";s:5:"phone";s:11:"18888888888";}', 17, 'a:0:{}', ''),
(25, 1, 0, 0, 0, '0', 0, NULL, 0, NULL, NULL, NULL, 0, '李良', 'a:2:{s:7:"address";s:53:"广东省 深圳市 宝安区&nbsp;隽水寄宿中学";s:5:"phone";s:11:"18120362016";}', 17, 'a:0:{}', ''),
(26, 1, 0, 0, 0, '0', 0, NULL, 0, NULL, NULL, NULL, 0, '李良', 'a:2:{s:7:"address";s:53:"广东省 深圳市 宝安区&nbsp;隽水寄宿中学";s:5:"phone";s:11:"18120362016";}', 17, 'a:0:{}', ''),
(27, 1, 0, 0, 0, '0', 0, '', 0, NULL, NULL, NULL, 0, '吉米环保奔泰净水机', 'a:2:{s:7:"address";s:62:"广东省 深圳市 宝安区&nbsp;隽水镇秀水大道503号";s:5:"phone";s:11:"15586781177";}', 17, 'a:0:{}', ''),
(28, 1, 0, 0, 0, '0', 0, '', 0, NULL, NULL, NULL, 0, '李良', 'a:2:{s:7:"address";s:53:"广东省 深圳市 宝安区&nbsp;隽水寄宿中学";s:5:"phone";s:11:"18120362016";}', 17, 'a:0:{}', ''),
(29, 1, 0, 0, 0, '0', 0, '', 0, NULL, NULL, NULL, 0, '闫朝霞', 'a:2:{s:7:"address";s:74:"广东省 深圳市 宝安区&nbsp;民主路北门摩托车街大琪广告";s:5:"phone";s:11:"15997981770";}', 17, 'a:0:{}', ''),
(30, 1, 0, 0, 0, '0', 0, '', 0, NULL, NULL, NULL, 0, '馨儿', 'a:2:{s:7:"address";s:64:"广东省 深圳市 宝安区&nbsp;通泰建材市场七栋18号";s:5:"phone";s:11:"";}', 17, 'a:0:{}', ''),
(31, 1, 1419497295, 0, 0, '0', 0, '', 0, NULL, NULL, '', 1, '馨儿', 'a:2:{s:7:"address";s:60:"广东省 深圳市 宝安区 通泰建材市场七栋18号";s:5:"phone";s:11:"";}', 17, 'a:0:{}', ''),
(32, 1, 0, 0, 0, '0', 0, '我明天中午上门取货', 0, NULL, NULL, NULL, 0, '馨儿', 'a:2:{s:7:"address";s:64:"广东省 深圳市 宝安区&nbsp;通泰建材市场七栋18号";s:5:"phone";s:11:"";}', 17, 'a:0:{}', ''),
(33, 1, 0, 0, 0, '0', 0, '', 0, NULL, NULL, NULL, 0, '白雪', 'a:2:{s:7:"address";s:62:"广东省 深圳市 宝安区&nbsp;隽水镇北门恒通大厦";s:5:"phone";s:11:"";}', 17, 'a:0:{}', ''),
(34, 1, 0, 0, 0, '0', 0, '', 0, NULL, NULL, NULL, 0, '白雪', 'a:2:{s:7:"address";s:62:"广东省 深圳市 宝安区&nbsp;隽水镇北门恒通大厦";s:5:"phone";s:11:"";}', 17, 'a:0:{}', ''),
(35, 1, 1421024670, 0, 0, '0', 0, '', 0, NULL, NULL, '', 1, '馨儿', 'a:2:{s:7:"address";s:60:"广东省 深圳市 宝安区 通泰建材市场七栋18号";s:5:"phone";s:11:"";}', 17, 'a:0:{}', ''),
(51, 1, 0, 0, 0, '0', 0, '', 0, NULL, NULL, NULL, 0, '馨儿', 'a:2:{s:7:"address";s:64:"广东省 深圳市 宝安区&nbsp;通泰建材市场七栋18号";s:5:"phone";s:11:"";}', 17, 'a:0:{}', ''),
(52, 1, 0, 0, 0, '0', 0, '', 0, NULL, NULL, NULL, 0, '馨儿', 'a:2:{s:7:"address";s:64:"广东省 深圳市 宝安区&nbsp;通泰建材市场七栋18号";s:5:"phone";s:11:"";}', 17, 'a:0:{}', ''),
(60, 1, 0, 0, 0, '0', 0, 'coradmin', 0, NULL, NULL, NULL, 0, '李云良', 'a:2:{s:7:"address";s:53:"广东省	深圳市	福田区&nbsp;湖北大厦南座";s:5:"phone";s:11:"18938848550";}', 19, 'a:0:{}', ''),
(61, 2, 0, 0, 0, '0', 0, '', 0, NULL, NULL, NULL, 0, '馨儿', 'a:2:{s:7:"address";s:64:"广东省 深圳市 宝安区&nbsp;通泰建材市场七栋18号";s:5:"phone";s:11:"";}', 17, 'a:0:{}', ''),
(62, 2, 0, 0, 0, '0', 0, '', 0, NULL, NULL, NULL, 0, '吴石祥', 'a:2:{s:7:"address";s:54:"广东省 深圳市 宝安区&nbsp;金三角建行6楼";s:5:"phone";s:19:"18907244353,4338318";}', 17, 'a:0:{}', ''),
(63, 1, 0, 0, 0, '0', 0, '', 0, NULL, NULL, NULL, 0, '馨儿', 'a:2:{s:7:"address";s:64:"广东省 深圳市 宝安区&nbsp;通泰建材市场七栋18号";s:5:"phone";s:11:"";}', 17, 'a:0:{}', ''),
(64, 2, 0, 0, 0, '0', 0, '', 0, NULL, NULL, NULL, 0, '馨儿', 'a:2:{s:7:"address";s:64:"广东省 深圳市 宝安区&nbsp;通泰建材市场七栋18号";s:5:"phone";s:11:"";}', 17, 'a:0:{}', ''),
(65, 1, 0, 0, 0, '0', 0, '', 0, NULL, NULL, NULL, 0, '李勇', 'a:2:{s:7:"address";s:59:"广东省 深圳市 宝安区&nbsp;麦市镇沿河路682号";s:5:"phone";s:11:"18971800630";}', 17, 'a:0:{}', ''),
(66, 1, 0, 0, 0, '0', 0, '', 0, NULL, NULL, NULL, 0, '李勇', 'a:2:{s:7:"address";s:59:"广东省 深圳市 宝安区&nbsp;麦市镇沿河路682号";s:5:"phone";s:11:"18971800630";}', 17, 'a:0:{}', ''),
(67, 1, 0, 0, 0, '0', 0, '', 0, NULL, NULL, NULL, 0, '李勇', 'a:2:{s:7:"address";s:59:"广东省 深圳市 宝安区&nbsp;麦市镇沿河路682号";s:5:"phone";s:11:"18971800630";}', 17, 'a:0:{}', ''),
(68, 1, 0, 0, 0, '0', 0, '', 0, NULL, NULL, NULL, 0, '李勇', 'a:2:{s:7:"address";s:59:"广东省 深圳市 宝安区&nbsp;麦市镇沿河路682号";s:5:"phone";s:11:"18971800630";}', 17, 'a:0:{}', ''),
(69, 1, 0, 0, 0, '0', 0, '', 0, NULL, NULL, NULL, 0, '李勇', 'a:2:{s:7:"address";s:59:"广东省 深圳市 宝安区&nbsp;麦市镇沿河路682号";s:5:"phone";s:11:"18971800630";}', 17, 'a:0:{}', ''),
(70, 1, 0, 0, 0, '0', 0, '', 0, NULL, NULL, NULL, 0, '李勇', 'a:2:{s:7:"address";s:59:"广东省 深圳市 宝安区&nbsp;麦市镇沿河路682号";s:5:"phone";s:11:"18971800630";}', 17, 'a:0:{}', ''),
(71, 1, 0, 0, 0, '0', 0, '', 0, NULL, NULL, NULL, 0, '李勇', 'a:2:{s:7:"address";s:59:"广东省 深圳市 宝安区&nbsp;麦市镇沿河路682号";s:5:"phone";s:11:"18971800630";}', 17, 'a:0:{}', ''),
(72, 1, 0, 0, 0, '0', 0, '', 0, NULL, NULL, NULL, 0, '李勇', 'a:2:{s:7:"address";s:59:"广东省 深圳市 宝安区&nbsp;麦市镇沿河路682号";s:5:"phone";s:11:"18971800630";}', 17, 'a:0:{}', ''),
(73, 1, 0, 0, 0, '0', 0, '', 0, NULL, NULL, NULL, 0, '李勇', 'a:2:{s:7:"address";s:59:"广东省 深圳市 宝安区&nbsp;麦市镇沿河路682号";s:5:"phone";s:11:"18971800630";}', 17, 'a:0:{}', ''),
(74, 1, 0, 0, 0, '0', 0, '', 0, NULL, NULL, NULL, 0, '李勇', 'a:2:{s:7:"address";s:59:"广东省 深圳市 宝安区&nbsp;麦市镇沿河路682号";s:5:"phone";s:11:"18971800630";}', 17, 'a:0:{}', ''),
(75, 1, 0, 0, 0, '0', 0, '', 0, NULL, NULL, NULL, 0, '李勇', 'a:2:{s:7:"address";s:59:"广东省 深圳市 宝安区&nbsp;麦市镇沿河路682号";s:5:"phone";s:11:"18971800630";}', 17, 'a:0:{}', ''),
(76, 1, 0, 0, 0, '0', 0, '', 0, NULL, NULL, NULL, 0, '李勇', 'a:2:{s:7:"address";s:59:"广东省 深圳市 宝安区&nbsp;麦市镇沿河路682号";s:5:"phone";s:11:"18971800630";}', 17, 'a:0:{}', ''),
(77, 1, 0, 0, 0, '0', 0, '', 0, NULL, NULL, NULL, 0, '李勇', 'a:2:{s:7:"address";s:59:"广东省 深圳市 宝安区&nbsp;麦市镇沿河路682号";s:5:"phone";s:11:"18971800630";}', 17, 'a:0:{}', ''),
(78, 1, 0, 0, 0, '0', 0, '', 0, NULL, NULL, NULL, 0, '李勇', 'a:2:{s:7:"address";s:59:"广东省 深圳市 宝安区&nbsp;麦市镇沿河路682号";s:5:"phone";s:11:"18971800630";}', 17, 'a:0:{}', ''),
(79, 1, 0, 0, 0, '0', 0, '', 0, NULL, NULL, NULL, 0, '李勇', 'a:2:{s:7:"address";s:59:"广东省 深圳市 宝安区&nbsp;麦市镇沿河路682号";s:5:"phone";s:11:"18971800630";}', 17, 'a:0:{}', ''),
(80, 1, 0, 0, 0, '0', 0, '', 0, NULL, NULL, NULL, 0, '李勇', 'a:2:{s:7:"address";s:59:"广东省 深圳市 宝安区&nbsp;麦市镇沿河路682号";s:5:"phone";s:11:"18971800630";}', 17, 'a:0:{}', ''),
(81, 1, 0, 0, 0, '0', 0, '', 0, NULL, NULL, NULL, 0, '李勇', 'a:2:{s:7:"address";s:59:"广东省 深圳市 宝安区&nbsp;麦市镇沿河路682号";s:5:"phone";s:11:"18971800630";}', 17, 'a:0:{}', ''),
(82, 1, 0, 0, 0, '0', 0, '', 0, NULL, NULL, NULL, 0, '李勇', 'a:2:{s:7:"address";s:59:"广东省 深圳市 宝安区&nbsp;麦市镇沿河路682号";s:5:"phone";s:11:"18971800630";}', 17, 'a:0:{}', ''),
(83, 1, 0, 0, 0, '0', 0, '', 0, NULL, NULL, NULL, 0, '李勇', 'a:2:{s:7:"address";s:59:"广东省 深圳市 宝安区&nbsp;麦市镇沿河路682号";s:5:"phone";s:11:"18971800630";}', 17, 'a:0:{}', ''),
(84, 1, 0, 0, 0, '0', 0, '', 0, NULL, NULL, NULL, 0, '李勇', 'a:2:{s:7:"address";s:59:"广东省 深圳市 宝安区&nbsp;麦市镇沿河路682号";s:5:"phone";s:11:"18971800630";}', 17, 'a:0:{}', ''),
(85, 1, 0, 0, 0, '0', 0, '', 0, NULL, NULL, NULL, 0, '李勇', 'a:2:{s:7:"address";s:59:"广东省 深圳市 宝安区&nbsp;麦市镇沿河路682号";s:5:"phone";s:11:"18971800630";}', 17, 'a:0:{}', ''),
(86, 1, 0, 0, 0, '0', 0, '', 0, NULL, NULL, NULL, 0, '李勇', 'a:2:{s:7:"address";s:59:"广东省 深圳市 宝安区&nbsp;麦市镇沿河路682号";s:5:"phone";s:11:"18971800630";}', 17, 'a:0:{}', ''),
(87, 1, 0, 0, 0, '0', 0, '', 0, NULL, NULL, NULL, 0, '李勇', 'a:2:{s:7:"address";s:59:"广东省 深圳市 宝安区&nbsp;麦市镇沿河路682号";s:5:"phone";s:11:"18971800630";}', 17, 'a:0:{}', ''),
(88, 1, 0, 0, 0, '0', 0, '', 0, NULL, NULL, NULL, 0, '李勇', 'a:2:{s:7:"address";s:59:"广东省 深圳市 宝安区&nbsp;麦市镇沿河路682号";s:5:"phone";s:11:"18971800630";}', 17, 'a:0:{}', ''),
(89, 1, 0, 0, 0, '0', 0, '', 0, NULL, NULL, NULL, 0, '李勇', 'a:2:{s:7:"address";s:59:"广东省 深圳市 宝安区&nbsp;麦市镇沿河路682号";s:5:"phone";s:11:"18971800630";}', 17, 'a:0:{}', ''),
(90, 1, 0, 0, 0, '0', 0, '', 0, NULL, NULL, NULL, 0, '李勇', 'a:2:{s:7:"address";s:59:"广东省 深圳市 宝安区&nbsp;麦市镇沿河路682号";s:5:"phone";s:11:"18971800630";}', 17, 'a:0:{}', ''),
(91, 1, 0, 0, 0, '0', 0, '', 0, NULL, NULL, NULL, 0, '李勇', 'a:2:{s:7:"address";s:59:"广东省 深圳市 宝安区&nbsp;麦市镇沿河路682号";s:5:"phone";s:11:"18971800630";}', 17, 'a:0:{}', ''),
(92, 1, 0, 0, 0, '0', 0, '', 0, NULL, NULL, NULL, 0, '李勇', 'a:2:{s:7:"address";s:59:"广东省 深圳市 宝安区&nbsp;麦市镇沿河路682号";s:5:"phone";s:11:"18971800630";}', 17, 'a:0:{}', ''),
(93, 1, 0, 0, 0, '0', 0, '', 0, NULL, NULL, NULL, 0, '李勇', 'a:2:{s:7:"address";s:59:"广东省 深圳市 宝安区&nbsp;麦市镇沿河路682号";s:5:"phone";s:11:"18971800630";}', 17, 'a:0:{}', ''),
(94, 1, 0, 0, 0, '0', 0, '', 0, NULL, NULL, NULL, 0, '李勇', 'a:2:{s:7:"address";s:59:"广东省 深圳市 宝安区&nbsp;麦市镇沿河路682号";s:5:"phone";s:11:"18971800630";}', 17, 'a:0:{}', ''),
(95, 1, 0, 0, 0, '0', 0, '', 0, NULL, NULL, NULL, 0, '李勇', 'a:2:{s:7:"address";s:59:"广东省 深圳市 宝安区&nbsp;麦市镇沿河路682号";s:5:"phone";s:11:"18971800630";}', 17, 'a:0:{}', ''),
(96, 1, 0, 0, 0, '0', 0, '', 0, NULL, NULL, NULL, 0, '李勇', 'a:2:{s:7:"address";s:59:"广东省 深圳市 宝安区&nbsp;麦市镇沿河路682号";s:5:"phone";s:11:"18971800630";}', 17, 'a:0:{}', ''),
(97, 1, 0, 0, 0, '0', 0, '', 0, NULL, NULL, NULL, 0, '李勇', 'a:2:{s:7:"address";s:59:"广东省 深圳市 宝安区&nbsp;麦市镇沿河路682号";s:5:"phone";s:11:"18971800630";}', 17, 'a:0:{}', ''),
(98, 1, 0, 0, 0, '0', 0, '', 0, NULL, NULL, NULL, 0, '李勇', 'a:2:{s:7:"address";s:59:"广东省 深圳市 宝安区&nbsp;麦市镇沿河路682号";s:5:"phone";s:11:"18971800630";}', 17, 'a:0:{}', ''),
(99, 1, 0, 0, 0, '0', 0, '', 0, NULL, NULL, NULL, 0, '李勇', 'a:2:{s:7:"address";s:59:"广东省 深圳市 宝安区&nbsp;麦市镇沿河路682号";s:5:"phone";s:11:"18971800630";}', 17, 'a:0:{}', ''),
(100, 1, 0, 0, 0, '0', 0, '', 0, NULL, NULL, NULL, 0, '李勇', 'a:2:{s:7:"address";s:59:"广东省 深圳市 宝安区&nbsp;麦市镇沿河路682号";s:5:"phone";s:11:"18971800630";}', 17, 'a:0:{}', ''),
(101, 1, 0, 0, 0, '0', 0, '', 0, NULL, NULL, NULL, 0, '李勇', 'a:2:{s:7:"address";s:59:"广东省 深圳市 宝安区&nbsp;麦市镇沿河路682号";s:5:"phone";s:11:"18971800630";}', 17, 'a:0:{}', ''),
(102, 1, 0, 0, 0, '0', 0, '', 0, NULL, NULL, NULL, 0, '李勇', 'a:2:{s:7:"address";s:59:"广东省 深圳市 宝安区&nbsp;麦市镇沿河路682号";s:5:"phone";s:11:"18971800630";}', 17, 'a:0:{}', ''),
(103, 1, 0, 0, 0, '0', 0, '', 0, NULL, NULL, NULL, 0, '李勇', 'a:2:{s:7:"address";s:59:"广东省 深圳市 宝安区&nbsp;麦市镇沿河路682号";s:5:"phone";s:11:"18971800630";}', 17, 'a:0:{}', ''),
(104, 1, 0, 0, 0, '0', 0, '', 0, NULL, NULL, NULL, 0, '李勇', 'a:2:{s:7:"address";s:59:"广东省 深圳市 宝安区&nbsp;麦市镇沿河路682号";s:5:"phone";s:11:"18971800630";}', 17, 'a:0:{}', ''),
(105, 1, 0, 0, 0, '0', 0, '', 0, NULL, NULL, NULL, 0, '李勇', 'a:2:{s:7:"address";s:59:"广东省 深圳市 宝安区&nbsp;麦市镇沿河路682号";s:5:"phone";s:11:"18971800630";}', 17, 'a:0:{}', ''),
(106, 1, 0, 0, 0, '0', 0, '', 0, NULL, NULL, NULL, 0, '李勇', 'a:2:{s:7:"address";s:59:"广东省 深圳市 宝安区&nbsp;麦市镇沿河路682号";s:5:"phone";s:11:"18971800630";}', 17, 'a:0:{}', ''),
(107, 1, 0, 0, 0, '0', 0, '', 0, NULL, NULL, NULL, 0, '李勇', 'a:2:{s:7:"address";s:59:"广东省 深圳市 宝安区&nbsp;麦市镇沿河路682号";s:5:"phone";s:11:"18971800630";}', 17, 'a:0:{}', ''),
(108, 1, 0, 0, 0, '0', 0, '', 0, NULL, NULL, NULL, 0, '李勇', 'a:2:{s:7:"address";s:59:"广东省 深圳市 宝安区&nbsp;麦市镇沿河路682号";s:5:"phone";s:11:"18971800630";}', 17, 'a:0:{}', ''),
(109, 1, 0, 0, 0, '0', 0, '', 0, NULL, NULL, NULL, 0, '李勇', 'a:2:{s:7:"address";s:59:"广东省 深圳市 宝安区&nbsp;麦市镇沿河路682号";s:5:"phone";s:11:"18971800630";}', 17, 'a:0:{}', ''),
(110, 1, 0, 0, 0, '0', 0, '', 0, NULL, NULL, NULL, 0, '李勇', 'a:2:{s:7:"address";s:59:"广东省 深圳市 宝安区&nbsp;麦市镇沿河路682号";s:5:"phone";s:11:"18971800630";}', 17, 'a:0:{}', ''),
(111, 1, 0, 0, 0, '0', 0, '', 0, NULL, NULL, NULL, 0, '李勇', 'a:2:{s:7:"address";s:59:"广东省 深圳市 宝安区&nbsp;麦市镇沿河路682号";s:5:"phone";s:11:"18971800630";}', 17, 'a:0:{}', ''),
(112, 1, 0, 0, 0, '0', 0, '', 0, NULL, NULL, NULL, 0, '李勇', 'a:2:{s:7:"address";s:59:"广东省 深圳市 宝安区&nbsp;麦市镇沿河路682号";s:5:"phone";s:11:"18971800630";}', 17, 'a:0:{}', ''),
(113, 1, 0, 0, 0, '0', 0, '', 0, NULL, NULL, NULL, 0, '李勇', 'a:2:{s:7:"address";s:59:"广东省 深圳市 宝安区&nbsp;麦市镇沿河路682号";s:5:"phone";s:11:"18971800630";}', 17, 'a:0:{}', ''),
(114, 1, 0, 0, 0, '0', 0, '', 0, NULL, NULL, NULL, 0, '李勇', 'a:2:{s:7:"address";s:59:"广东省 深圳市 宝安区&nbsp;麦市镇沿河路682号";s:5:"phone";s:11:"18971800630";}', 17, 'a:0:{}', ''),
(115, 1, 0, 0, 0, '0', 0, '', 0, NULL, NULL, NULL, 0, '李勇', 'a:2:{s:7:"address";s:59:"广东省 深圳市 宝安区&nbsp;麦市镇沿河路682号";s:5:"phone";s:11:"18971800630";}', 17, 'a:0:{}', ''),
(116, 1, 0, 0, 0, '0', 0, '', 0, NULL, NULL, NULL, 0, '李勇', 'a:2:{s:7:"address";s:59:"广东省 深圳市 宝安区&nbsp;麦市镇沿河路682号";s:5:"phone";s:11:"18971800630";}', 17, 'a:0:{}', ''),
(117, 1, 0, 0, 0, '0', 0, '', 0, NULL, NULL, NULL, 0, '李勇', 'a:2:{s:7:"address";s:59:"广东省 深圳市 宝安区&nbsp;麦市镇沿河路682号";s:5:"phone";s:11:"18971800630";}', 17, 'a:0:{}', ''),
(118, 1, 0, 0, 0, '0', 0, '', 0, NULL, NULL, NULL, 0, '李勇', 'a:2:{s:7:"address";s:59:"广东省 深圳市 宝安区&nbsp;麦市镇沿河路682号";s:5:"phone";s:11:"18971800630";}', 17, 'a:0:{}', ''),
(119, 1, 0, 0, 0, '0', 0, '', 0, NULL, NULL, NULL, 0, '李勇', 'a:2:{s:7:"address";s:59:"广东省 深圳市 宝安区&nbsp;麦市镇沿河路682号";s:5:"phone";s:11:"18971800630";}', 17, 'a:0:{}', ''),
(120, 1, 0, 0, 0, '0', 0, '', 0, NULL, NULL, NULL, 0, '李勇', 'a:2:{s:7:"address";s:59:"广东省 深圳市 宝安区&nbsp;麦市镇沿河路682号";s:5:"phone";s:11:"18971800630";}', 17, 'a:0:{}', ''),
(121, 1, 0, 0, 0, '0', 0, '', 0, NULL, NULL, NULL, 0, '李勇', 'a:2:{s:7:"address";s:59:"广东省 深圳市 宝安区&nbsp;麦市镇沿河路682号";s:5:"phone";s:11:"18971800630";}', 17, 'a:0:{}', ''),
(122, 1, 0, 0, 0, '0', 0, '', 0, NULL, NULL, NULL, 0, '李勇', 'a:2:{s:7:"address";s:59:"广东省 深圳市 宝安区&nbsp;麦市镇沿河路682号";s:5:"phone";s:11:"18971800630";}', 17, 'a:0:{}', ''),
(123, 1, 0, 0, 0, '0', 0, '', 0, NULL, NULL, NULL, 0, '李勇', 'a:2:{s:7:"address";s:59:"广东省 深圳市 宝安区&nbsp;麦市镇沿河路682号";s:5:"phone";s:11:"18971800630";}', 17, 'a:0:{}', ''),
(124, 1, 0, 0, 0, '0', 0, '', 0, NULL, NULL, NULL, 0, '李勇', 'a:2:{s:7:"address";s:59:"广东省 深圳市 宝安区&nbsp;麦市镇沿河路682号";s:5:"phone";s:11:"18971800630";}', 17, 'a:0:{}', ''),
(125, 2, 0, 0, 0, '0', 0, '', 0, NULL, NULL, NULL, 0, '李勇', 'a:2:{s:7:"address";s:59:"广东省 深圳市 宝安区&nbsp;麦市镇沿河路682号";s:5:"phone";s:11:"18971800630";}', 17, 'a:0:{}', ''),
(126, 2, 0, 0, 0, '0', 0, '', 0, NULL, NULL, NULL, 0, '李勇', 'a:2:{s:7:"address";s:59:"广东省 深圳市 宝安区&nbsp;麦市镇沿河路682号";s:5:"phone";s:11:"18971800630";}', 17, 'a:0:{}', ''),
(127, 2, 0, 0, 0, '0', 0, '', 0, NULL, NULL, NULL, 0, '李勇', 'a:2:{s:7:"address";s:59:"广东省 深圳市 宝安区&nbsp;麦市镇沿河路682号";s:5:"phone";s:11:"18971800630";}', 17, 'a:0:{}', ''),
(128, 2, 0, 0, 0, '0', 0, '', 0, NULL, NULL, NULL, 0, '李勇', 'a:2:{s:7:"address";s:59:"广东省 深圳市 宝安区&nbsp;麦市镇沿河路682号";s:5:"phone";s:11:"18971800630";}', 17, 'a:0:{}', ''),
(129, 2, 0, 0, 0, '0', 0, '', 0, NULL, NULL, NULL, 0, '李勇', 'a:2:{s:7:"address";s:59:"广东省 深圳市 宝安区&nbsp;麦市镇沿河路682号";s:5:"phone";s:11:"18971800630";}', 17, 'a:0:{}', ''),
(130, 2, 0, 0, 0, '0', 0, '', 0, NULL, NULL, NULL, 0, '李勇', 'a:2:{s:7:"address";s:59:"广东省 深圳市 宝安区&nbsp;麦市镇沿河路682号";s:5:"phone";s:11:"18971800630";}', 17, 'a:0:{}', ''),
(131, 1, 0, 0, 0, '0', 0, '', 0, NULL, NULL, NULL, 0, '李勇', 'a:2:{s:7:"address";s:59:"广东省 深圳市 宝安区&nbsp;麦市镇沿河路682号";s:5:"phone";s:11:"18971800630";}', 17, 'a:0:{}', ''),
(132, 1, 0, 0, 0, '0', 0, '', 0, NULL, NULL, NULL, 0, '李勇', 'a:2:{s:7:"address";s:59:"广东省 深圳市 宝安区&nbsp;麦市镇沿河路682号";s:5:"phone";s:11:"18971800630";}', 17, 'a:0:{}', ''),
(133, 1, 0, 0, 0, '0', 0, '', 0, NULL, NULL, NULL, 0, '李勇', 'a:2:{s:7:"address";s:59:"广东省 深圳市 宝安区&nbsp;麦市镇沿河路682号";s:5:"phone";s:11:"18971800630";}', 17, 'a:0:{}', ''),
(134, 1, 0, 0, 0, '0', 0, '', 0, NULL, NULL, NULL, 0, '李勇', 'a:2:{s:7:"address";s:59:"广东省 深圳市 宝安区&nbsp;麦市镇沿河路682号";s:5:"phone";s:11:"18971800630";}', 17, 'a:0:{}', ''),
(135, 1, 0, 0, 0, '0', 0, '', 0, NULL, NULL, NULL, 0, '李勇', 'a:2:{s:7:"address";s:59:"广东省 深圳市 宝安区&nbsp;麦市镇沿河路682号";s:5:"phone";s:11:"18971800630";}', 17, 'a:0:{}', ''),
(136, 1, 0, 0, 0, '0', 0, '', 0, NULL, NULL, NULL, 0, '李勇', 'a:2:{s:7:"address";s:59:"广东省 深圳市 宝安区&nbsp;麦市镇沿河路682号";s:5:"phone";s:11:"18971800630";}', 17, 'a:0:{}', ''),
(137, 1, 0, 0, 0, '0', 0, '', 0, NULL, NULL, NULL, 0, '李勇', 'a:2:{s:7:"address";s:59:"广东省 深圳市 宝安区&nbsp;麦市镇沿河路682号";s:5:"phone";s:11:"18971800630";}', 17, 'a:0:{}', ''),
(138, 1, 0, 0, 0, '0', 0, '', 0, NULL, NULL, NULL, 0, '李勇', 'a:2:{s:7:"address";s:59:"广东省 深圳市 宝安区&nbsp;麦市镇沿河路682号";s:5:"phone";s:11:"18971800630";}', 17, 'a:0:{}', ''),
(139, 1, 0, 0, 0, '0', 0, '', 0, NULL, NULL, NULL, 0, '李勇', 'a:2:{s:7:"address";s:59:"广东省 深圳市 宝安区&nbsp;麦市镇沿河路682号";s:5:"phone";s:11:"18971800630";}', 17, 'a:0:{}', ''),
(140, 1, 0, 0, 0, '0', 0, '', 0, NULL, NULL, NULL, 0, '李勇', 'a:2:{s:7:"address";s:59:"广东省 深圳市 宝安区&nbsp;麦市镇沿河路682号";s:5:"phone";s:11:"18971800630";}', 17, 'a:0:{}', ''),
(141, 1, 0, 0, 0, '0', 0, '', 0, NULL, NULL, NULL, 0, '李勇', 'a:2:{s:7:"address";s:59:"广东省 深圳市 宝安区&nbsp;麦市镇沿河路682号";s:5:"phone";s:11:"18971800630";}', 17, 'a:0:{}', ''),
(142, 1, 0, 0, 0, '0', 0, '', 0, NULL, NULL, NULL, 0, '李勇', 'a:2:{s:7:"address";s:59:"广东省 深圳市 宝安区&nbsp;麦市镇沿河路682号";s:5:"phone";s:11:"18971800630";}', 17, 'a:0:{}', ''),
(143, 1, 0, 0, 0, '0', 0, '', 0, NULL, NULL, NULL, 0, '李勇', 'a:2:{s:7:"address";s:59:"广东省 深圳市 宝安区&nbsp;麦市镇沿河路682号";s:5:"phone";s:11:"18971800630";}', 17, 'a:0:{}', ''),
(144, 1, 0, 0, 0, '0', 0, '', 0, NULL, NULL, NULL, 0, '李勇', 'a:2:{s:7:"address";s:59:"广东省 深圳市 宝安区&nbsp;麦市镇沿河路682号";s:5:"phone";s:11:"18971800630";}', 17, 'a:0:{}', ''),
(145, 1, 0, 0, 0, '0', 0, '', 0, NULL, NULL, NULL, 0, '李勇', 'a:2:{s:7:"address";s:59:"广东省 深圳市 宝安区&nbsp;麦市镇沿河路682号";s:5:"phone";s:11:"18971800630";}', 17, 'a:0:{}', ''),
(146, 1, 0, 0, 0, '0', 0, '', 0, NULL, NULL, NULL, 0, '李勇', 'a:2:{s:7:"address";s:59:"广东省 深圳市 宝安区&nbsp;麦市镇沿河路682号";s:5:"phone";s:11:"18971800630";}', 17, 'a:0:{}', ''),
(147, 1, 0, 0, 0, '0', 0, '', 0, NULL, NULL, NULL, 0, '李勇', 'a:2:{s:7:"address";s:59:"广东省 深圳市 宝安区&nbsp;麦市镇沿河路682号";s:5:"phone";s:11:"18971800630";}', 17, 'a:0:{}', ''),
(148, 1, 0, 0, 0, '0', 0, '', 0, NULL, NULL, NULL, 0, '李勇', 'a:2:{s:7:"address";s:59:"广东省 深圳市 宝安区&nbsp;麦市镇沿河路682号";s:5:"phone";s:11:"18971800630";}', 17, 'a:0:{}', ''),
(149, 1, 0, 0, 0, '0', 0, '', 0, NULL, NULL, NULL, 0, '李勇', 'a:2:{s:7:"address";s:59:"广东省 深圳市 宝安区&nbsp;麦市镇沿河路682号";s:5:"phone";s:11:"18971800630";}', 17, 'a:0:{}', ''),
(150, 1, 0, 0, 0, '0', 0, '', 0, NULL, NULL, NULL, 0, '李勇', 'a:2:{s:7:"address";s:59:"广东省 深圳市 宝安区&nbsp;麦市镇沿河路682号";s:5:"phone";s:11:"18971800630";}', 17, 'a:0:{}', ''),
(151, 1, 0, 0, 0, '0', 0, '', 0, NULL, NULL, NULL, 0, '李勇', 'a:2:{s:7:"address";s:59:"广东省 深圳市 宝安区&nbsp;麦市镇沿河路682号";s:5:"phone";s:11:"18971800630";}', 17, 'a:0:{}', ''),
(152, 1, 0, 0, 0, '0', 0, '', 0, NULL, NULL, NULL, 0, 'ddd', 'a:2:{s:7:"address";s:42:"吉林省	长春市	农安县&nbsp;ddddddd";s:5:"phone";s:11:"13433333333";}', 7, 'a:0:{}', ''),
(153, 5, 0, 0, 0, '0', 0, NULL, 0, NULL, NULL, NULL, 0, '馨儿', 'a:2:{s:7:"address";s:64:"广东省 深圳市 宝安区&nbsp;通泰建材市场七栋18号";s:5:"phone";s:11:"";}', 17, 'a:0:{}', ''),
(154, 1, 0, 0, 0, '0', 0, '', 0, NULL, NULL, NULL, 0, '馨儿', 'a:2:{s:7:"address";s:64:"广东省 深圳市 宝安区&nbsp;通泰建材市场七栋18号";s:5:"phone";s:11:"";}', 17, 'a:0:{}', ''),
(155, 5, 0, 0, 0, '0', 0, NULL, 0, NULL, NULL, NULL, 0, '馨儿', 'a:2:{s:7:"address";s:64:"广东省 深圳市 宝安区&nbsp;通泰建材市场七栋18号";s:5:"phone";s:11:"";}', 17, 'a:0:{}', ''),
(156, 5, 0, 0, 0, '0', 0, NULL, 0, NULL, NULL, NULL, 0, '馨儿', 'a:2:{s:7:"address";s:64:"广东省 深圳市 宝安区&nbsp;通泰建材市场七栋18号";s:5:"phone";s:11:"";}', 17, 'a:0:{}', ''),
(157, 5, 0, 0, 0, '0', 0, NULL, 0, NULL, NULL, NULL, 0, '馨儿', 'a:2:{s:7:"address";s:64:"广东省 深圳市 宝安区&nbsp;通泰建材市场七栋18号";s:5:"phone";s:11:"";}', 17, 'a:0:{}', ''),
(158, 1, 0, 0, 0, '0', 0, '一份排骨，一份土豆，一份萝卜丝，一份青椒炒肉丝，一份排骨，一份土豆，一份萝卜丝，一份青椒炒肉丝，', 0, NULL, NULL, NULL, 0, '馨儿', 'a:2:{s:7:"address";s:64:"广东省 深圳市 宝安区&nbsp;通泰建材市场七栋18号";s:5:"phone";s:11:"";}', 17, 'a:0:{}', ''),
(159, 5, 0, 0, 0, '0', 0, '一份排骨，一份土豆，一份萝卜丝，一份青椒炒肉丝，一份排骨，一份土豆，一份萝卜丝，一份青椒炒肉丝，一份排骨，一份土豆，一份萝卜丝，一份青椒炒肉丝，', 0, NULL, NULL, NULL, 0, '馨儿', 'a:2:{s:7:"address";s:64:"广东省 深圳市 宝安区&nbsp;通泰建材市场七栋18号";s:5:"phone";s:11:"";}', 17, 'a:0:{}', ''),
(160, 1, 0, 0, 0, '0', 0, '', 0, NULL, NULL, NULL, 0, '李良', 'a:2:{s:7:"address";s:53:"广东省 深圳市 宝安区&nbsp;隽水寄宿中学";s:5:"phone";s:11:"18120362016";}', 17, 'a:0:{}', ''),
(161, 1, 0, 0, 0, '0', 0, '', 0, NULL, NULL, NULL, 0, '李良', 'a:2:{s:7:"address";s:53:"广东省 深圳市 宝安区&nbsp;隽水寄宿中学";s:5:"phone";s:11:"18120362016";}', 17, 'a:0:{}', ''),
(162, 5, 0, 0, 0, '0', 0, NULL, 0, NULL, NULL, NULL, 0, '馨儿', 'a:2:{s:7:"address";s:64:"广东省 深圳市 宝安区&nbsp;通泰建材市场七栋18号";s:5:"phone";s:11:"";}', 17, 'a:0:{}', ''),
(163, 5, 0, 0, 0, '0', 0, NULL, 0, NULL, NULL, NULL, 0, '馨儿', 'a:2:{s:7:"address";s:64:"广东省 深圳市 宝安区&nbsp;通泰建材市场七栋18号";s:5:"phone";s:11:"";}', 17, 'a:0:{}', ''),
(164, 5, 0, 0, 0, '0', 0, NULL, 0, NULL, NULL, NULL, 0, '馨儿', 'a:2:{s:7:"address";s:64:"广东省 深圳市 宝安区&nbsp;通泰建材市场七栋18号";s:5:"phone";s:11:"";}', 17, 'a:0:{}', ''),
(165, 5, 0, 0, 0, '0', 0, NULL, 0, NULL, NULL, NULL, 0, '馨儿', 'a:2:{s:7:"address";s:64:"广东省 深圳市 宝安区&nbsp;通泰建材市场七栋18号";s:5:"phone";s:11:"";}', 17, 'a:0:{}', ''),
(166, 5, 0, 0, 0, '0', 0, NULL, 0, NULL, NULL, NULL, 0, '馨儿', 'a:2:{s:7:"address";s:64:"广东省 深圳市 宝安区&nbsp;通泰建材市场七栋18号";s:5:"phone";s:11:"";}', 17, 'a:0:{}', ''),
(167, 7, 0, 0, 0, '0', 0, NULL, 0, NULL, NULL, NULL, 0, '李良', 'a:2:{s:7:"address";s:53:"广东省 深圳市 宝安区&nbsp;隽水寄宿中学";s:5:"phone";s:11:"18120362016";}', 17, 'a:0:{}', ''),
(168, 7, 0, 0, 0, '0', 0, NULL, 0, NULL, NULL, NULL, 0, '李良', 'a:2:{s:7:"address";s:53:"广东省 深圳市 宝安区&nbsp;隽水寄宿中学";s:5:"phone";s:11:"18120362016";}', 17, 'a:0:{}', ''),
(169, 7, 0, 0, 0, '0', 0, NULL, 0, NULL, NULL, NULL, 0, '李良', 'a:2:{s:7:"address";s:53:"广东省 深圳市 宝安区&nbsp;隽水寄宿中学";s:5:"phone";s:11:"18120362016";}', 17, 'a:0:{}', ''),
(170, 7, 0, 0, 0, '0', 0, NULL, 0, NULL, NULL, NULL, 0, '杜红', 'a:2:{s:7:"address";s:76:"广东省 深圳市 宝安区&nbsp;通泰建材市场7栋18号  大琪广告";s:5:"phone";s:11:"15872787633";}', 17, 'a:0:{}', ''),
(171, 7, 0, 0, 0, '0', 0, NULL, 0, NULL, NULL, NULL, 0, '李良', 'a:2:{s:7:"address";s:53:"广东省 深圳市 宝安区&nbsp;隽水寄宿中学";s:5:"phone";s:11:"18120362016";}', 17, 'a:0:{}', ''),
(172, 7, 0, 0, 0, '0', 0, NULL, 0, NULL, NULL, NULL, 0, '李良', 'a:2:{s:7:"address";s:53:"广东省 深圳市 宝安区&nbsp;隽水寄宿中学";s:5:"phone";s:11:"18120362016";}', 17, 'a:0:{}', ''),
(173, 7, 0, 0, 0, '0', 0, NULL, 0, NULL, NULL, NULL, 0, '李良', 'a:2:{s:7:"address";s:53:"广东省 深圳市 宝安区&nbsp;隽水寄宿中学";s:5:"phone";s:11:"18120362016";}', 17, 'a:0:{}', ''),
(174, 7, 0, 0, 0, '0', 0, NULL, 0, NULL, NULL, NULL, 0, '李良', 'a:2:{s:7:"address";s:53:"广东省 深圳市 宝安区&nbsp;隽水寄宿中学";s:5:"phone";s:11:"18120362016";}', 17, 'a:0:{}', ''),
(175, 7, 0, 0, 0, '0', 0, NULL, 0, NULL, NULL, NULL, 0, '李良', 'a:2:{s:7:"address";s:53:"广东省 深圳市 宝安区&nbsp;隽水寄宿中学";s:5:"phone";s:11:"18120362016";}', 17, 'a:0:{}', ''),
(176, 7, 0, 0, 0, '0', 0, NULL, 0, NULL, NULL, NULL, 0, '李良', 'a:2:{s:7:"address";s:53:"广东省 深圳市 宝安区&nbsp;隽水寄宿中学";s:5:"phone";s:11:"18120362016";}', 17, 'a:0:{}', ''),
(177, 7, 0, 0, 0, '0', 0, '', 0, NULL, NULL, NULL, 0, '吴石印', 'a:2:{s:7:"address";s:56:"广东省 深圳市 宝安区&nbsp;通城二中斜对面";s:5:"phone";s:11:"13297947402";}', 17, 'a:0:{}', ''),
(178, 7, 0, 0, 0, '0', 0, '', 0, NULL, NULL, NULL, 0, '闫朝霞', 'a:2:{s:7:"address";s:74:"广东省 深圳市 宝安区&nbsp;民主路北门摩托车街大琪广告";s:5:"phone";s:11:"15997981770";}', 17, 'a:0:{}', ''),
(179, 7, 0, 0, 0, '0', 0, '', 0, NULL, NULL, NULL, 0, '闫朝霞', 'a:2:{s:7:"address";s:74:"广东省 深圳市 宝安区&nbsp;民主路北门摩托车街大琪广告";s:5:"phone";s:11:"15997981770";}', 17, 'a:0:{}', ''),
(180, 7, 1423723415, 0, 1423742138, '0', 0, '', 11, NULL, NULL, '', 0, '闫朝霞', 'a:2:{s:7:"address";s:70:"广东省 深圳市 宝安区 民主路北门摩托车街大琪广告";s:5:"phone";s:11:"15997981770";}', 17, 'a:0:{}', ''),
(181, 1, 0, 0, 0, '0', 0, NULL, 0, NULL, NULL, NULL, 0, '李良', 'a:2:{s:7:"address";s:53:"广东省 深圳市 宝安区&nbsp;隽水寄宿中学";s:5:"phone";s:11:"18120362016";}', 17, 'a:0:{}', ''),
(182, 1, 0, 0, 0, '0', 0, NULL, 0, NULL, NULL, NULL, 0, '李良', 'a:2:{s:7:"address";s:53:"广东省 深圳市 宝安区&nbsp;隽水寄宿中学";s:5:"phone";s:11:"18120362016";}', 17, 'a:0:{}', ''),
(183, 1, 0, 0, 0, '0', 0, NULL, 0, NULL, NULL, NULL, 0, '李良', 'a:2:{s:7:"address";s:53:"广东省 深圳市 宝安区&nbsp;隽水寄宿中学";s:5:"phone";s:11:"18120362016";}', 17, 'a:0:{}', ''),
(184, 7, 0, 0, 0, '0', 0, '', 0, NULL, NULL, NULL, 0, '李良', 'a:2:{s:7:"address";s:53:"广东省 深圳市 宝安区&nbsp;隽水寄宿中学";s:5:"phone";s:11:"18120362016";}', 17, 'a:0:{}', ''),
(185, 1, 0, 0, 0, '0', 0, NULL, 0, NULL, NULL, NULL, 0, '吉米环保奔泰净水机', 'a:2:{s:7:"address";s:62:"广东省 深圳市 宝安区&nbsp;隽水镇秀水大道503号";s:5:"phone";s:11:"15586781177";}', 17, 'a:0:{}', ''),
(186, 1, 0, 0, 0, '0', 0, NULL, 0, NULL, NULL, NULL, 0, '吉米环保奔泰净水机', 'a:2:{s:7:"address";s:62:"广东省 深圳市 宝安区&nbsp;隽水镇秀水大道503号";s:5:"phone";s:11:"15586781177";}', 17, 'a:0:{}', ''),
(187, 1, 0, 0, 0, '0', 0, NULL, 0, NULL, NULL, NULL, 0, '吉米环保奔泰净水机', 'a:2:{s:7:"address";s:62:"广东省 深圳市 宝安区&nbsp;隽水镇秀水大道503号";s:5:"phone";s:11:"15586781177";}', 17, 'a:0:{}', ''),
(188, 1, 0, 0, 0, '0', 0, NULL, 0, NULL, NULL, NULL, 0, '吉米环保奔泰净水机', 'a:2:{s:7:"address";s:62:"广东省 深圳市 宝安区&nbsp;隽水镇秀水大道503号";s:5:"phone";s:11:"15586781177";}', 17, 'a:0:{}', ''),
(189, 7, 0, 0, 0, '0', 0, '', 0, NULL, NULL, NULL, 0, '林', 'a:2:{s:7:"address";s:56:"广东省	深圳市	福田区&nbsp;湖北大厦南座24E";s:5:"phone";s:11:"18666224804";}', 19, 'a:0:{}', ''),
(190, 7, 0, 0, 0, '0', 0, '', 0, NULL, NULL, NULL, 0, '林', 'a:2:{s:7:"address";s:56:"广东省	深圳市	福田区&nbsp;湖北大厦南座24E";s:5:"phone";s:11:"18666224804";}', 19, 'a:0:{}', ''),
(191, 5, 0, 0, 0, '0', 0, NULL, 0, NULL, NULL, NULL, 0, '馨儿', 'a:2:{s:7:"address";s:64:"广东省 深圳市 宝安区&nbsp;通泰建材市场七栋18号";s:5:"phone";s:11:"";}', 17, 'a:0:{}', ''),
(192, 5, 0, 0, 0, '0', 0, NULL, 0, NULL, NULL, NULL, 0, '馨儿', 'a:2:{s:7:"address";s:64:"广东省 深圳市 宝安区&nbsp;通泰建材市场七栋18号";s:5:"phone";s:11:"";}', 17, 'a:0:{}', ''),
(193, 1, 0, 0, 0, '0', 0, NULL, 0, NULL, NULL, NULL, 0, '馨儿', 'a:2:{s:7:"address";s:64:"广东省 深圳市 宝安区&nbsp;通泰建材市场七栋18号";s:5:"phone";s:11:"";}', 17, 'a:0:{}', ''),
(194, 1, 0, 0, 0, '0', 0, NULL, 0, NULL, NULL, NULL, 0, '馨儿', 'a:2:{s:7:"address";s:64:"广东省 深圳市 宝安区&nbsp;通泰建材市场七栋18号";s:5:"phone";s:11:"";}', 17, 'a:0:{}', ''),
(195, 1, 0, 0, 0, '0', 0, NULL, 0, NULL, NULL, NULL, 0, '馨儿', 'a:2:{s:7:"address";s:64:"广东省 深圳市 宝安区&nbsp;通泰建材市场七栋18号";s:5:"phone";s:11:"";}', 17, 'a:0:{}', ''),
(196, 1, 0, 0, 0, '0', 0, NULL, 0, NULL, NULL, NULL, 0, '馨儿', 'a:2:{s:7:"address";s:64:"广东省 深圳市 宝安区&nbsp;通泰建材市场七栋18号";s:5:"phone";s:11:"";}', 17, 'a:0:{}', ''),
(197, 1, 0, 0, 0, '0', 0, NULL, 0, NULL, NULL, NULL, 0, '馨儿', 'a:2:{s:7:"address";s:64:"广东省 深圳市 宝安区&nbsp;通泰建材市场七栋18号";s:5:"phone";s:11:"";}', 17, 'a:0:{}', ''),
(198, 1, 0, 0, 0, '0', 0, NULL, 0, NULL, NULL, NULL, 0, '馨儿', 'a:2:{s:7:"address";s:64:"广东省 深圳市 宝安区&nbsp;通泰建材市场七栋18号";s:5:"phone";s:11:"";}', 17, 'a:0:{}', ''),
(199, 1, 0, 0, 0, '0', 0, NULL, 0, NULL, NULL, NULL, 0, '馨儿', 'a:2:{s:7:"address";s:64:"广东省 深圳市 宝安区&nbsp;通泰建材市场七栋18号";s:5:"phone";s:11:"";}', 17, 'a:0:{}', ''),
(200, 1, 0, 0, 0, '0', 0, NULL, 0, NULL, NULL, NULL, 0, '馨儿', 'a:2:{s:7:"address";s:64:"广东省 深圳市 宝安区&nbsp;通泰建材市场七栋18号";s:5:"phone";s:11:"";}', 17, 'a:0:{}', ''),
(201, 1, 0, 0, 0, '0', 0, NULL, 0, NULL, NULL, NULL, 0, '馨儿', 'a:2:{s:7:"address";s:64:"广东省 深圳市 宝安区&nbsp;通泰建材市场七栋18号";s:5:"phone";s:11:"";}', 17, 'a:0:{}', ''),
(202, 1, 0, 0, 0, '0', 0, NULL, 0, NULL, NULL, NULL, 0, '馨儿', 'a:2:{s:7:"address";s:64:"广东省 深圳市 宝安区&nbsp;通泰建材市场七栋18号";s:5:"phone";s:11:"";}', 17, 'a:0:{}', ''),
(203, 1, 0, 0, 0, '0', 0, NULL, 0, NULL, NULL, NULL, 0, '馨儿', 'a:2:{s:7:"address";s:64:"广东省 深圳市 宝安区&nbsp;通泰建材市场七栋18号";s:5:"phone";s:11:"";}', 17, 'a:0:{}', ''),
(204, 1, 0, 0, 0, '0', 0, '', 0, NULL, NULL, NULL, 0, '测试', 'a:2:{s:7:"address";s:38:"广东省	深圳市	福田区&nbsp;123";s:5:"phone";s:11:"15889681500";}', 19, 'a:0:{}', ''),
(205, 1, 0, 0, 0, '0', 0, NULL, 0, NULL, NULL, NULL, 0, '马建平', 'a:2:{s:7:"address";s:47:"江苏省 南京市 鼓楼区&nbsp;鼓楼街道";s:5:"phone";s:11:"18962035153";}', 10, 'a:0:{}', ''),
(206, 7, 0, 0, 0, '0', 0, NULL, 0, NULL, NULL, NULL, 0, '马建平', 'a:2:{s:7:"address";s:47:"江苏省 南京市 鼓楼区&nbsp;鼓楼街道";s:5:"phone";s:11:"18962035153";}', 10, 'a:0:{}', ''),
(207, 2, 0, 0, 0, '0', 0, NULL, 0, NULL, NULL, NULL, 0, 'tao', 'a:2:{s:7:"address";s:76:"江苏省	南京市	鼓楼区&nbsp;中山北路28号盈放科技有限公司";s:5:"phone";s:23:"18502548888,18502548888";}', 10, 'a:0:{}', ''),
(208, 1, 0, 0, 0, '0', 0, NULL, 0, NULL, NULL, NULL, 0, 'tao', 'a:2:{s:7:"address";s:76:"江苏省	南京市	鼓楼区&nbsp;中山北路28号盈放科技有限公司";s:5:"phone";s:23:"18502548888,18502548888";}', 10, 'a:0:{}', '');

-- --------------------------------------------------------

--
-- 表的结构 `cor_order_goods`
--

CREATE TABLE IF NOT EXISTS `cor_order_goods` (
  `rec_id` int(11) NOT NULL AUTO_INCREMENT COMMENT '订单商品表索引id',
  `order_id` int(11) NOT NULL COMMENT '订单id',
  `goods_id` int(11) NOT NULL COMMENT '商品id',
  `goods_name` varchar(50) NOT NULL COMMENT '商品名称',
  `goods_price` decimal(10,2) NOT NULL COMMENT '商品价格',
  `goods_num` smallint(5) unsigned NOT NULL DEFAULT '1' COMMENT '商品数量',
  `goods_image` varchar(100) DEFAULT NULL COMMENT '商品图片',
  `goods_pay_price` decimal(10,2) unsigned NOT NULL COMMENT '商品实际成交价',
  `store_id` int(10) unsigned NOT NULL DEFAULT '0' COMMENT '店铺ID',
  `buyer_id` int(10) unsigned NOT NULL DEFAULT '0' COMMENT '买家ID',
  `goods_type` enum('1','2','3','4','5') NOT NULL DEFAULT '1' COMMENT '1默认2团购商品3限时折扣商品4组合套装5赠品',
  `promotions_id` mediumint(8) unsigned NOT NULL DEFAULT '0' COMMENT '促销活动ID（团购ID/限时折扣ID/优惠套装ID）与goods_type搭配使用',
  `commis_rate` smallint(5) unsigned NOT NULL DEFAULT '0' COMMENT '佣金比例',
  `is_gift` tinyint(1) unsigned NOT NULL DEFAULT '0',
  `gift_points` mediumint(8) unsigned NOT NULL DEFAULT '0',
  PRIMARY KEY (`rec_id`),
  KEY `order_id` (`order_id`)
) ENGINE=InnoDB  DEFAULT CHARSET=utf8 COMMENT='订单商品表' AUTO_INCREMENT=210 ;

--
-- 转存表中的数据 `cor_order_goods`
--

INSERT INTO `cor_order_goods` (`rec_id`, `order_id`, `goods_id`, `goods_name`, `goods_price`, `goods_num`, `goods_image`, `goods_pay_price`, `store_id`, `buyer_id`, `goods_type`, `promotions_id`, `commis_rate`, `is_gift`, `gift_points`) VALUES
(1, 1, 53, '新款 女款 拼接 不规则摆 长袖针织衫开衫 杏雨 紫色', '99.00', 1, '1_04418254088878407.jpg', '99.00', 1, 7, '1', 0, 0, 0, 0),
(2, 2, 53, '新款 女款 拼接 不规则摆 长袖针织衫开衫 杏雨 紫色', '99.00', 1, '1_04418254088878407.jpg', '99.00', 1, 5, '1', 0, 0, 0, 0),
(3, 3, 231, '至尊金奖 法国原瓶进口AOC红酒 任选一箱 红沙城堡红葡萄酒 原装进口', '800.00', 1, '1_04423392298369303.jpg', '800.00', 1, 7, '2', 4, 0, 0, 0),
(4, 4, 46, '春装 披肩式 超短款 针织 衫开衫 女装 青鸟 绿色', '129.00', 1, '1_04418240378724556.jpg', '129.00', 1, 7, '1', 0, 0, 0, 0),
(5, 5, 231, '至尊金奖 法国原瓶进口AOC红酒 任选一箱 红沙城堡红葡萄酒 原装进口', '800.00', 1, '1_04423392298369303.jpg', '800.00', 1, 8, '2', 4, 0, 0, 0),
(6, 6, 231, '至尊金奖 法国原瓶进口AOC红酒 任选一箱 红沙城堡红葡萄酒 原装进口', '800.00', 1, '1_04423392298369303.jpg', '800.00', 1, 8, '2', 4, 0, 0, 0),
(7, 7, 231, '至尊金奖 法国原瓶进口AOC红酒 任选一箱 红沙城堡红葡萄酒 原装进口', '800.00', 1, '1_04423392298369303.jpg', '600.00', 1, 8, '2', 4, 0, 0, 0),
(8, 8, 52, '新款 女款 拼接 不规则摆 长袖针织衫开衫 杏雨 白色', '99.00', 1, '1_04418253240878850.jpg', '99.00', 1, 5, '1', 0, 0, 0, 0),
(9, 9, 231, '至尊金奖 法国原瓶进口AOC红酒 任选一箱 红沙城堡红葡萄酒 原装进口', '800.00', 1, '1_04423392298369303.jpg', '800.00', 1, 5, '2', 4, 0, 0, 0),
(10, 10, 232, '中华老字号 东阿阿胶桃花姬阿胶糕300g', '150.00', 1, '1_04423411880302392.png', '150.00', 1, 7, '1', 0, 0, 0, 0),
(11, 11, 48, '春装 披肩式 超短款 针织 衫开衫 女装 青鸟 蓝色', '129.00', 1, '1_04418240795665638.jpg', '129.00', 1, 3, '1', 0, 0, 0, 0),
(12, 12, 53, '新款 女款 拼接 不规则摆 长袖针织衫开衫 杏雨 紫色', '99.00', 1, '1_04418254088878407.jpg', '99.00', 1, 5, '1', 0, 0, 0, 0),
(13, 13, 231, '至尊金奖 法国原瓶进口AOC红酒 任选一箱 红沙城堡红葡萄酒 原装进口', '800.00', 1, '1_04423392298369303.jpg', '800.00', 1, 7, '2', 4, 0, 0, 0),
(14, 14, 246, '测试商品', '1.00', 1, '1_04703975214347997.jpg', '1.00', 1, 3, '1', 0, 0, 0, 0),
(15, 15, 233, '进口食品测试商品', '0.10', 1, '1_04703387148642811.jpg', '0.10', 1, 8, '1', 0, 0, 0, 0),
(16, 16, 46, '春装 披肩式 超短款 针织 衫开衫 女装 青鸟 绿色', '129.00', 1, '1_04418240378724556.jpg', '125.00', 1, 8, '1', 0, 0, 0, 0),
(17, 17, 240, '测试商品', '1.00', 1, '1_04703970393096851.jpg', '0.01', 1, 5, '1', 0, 0, 0, 0),
(18, 18, 245, '测试商品', '1.00', 1, '1_04703974474334658.jpg', '1.00', 1, 5, '1', 0, 0, 0, 0),
(19, 19, 243, '测试商品', '1.00', 1, '1_04703972448007479.jpg', '1.00', 1, 8, '1', 0, 0, 0, 0),
(20, 20, 244, '测试商品', '1.00', 1, '1_04703973840800248.jpg', '1.00', 1, 6, '1', 0, 0, 0, 0),
(21, 21, 251, '测试商品', '1.00', 1, '1_04703983042224193.jpg', '1.00', 1, 6, '1', 0, 0, 0, 0),
(22, 22, 250, '测试商品', '1.00', 1, '1_04703981788210618.jpg', '1.00', 1, 6, '1', 0, 0, 0, 0),
(23, 23, 46, '春装 披肩式 超短款 针织 衫开衫 女装 青鸟 绿色', '129.00', 1, '1_04418240378724556.jpg', '129.00', 1, 8, '1', 0, 0, 0, 0),
(24, 24, 277, '有机绿壳乌鸡蛋 山地放养', '57.00', 1, '1_04717532854881608.jpg', '57.00', 1, 5, '1', 0, 0, 0, 0),
(25, 25, 277, '有机绿壳乌鸡蛋 山地放养 散装30枚70元', '70.00', 1, '1_04717712539271406.jpg', '70.00', 1, 8, '1', 0, 0, 0, 0),
(26, 26, 277, '有机绿壳乌鸡蛋 山地放养 散装30枚70元', '70.00', 1, '1_04717712539271406.jpg', '70.00', 1, 8, '1', 0, 0, 0, 0),
(27, 27, 277, '有机绿壳乌鸡蛋 山地放养 散装30枚70元', '70.00', 1, '1_04717712539271406.jpg', '70.00', 1, 15, '1', 0, 0, 0, 0),
(28, 28, 277, '有机绿壳乌鸡蛋 山地放养 散装30枚70元', '70.00', 1, '1_04717712539271406.jpg', '70.00', 1, 8, '1', 0, 0, 0, 0),
(29, 29, 277, '有机绿壳乌鸡蛋 山地放养 散装30枚70元', '70.00', 1, '1_04717712539271406.jpg', '70.00', 1, 17, '1', 0, 0, 0, 0),
(30, 30, 276, '昭君故里酒 美之梦酒 优质白酒 500ml 浓香型 42度', '118.00', 1, '1_04717754051864205.jpg', '20.00', 1, 5, '1', 0, 0, 0, 0),
(31, 31, 276, '昭君故里酒 美之梦酒 优质白酒 500ml 浓香型 42度', '118.00', 1, '1_04717754051864205.jpg', '0.01', 1, 5, '1', 0, 0, 0, 0),
(32, 32, 302, '康汇园苹果汁醋饮料  净含量500L   果汁酿造  原汁原味', '150.00', 1, '1_04729051678861049.jpg', '150.00', 1, 5, '1', 0, 0, 0, 0),
(33, 33, 288, '康汇园芒果汁饮料 果肉多 净含量1.5L 66元/件/6瓶', '50.00', 1, '1_04729037901755028.jpg', '50.00', 1, 20, '3', 8, 0, 0, 0),
(34, 34, 288, '康汇园芒果汁饮料 果肉多 净含量1.5L 66元/件/6瓶', '50.00', 1, '1_04729037901755028.jpg', '0.01', 1, 20, '3', 8, 0, 0, 0),
(35, 35, 315, 'ceshi', '0.01', 1, '1_04743684335064119.jpg', '0.01', 1, 5, '1', 0, 0, 1, 5),
(51, 51, 321, '多用指甲钳   指甲钳  指甲锉  开瓶器  钥匙圈  经济实用指甲刀', '0.00', 1, '1_04744739193525265.jpg', '0.00', 1, 5, '1', 0, 0, 1, 60),
(52, 52, 321, '多用指甲钳   指甲钳  指甲锉  开瓶器  钥匙圈  经济实用指甲刀', '0.00', 1, '1_04744739193525265.jpg', '0.00', 1, 5, '1', 0, 0, 1, 60),
(60, 60, 276, '昭君故里酒 美之梦酒 优质白酒 500ml 浓香型 42度', '108.00', 1, '1_04717754051864205.jpg', '108.00', 1, 3, '3', 9, 0, 0, 0),
(61, 61, 275, '彩印宣传单  A3A4A5宣传单印刷  彩色  彩页  DM单印刷', '800.00', 1, '2_04716941255280453.jpg', '800.00', 2, 5, '1', 0, 3, 0, 0),
(62, 62, 275, '彩印宣传单  A3A4A5宣传单印刷  彩色  彩页  DM单印刷', '800.00', 1, '2_04716941255280453.jpg', '800.00', 2, 26, '1', 0, 3, 0, 0),
(63, 63, 321, '多用指甲钳   指甲钳  指甲锉  开瓶器  钥匙圈  经济实用指甲刀', '0.00', 1, '1_04744739193525265.jpg', '0.00', 1, 5, '1', 0, 0, 1, 60),
(64, 64, 275, '彩印宣传单  A3A4A5宣传单印刷  彩色  彩页  DM单印刷', '800.00', 1, '2_04716941255280453.jpg', '800.00', 2, 5, '1', 0, 3, 0, 0),
(65, 65, 310, '康汇园芒果汁饮料 果肉多 净含量1.5L 66元/件/6瓶 2瓶', '20.00', 1, '1_04729037901755028.jpg', '20.00', 1, 33, '1', 0, 0, 0, 0),
(66, 66, 310, '康汇园芒果汁饮料 果肉多 净含量1.5L 66元/件/6瓶 2瓶', '20.00', 1, '1_04729037901755028.jpg', '20.00', 1, 33, '1', 0, 0, 0, 0),
(67, 67, 310, '康汇园芒果汁饮料 果肉多 净含量1.5L 66元/件/6瓶 2瓶', '20.00', 1, '1_04729037901755028.jpg', '20.00', 1, 33, '1', 0, 0, 0, 0),
(68, 68, 310, '康汇园芒果汁饮料 果肉多 净含量1.5L 66元/件/6瓶 2瓶', '20.00', 1, '1_04729037901755028.jpg', '20.00', 1, 33, '1', 0, 0, 0, 0),
(69, 69, 310, '康汇园芒果汁饮料 果肉多 净含量1.5L 66元/件/6瓶 2瓶', '20.00', 1, '1_04729037901755028.jpg', '20.00', 1, 33, '1', 0, 0, 0, 0),
(70, 70, 310, '康汇园芒果汁饮料 果肉多 净含量1.5L 66元/件/6瓶 2瓶', '20.00', 1, '1_04729037901755028.jpg', '20.00', 1, 33, '1', 0, 0, 0, 0),
(71, 71, 310, '康汇园芒果汁饮料 果肉多 净含量1.5L 66元/件/6瓶 2瓶', '20.00', 1, '1_04729037901755028.jpg', '20.00', 1, 33, '1', 0, 0, 0, 0),
(72, 72, 310, '康汇园芒果汁饮料 果肉多 净含量1.5L 66元/件/6瓶 2瓶', '20.00', 1, '1_04729037901755028.jpg', '20.00', 1, 33, '1', 0, 0, 0, 0),
(73, 73, 310, '康汇园芒果汁饮料 果肉多 净含量1.5L 66元/件/6瓶 2瓶', '20.00', 1, '1_04729037901755028.jpg', '20.00', 1, 33, '1', 0, 0, 0, 0),
(74, 74, 310, '康汇园芒果汁饮料 果肉多 净含量1.5L 66元/件/6瓶 2瓶', '20.00', 1, '1_04729037901755028.jpg', '20.00', 1, 33, '1', 0, 0, 0, 0),
(75, 75, 310, '康汇园芒果汁饮料 果肉多 净含量1.5L 66元/件/6瓶 2瓶', '20.00', 1, '1_04729037901755028.jpg', '20.00', 1, 33, '1', 0, 0, 0, 0),
(76, 76, 310, '康汇园芒果汁饮料 果肉多 净含量1.5L 66元/件/6瓶 2瓶', '20.00', 1, '1_04729037901755028.jpg', '20.00', 1, 33, '1', 0, 0, 0, 0),
(77, 77, 310, '康汇园芒果汁饮料 果肉多 净含量1.5L 66元/件/6瓶 2瓶', '20.00', 1, '1_04729037901755028.jpg', '20.00', 1, 33, '1', 0, 0, 0, 0),
(78, 78, 310, '康汇园芒果汁饮料 果肉多 净含量1.5L 66元/件/6瓶 2瓶', '20.00', 1, '1_04729037901755028.jpg', '20.00', 1, 33, '1', 0, 0, 0, 0),
(79, 79, 310, '康汇园芒果汁饮料 果肉多 净含量1.5L 66元/件/6瓶 2瓶', '20.00', 1, '1_04729037901755028.jpg', '20.00', 1, 33, '1', 0, 0, 0, 0),
(80, 80, 310, '康汇园芒果汁饮料 果肉多 净含量1.5L 66元/件/6瓶 2瓶', '20.00', 1, '1_04729037901755028.jpg', '20.00', 1, 33, '1', 0, 0, 0, 0),
(81, 81, 310, '康汇园芒果汁饮料 果肉多 净含量1.5L 66元/件/6瓶 2瓶', '20.00', 1, '1_04729037901755028.jpg', '20.00', 1, 33, '1', 0, 0, 0, 0),
(82, 82, 310, '康汇园芒果汁饮料 果肉多 净含量1.5L 66元/件/6瓶 2瓶', '20.00', 1, '1_04729037901755028.jpg', '20.00', 1, 33, '1', 0, 0, 0, 0),
(83, 83, 310, '康汇园芒果汁饮料 果肉多 净含量1.5L 66元/件/6瓶 2瓶', '20.00', 1, '1_04729037901755028.jpg', '20.00', 1, 33, '1', 0, 0, 0, 0),
(84, 84, 310, '康汇园芒果汁饮料 果肉多 净含量1.5L 66元/件/6瓶 2瓶', '20.00', 1, '1_04729037901755028.jpg', '20.00', 1, 33, '1', 0, 0, 0, 0),
(85, 85, 310, '康汇园芒果汁饮料 果肉多 净含量1.5L 66元/件/6瓶 2瓶', '20.00', 1, '1_04729037901755028.jpg', '20.00', 1, 33, '1', 0, 0, 0, 0),
(86, 86, 310, '康汇园芒果汁饮料 果肉多 净含量1.5L 66元/件/6瓶 2瓶', '20.00', 1, '1_04729037901755028.jpg', '20.00', 1, 33, '1', 0, 0, 0, 0),
(87, 87, 310, '康汇园芒果汁饮料 果肉多 净含量1.5L 66元/件/6瓶 2瓶', '20.00', 1, '1_04729037901755028.jpg', '20.00', 1, 33, '1', 0, 0, 0, 0),
(88, 88, 310, '康汇园芒果汁饮料 果肉多 净含量1.5L 66元/件/6瓶 2瓶', '20.00', 1, '1_04729037901755028.jpg', '20.00', 1, 33, '1', 0, 0, 0, 0),
(89, 89, 310, '康汇园芒果汁饮料 果肉多 净含量1.5L 66元/件/6瓶 2瓶', '20.00', 1, '1_04729037901755028.jpg', '20.00', 1, 33, '1', 0, 0, 0, 0),
(90, 90, 310, '康汇园芒果汁饮料 果肉多 净含量1.5L 66元/件/6瓶 2瓶', '20.00', 1, '1_04729037901755028.jpg', '20.00', 1, 33, '1', 0, 0, 0, 0),
(91, 91, 310, '康汇园芒果汁饮料 果肉多 净含量1.5L 66元/件/6瓶 2瓶', '20.00', 1, '1_04729037901755028.jpg', '20.00', 1, 33, '1', 0, 0, 0, 0),
(92, 92, 310, '康汇园芒果汁饮料 果肉多 净含量1.5L 66元/件/6瓶 2瓶', '20.00', 1, '1_04729037901755028.jpg', '20.00', 1, 33, '1', 0, 0, 0, 0),
(93, 93, 310, '康汇园芒果汁饮料 果肉多 净含量1.5L 66元/件/6瓶 2瓶', '20.00', 1, '1_04729037901755028.jpg', '20.00', 1, 33, '1', 0, 0, 0, 0),
(94, 94, 310, '康汇园芒果汁饮料 果肉多 净含量1.5L 66元/件/6瓶 2瓶', '20.00', 1, '1_04729037901755028.jpg', '20.00', 1, 33, '1', 0, 0, 0, 0),
(95, 95, 310, '康汇园芒果汁饮料 果肉多 净含量1.5L 66元/件/6瓶 2瓶', '20.00', 1, '1_04729037901755028.jpg', '20.00', 1, 33, '1', 0, 0, 0, 0),
(96, 96, 310, '康汇园芒果汁饮料 果肉多 净含量1.5L 66元/件/6瓶 2瓶', '20.00', 1, '1_04729037901755028.jpg', '20.00', 1, 33, '1', 0, 0, 0, 0),
(97, 97, 310, '康汇园芒果汁饮料 果肉多 净含量1.5L 66元/件/6瓶 2瓶', '20.00', 1, '1_04729037901755028.jpg', '20.00', 1, 33, '1', 0, 0, 0, 0),
(98, 98, 310, '康汇园芒果汁饮料 果肉多 净含量1.5L 66元/件/6瓶 2瓶', '20.00', 1, '1_04729037901755028.jpg', '20.00', 1, 33, '1', 0, 0, 0, 0),
(99, 99, 310, '康汇园芒果汁饮料 果肉多 净含量1.5L 66元/件/6瓶 2瓶', '20.00', 1, '1_04729037901755028.jpg', '20.00', 1, 33, '1', 0, 0, 0, 0),
(100, 100, 310, '康汇园芒果汁饮料 果肉多 净含量1.5L 66元/件/6瓶 2瓶', '20.00', 1, '1_04729037901755028.jpg', '20.00', 1, 33, '1', 0, 0, 0, 0),
(101, 101, 310, '康汇园芒果汁饮料 果肉多 净含量1.5L 66元/件/6瓶 2瓶', '20.00', 1, '1_04729037901755028.jpg', '20.00', 1, 33, '1', 0, 0, 0, 0),
(102, 102, 310, '康汇园芒果汁饮料 果肉多 净含量1.5L 66元/件/6瓶 2瓶', '20.00', 1, '1_04729037901755028.jpg', '20.00', 1, 33, '1', 0, 0, 0, 0),
(103, 103, 310, '康汇园芒果汁饮料 果肉多 净含量1.5L 66元/件/6瓶 2瓶', '20.00', 1, '1_04729037901755028.jpg', '20.00', 1, 33, '1', 0, 0, 0, 0),
(104, 104, 310, '康汇园芒果汁饮料 果肉多 净含量1.5L 66元/件/6瓶 2瓶', '20.00', 1, '1_04729037901755028.jpg', '20.00', 1, 33, '1', 0, 0, 0, 0),
(105, 105, 310, '康汇园芒果汁饮料 果肉多 净含量1.5L 66元/件/6瓶 2瓶', '20.00', 1, '1_04729037901755028.jpg', '20.00', 1, 33, '1', 0, 0, 0, 0),
(106, 106, 310, '康汇园芒果汁饮料 果肉多 净含量1.5L 66元/件/6瓶 2瓶', '20.00', 1, '1_04729037901755028.jpg', '20.00', 1, 33, '1', 0, 0, 0, 0),
(107, 107, 310, '康汇园芒果汁饮料 果肉多 净含量1.5L 66元/件/6瓶 2瓶', '20.00', 1, '1_04729037901755028.jpg', '20.00', 1, 33, '1', 0, 0, 0, 0),
(108, 108, 310, '康汇园芒果汁饮料 果肉多 净含量1.5L 66元/件/6瓶 2瓶', '20.00', 1, '1_04729037901755028.jpg', '20.00', 1, 33, '1', 0, 0, 0, 0),
(109, 109, 310, '康汇园芒果汁饮料 果肉多 净含量1.5L 66元/件/6瓶 2瓶', '20.00', 1, '1_04729037901755028.jpg', '20.00', 1, 33, '1', 0, 0, 0, 0),
(110, 110, 310, '康汇园芒果汁饮料 果肉多 净含量1.5L 66元/件/6瓶 2瓶', '20.00', 1, '1_04729037901755028.jpg', '20.00', 1, 33, '1', 0, 0, 0, 0),
(111, 111, 310, '康汇园芒果汁饮料 果肉多 净含量1.5L 66元/件/6瓶 2瓶', '20.00', 1, '1_04729037901755028.jpg', '20.00', 1, 33, '1', 0, 0, 0, 0),
(112, 112, 310, '康汇园芒果汁饮料 果肉多 净含量1.5L 66元/件/6瓶 2瓶', '20.00', 1, '1_04729037901755028.jpg', '20.00', 1, 33, '1', 0, 0, 0, 0),
(113, 113, 310, '康汇园芒果汁饮料 果肉多 净含量1.5L 66元/件/6瓶 2瓶', '20.00', 1, '1_04729037901755028.jpg', '20.00', 1, 33, '1', 0, 0, 0, 0),
(114, 114, 310, '康汇园芒果汁饮料 果肉多 净含量1.5L 66元/件/6瓶 2瓶', '20.00', 1, '1_04729037901755028.jpg', '20.00', 1, 33, '1', 0, 0, 0, 0),
(115, 115, 310, '康汇园芒果汁饮料 果肉多 净含量1.5L 66元/件/6瓶 2瓶', '20.00', 1, '1_04729037901755028.jpg', '20.00', 1, 33, '1', 0, 0, 0, 0),
(116, 116, 310, '康汇园芒果汁饮料 果肉多 净含量1.5L 66元/件/6瓶 2瓶', '20.00', 1, '1_04729037901755028.jpg', '20.00', 1, 33, '1', 0, 0, 0, 0),
(117, 117, 310, '康汇园芒果汁饮料 果肉多 净含量1.5L 66元/件/6瓶 2瓶', '20.00', 1, '1_04729037901755028.jpg', '20.00', 1, 33, '1', 0, 0, 0, 0),
(118, 118, 310, '康汇园芒果汁饮料 果肉多 净含量1.5L 66元/件/6瓶 2瓶', '20.00', 1, '1_04729037901755028.jpg', '20.00', 1, 33, '1', 0, 0, 0, 0),
(119, 119, 310, '康汇园芒果汁饮料 果肉多 净含量1.5L 66元/件/6瓶 2瓶', '20.00', 1, '1_04729037901755028.jpg', '20.00', 1, 33, '1', 0, 0, 0, 0),
(120, 120, 310, '康汇园芒果汁饮料 果肉多 净含量1.5L 66元/件/6瓶 2瓶', '20.00', 1, '1_04729037901755028.jpg', '20.00', 1, 33, '1', 0, 0, 0, 0),
(121, 121, 310, '康汇园芒果汁饮料 果肉多 净含量1.5L 66元/件/6瓶 2瓶', '20.00', 1, '1_04729037901755028.jpg', '20.00', 1, 33, '1', 0, 0, 0, 0),
(122, 122, 310, '康汇园芒果汁饮料 果肉多 净含量1.5L 66元/件/6瓶 2瓶', '20.00', 1, '1_04729037901755028.jpg', '20.00', 1, 33, '1', 0, 0, 0, 0),
(123, 123, 310, '康汇园芒果汁饮料 果肉多 净含量1.5L 66元/件/6瓶 2瓶', '20.00', 1, '1_04729037901755028.jpg', '20.00', 1, 33, '1', 0, 0, 0, 0),
(124, 124, 310, '康汇园芒果汁饮料 果肉多 净含量1.5L 66元/件/6瓶 2瓶', '20.00', 1, '1_04729037901755028.jpg', '20.00', 1, 33, '1', 0, 0, 0, 0),
(125, 125, 286, '高精度腐蚀金属卡/金卡/银卡/金属卡/贵宾卡/金属名片', '3.00', 1, '2_04719526935878416.jpg', '3.00', 2, 33, '1', 0, 3, 0, 0),
(126, 126, 286, '高精度腐蚀金属卡/金卡/银卡/金属卡/贵宾卡/金属名片', '3.00', 1, '2_04719526935878416.jpg', '3.00', 2, 33, '1', 0, 3, 0, 0),
(127, 127, 286, '高精度腐蚀金属卡/金卡/银卡/金属卡/贵宾卡/金属名片', '3.00', 1, '2_04719526935878416.jpg', '3.00', 2, 33, '1', 0, 3, 0, 0),
(128, 128, 286, '高精度腐蚀金属卡/金卡/银卡/金属卡/贵宾卡/金属名片', '3.00', 1, '2_04719526935878416.jpg', '3.00', 2, 33, '1', 0, 3, 0, 0),
(129, 129, 286, '高精度腐蚀金属卡/金卡/银卡/金属卡/贵宾卡/金属名片', '3.00', 1, '2_04719526935878416.jpg', '3.00', 2, 33, '1', 0, 3, 0, 0),
(130, 130, 286, '高精度腐蚀金属卡/金卡/银卡/金属卡/贵宾卡/金属名片', '3.00', 1, '2_04719526935878416.jpg', '3.00', 2, 33, '1', 0, 3, 0, 0),
(131, 131, 282, '生态有机土猪肉 高山泉水喂养 瘦红肥白  肥瘦搭配 味道鲜美 140元/10斤', '140.00', 1, '1_04717785723829778.jpg', '140.00', 1, 33, '1', 0, 0, 0, 0),
(132, 132, 282, '生态有机土猪肉 高山泉水喂养 瘦红肥白  肥瘦搭配 味道鲜美 140元/10斤', '140.00', 1, '1_04717785723829778.jpg', '140.00', 1, 33, '1', 0, 0, 0, 0),
(133, 133, 282, '生态有机土猪肉 高山泉水喂养 瘦红肥白  肥瘦搭配 味道鲜美 140元/10斤', '140.00', 1, '1_04717785723829778.jpg', '140.00', 1, 33, '1', 0, 0, 0, 0),
(134, 134, 282, '生态有机土猪肉 高山泉水喂养 瘦红肥白  肥瘦搭配 味道鲜美 140元/10斤', '140.00', 1, '1_04717785723829778.jpg', '140.00', 1, 33, '1', 0, 0, 0, 0),
(135, 135, 282, '生态有机土猪肉 高山泉水喂养 瘦红肥白  肥瘦搭配 味道鲜美 140元/10斤', '140.00', 1, '1_04717785723829778.jpg', '140.00', 1, 33, '1', 0, 0, 0, 0),
(136, 136, 282, '生态有机土猪肉 高山泉水喂养 瘦红肥白  肥瘦搭配 味道鲜美 140元/10斤', '140.00', 1, '1_04717785723829778.jpg', '140.00', 1, 33, '1', 0, 0, 0, 0),
(137, 137, 282, '生态有机土猪肉 高山泉水喂养 瘦红肥白  肥瘦搭配 味道鲜美 140元/10斤', '140.00', 1, '1_04717785723829778.jpg', '140.00', 1, 33, '1', 0, 0, 0, 0),
(138, 138, 282, '生态有机土猪肉 高山泉水喂养 瘦红肥白  肥瘦搭配 味道鲜美 140元/10斤', '140.00', 1, '1_04717785723829778.jpg', '140.00', 1, 33, '1', 0, 0, 0, 0),
(139, 139, 282, '生态有机土猪肉 高山泉水喂养 瘦红肥白  肥瘦搭配 味道鲜美 140元/10斤', '140.00', 1, '1_04717785723829778.jpg', '140.00', 1, 33, '1', 0, 0, 0, 0),
(140, 140, 282, '生态有机土猪肉 高山泉水喂养 瘦红肥白  肥瘦搭配 味道鲜美 140元/10斤', '140.00', 1, '1_04717785723829778.jpg', '140.00', 1, 33, '1', 0, 0, 0, 0),
(141, 141, 282, '生态有机土猪肉 高山泉水喂养 瘦红肥白  肥瘦搭配 味道鲜美 140元/10斤', '140.00', 1, '1_04717785723829778.jpg', '140.00', 1, 33, '1', 0, 0, 0, 0),
(142, 142, 282, '生态有机土猪肉 高山泉水喂养 瘦红肥白  肥瘦搭配 味道鲜美 140元/10斤', '140.00', 1, '1_04717785723829778.jpg', '140.00', 1, 33, '1', 0, 0, 0, 0),
(143, 143, 282, '生态有机土猪肉 高山泉水喂养 瘦红肥白  肥瘦搭配 味道鲜美 140元/10斤', '140.00', 1, '1_04717785723829778.jpg', '140.00', 1, 33, '1', 0, 0, 0, 0),
(144, 144, 282, '生态有机土猪肉 高山泉水喂养 瘦红肥白  肥瘦搭配 味道鲜美 140元/10斤', '140.00', 1, '1_04717785723829778.jpg', '140.00', 1, 33, '1', 0, 0, 0, 0),
(145, 145, 282, '生态有机土猪肉 高山泉水喂养 瘦红肥白  肥瘦搭配 味道鲜美 140元/10斤', '140.00', 1, '1_04717785723829778.jpg', '140.00', 1, 33, '1', 0, 0, 0, 0),
(146, 146, 282, '生态有机土猪肉 高山泉水喂养 瘦红肥白  肥瘦搭配 味道鲜美 140元/10斤', '140.00', 1, '1_04717785723829778.jpg', '140.00', 1, 33, '1', 0, 0, 0, 0),
(147, 147, 282, '生态有机土猪肉 高山泉水喂养 瘦红肥白  肥瘦搭配 味道鲜美 140元/10斤', '140.00', 1, '1_04717785723829778.jpg', '140.00', 1, 33, '1', 0, 0, 0, 0),
(148, 148, 282, '生态有机土猪肉 高山泉水喂养 瘦红肥白  肥瘦搭配 味道鲜美 140元/10斤', '140.00', 1, '1_04717785723829778.jpg', '140.00', 1, 33, '1', 0, 0, 0, 0),
(149, 149, 282, '生态有机土猪肉 高山泉水喂养 瘦红肥白  肥瘦搭配 味道鲜美 140元/10斤', '140.00', 1, '1_04717785723829778.jpg', '140.00', 1, 33, '1', 0, 0, 0, 0),
(150, 150, 282, '生态有机土猪肉 高山泉水喂养 瘦红肥白  肥瘦搭配 味道鲜美 140元/10斤', '140.00', 1, '1_04717785723829778.jpg', '140.00', 1, 33, '1', 0, 0, 0, 0),
(151, 151, 282, '生态有机土猪肉 高山泉水喂养 瘦红肥白  肥瘦搭配 味道鲜美 140元/10斤', '140.00', 1, '1_04717785723829778.jpg', '140.00', 1, 33, '1', 0, 0, 0, 0),
(152, 152, 283, '农家土鸡蛋 虫草物喂养 纯谷物喂养 营养价值高 散装30枚54元', '54.00', 1, '1_04718403423957289.jpg', '54.00', 1, 35, '1', 0, 0, 0, 0),
(153, 153, 330, '百丈潭茶叶礼盒 百丈潭潭峰茶3# 通城特产 上品绿茶 252g', '252.00', 1, '5_04753351520795463.jpg', '252.00', 5, 5, '1', 0, 8, 0, 0),
(154, 154, 333, '山信稻米油 非转基因 食用米糠油 7500ppm谷维素 马伊琍代言 1.8l 装', '29.00', 1, '1_04754123035459069.jpg', '29.00', 1, 5, '1', 0, 0, 0, 0),
(155, 155, 323, '百丈潭茶叶  6# 优质绿茶  50g/包   通城特产   10包起售', '9.00', 1, '5_04753299127051713.jpg', '9.00', 5, 5, '1', 0, 8, 0, 0),
(156, 156, 323, '百丈潭茶叶  6# 优质绿茶  50g/包   通城特产   10包起售', '9.00', 1, '5_04753299127051713.jpg', '9.00', 5, 5, '1', 0, 8, 0, 0),
(157, 157, 324, '百丈潭茶叶 绿茶 通城特产 8件起售   125g', '16.20', 1, '5_04753326999101409.jpg', '16.20', 5, 5, '1', 0, 8, 0, 0),
(158, 158, 308, '康汇园苹果汁醋饮料  净含量500L   果汁酿造  原汁原味 5瓶', '55.00', 1, '1_04729051678861049.jpg', '55.00', 1, 5, '1', 0, 0, 0, 0),
(159, 159, 323, '百丈潭茶叶  6# 优质绿茶  50g/包   通城特产   10包起售', '9.00', 10, '5_04753299127051713.jpg', '90.00', 5, 5, '1', 0, 8, 0, 0),
(160, 160, 333, '山信稻米油 非转基因 食用米糠油 7500ppm谷维素 马伊琍代言 1.8l 装', '29.00', 1, '1_04754123035459069.jpg', '29.00', 1, 8, '1', 0, 0, 0, 0),
(161, 161, 333, '山信稻米油 非转基因 食用米糠油 7500ppm谷维素 马伊琍代言 1.8l 装', '29.00', 1, '1_04754123035459069.jpg', '29.00', 1, 8, '1', 0, 0, 0, 0),
(162, 162, 323, '百丈潭茶叶  6# 优质绿茶  50g/包   通城特产   10包起售', '9.00', 1, '5_04753299127051713.jpg', '9.00', 5, 5, '1', 0, 8, 0, 0),
(163, 163, 323, '百丈潭茶叶  6# 优质绿茶  50g/包   通城特产   10包起售', '9.00', 1, '5_04753299127051713.jpg', '9.00', 5, 5, '1', 0, 8, 0, 0),
(164, 164, 323, '百丈潭茶叶  6# 优质绿茶  50g/包   通城特产   10包起售', '9.00', 1, '5_04753299127051713.jpg', '9.00', 5, 5, '1', 0, 8, 0, 0),
(165, 165, 323, '百丈潭茶叶  6# 优质绿茶  50g/包   通城特产   10包起售', '9.00', 1, '5_04753299127051713.jpg', '9.00', 5, 5, '1', 0, 8, 0, 0),
(166, 166, 323, '百丈潭茶叶  6# 优质绿茶  50g/包   通城特产   10包起售', '9.00', 1, '5_04753299127051713.jpg', '9.00', 5, 5, '1', 0, 8, 0, 0),
(167, 167, 360, '巨型大枣！  小陆干果  新疆特产 新疆和田大红枣  500g', '25.80', 1, '7_04766332981154795.jpg', '25.80', 7, 8, '1', 0, 3, 0, 0),
(168, 168, 360, '巨型大枣！  小陆干果  新疆特产 新疆和田大红枣  500g', '25.80', 1, '7_04766332981154795.jpg', '25.80', 7, 8, '1', 0, 3, 0, 0),
(169, 169, 360, '巨型大枣！  小陆干果  新疆特产 新疆和田大红枣  500g', '25.80', 1, '7_04766332981154795.jpg', '25.80', 7, 8, '1', 0, 3, 0, 0),
(170, 170, 360, '巨型大枣！  小陆干果  新疆特产 新疆和田大红枣  500g', '25.80', 1, '7_04766332981154795.jpg', '25.80', 7, 24, '1', 0, 3, 0, 0),
(171, 171, 364, '小陆干果 新疆特产若羌灰枣三级 自然吊干精选小枣 500g', '18.80', 1, '7_04767056934315317.jpg', '18.80', 7, 8, '1', 0, 3, 0, 0),
(172, 172, 364, '小陆干果 新疆特产若羌灰枣三级 自然吊干精选小枣 500g', '18.80', 1, '7_04767056934315317.jpg', '18.80', 7, 8, '1', 0, 3, 0, 0),
(173, 173, 364, '小陆干果 新疆特产若羌灰枣三级 自然吊干精选小枣 500g', '18.80', 1, '7_04767056934315317.jpg', '18.80', 7, 8, '1', 0, 3, 0, 0),
(174, 174, 364, '小陆干果 新疆特产若羌灰枣三级 自然吊干精选小枣 500g', '18.80', 1, '7_04767056934315317.jpg', '18.80', 7, 8, '1', 0, 3, 0, 0),
(175, 175, 364, '小陆干果 新疆特产若羌灰枣三级 自然吊干精选小枣 500g', '18.80', 1, '7_04767056934315317.jpg', '18.80', 7, 8, '1', 0, 3, 0, 0),
(176, 176, 364, '小陆干果 新疆特产若羌灰枣三级 自然吊干精选小枣 500g', '18.80', 1, '7_04767056934315317.jpg', '18.80', 7, 8, '1', 0, 3, 0, 0),
(177, 177, 362, '小陆干果 新疆特产若羌灰枣一级 自然吊干精选小枣 500g', '26.80', 1, '7_04767053975470332.jpg', '26.80', 7, 45, '1', 0, 3, 0, 0),
(178, 178, 348, '夏威夷果  澳洲坚果  零食干果  送开口器 奶油味 500g', '33.50', 1, '7_04763797018156347.jpg', '33.50', 7, 17, '1', 0, 3, 0, 0),
(179, 179, 347, '碧根果 长寿果美国山核桃坚果零食奶油味  500g', '33.50', 1, '7_04763618050273058.jpg', '33.50', 7, 17, '1', 0, 3, 0, 0),
(180, 180, 347, '碧根果 长寿果美国山核桃坚果零食奶油味  500g', '33.50', 2, '7_04763618050273058.jpg', '67.00', 7, 17, '1', 0, 3, 0, 0),
(181, 180, 357, '巴旦木 坚果零食 新疆薄壳杏仁手剥扁桃仁 500g  小珍珠', '25.80', 2, '7_04765310723591147.jpg', '51.60', 7, 17, '1', 0, 3, 0, 0),
(182, 181, 277, '有机绿壳乌鸡蛋 山地放养 散装30枚70元', '70.00', 1, '1_04717712539271406.jpg', '70.00', 1, 8, '1', 0, 0, 0, 0),
(183, 182, 277, '有机绿壳乌鸡蛋 山地放养 散装30枚70元', '70.00', 1, '1_04717712539271406.jpg', '70.00', 1, 8, '1', 0, 0, 0, 0),
(184, 183, 277, '有机绿壳乌鸡蛋 山地放养 散装30枚70元', '70.00', 1, '1_04717712539271406.jpg', '70.00', 1, 8, '1', 0, 0, 0, 0),
(185, 184, 346, '新货 坚果 松子 东北开口松子 500g', '38.80', 1, '7_04762963544782948.jpg', '38.80', 7, 8, '1', 0, 3, 0, 0),
(186, 185, 277, '有机绿壳乌鸡蛋 山地放养 散装30枚70元', '70.00', 1, '1_04717712539271406.jpg', '70.00', 1, 15, '1', 0, 0, 0, 0),
(187, 186, 277, '有机绿壳乌鸡蛋 山地放养 散装30枚70元', '70.00', 1, '1_04717712539271406.jpg', '70.00', 1, 15, '1', 0, 0, 0, 0),
(188, 187, 277, '有机绿壳乌鸡蛋 山地放养 散装30枚70元', '70.00', 1, '1_04717712539271406.jpg', '70.00', 1, 15, '1', 0, 0, 0, 0),
(189, 188, 277, '有机绿壳乌鸡蛋 山地放养 散装30枚70元', '70.00', 1, '1_04717712539271406.jpg', '70.00', 1, 15, '1', 0, 0, 0, 0),
(190, 189, 347, '碧根果 长寿果美国山核桃坚果零食奶油味  500g', '33.50', 1, '7_04763618050273058.jpg', '33.50', 7, 51, '1', 0, 3, 0, 0),
(191, 190, 347, '碧根果 长寿果美国山核桃坚果零食奶油味  500g', '33.50', 1, '7_04763618050273058.jpg', '33.50', 7, 51, '1', 0, 3, 0, 0),
(192, 191, 330, '百丈潭茶叶礼盒 百丈潭潭峰茶3# 通城特产 上品绿茶 252g', '252.00', 1, '5_04753351520795463.jpg', '252.00', 5, 5, '1', 0, 8, 0, 0),
(193, 192, 330, '百丈潭茶叶礼盒 百丈潭潭峰茶3# 通城特产 上品绿茶 252g', '252.00', 1, '5_04753351520795463.jpg', '252.00', 5, 5, '1', 0, 8, 0, 0),
(194, 193, 277, '有机绿壳乌鸡蛋 山地放养 散装30枚70元', '70.00', 1, '1_04717712539271406.jpg', '70.00', 1, 5, '1', 0, 0, 0, 0),
(195, 194, 277, '有机绿壳乌鸡蛋 山地放养 散装30枚70元', '70.00', 1, '1_04717712539271406.jpg', '70.00', 1, 5, '1', 0, 0, 0, 0),
(196, 195, 277, '有机绿壳乌鸡蛋 山地放养 散装30枚70元', '70.00', 1, '1_04717712539271406.jpg', '70.00', 1, 5, '1', 0, 0, 0, 0),
(197, 196, 277, '有机绿壳乌鸡蛋 山地放养 散装30枚70元', '70.00', 1, '1_04717712539271406.jpg', '70.00', 1, 5, '1', 0, 0, 0, 0),
(198, 197, 277, '有机绿壳乌鸡蛋 山地放养 散装30枚70元', '70.00', 1, '1_04717712539271406.jpg', '70.00', 1, 5, '1', 0, 0, 0, 0),
(199, 198, 276, '昭君故里酒 美之梦酒 优质白酒 500ml 浓香型 42度', '108.00', 1, '1_04717754051864205.jpg', '108.00', 1, 5, '3', 9, 0, 0, 0),
(200, 199, 276, '昭君故里酒 美之梦酒 优质白酒 500ml 浓香型 42度', '108.00', 1, '1_04717754051864205.jpg', '108.00', 1, 5, '3', 9, 0, 0, 0),
(201, 200, 276, '昭君故里酒 美之梦酒 优质白酒 500ml 浓香型 42度', '108.00', 1, '1_04717754051864205.jpg', '108.00', 1, 5, '3', 9, 0, 0, 0),
(202, 201, 276, '昭君故里酒 美之梦酒 优质白酒 500ml 浓香型 42度', '108.00', 1, '1_04717754051864205.jpg', '108.00', 1, 5, '3', 9, 0, 0, 0),
(203, 202, 276, '昭君故里酒 美之梦酒 优质白酒 500ml 浓香型 42度', '108.00', 1, '1_04717754051864205.jpg', '108.00', 1, 5, '3', 9, 0, 0, 0),
(204, 203, 276, '昭君故里酒 美之梦酒 优质白酒 500ml 浓香型 42度', '108.00', 1, '1_04717754051864205.jpg', '108.00', 1, 5, '3', 9, 0, 0, 0),
(205, 204, 369, 'test', '0.10', 1, '1_04796607698741156.jpg', '0.10', 1, 6, '1', 0, 0, 0, 0),
(206, 205, 284, '有机土鸡蛋 虫草物喂养 纯谷物喂养 营养价值高 礼品装48枚96元', '96.00', 1, '1_04718409568576789.jpg', '96.00', 1, 80, '1', 0, 0, 0, 0),
(207, 206, 347, '碧根果 长寿果美国山核桃坚果零食奶油味  500g', '33.50', 1, '7_04763618050273058.jpg', '33.50', 7, 80, '1', 0, 3, 0, 0),
(208, 207, 286, '高精度腐蚀金属卡/金卡/银卡/金属卡/贵宾卡/金属名片', '3.00', 1, '2_04719526935878416.jpg', '3.00', 2, 78, '1', 0, 3, 0, 0),
(209, 208, 283, '农家土鸡蛋 虫草物喂养 纯谷物喂养 营养价值高 散装30枚54元', '54.00', 1, '1_04718403423957289.jpg', '54.00', 1, 78, '1', 0, 0, 0, 0);

-- --------------------------------------------------------

--
-- 表的结构 `cor_order_log`
--

CREATE TABLE IF NOT EXISTS `cor_order_log` (
  `log_id` int(11) NOT NULL AUTO_INCREMENT COMMENT '主键',
  `order_id` int(11) NOT NULL COMMENT '订单id',
  `log_msg` varchar(150) DEFAULT '' COMMENT '文字描述',
  `log_time` int(10) unsigned NOT NULL COMMENT '处理时间',
  `log_role` char(2) NOT NULL COMMENT '操作角色',
  `log_user` varchar(30) DEFAULT '' COMMENT '操作人',
  `log_orderstate` enum('0','10','20','30','40') DEFAULT NULL COMMENT '订单状态：0(已取消)10:未付款;20:已付款;30:已发货;40:已收货;',
  PRIMARY KEY (`log_id`)
) ENGINE=InnoDB  DEFAULT CHARSET=utf8 COMMENT='订单处理历史表' AUTO_INCREMENT=432 ;

--
-- 转存表中的数据 `cor_order_log`
--

INSERT INTO `cor_order_log` (`log_id`, `order_id`, `log_msg`, `log_time`, `log_role`, `log_user`, `log_orderstate`) VALUES
(1, 1, '提交了订单', 1416467167, '买家', '', '10'),
(2, 1, '取消了订单', 1416468038, '买家', '', '0'),
(3, 2, '提交了订单', 1416474966, '买家', '', '10'),
(4, 2, '取消了订单 ( 从其他店铺购买 )', 1416475357, '买家', '', '0'),
(5, 3, '提交了订单', 1416540602, '买家', '', '10'),
(6, 3, '取消了订单', 1416540976, '买家', '', '0'),
(7, 4, '提交了订单', 1416554005, '买家', '', '10'),
(8, 4, '取消了订单', 1416554201, '买家', '', '0'),
(9, 5, '提交了订单', 1416568766, '买家', '', '10'),
(10, 6, '提交了订单', 1416568839, '买家', '', '10'),
(11, 7, '提交了订单', 1416568870, '买家', '', '10'),
(12, 5, '取消了订单', 1416615268, '买家', '', '0'),
(13, 6, '取消了订单', 1416615281, '买家', '', '0'),
(14, 8, '提交了订单', 1416624206, '买家', '', '10'),
(15, 8, '取消了订单 ( 从其他店铺购买 )', 1416625457, '买家', '', '0'),
(16, 9, '提交了订单', 1416625600, '买家', '', '10'),
(17, 9, '完成了付款', 1416625600, '买家', '', '20'),
(18, 9, '发出了货物 ( 编辑了发货信息 )', 1416625965, '商家', 'corshop', NULL),
(19, 9, '签收了货物', 1416626001, '买家', '', '40'),
(20, 9, '评价了交易', 1416626764, '买家', '', NULL),
(21, 10, '提交了订单', 1416645348, '买家', '', '10'),
(22, 10, '取消了订单', 1416645462, '买家', '', '0'),
(23, 11, '提交了订单', 1416806669, '买家', '', '10'),
(24, 11, '完成了付款', 1416806669, '买家', '', '20'),
(25, 11, '发出了货物 ( 编辑了发货信息 )', 1416806805, '商家', 'corshop', NULL),
(26, 11, '签收了货物', 1416806827, '买家', '', '40'),
(27, 11, '评价了交易', 1416806839, '买家', '', NULL),
(28, 12, '提交了订单', 1416813536, '买家', '', '10'),
(29, 12, '完成了付款', 1416813536, '买家', '', '20'),
(30, 12, '发出了货物 ( 编辑了发货信息 )', 1416813777, '商家', 'corshop', NULL),
(31, 12, '签收了货物', 1416813872, '买家', '', '40'),
(32, 12, '评价了交易', 1416813963, '买家', '', NULL),
(33, 13, '提交了订单', 1416817312, '买家', '', '10'),
(34, 13, '取消了订单', 1416820314, '买家', '', '0'),
(35, 7, '修改了商品价格', 1417092036, '商家', 'corshop', NULL),
(36, 14, '', 1417146895, '买家', '', '20'),
(37, 7, '超过7天未付款，系统自动取消订单。', 1417265490, '系统', '', '0'),
(38, 15, '提交了订单', 1417571985, '买家', '', '10'),
(39, 16, '提交了订单', 1417572106, '买家', '', '10'),
(40, 17, '提交了订单', 1417626794, '买家', '', '10'),
(41, 17, '修改了商品价格', 1417626938, '商家', 'corshop', NULL),
(42, 16, '修改了商品价格', 1417627819, '商家', 'corshop', NULL),
(43, 18, '提交了订单', 1417630968, '买家', '', '10'),
(44, 18, '完成了付款', 1417630968, '买家', '', '20'),
(45, 19, '提交了订单', 1417645840, '买家', '', '10'),
(46, 20, '提交了订单', 1417650746, '买家', '', '10'),
(47, 21, '提交了订单', 1417652592, '买家', '', '10'),
(48, 22, '提交了订单', 1417652741, '买家', '', '10'),
(49, 15, '超过7天未付款，系统自动取消订单。', 1418274027, '系统', '', '0'),
(50, 16, '超过7天未付款，系统自动取消订单。', 1418274027, '系统', '', '0'),
(51, 19, '超过7天未付款，系统自动取消订单。', 1418274027, '系统', '', '0'),
(52, 17, '超过7天未付款，系统自动取消订单。', 1418354912, '系统', '', '0'),
(53, 20, '超过7天未付款，系统自动取消订单。', 1418354912, '系统', '', '0'),
(54, 21, '超过7天未付款，系统自动取消订单。', 1418354912, '系统', '', '0'),
(55, 22, '超过7天未付款，系统自动取消订单。', 1418354912, '系统', '', '0'),
(56, 23, '提交了订单', 1418401859, '买家', '', '10'),
(57, 24, '提交了订单', 1418409680, '买家', '', '10'),
(58, 24, '完成了付款', 1418409680, '买家', '', '20'),
(59, 25, '', 1418438307, '买家', '', '10'),
(60, 26, '', 1418438309, '买家', '', '10'),
(61, 27, '提交了订单', 1418518357, '买家', '', '10'),
(62, 28, '提交了订单', 1418538488, '买家', '', '10'),
(63, 29, '提交了订单', 1418923415, '买家', '', '10'),
(64, 14, '取消了订单 ( 不是有效的订单 )', 1418930264, '商家', 'corshop', '0'),
(65, 24, '发出了货物 ( 编辑了发货信息 )', 1418930355, '商家', 'corshop', NULL),
(66, 24, '发出了货物 ( 编辑了发货信息 )', 1418930360, '商家', 'corshop', NULL),
(67, 24, '发出了货物 ( 编辑了发货信息 )', 1418930388, '商家', 'corshop', NULL),
(68, 24, '签收了货物', 1418930730, '买家', '', '40'),
(69, 18, '发出了货物 ( 编辑了发货信息 )', 1418931391, '商家', 'corshop', NULL),
(70, 18, '签收了货物', 1419131279, '买家', '', '40'),
(71, 30, '提交了订单', 1419216788, '买家', '', '10'),
(72, 23, '超过7天未付款，系统自动取消订单。', 1419217154, '系统', '', '0'),
(73, 25, '超过7天未付款，系统自动取消订单。', 1419217154, '系统', '', '0'),
(74, 26, '超过7天未付款，系统自动取消订单。', 1419217154, '系统', '', '0'),
(75, 27, '超过7天未付款，系统自动取消订单。', 1419217154, '系统', '', '0'),
(76, 28, '超过7天未付款，系统自动取消订单。', 1419217154, '系统', '', '0'),
(77, 30, '修改了商品价格', 1419217171, '商家', 'corshop', NULL),
(78, 31, '提交了订单', 1419496269, '买家', '', '10'),
(79, 31, '修改了商品价格', 1419496694, '商家', 'corshop', NULL),
(80, 31, '修改了运费', 1419496711, '商家', 'corshop', NULL),
(81, 31, '完成了付款 ( 支付平台交易号 : 2014122577536771 )', 1419496810, '买家', '', '20'),
(82, 31, '发出了货物 ( 编辑了发货信息 )', 1419497295, '商家', 'corshop', NULL),
(83, 31, '签收了货物', 1419497317, '买家', '', '40'),
(84, 29, '超过7天未付款，系统自动取消订单。', 1419556284, '系统', '', '0'),
(85, 32, '提交了订单', 1419582003, '买家', '', '10'),
(86, 33, '提交了订单', 1419836543, '买家', '', '10'),
(87, 34, '提交了订单', 1419836556, '买家', '', '10'),
(88, 30, '超过7天未付款，系统自动取消订单。', 1419836668, '系统', '', '0'),
(89, 34, '修改了商品价格', 1419836761, '商家', 'corshop', NULL),
(90, 33, '取消了订单 ( 改买其他商品 )', 1419836856, '买家', '', '0'),
(91, 34, '完成了付款 ( 支付平台交易号 : 2014122903309971 )', 1419837133, '买家', '', '20'),
(92, 34, '商品全部退款完成取消订单。', 1419838507, '系统', '', '0'),
(93, 32, '取消了订单 ( 不是有效的订单 )', 1420075001, '商家', 'corshop', '0'),
(94, 35, '提交了订单', 1421024545, '买家', '', '10'),
(95, 35, '完成了付款', 1421024545, '买家', '', '20'),
(96, 35, '发出了货物 ( 编辑了发货信息 )', 1421024670, '商家', 'corshop', NULL),
(97, 35, '签收了货物', 1421024714, '买家', '', '40'),
(113, 51, '提交了订单', 1421221317, '买家', '', '10'),
(114, 52, '提交了订单', 1421221339, '买家', '', '10'),
(115, 52, '取消了订单', 1421221390, '买家', '', '0'),
(123, 60, '提交了订单', 1421221715, '买家', '', '10'),
(124, 60, '完成了付款', 1421221715, '买家', '', '20'),
(125, 61, '提交了订单', 1421222078, '买家', '', '10'),
(126, 61, '取消了订单 ( 改买其他商品 )', 1421222104, '买家', '', '0'),
(127, 62, '提交了订单', 1421222548, '买家', '', '10'),
(128, 62, '修改了运费', 1421222655, '商家', 'tcdq', NULL),
(129, 60, '商品全部退款完成取消订单。', 1421223131, '系统', '', '0'),
(130, 51, '取消了订单 ( 不是有效的订单 )', 1421226120, '商家', 'corshop', '0'),
(131, 63, '提交了订单', 1421226260, '买家', '', '10'),
(132, 63, '完成了付款', 1421226260, '买家', '', '20'),
(133, 63, '商品全部退款完成取消订单。', 1421226512, '系统', '', '0'),
(134, 64, '提交了订单', 1421226552, '买家', '', '10'),
(135, 64, '取消了订单 ( 改买其他商品 )', 1421226569, '买家', '', '0'),
(136, 65, '提交了订单', 1421628618, '买家', '', '10'),
(137, 66, '提交了订单', 1421628618, '买家', '', '10'),
(138, 67, '提交了订单', 1421628624, '买家', '', '10'),
(139, 68, '提交了订单', 1421628624, '买家', '', '10'),
(140, 69, '提交了订单', 1421628628, '买家', '', '10'),
(141, 70, '提交了订单', 1421628628, '买家', '', '10'),
(142, 71, '提交了订单', 1421628629, '买家', '', '10'),
(143, 72, '提交了订单', 1421628629, '买家', '', '10'),
(144, 73, '提交了订单', 1421628629, '买家', '', '10'),
(145, 74, '提交了订单', 1421628629, '买家', '', '10'),
(146, 75, '提交了订单', 1421628629, '买家', '', '10'),
(147, 76, '提交了订单', 1421628629, '买家', '', '10'),
(148, 77, '提交了订单', 1421628629, '买家', '', '10'),
(149, 78, '提交了订单', 1421628629, '买家', '', '10'),
(150, 79, '提交了订单', 1421628629, '买家', '', '10'),
(151, 80, '提交了订单', 1421628629, '买家', '', '10'),
(152, 81, '提交了订单', 1421628629, '买家', '', '10'),
(153, 82, '提交了订单', 1421628629, '买家', '', '10'),
(154, 83, '提交了订单', 1421628630, '买家', '', '10'),
(155, 84, '提交了订单', 1421628630, '买家', '', '10'),
(156, 85, '提交了订单', 1421628630, '买家', '', '10'),
(157, 86, '提交了订单', 1421628630, '买家', '', '10'),
(158, 87, '提交了订单', 1421628630, '买家', '', '10'),
(159, 88, '提交了订单', 1421628630, '买家', '', '10'),
(160, 89, '提交了订单', 1421628631, '买家', '', '10'),
(161, 90, '提交了订单', 1421628631, '买家', '', '10'),
(162, 91, '提交了订单', 1421628631, '买家', '', '10'),
(163, 92, '提交了订单', 1421628631, '买家', '', '10'),
(164, 93, '提交了订单', 1421628631, '买家', '', '10'),
(165, 94, '提交了订单', 1421628631, '买家', '', '10'),
(166, 95, '提交了订单', 1421628632, '买家', '', '10'),
(167, 96, '提交了订单', 1421628632, '买家', '', '10'),
(168, 97, '提交了订单', 1421628632, '买家', '', '10'),
(169, 98, '提交了订单', 1421628632, '买家', '', '10'),
(170, 99, '提交了订单', 1421628632, '买家', '', '10'),
(171, 100, '提交了订单', 1421628632, '买家', '', '10'),
(172, 101, '提交了订单', 1421628633, '买家', '', '10'),
(173, 102, '提交了订单', 1421628633, '买家', '', '10'),
(174, 103, '提交了订单', 1421628633, '买家', '', '10'),
(175, 104, '提交了订单', 1421628633, '买家', '', '10'),
(176, 105, '提交了订单', 1421628633, '买家', '', '10'),
(177, 106, '提交了订单', 1421628633, '买家', '', '10'),
(178, 107, '提交了订单', 1421628634, '买家', '', '10'),
(179, 108, '提交了订单', 1421628634, '买家', '', '10'),
(180, 109, '提交了订单', 1421628634, '买家', '', '10'),
(181, 110, '提交了订单', 1421628634, '买家', '', '10'),
(182, 111, '提交了订单', 1421628634, '买家', '', '10'),
(183, 112, '提交了订单', 1421628634, '买家', '', '10'),
(184, 113, '提交了订单', 1421628635, '买家', '', '10'),
(185, 114, '提交了订单', 1421628635, '买家', '', '10'),
(186, 115, '提交了订单', 1421628635, '买家', '', '10'),
(187, 116, '提交了订单', 1421628635, '买家', '', '10'),
(188, 117, '提交了订单', 1421628635, '买家', '', '10'),
(189, 118, '提交了订单', 1421628635, '买家', '', '10'),
(190, 119, '提交了订单', 1421628635, '买家', '', '10'),
(191, 120, '提交了订单', 1421628636, '买家', '', '10'),
(192, 121, '提交了订单', 1421628636, '买家', '', '10'),
(193, 122, '提交了订单', 1421628636, '买家', '', '10'),
(194, 123, '提交了订单', 1421628636, '买家', '', '10'),
(195, 124, '提交了订单', 1421628636, '买家', '', '10'),
(196, 125, '提交了订单', 1421628761, '买家', '', '10'),
(197, 126, '提交了订单', 1421628763, '买家', '', '10'),
(198, 127, '提交了订单', 1421628764, '买家', '', '10'),
(199, 128, '提交了订单', 1421628764, '买家', '', '10'),
(200, 129, '提交了订单', 1421628764, '买家', '', '10'),
(201, 130, '提交了订单', 1421628764, '买家', '', '10'),
(202, 131, '提交了订单', 1421640478, '买家', '', '10'),
(203, 132, '提交了订单', 1421640479, '买家', '', '10'),
(204, 133, '提交了订单', 1421640480, '买家', '', '10'),
(205, 134, '提交了订单', 1421640480, '买家', '', '10'),
(206, 135, '提交了订单', 1421640481, '买家', '', '10'),
(207, 136, '提交了订单', 1421640481, '买家', '', '10'),
(208, 137, '提交了订单', 1421640482, '买家', '', '10'),
(209, 138, '提交了订单', 1421640483, '买家', '', '10'),
(210, 139, '提交了订单', 1421640484, '买家', '', '10'),
(211, 140, '提交了订单', 1421640485, '买家', '', '10'),
(212, 141, '提交了订单', 1421640486, '买家', '', '10'),
(213, 142, '提交了订单', 1421640487, '买家', '', '10'),
(214, 143, '提交了订单', 1421640488, '买家', '', '10'),
(215, 144, '提交了订单', 1421640488, '买家', '', '10'),
(216, 145, '提交了订单', 1421640488, '买家', '', '10'),
(217, 146, '提交了订单', 1421640488, '买家', '', '10'),
(218, 147, '提交了订单', 1421640488, '买家', '', '10'),
(219, 148, '提交了订单', 1421640489, '买家', '', '10'),
(220, 149, '提交了订单', 1421640489, '买家', '', '10'),
(221, 150, '提交了订单', 1421640489, '买家', '', '10'),
(222, 151, '提交了订单', 1421640489, '买家', '', '10'),
(223, 62, '超过7天未付款，系统自动取消订单。', 1421835256, '系统', '', '0'),
(224, 152, '提交了订单', 1421979875, '买家', '', '10'),
(225, 153, '', 1422170840, '买家', '', '10'),
(226, 154, '提交了订单', 1422170930, '买家', '', '10'),
(227, 155, '', 1422178579, '买家', '', '10'),
(228, 156, '', 1422178581, '买家', '', '10'),
(229, 157, '', 1422186436, '买家', '', '10'),
(230, 158, '提交了订单', 1422233745, '买家', '', '10'),
(231, 158, '取消了订单 ( 改买其他商品 )', 1422233780, '买家', '', '0'),
(232, 159, '提交了订单', 1422233822, '买家', '', '10'),
(233, 65, '超过7天未付款，系统自动取消订单。', 1422419132, '系统', '', '0'),
(234, 66, '超过7天未付款，系统自动取消订单。', 1422419132, '系统', '', '0'),
(235, 67, '超过7天未付款，系统自动取消订单。', 1422419132, '系统', '', '0'),
(236, 68, '超过7天未付款，系统自动取消订单。', 1422419132, '系统', '', '0'),
(237, 69, '超过7天未付款，系统自动取消订单。', 1422419132, '系统', '', '0'),
(238, 70, '超过7天未付款，系统自动取消订单。', 1422419132, '系统', '', '0'),
(239, 71, '超过7天未付款，系统自动取消订单。', 1422419132, '系统', '', '0'),
(240, 72, '超过7天未付款，系统自动取消订单。', 1422419132, '系统', '', '0'),
(241, 73, '超过7天未付款，系统自动取消订单。', 1422419132, '系统', '', '0'),
(242, 74, '超过7天未付款，系统自动取消订单。', 1422419132, '系统', '', '0'),
(243, 75, '超过7天未付款，系统自动取消订单。', 1422419132, '系统', '', '0'),
(244, 76, '超过7天未付款，系统自动取消订单。', 1422419132, '系统', '', '0'),
(245, 77, '超过7天未付款，系统自动取消订单。', 1422419132, '系统', '', '0'),
(246, 78, '超过7天未付款，系统自动取消订单。', 1422419132, '系统', '', '0'),
(247, 79, '超过7天未付款，系统自动取消订单。', 1422419132, '系统', '', '0'),
(248, 80, '超过7天未付款，系统自动取消订单。', 1422419132, '系统', '', '0'),
(249, 81, '超过7天未付款，系统自动取消订单。', 1422419132, '系统', '', '0'),
(250, 82, '超过7天未付款，系统自动取消订单。', 1422419132, '系统', '', '0'),
(251, 83, '超过7天未付款，系统自动取消订单。', 1422419132, '系统', '', '0'),
(252, 84, '超过7天未付款，系统自动取消订单。', 1422419132, '系统', '', '0'),
(253, 85, '超过7天未付款，系统自动取消订单。', 1422419132, '系统', '', '0'),
(254, 86, '超过7天未付款，系统自动取消订单。', 1422419132, '系统', '', '0'),
(255, 87, '超过7天未付款，系统自动取消订单。', 1422419132, '系统', '', '0'),
(256, 88, '超过7天未付款，系统自动取消订单。', 1422419132, '系统', '', '0'),
(257, 89, '超过7天未付款，系统自动取消订单。', 1422419132, '系统', '', '0'),
(258, 90, '超过7天未付款，系统自动取消订单。', 1422419132, '系统', '', '0'),
(259, 91, '超过7天未付款，系统自动取消订单。', 1422419132, '系统', '', '0'),
(260, 92, '超过7天未付款，系统自动取消订单。', 1422419132, '系统', '', '0'),
(261, 93, '超过7天未付款，系统自动取消订单。', 1422419132, '系统', '', '0'),
(262, 94, '超过7天未付款，系统自动取消订单。', 1422419132, '系统', '', '0'),
(263, 95, '超过7天未付款，系统自动取消订单。', 1422419132, '系统', '', '0'),
(264, 96, '超过7天未付款，系统自动取消订单。', 1422419132, '系统', '', '0'),
(265, 97, '超过7天未付款，系统自动取消订单。', 1422419132, '系统', '', '0'),
(266, 98, '超过7天未付款，系统自动取消订单。', 1422419132, '系统', '', '0'),
(267, 99, '超过7天未付款，系统自动取消订单。', 1422419132, '系统', '', '0'),
(268, 100, '超过7天未付款，系统自动取消订单。', 1422419132, '系统', '', '0'),
(269, 101, '超过7天未付款，系统自动取消订单。', 1422419132, '系统', '', '0'),
(270, 102, '超过7天未付款，系统自动取消订单。', 1422419132, '系统', '', '0'),
(271, 103, '超过7天未付款，系统自动取消订单。', 1422419132, '系统', '', '0'),
(272, 104, '超过7天未付款，系统自动取消订单。', 1422419132, '系统', '', '0'),
(273, 105, '超过7天未付款，系统自动取消订单。', 1422419132, '系统', '', '0'),
(274, 106, '超过7天未付款，系统自动取消订单。', 1422419132, '系统', '', '0'),
(275, 107, '超过7天未付款，系统自动取消订单。', 1422419132, '系统', '', '0'),
(276, 108, '超过7天未付款，系统自动取消订单。', 1422419132, '系统', '', '0'),
(277, 109, '超过7天未付款，系统自动取消订单。', 1422419132, '系统', '', '0'),
(278, 110, '超过7天未付款，系统自动取消订单。', 1422419132, '系统', '', '0'),
(279, 111, '超过7天未付款，系统自动取消订单。', 1422419132, '系统', '', '0'),
(280, 112, '超过7天未付款，系统自动取消订单。', 1422419132, '系统', '', '0'),
(281, 113, '超过7天未付款，系统自动取消订单。', 1422419132, '系统', '', '0'),
(282, 114, '超过7天未付款，系统自动取消订单。', 1422419132, '系统', '', '0'),
(283, 115, '超过7天未付款，系统自动取消订单。', 1422419132, '系统', '', '0'),
(284, 116, '超过7天未付款，系统自动取消订单。', 1422419132, '系统', '', '0'),
(285, 117, '超过7天未付款，系统自动取消订单。', 1422419132, '系统', '', '0'),
(286, 118, '超过7天未付款，系统自动取消订单。', 1422419132, '系统', '', '0'),
(287, 119, '超过7天未付款，系统自动取消订单。', 1422419132, '系统', '', '0'),
(288, 120, '超过7天未付款，系统自动取消订单。', 1422419132, '系统', '', '0'),
(289, 121, '超过7天未付款，系统自动取消订单。', 1422419132, '系统', '', '0'),
(290, 122, '超过7天未付款，系统自动取消订单。', 1422419132, '系统', '', '0'),
(291, 123, '超过7天未付款，系统自动取消订单。', 1422419132, '系统', '', '0'),
(292, 124, '超过7天未付款，系统自动取消订单。', 1422419132, '系统', '', '0'),
(293, 131, '超过7天未付款，系统自动取消订单。', 1422419132, '系统', '', '0'),
(294, 132, '超过7天未付款，系统自动取消订单。', 1422419132, '系统', '', '0'),
(295, 133, '超过7天未付款，系统自动取消订单。', 1422419132, '系统', '', '0'),
(296, 134, '超过7天未付款，系统自动取消订单。', 1422419132, '系统', '', '0'),
(297, 135, '超过7天未付款，系统自动取消订单。', 1422419132, '系统', '', '0'),
(298, 136, '超过7天未付款，系统自动取消订单。', 1422419132, '系统', '', '0'),
(299, 137, '超过7天未付款，系统自动取消订单。', 1422419132, '系统', '', '0'),
(300, 138, '超过7天未付款，系统自动取消订单。', 1422419132, '系统', '', '0'),
(301, 139, '超过7天未付款，系统自动取消订单。', 1422419132, '系统', '', '0'),
(302, 140, '超过7天未付款，系统自动取消订单。', 1422419132, '系统', '', '0'),
(303, 141, '超过7天未付款，系统自动取消订单。', 1422419132, '系统', '', '0'),
(304, 142, '超过7天未付款，系统自动取消订单。', 1422419132, '系统', '', '0'),
(305, 143, '超过7天未付款，系统自动取消订单。', 1422419132, '系统', '', '0'),
(306, 144, '超过7天未付款，系统自动取消订单。', 1422419132, '系统', '', '0'),
(307, 145, '超过7天未付款，系统自动取消订单。', 1422419132, '系统', '', '0'),
(308, 146, '超过7天未付款，系统自动取消订单。', 1422419132, '系统', '', '0'),
(309, 147, '超过7天未付款，系统自动取消订单。', 1422419132, '系统', '', '0'),
(310, 148, '超过7天未付款，系统自动取消订单。', 1422419132, '系统', '', '0'),
(311, 149, '超过7天未付款，系统自动取消订单。', 1422419132, '系统', '', '0'),
(312, 150, '超过7天未付款，系统自动取消订单。', 1422419132, '系统', '', '0'),
(313, 151, '超过7天未付款，系统自动取消订单。', 1422419132, '系统', '', '0'),
(314, 160, '提交了订单', 1422798641, '买家', '', '10'),
(315, 161, '提交了订单', 1422798647, '买家', '', '10'),
(316, 152, '超过7天未付款，系统自动取消订单。', 1422840118, '系统', '', '0'),
(317, 154, '超过7天未付款，系统自动取消订单。', 1422840118, '系统', '', '0'),
(318, 153, '超过7天未付款，系统自动取消订单。', 1423011194, '系统', '', '0'),
(319, 155, '超过7天未付款，系统自动取消订单。', 1423011194, '系统', '', '0'),
(320, 156, '超过7天未付款，系统自动取消订单。', 1423011194, '系统', '', '0'),
(321, 157, '超过7天未付款，系统自动取消订单。', 1423011194, '系统', '', '0'),
(322, 159, '超过7天未付款，系统自动取消订单。', 1423011194, '系统', '', '0'),
(323, 162, '', 1423017565, '买家', '', '10'),
(324, 163, '', 1423017686, '买家', '', '10'),
(325, 164, '', 1423017830, '买家', '', '10'),
(326, 165, '', 1423018378, '买家', '', '10'),
(327, 166, '', 1423018383, '买家', '', '10'),
(328, 167, '', 1423298052, '买家', '', '10'),
(329, 168, '', 1423298053, '买家', '', '10'),
(330, 169, '', 1423298054, '买家', '', '10'),
(331, 169, '修改了运费', 1423453971, '商家', 'kayvin', NULL),
(332, 168, '修改了运费', 1423453980, '商家', 'kayvin', NULL),
(333, 167, '修改了运费', 1423453987, '商家', 'kayvin', NULL),
(334, 170, '', 1423454447, '买家', '', '10'),
(335, 160, '超过7天未付款，系统自动取消订单。', 1423454524, '系统', '', '0'),
(336, 161, '超过7天未付款，系统自动取消订单。', 1423454524, '系统', '', '0'),
(337, 171, '', 1423462323, '买家', '', '10'),
(338, 172, '', 1423462324, '买家', '', '10'),
(339, 173, '', 1423462325, '买家', '', '10'),
(340, 174, '', 1423462326, '买家', '', '10'),
(341, 175, '', 1423462327, '买家', '', '10'),
(342, 176, '', 1423462327, '买家', '', '10'),
(343, 176, '修改了运费', 1423473096, '商家', 'kayvin', NULL),
(344, 175, '修改了运费', 1423473115, '商家', 'kayvin', NULL),
(345, 174, '修改了运费', 1423473131, '商家', 'kayvin', NULL),
(346, 173, '修改了运费', 1423473149, '商家', 'kayvin', NULL),
(347, 172, '修改了运费', 1423473169, '商家', 'kayvin', NULL),
(348, 171, '修改了运费', 1423473201, '商家', 'kayvin', NULL),
(349, 170, '修改了运费', 1423473215, '商家', 'kayvin', NULL),
(350, 177, '提交了订单', 1423474852, '买家', '', '10'),
(351, 177, '修改了运费', 1423535015, '商家', 'kayvin', NULL),
(352, 178, '提交了订单', 1423639943, '买家', '', '10'),
(353, 178, '取消了订单 ( 改买其他商品 )', 1423640060, '买家', '', '0'),
(354, 179, '提交了订单', 1423640247, '买家', '', '10'),
(355, 179, '修改了运费', 1423640302, '商家', 'kayvin', NULL),
(356, 179, '取消了订单 ( 改买其他商品 )', 1423640515, '买家', '', '0'),
(357, 180, '提交了订单', 1423709474, '买家', '', '10'),
(358, 180, '修改了运费', 1423709588, '商家', 'kayvin', NULL),
(359, 180, '完成了付款 ( 支付平台交易号 : 2015021200001000610044124351 )', 1423709984, '买家', '', '20'),
(360, 180, '发出了货物 ( 编辑了发货信息 )', 1423723415, '商家', 'kayvin', NULL),
(361, 180, '签收了货物', 1423741682, '买家', '', '40'),
(362, 180, '评价了交易', 1423742138, '买家', '', NULL),
(363, 162, '超过7天未付款，系统自动取消订单。', 1423745796, '系统', '', '0'),
(364, 163, '超过7天未付款，系统自动取消订单。', 1423745796, '系统', '', '0'),
(365, 164, '超过7天未付款，系统自动取消订单。', 1423745796, '系统', '', '0'),
(366, 165, '超过7天未付款，系统自动取消订单。', 1423745796, '系统', '', '0'),
(367, 166, '超过7天未付款，系统自动取消订单。', 1423745796, '系统', '', '0'),
(368, 167, '超过7天未付款，系统自动取消订单。', 1423964932, '系统', '', '0'),
(369, 168, '超过7天未付款，系统自动取消订单。', 1423964932, '系统', '', '0'),
(370, 169, '超过7天未付款，系统自动取消订单。', 1423964932, '系统', '', '0'),
(371, 170, '超过7天未付款，系统自动取消订单。', 1424061152, '系统', '', '0'),
(372, 181, '', 1424062942, '买家', '', '10'),
(373, 182, '', 1424062945, '买家', '', '10'),
(374, 183, '', 1424062946, '买家', '', '10'),
(375, 171, '超过7天未付款，系统自动取消订单。', 1424570277, '系统', '', '0'),
(376, 172, '超过7天未付款，系统自动取消订单。', 1424570277, '系统', '', '0'),
(377, 173, '超过7天未付款，系统自动取消订单。', 1424570277, '系统', '', '0'),
(378, 174, '超过7天未付款，系统自动取消订单。', 1424570277, '系统', '', '0'),
(379, 175, '超过7天未付款，系统自动取消订单。', 1424570277, '系统', '', '0'),
(380, 176, '超过7天未付款，系统自动取消订单。', 1424570277, '系统', '', '0'),
(381, 177, '超过7天未付款，系统自动取消订单。', 1424570277, '系统', '', '0'),
(382, 181, '超过7天未付款，系统自动取消订单。', 1424825163, '系统', '', '0'),
(383, 182, '超过7天未付款，系统自动取消订单。', 1424825163, '系统', '', '0'),
(384, 183, '超过7天未付款，系统自动取消订单。', 1424825163, '系统', '', '0'),
(385, 184, '提交了订单', 1424825653, '买家', '', '10'),
(386, 184, '修改了运费', 1425095530, '商家', 'kayvin', NULL),
(387, 185, '', 1425372873, '买家', '', '10'),
(388, 186, '', 1425372879, '买家', '', '10'),
(389, 187, '', 1425372883, '买家', '', '10'),
(390, 188, '', 1425372885, '买家', '', '10'),
(391, 184, '超过7天未付款，系统自动取消订单。', 1425610497, '系统', '', '0'),
(392, 189, '提交了订单', 1425626653, '买家', '', '10'),
(393, 190, '提交了订单', 1425626656, '买家', '', '10'),
(394, 191, '', 1425648549, '买家', '', '10'),
(395, 192, '', 1425648550, '买家', '', '10'),
(396, 193, '', 1425648785, '买家', '', '10'),
(397, 194, '', 1425648787, '买家', '', '10'),
(398, 195, '', 1425648790, '买家', '', '10'),
(399, 196, '', 1425648794, '买家', '', '10'),
(400, 197, '', 1425648795, '买家', '', '10'),
(401, 198, '', 1425691095, '买家', '', '10'),
(402, 199, '', 1425691098, '买家', '', '10'),
(403, 200, '', 1425691102, '买家', '', '10'),
(404, 201, '', 1425691443, '买家', '', '10'),
(405, 202, '', 1425691447, '买家', '', '10'),
(406, 203, '', 1425691687, '买家', '', '10'),
(407, 191, '超过7天未付款，系统自动取消订单。', 1426316001, '系统', '', '0'),
(408, 192, '超过7天未付款，系统自动取消订单。', 1426316001, '系统', '', '0'),
(409, 193, '超过7天未付款，系统自动取消订单。', 1426316001, '系统', '', '0'),
(410, 194, '超过7天未付款，系统自动取消订单。', 1426316001, '系统', '', '0'),
(411, 195, '超过7天未付款，系统自动取消订单。', 1426316001, '系统', '', '0'),
(412, 196, '超过7天未付款，系统自动取消订单。', 1426316001, '系统', '', '0'),
(413, 197, '超过7天未付款，系统自动取消订单。', 1426316001, '系统', '', '0'),
(414, 198, '超过7天未付款，系统自动取消订单。', 1426316001, '系统', '', '0'),
(415, 199, '超过7天未付款，系统自动取消订单。', 1426316001, '系统', '', '0'),
(416, 200, '超过7天未付款，系统自动取消订单。', 1426316001, '系统', '', '0'),
(417, 201, '超过7天未付款，系统自动取消订单。', 1426316001, '系统', '', '0'),
(418, 202, '超过7天未付款，系统自动取消订单。', 1426316001, '系统', '', '0'),
(419, 203, '超过7天未付款，系统自动取消订单。', 1426316001, '系统', '', '0'),
(420, 185, '超过7天未付款，系统自动取消订单。', 1426316613, '系统', '', '0'),
(421, 186, '超过7天未付款，系统自动取消订单。', 1426316613, '系统', '', '0'),
(422, 187, '超过7天未付款，系统自动取消订单。', 1426316613, '系统', '', '0'),
(423, 188, '超过7天未付款，系统自动取消订单。', 1426316613, '系统', '', '0'),
(424, 204, '提交了订单', 1426316808, '买家', '', '10'),
(425, 189, '超过7天未付款，系统自动取消订单。', 1426348492, '系统', '', '0'),
(426, 190, '超过7天未付款，系统自动取消订单。', 1426348492, '系统', '', '0'),
(427, 204, '取消了订单 ( 不是有效的订单 )', 1426385520, '商家', 'corshop', '0'),
(428, 205, '', 1427444186, '买家', '', '10'),
(429, 206, '', 1427467461, '买家', '', '10'),
(430, 207, '', 1427854563, '买家', '', '10'),
(431, 208, '', 1427854563, '买家', '', '10');

-- --------------------------------------------------------

--
-- 表的结构 `cor_order_pay`
--

CREATE TABLE IF NOT EXISTS `cor_order_pay` (
  `pay_id` int(10) unsigned NOT NULL AUTO_INCREMENT,
  `pay_sn` bigint(20) unsigned NOT NULL COMMENT '支付单号',
  `buyer_id` int(10) unsigned NOT NULL COMMENT '买家ID',
  `api_pay_state` enum('0','1') DEFAULT '0' COMMENT '0默认未支付1已支付(只有第三方支付接口通知到时才会更改此状态)',
  PRIMARY KEY (`pay_id`)
) ENGINE=InnoDB  DEFAULT CHARSET=utf8 COMMENT='订单支付表' AUTO_INCREMENT=213 ;

--
-- 转存表中的数据 `cor_order_pay`
--

INSERT INTO `cor_order_pay` (`pay_id`, `pay_sn`, `buyer_id`, `api_pay_state`) VALUES
(1, 110469811167339007, 7, '0'),
(2, 420469818966587005, 5, '0'),
(3, 200469884602737007, 7, '0'),
(4, 990469898005340007, 7, '0'),
(5, 440469912766367008, 8, '0'),
(6, 540469912839765008, 8, '0'),
(7, 360469912870863008, 8, '0'),
(8, 780469968206336005, 5, '0'),
(9, 240469969600247005, 5, '0'),
(10, 490469989348589007, 7, '0'),
(11, 520470150669389003, 3, '0'),
(12, 730470157536159005, 5, '0'),
(13, 770470161312837007, 7, '0'),
(14, 140470490895190003, 3, '0'),
(15, 440470915985720008, 8, '0'),
(16, 730470916107016008, 8, '0'),
(17, 770470970795074005, 5, '0'),
(18, 400470974968373005, 5, '0'),
(19, 490470989841009008, 8, '0'),
(20, 910470994746589006, 6, '0'),
(21, 410470996592286006, 6, '0'),
(22, 690470996742124006, 6, '0'),
(23, 930471745860009008, 8, '0'),
(24, 600471753680158005, 5, '0'),
(25, 330471782307548008, 8, '0'),
(26, 600471782337727008, 8, '0'),
(27, 770471862358029015, 15, '0'),
(28, 290471882489118008, 8, '0'),
(29, 700472267415373017, 17, '0'),
(30, 970472560788883005, 5, '0'),
(31, 980472840270050005, 5, '1'),
(32, 390472926003647005, 5, '0'),
(33, 630473180543761020, 20, '0'),
(34, 280473180560491020, 20, '1'),
(35, 340474368545215005, 5, '0'),
(51, 900474565317140005, 5, '0'),
(52, 190474565341106005, 5, '0'),
(60, 970474565715764003, 3, '0'),
(61, 490474566078328005, 5, '0'),
(62, 970474566548276026, 26, '0'),
(63, 660474570260946005, 5, '0'),
(64, 150474570552147005, 5, '0'),
(65, 910474972618520033, 33, '0'),
(66, 990474972618712033, 33, '0'),
(67, 420474972628204033, 33, '0'),
(68, 670474972628359033, 33, '0'),
(69, 780474972628646033, 33, '0'),
(70, 920474972628828033, 33, '0'),
(71, 720474972629126033, 33, '0'),
(72, 290474972629312033, 33, '0'),
(73, 260474972629585033, 33, '0'),
(74, 140474972629753033, 33, '0'),
(75, 600474972629936033, 33, '0'),
(76, 310474972630110033, 33, '0'),
(77, 930474972630286033, 33, '0'),
(78, 930474972630459033, 33, '0'),
(79, 740474972630701033, 33, '0'),
(80, 200474972630885033, 33, '0'),
(81, 300474972631102033, 33, '0'),
(82, 290474972631271033, 33, '0'),
(83, 250474972631452033, 33, '0'),
(84, 890474972631636033, 33, '0'),
(85, 820474972631980033, 33, '0'),
(86, 780474972632152033, 33, '0'),
(87, 530474972632337033, 33, '0'),
(88, 200474972632514033, 33, '0'),
(89, 120474972632691033, 33, '0'),
(90, 460474972632927033, 33, '0'),
(91, 280474972633196033, 33, '0'),
(92, 800474972633369033, 33, '0'),
(93, 100474972633549033, 33, '0'),
(94, 360474972633726033, 33, '0'),
(95, 810474972633887033, 33, '0'),
(96, 960474972634140033, 33, '0'),
(97, 660474972634321033, 33, '0'),
(98, 310474972634493033, 33, '0'),
(99, 290474972634672033, 33, '0'),
(100, 100474972634852033, 33, '0'),
(101, 200474972635084033, 33, '0'),
(102, 550474972635333033, 33, '0'),
(103, 220474972635466033, 33, '0'),
(104, 420474972635639033, 33, '0'),
(105, 140474972635811033, 33, '0'),
(106, 120474972635983033, 33, '0'),
(107, 380474972636136033, 33, '0'),
(108, 910474972636401033, 33, '0'),
(109, 680474972636575033, 33, '0'),
(110, 650474972636764033, 33, '0'),
(111, 340474972636969033, 33, '0'),
(112, 240474972637139033, 33, '0'),
(113, 820474972637412033, 33, '0'),
(114, 720474972637599033, 33, '0'),
(115, 670474972637772033, 33, '0'),
(116, 930474972638059033, 33, '0'),
(117, 920474972638261033, 33, '0'),
(118, 730474972638422033, 33, '0'),
(119, 390474972638694033, 33, '0'),
(120, 820474972638874033, 33, '0'),
(121, 440474972639055033, 33, '0'),
(122, 310474972639227033, 33, '0'),
(123, 750474972639402033, 33, '0'),
(124, 850474972639590033, 33, '0'),
(125, 900474972762081033, 33, '0'),
(126, 470474972764639033, 33, '0'),
(127, 180474972764858033, 33, '0'),
(128, 960474972765145033, 33, '0'),
(129, 490474972765325033, 33, '0'),
(130, 470474972765512033, 33, '0'),
(131, 630474984478679033, 33, '0'),
(132, 440474984488262033, 33, '0'),
(133, 210474984488439033, 33, '0'),
(134, 230474984488621033, 33, '0'),
(135, 760474984488793033, 33, '0'),
(136, 100474984488993033, 33, '0'),
(137, 190474984489158033, 33, '0'),
(138, 600474984489330033, 33, '0'),
(139, 670474984489490033, 33, '0'),
(140, 360474984489665033, 33, '0'),
(141, 660474984489829033, 33, '0'),
(142, 820474984490012033, 33, '0'),
(143, 670474984490190033, 33, '0'),
(144, 170474984490375033, 33, '0'),
(145, 360474984490549033, 33, '0'),
(146, 780474984490733033, 33, '0'),
(147, 770474984490903033, 33, '0'),
(148, 460474984491084033, 33, '0'),
(149, 330474984491262033, 33, '0'),
(150, 510474984491446033, 33, '0'),
(151, 690474984491637033, 33, '0'),
(152, 610475323875621035, 35, '0'),
(153, 630475514841039005, 5, '0'),
(154, 560475514930461005, 5, '0'),
(155, 390475522579478005, 5, '0'),
(156, 960475522588673005, 5, '0'),
(157, 900475530436997005, 5, '0'),
(158, 330475577745282005, 5, '0'),
(159, 920475577822362005, 5, '0'),
(160, 230476142641575008, 8, '0'),
(161, 450476142650888008, 8, '0'),
(162, 600476361565254005, 5, '0'),
(163, 350476361686519005, 5, '0'),
(164, 280476361830568005, 5, '0'),
(165, 300476362378579005, 5, '0'),
(166, 640476362387834005, 5, '0'),
(167, 150476642052918008, 8, '0'),
(168, 470476642054962008, 8, '0'),
(169, 850476642056769008, 8, '0'),
(170, 780476798447852024, 24, '0'),
(171, 140476798453248024, 24, '0'),
(172, 760476798455213024, 24, '0'),
(173, 410476798457751024, 24, '0'),
(174, 410476798459796024, 24, '0'),
(175, 400476798462097024, 24, '0'),
(176, 440476806323619008, 8, '0'),
(177, 540476806338200008, 8, '0'),
(178, 690476806340329008, 8, '0'),
(179, 880476806342815008, 8, '0'),
(180, 900476806345852008, 8, '0'),
(181, 930476806348087008, 8, '0'),
(182, 940476818852270045, 45, '0'),
(183, 460476983943687017, 17, '0'),
(184, 860476984247123017, 17, '0'),
(185, 500477053474378017, 17, '1'),
(186, 230477406942739008, 8, '0'),
(187, 230477406951879008, 8, '0'),
(188, 280477406953720008, 8, '0'),
(189, 840478169653966008, 8, '0'),
(190, 820478716873847015, 15, '0'),
(191, 770478716883629015, 15, '0'),
(192, 210478716885870015, 15, '0'),
(193, 170478716887961015, 15, '0'),
(194, 840478970654119051, 51, '0'),
(195, 920478970663862051, 51, '0'),
(196, 310478992549401005, 5, '0'),
(197, 590478992551525005, 5, '0'),
(198, 540478992786104005, 5, '0'),
(199, 290478992795695005, 5, '0'),
(200, 550478992797831005, 5, '0'),
(201, 420478992800131005, 5, '0'),
(202, 250478992802427005, 5, '0'),
(203, 660479035095535005, 5, '0'),
(204, 320479035104581005, 5, '0'),
(205, 660479035106712005, 5, '0'),
(206, 910479035443843005, 5, '0'),
(207, 780479035448689005, 5, '0'),
(208, 760479035687808005, 5, '0'),
(209, 470479660808846006, 6, '0'),
(210, 390480788186456080, 80, '0'),
(211, 310480811462021080, 80, '0'),
(212, 810481198563674078, 78, '0');

-- --------------------------------------------------------

--
-- 表的结构 `cor_order_statis`
--

CREATE TABLE IF NOT EXISTS `cor_order_statis` (
  `os_month` mediumint(9) unsigned NOT NULL DEFAULT '0' COMMENT '统计编号(年月)',
  `os_year` smallint(6) DEFAULT '0' COMMENT '年',
  `os_start_date` int(11) NOT NULL COMMENT '开始日期',
  `os_end_date` int(11) NOT NULL COMMENT '结束日期',
  `os_order_totals` decimal(10,2) NOT NULL DEFAULT '0.00' COMMENT '订单金额',
  `os_shipping_totals` decimal(10,2) NOT NULL DEFAULT '0.00' COMMENT '运费',
  `os_order_return_totals` decimal(10,2) NOT NULL DEFAULT '0.00' COMMENT '退单金额',
  `os_commis_totals` decimal(10,2) NOT NULL DEFAULT '0.00' COMMENT '佣金金额',
  `os_commis_return_totals` decimal(10,2) NOT NULL DEFAULT '0.00' COMMENT '退还佣金',
  `os_store_cost_totals` decimal(10,2) NOT NULL DEFAULT '0.00' COMMENT '店铺促销活动费用',
  `os_result_totals` decimal(10,2) NOT NULL DEFAULT '0.00' COMMENT '本期应结',
  `os_create_date` int(11) DEFAULT NULL COMMENT '创建记录日期',
  PRIMARY KEY (`os_month`),
  KEY `os_month` (`os_month`)
) ENGINE=InnoDB DEFAULT CHARSET=utf8 COMMENT='月销量统计表';

-- --------------------------------------------------------

--
-- 表的结构 `cor_payment`
--

CREATE TABLE IF NOT EXISTS `cor_payment` (
  `payment_id` tinyint(1) unsigned NOT NULL COMMENT '支付索引id',
  `payment_code` char(10) NOT NULL COMMENT '支付代码名称',
  `payment_name` char(10) NOT NULL COMMENT '支付名称',
  `payment_config` text COMMENT '支付接口配置信息',
  `payment_state` enum('0','1') NOT NULL DEFAULT '0' COMMENT '接口状态0禁用1启用',
  PRIMARY KEY (`payment_id`)
) ENGINE=InnoDB DEFAULT CHARSET=utf8 COMMENT='支付方式表';

--
-- 转存表中的数据 `cor_payment`
--

INSERT INTO `cor_payment` (`payment_id`, `payment_code`, `payment_name`, `payment_config`, `payment_state`) VALUES
(1, 'offline', '货到付款', 'a:1:{s:0:"";s:0:"";}', '0'),
(2, 'alipay', '支付宝', 'a:4:{s:14:"alipay_service";s:25:"create_direct_pay_by_user";s:14:"alipay_account";s:0:"";s:10:"alipay_key";s:0:"";s:14:"alipay_partner";s:0:"";}', '1'),
(3, 'tenpay', '财付通', 'a:2:{s:14:"tenpay_account";s:0:"";s:10:"tenpay_key";s:0:"";}', '0'),
(4, 'chinabank', '网银在线', 'a:2:{s:17:"chinabank_account";s:0:"";s:13:"chinabank_key";s:0:"";}', '0'),
(5, 'predeposit', '预存款', 'a:1:{s:0:"";s:0:"";}', '1');

-- --------------------------------------------------------

--
-- 表的结构 `cor_pd_cash`
--

CREATE TABLE IF NOT EXISTS `cor_pd_cash` (
  `pdc_id` int(11) NOT NULL AUTO_INCREMENT COMMENT '自增编号',
  `pdc_sn` bigint(20) NOT NULL COMMENT '记录唯一标示',
  `pdc_member_id` int(11) NOT NULL COMMENT '会员编号',
  `pdc_member_name` varchar(50) NOT NULL COMMENT '会员名称',
  `pdc_amount` decimal(10,2) NOT NULL DEFAULT '0.00' COMMENT '金额',
  `pdc_bank_name` varchar(40) NOT NULL COMMENT '收款银行',
  `pdc_bank_no` varchar(30) DEFAULT NULL COMMENT '收款账号',
  `pdc_bank_user` varchar(10) DEFAULT NULL COMMENT '开户人姓名',
  `pdc_add_time` int(11) NOT NULL COMMENT '添加时间',
  `pdc_payment_time` int(11) DEFAULT NULL COMMENT '付款时间',
  `pdc_payment_state` enum('0','1') NOT NULL DEFAULT '0' COMMENT '提现支付状态 0默认1支付完成',
  `pdc_payment_admin` varchar(30) DEFAULT NULL COMMENT '支付管理员',
  PRIMARY KEY (`pdc_id`)
) ENGINE=InnoDB  DEFAULT CHARSET=utf8 COMMENT='预存款提现记录表' AUTO_INCREMENT=2 ;

--
-- 转存表中的数据 `cor_pd_cash`
--

INSERT INTO `cor_pd_cash` (`pdc_id`, `pdc_sn`, `pdc_member_id`, `pdc_member_name`, `pdc_amount`, `pdc_bank_name`, `pdc_bank_no`, `pdc_bank_user`, `pdc_add_time`, `pdc_payment_time`, `pdc_payment_state`, `pdc_payment_admin`) VALUES
(1, 150470151221602003, 3, 'mxjyweb', '100.00', '786786786786546456', 'szcentruer', '李云良', 1416807221, 1416807278, '1', 'coradmin');

-- --------------------------------------------------------

--
-- 表的结构 `cor_pd_log`
--

CREATE TABLE IF NOT EXISTS `cor_pd_log` (
  `lg_id` int(11) NOT NULL AUTO_INCREMENT COMMENT '自增编号',
  `lg_member_id` int(11) NOT NULL COMMENT '会员编号',
  `lg_member_name` varchar(50) NOT NULL COMMENT '会员名称',
  `lg_admin_name` varchar(50) DEFAULT NULL COMMENT '管理员名称',
  `lg_type` varchar(15) NOT NULL DEFAULT '' COMMENT 'order_pay下单支付预存款,order_freeze下单冻结预存款,order_cancel取消订单解冻预存款,order_comb_pay下单支付被冻结的预存款,recharge充值,cash_apply申请提现冻结预存款,cash_pay提现成功,cash_del取消提现申请，解冻预存款,refund退款',
  `lg_av_amount` decimal(10,2) NOT NULL DEFAULT '0.00' COMMENT '可用金额变更0表示未变更',
  `lg_freeze_amount` decimal(10,2) NOT NULL DEFAULT '0.00' COMMENT '冻结金额变更0表示未变更',
  `lg_add_time` int(11) NOT NULL COMMENT '添加时间',
  `lg_desc` varchar(150) DEFAULT NULL COMMENT '描述',
  PRIMARY KEY (`lg_id`)
) ENGINE=InnoDB  DEFAULT CHARSET=utf8 COMMENT='预存款变更日志表' AUTO_INCREMENT=23 ;

--
-- 转存表中的数据 `cor_pd_log`
--

INSERT INTO `cor_pd_log` (`lg_id`, `lg_member_id`, `lg_member_name`, `lg_admin_name`, `lg_type`, `lg_av_amount`, `lg_freeze_amount`, `lg_add_time`, `lg_desc`) VALUES
(1, 5, 'xiner', 'coradmin', 'recharge', '0.10', '0.00', 1416624011, '充值，充值单号: 960469967813985005'),
(2, 5, 'xiner', NULL, 'order_freeze', '-0.10', '0.10', 1416624206, '下单，冻结预存款，订单号: 6000000000000801'),
(3, 5, 'xiner', 'coradmin', 'recharge', '1000.00', '0.00', 1416625146, '充值，充值单号: 370469969095613005'),
(4, 5, 'xiner', NULL, 'order_cancel', '0.10', '-0.10', 1416625457, '取消订单，解冻预存款，订单号: 6000000000000801'),
(5, 5, 'xiner', NULL, 'order_pay', '-800.00', '0.00', 1416625600, '下单，支付预存款，订单号: 6000000000000901'),
(6, 3, 'mxjyweb', 'coradmin', 'recharge', '10000.00', '0.00', 1416806572, '充值，充值单号: 540470150478417003'),
(7, 3, 'mxjyweb', NULL, 'order_pay', '-129.00', '0.00', 1416806669, '下单，支付预存款，订单号: 6000000000001101'),
(8, 3, 'mxjyweb', NULL, 'cash_apply', '-100.00', '100.00', 1416807221, '申请提现，冻结预存款，提现单号: 150470151221602003'),
(9, 3, 'mxjyweb', 'coradmin', 'cash_pay', '0.00', '-100.00', 1416807278, '提现成功，提现单号: 150470151221602003'),
(10, 3, 'mxjyweb', NULL, 'refund', '129.00', '0.00', 1416807669, '确认退款，订单号: 6000000000001101'),
(11, 5, 'xiner', NULL, 'order_pay', '-99.00', '0.00', 1416813536, '下单，支付预存款，订单号: 6000000000001201'),
(12, 5, 'xiner', NULL, 'order_pay', '-1.00', '0.00', 1417630968, '下单，支付预存款，订单号: 6000000000001801'),
(13, 5, 'xiner', NULL, 'order_pay', '-57.00', '0.00', 1418409680, '下单，支付预存款，订单号: 6000000000002401'),
(14, 20, 'bxgz', NULL, 'refund', '0.01', '0.00', 1419838507, '确认退款，订单号: 6000000000003401'),
(15, 5, 'xiner', NULL, 'order_pay', '-0.01', '0.00', 1421024545, '下单，支付预存款，订单号: 7000000000003501'),
(16, 3, 'mxjyweb', NULL, 'order_pay', '-118.00', '0.00', 1421221715, '下单，支付预存款，订单号: 7000000000006001'),
(17, 3, 'mxjyweb', NULL, 'refund', '118.00', '0.00', 1421223131, '确认退款，订单号: 7000000000006001'),
(18, 5, 'xiner', NULL, 'refund', '0.00', '0.00', 1421226512, '确认退款，订单号: 7000000000006301'),
(19, 5, 'xiner', 'coradmin', 'recharge', '10.00', '0.00', 1423205014, '充值，充值单号: 750476548916823005'),
(20, 5, 'xiner', NULL, 'cash_apply', '-10.00', '10.00', 1423205110, '申请提现，冻结预存款，提现单号: 340476549110560005'),
(21, 5, 'xiner', 'coradmin', 'cash_del', '10.00', '-10.00', 1423205364, '取消提现申请，解冻预存款，提现单号: 340476549110560005'),
(22, 17, '缘因有你', 'coradmin', 'recharge', '200.00', '0.00', 1423628173, '充值，充值单号: 820476972044064017');

-- --------------------------------------------------------

--
-- 表的结构 `cor_pd_recharge`
--

CREATE TABLE IF NOT EXISTS `cor_pd_recharge` (
  `pdr_id` int(11) NOT NULL AUTO_INCREMENT COMMENT '自增编号',
  `pdr_sn` bigint(20) unsigned NOT NULL COMMENT '记录唯一标示',
  `pdr_member_id` int(11) NOT NULL COMMENT '会员编号',
  `pdr_member_name` varchar(50) NOT NULL COMMENT '会员名称',
  `pdr_amount` decimal(10,2) NOT NULL DEFAULT '0.00' COMMENT '充值金额',
  `pdr_payment_code` varchar(20) DEFAULT '' COMMENT '支付方式',
  `pdr_payment_name` varchar(15) DEFAULT '' COMMENT '支付方式',
  `pdr_trade_sn` varchar(50) DEFAULT '' COMMENT '第三方支付接口交易号',
  `pdr_add_time` int(11) NOT NULL COMMENT '添加时间',
  `pdr_payment_state` enum('0','1') NOT NULL DEFAULT '0' COMMENT '支付状态 0未支付1支付',
  `pdr_payment_time` int(11) NOT NULL DEFAULT '0' COMMENT '支付时间',
  `pdr_admin` varchar(30) DEFAULT '' COMMENT '管理员名',
  PRIMARY KEY (`pdr_id`)
) ENGINE=InnoDB  DEFAULT CHARSET=utf8 COMMENT='预存款充值表' AUTO_INCREMENT=7 ;

--
-- 转存表中的数据 `cor_pd_recharge`
--

INSERT INTO `cor_pd_recharge` (`pdr_id`, `pdr_sn`, `pdr_member_id`, `pdr_member_name`, `pdr_amount`, `pdr_payment_code`, `pdr_payment_name`, `pdr_trade_sn`, `pdr_add_time`, `pdr_payment_state`, `pdr_payment_time`, `pdr_admin`) VALUES
(2, 960469967813985005, 5, 'xiner', '0.10', 'chinabank', '网银在线', '0001', 1416623813, '1', 1416585600, 'coradmin'),
(3, 370469969095613005, 5, 'xiner', '1000.00', 'chinabank', '网银在线', '88888', 1416625095, '1', 1416585600, 'coradmin'),
(4, 540470150478417003, 3, 'mxjyweb', '10000.00', 'tenpay', '财付通', '540470150478417003', 1416806478, '1', 1416758400, 'coradmin'),
(5, 750476548916823005, 5, 'xiner', '10.00', 'alipay', '支付宝', '66666', 1423204916, '1', 1423152000, 'coradmin'),
(6, 820476972044064017, 17, '缘因有你', '200.00', 'alipay', '支付宝', '88888', 1423628044, '1', 1423584000, 'coradmin');

-- --------------------------------------------------------

--
-- 表的结构 `cor_points_cart`
--

CREATE TABLE IF NOT EXISTS `cor_points_cart` (
  `pcart_id` int(11) NOT NULL AUTO_INCREMENT COMMENT '自增ID',
  `pmember_id` int(11) NOT NULL COMMENT '会员编号',
  `pgoods_id` int(11) NOT NULL COMMENT '积分礼品序号',
  `pgoods_name` varchar(100) NOT NULL COMMENT '积分礼品名称',
  `pgoods_points` int(11) NOT NULL COMMENT '积分礼品兑换积分',
  `pgoods_choosenum` int(11) NOT NULL COMMENT '选择积分礼品数量',
  `pgoods_image` varchar(100) DEFAULT NULL COMMENT '积分礼品图片',
  PRIMARY KEY (`pcart_id`)
) ENGINE=InnoDB  DEFAULT CHARSET=utf8 COMMENT='积分礼品兑换购物车' AUTO_INCREMENT=4 ;

--
-- 转存表中的数据 `cor_points_cart`
--

INSERT INTO `cor_points_cart` (`pcart_id`, `pmember_id`, `pgoods_id`, `pgoods_name`, `pgoods_points`, `pgoods_choosenum`, `pgoods_image`) VALUES
(1, 1, 1, '123', 100, 1, ''),
(2, 5, 1, '123', 100, 1, ''),
(3, 6, 2, '按摩棒槌子捶背毛绒玩具布娃娃婚庆结婚礼品公仔儿童生日礼物', 100, 1, '04725647692639167.jpg');

-- --------------------------------------------------------

--
-- 表的结构 `cor_points_goods`
--

CREATE TABLE IF NOT EXISTS `cor_points_goods` (
  `pgoods_id` int(11) NOT NULL AUTO_INCREMENT COMMENT '积分礼品索引id',
  `pgoods_name` varchar(100) NOT NULL COMMENT '积分礼品名称',
  `pgoods_price` decimal(10,2) NOT NULL DEFAULT '0.00' COMMENT '积分礼品原价',
  `pgoods_points` int(11) NOT NULL COMMENT '积分礼品兑换所需积分',
  `pgoods_image` varchar(100) NOT NULL COMMENT '积分礼品默认封面图片',
  `pgoods_tag` varchar(100) NOT NULL COMMENT '积分礼品标签',
  `pgoods_serial` varchar(50) NOT NULL COMMENT '积分礼品货号',
  `pgoods_storage` int(11) NOT NULL DEFAULT '0' COMMENT '积分礼品库存数',
  `pgoods_show` tinyint(1) NOT NULL COMMENT '积分礼品上架 0表示下架 1表示上架',
  `pgoods_commend` tinyint(1) NOT NULL COMMENT '积分礼品推荐',
  `pgoods_add_time` int(11) NOT NULL COMMENT '积分礼品添加时间',
  `pgoods_keywords` varchar(100) DEFAULT NULL COMMENT '积分礼品关键字',
  `pgoods_description` varchar(200) DEFAULT NULL COMMENT '积分礼品描述',
  `pgoods_body` text NOT NULL COMMENT '积分礼品详细内容',
  `pgoods_state` tinyint(1) NOT NULL DEFAULT '0' COMMENT '积分礼品状态，0开启，1禁售',
  `pgoods_close_reason` varchar(255) DEFAULT NULL COMMENT '积分礼品禁售原因',
  `pgoods_salenum` int(11) NOT NULL DEFAULT '0' COMMENT '积分礼品售出数量',
  `pgoods_view` int(11) NOT NULL DEFAULT '0' COMMENT '积分商品浏览次数',
  `pgoods_islimit` tinyint(1) NOT NULL COMMENT '是否限制每会员兑换数量',
  `pgoods_limitnum` int(11) DEFAULT NULL COMMENT '每会员限制兑换数量',
  `pgoods_islimittime` tinyint(1) NOT NULL DEFAULT '0' COMMENT '是否限制兑换时间 0为不限制 1为限制',
  `pgoods_starttime` int(11) DEFAULT NULL COMMENT '兑换开始时间',
  `pgoods_endtime` int(11) DEFAULT NULL COMMENT '兑换结束时间',
  `pgoods_sort` int(11) NOT NULL DEFAULT '0' COMMENT '礼品排序',
  PRIMARY KEY (`pgoods_id`)
) ENGINE=InnoDB  DEFAULT CHARSET=utf8 COMMENT='积分礼品表' AUTO_INCREMENT=4 ;

--
-- 转存表中的数据 `cor_points_goods`
--

INSERT INTO `cor_points_goods` (`pgoods_id`, `pgoods_name`, `pgoods_price`, `pgoods_points`, `pgoods_image`, `pgoods_tag`, `pgoods_serial`, `pgoods_storage`, `pgoods_show`, `pgoods_commend`, `pgoods_add_time`, `pgoods_keywords`, `pgoods_description`, `pgoods_body`, `pgoods_state`, `pgoods_close_reason`, `pgoods_salenum`, `pgoods_view`, `pgoods_islimit`, `pgoods_limitnum`, `pgoods_islimittime`, `pgoods_starttime`, `pgoods_endtime`, `pgoods_sort`) VALUES
(2, '按摩棒槌子捶背毛绒玩具布娃娃婚庆结婚礼品公仔儿童生日礼物', '10.00', 100, '04725647692639167.jpg', '', '22', 2, 1, 1, 1419220769, '', '', '100哈金豆兑换。', 0, '', 0, 14, 0, 0, 0, 0, 0, 0),
(3, '泰迪熊熊毛绒玩具布娃娃抱枕 婚庆礼品 生日圣诞节礼物 送女友', '12.00', 200, '04725653445183900.jpg', '', '23', 2, 1, 1, 1419221344, '', '', '200哈金豆兑换。', 0, '', 0, 11, 0, 0, 0, 0, 0, 0);

-- --------------------------------------------------------

--
-- 表的结构 `cor_points_log`
--

CREATE TABLE IF NOT EXISTS `cor_points_log` (
  `pl_id` int(11) NOT NULL AUTO_INCREMENT COMMENT '积分日志编号',
  `pl_memberid` int(11) NOT NULL COMMENT '会员编号',
  `pl_membername` varchar(100) NOT NULL COMMENT '会员名称',
  `pl_adminid` int(11) DEFAULT NULL COMMENT '管理员编号',
  `pl_adminname` varchar(100) DEFAULT NULL COMMENT '管理员名称',
  `pl_points` int(11) NOT NULL DEFAULT '0' COMMENT '积分数负数表示扣除',
  `pl_addtime` int(11) NOT NULL COMMENT '添加时间',
  `pl_desc` varchar(100) NOT NULL COMMENT '操作描述',
  `pl_stage` varchar(50) NOT NULL COMMENT '操作阶段',
  PRIMARY KEY (`pl_id`)
) ENGINE=InnoDB  DEFAULT CHARSET=utf8 COMMENT='会员积分日志表' AUTO_INCREMENT=300 ;

--
-- 转存表中的数据 `cor_points_log`
--

INSERT INTO `cor_points_log` (`pl_id`, `pl_memberid`, `pl_membername`, `pl_adminid`, `pl_adminname`, `pl_points`, `pl_addtime`, `pl_desc`, `pl_stage`) VALUES
(1, 1, 'corshop', NULL, NULL, 30, 1415607661, '会员登录', 'login'),
(2, 1, 'corshop', NULL, NULL, 30, 1415951074, '会员登录', 'login'),
(3, 2, 'haha', NULL, NULL, 20, 1415968988, '注册会员', 'regist'),
(4, 2, 'haha', NULL, NULL, 30, 1416013023, '会员登录', 'login'),
(5, 1, 'corshop', NULL, NULL, 5, 1416022234, '会员登录', 'login'),
(6, 3, 'mxjyweb', NULL, NULL, 10, 1416047052, '注册会员', 'regist'),
(7, 4, 'tcdq', NULL, NULL, 10, 1416131145, '注册会员', 'regist'),
(8, 2, 'haha', NULL, NULL, 5, 1416135703, '会员登录', 'login'),
(9, 2, 'haha', NULL, NULL, 5, 1416185689, '会员登录', 'login'),
(10, 4, 'tcdq', NULL, NULL, 5, 1416189096, '会员登录', 'login'),
(11, 1, 'corshop', NULL, NULL, 5, 1416194795, '会员登录', 'login'),
(12, 1, 'corshop', NULL, NULL, 5, 1416275322, '会员登录', 'login'),
(13, 2, 'haha', NULL, NULL, 5, 1416280875, '会员登录', 'login'),
(14, 5, 'xiner', NULL, NULL, 10, 1416281202, '注册会员', 'regist'),
(15, 4, 'tcdq', NULL, NULL, 5, 1416292799, '会员登录', 'login'),
(16, 1, 'corshop', NULL, NULL, 5, 1416369502, '会员登录', 'login'),
(17, 6, 'fdxmslx', NULL, NULL, 10, 1416384736, '注册会员', 'regist'),
(18, 4, 'tcdq', NULL, NULL, 5, 1416401966, '会员登录', 'login'),
(19, 5, 'xiner', NULL, NULL, 5, 1416402987, '会员登录', 'login'),
(20, 5, 'xiner', NULL, NULL, 5, 1416442481, '会员登录', 'login'),
(21, 7, 'lingling1314', NULL, NULL, 10, 1416448364, '注册会员', 'regist'),
(22, 2, 'haha', NULL, NULL, 5, 1416466953, '会员登录', 'login'),
(23, 1, 'corshop', NULL, NULL, 5, 1416476308, '会员登录', 'login'),
(24, 3, 'mxjyweb', NULL, NULL, 5, 1416478743, '会员登录', 'login'),
(25, 8, '乐生活', NULL, NULL, 10, 1416492028, '注册会员', 'regist'),
(26, 8, '乐生活', NULL, NULL, 5, 1416525189, '会员登录', 'login'),
(27, 5, 'xiner', NULL, NULL, 5, 1416530942, '会员登录', 'login'),
(28, 2, 'haha', NULL, NULL, 5, 1416531158, '会员登录', 'login'),
(29, 4, 'tcdq', NULL, NULL, 5, 1416531617, '会员登录', 'login'),
(30, 7, 'lingling1314', NULL, NULL, 5, 1416539462, '会员登录', 'login'),
(31, 3, 'mxjyweb', NULL, NULL, 5, 1416553586, '会员登录', 'login'),
(32, 6, 'fdxmslx', NULL, NULL, 5, 1416562526, '会员登录', 'login'),
(33, 9, '吴海斌', NULL, NULL, 10, 1416576699, '注册会员', 'regist'),
(34, 8, '乐生活', NULL, NULL, 5, 1416615249, '会员登录', 'login'),
(35, 2, 'haha', NULL, NULL, 5, 1416619237, '会员登录', 'login'),
(36, 7, 'lingling1314', NULL, NULL, 5, 1416620981, '会员登录', 'login'),
(37, 5, 'xiner', NULL, NULL, 5, 1416623787, '会员登录', 'login'),
(38, 5, 'xiner', NULL, NULL, 80, 1416626001, '订单6000000000000901购物消费', 'order'),
(39, 2, 'haha', NULL, NULL, 5, 1416726469, '会员登录', 'login'),
(40, 5, 'xiner', NULL, NULL, 5, 1416731617, '会员登录', 'login'),
(41, 5, 'xiner', NULL, NULL, 5, 1416790745, '会员登录', 'login'),
(42, 3, 'mxjyweb', NULL, NULL, 5, 1416799549, '会员登录', 'login'),
(43, 3, 'mxjyweb', NULL, NULL, 12, 1416806827, '订单6000000000001101购物消费', 'order'),
(44, 7, 'lingling1314', NULL, NULL, 5, 1416811943, '会员登录', 'login'),
(45, 5, 'xiner', NULL, NULL, 9, 1416813872, '订单6000000000001201购物消费', 'order'),
(46, 8, '乐生活', NULL, NULL, 5, 1416824351, '会员登录', 'login'),
(47, 5, 'xiner', NULL, NULL, 5, 1416881696, '会员登录', 'login'),
(48, 7, 'lingling1314', NULL, NULL, 5, 1416896671, '会员登录', 'login'),
(49, 8, '乐生活', NULL, NULL, 5, 1416909137, '会员登录', 'login'),
(50, 2, 'haha', NULL, NULL, 5, 1416920062, '会员登录', 'login'),
(51, 5, 'xiner', NULL, NULL, 5, 1416963750, '会员登录', 'login'),
(52, 10, '眺望幸福', NULL, NULL, 10, 1416971606, '注册会员', 'regist'),
(53, 7, 'lingling1314', NULL, NULL, 5, 1416971843, '会员登录', 'login'),
(54, 11, 'fdxmslx2', NULL, NULL, 10, 1417005029, '注册会员', 'regist'),
(55, 6, 'fdxmslx', NULL, NULL, 5, 1417021922, '会员登录', 'login'),
(56, 5, 'xiner', NULL, NULL, 5, 1417022818, '会员登录', 'login'),
(57, 7, 'lingling1314', NULL, NULL, 5, 1417055495, '会员登录', 'login'),
(58, 3, 'mxjyweb', NULL, NULL, 5, 1417076966, '会员登录', 'login'),
(59, 4, 'tcdq', NULL, NULL, 5, 1417077814, '会员登录', 'login'),
(60, 1, 'corshop', NULL, NULL, 5, 1417078056, '会员登录', 'login'),
(61, 5, 'xiner', NULL, NULL, -100, 1417091693, '兑换礼品信息gift2014112700509897消耗哈金豆', 'pointorder'),
(62, 3, 'mxjyweb', NULL, NULL, 5, 1417107852, '会员登录', 'login'),
(63, 6, 'fdxmslx', NULL, NULL, 5, 1417116635, '会员登录', 'login'),
(64, 7, 'lingling1314', NULL, NULL, 5, 1417137365, '会员登录', 'login'),
(65, 5, 'xiner', NULL, NULL, 5, 1417137566, '会员登录', 'login'),
(66, 12, '花儿谢了', NULL, NULL, 10, 1417160878, '注册会员', 'regist'),
(67, 7, 'lingling1314', NULL, NULL, 5, 1417223334, '会员登录', 'login'),
(68, 5, 'xiner', NULL, NULL, 5, 1417226439, '会员登录', 'login'),
(69, 5, 'xiner', NULL, NULL, 5, 1417342717, '会员登录', 'login'),
(70, 7, 'lingling1314', NULL, NULL, 5, 1417396252, '会员登录', 'login'),
(71, 5, 'xiner', NULL, NULL, 5, 1417417535, '会员登录', 'login'),
(72, 7, 'lingling1314', NULL, NULL, 5, 1417482154, '会员登录', 'login'),
(73, 5, 'xiner', NULL, NULL, 5, 1417483752, '会员登录', 'login'),
(74, 7, 'lingling1314', NULL, NULL, 5, 1417567180, '会员登录', 'login'),
(75, 8, '乐生活', NULL, NULL, 5, 1417571015, '会员登录', 'login'),
(76, 5, 'xiner', NULL, NULL, 5, 1417577247, '会员登录', 'login'),
(77, 9, '吴海斌', NULL, NULL, 5, 1417579567, '会员登录', 'login'),
(78, 5, 'xiner', NULL, NULL, 5, 1417626669, '会员登录', 'login'),
(79, 8, '乐生活', NULL, NULL, 5, 1417644740, '会员登录', 'login'),
(80, 2, 'haha', NULL, NULL, 5, 1417645975, '会员登录', 'login'),
(81, 6, 'fdxmslx', NULL, NULL, 5, 1417650700, '会员登录', 'login'),
(82, 7, 'lingling1314', NULL, NULL, 5, 1417653685, '会员登录', 'login'),
(83, 13, '15872036688', NULL, NULL, 10, 1417653819, '注册会员', 'regist'),
(84, 7, 'lingling1314', NULL, NULL, 5, 1417709925, '会员登录', 'login'),
(85, 3, 'mxjyweb', NULL, NULL, 5, 1417720245, '会员登录', 'login'),
(86, 1, 'corshop', NULL, NULL, 5, 1417720335, '会员登录', 'login'),
(87, 5, 'xiner', NULL, NULL, 5, 1417738405, '会员登录', 'login'),
(88, 7, 'lingling1314', NULL, NULL, 5, 1417797610, '会员登录', 'login'),
(89, 5, 'xiner', NULL, NULL, 5, 1417802812, '会员登录', 'login'),
(90, 8, '乐生活', NULL, NULL, 5, 1417826210, '会员登录', 'login'),
(91, 7, 'lingling1314', NULL, NULL, 5, 1417973055, '会员登录', 'login'),
(92, 8, '乐生活', NULL, NULL, 5, 1417992386, '会员登录', 'login'),
(93, 7, 'lingling1314', NULL, NULL, 5, 1418057067, '会员登录', 'login'),
(94, 7, 'lingling1314', NULL, NULL, 5, 1418143167, '会员登录', 'login'),
(95, 8, '乐生活', NULL, NULL, 5, 1418274025, '会员登录', 'login'),
(96, 7, 'lingling1314', NULL, NULL, 5, 1418316829, '会员登录', 'login'),
(97, 14, 'luo4321786', NULL, NULL, 10, 1418334264, '注册会员', 'regist'),
(98, 8, '乐生活', NULL, NULL, 5, 1418401845, '会员登录', 'login'),
(99, 7, 'lingling1314', NULL, NULL, 5, 1418403669, '会员登录', 'login'),
(100, 5, 'xiner', NULL, NULL, 5, 1418409646, '会员登录', 'login'),
(101, 15, '淘几个喜欢', NULL, NULL, 10, 1418517560, '注册会员', 'regist'),
(102, 8, '乐生活', NULL, NULL, 5, 1418538476, '会员登录', 'login'),
(103, 7, 'lingling1314', NULL, NULL, 5, 1418576440, '会员登录', 'login'),
(104, 15, '淘几个喜欢', NULL, NULL, 5, 1418596616, '会员登录', 'login'),
(105, 5, 'xiner', NULL, NULL, 5, 1418604455, '会员登录', 'login'),
(106, 16, '何媛媛hyy', NULL, NULL, 10, 1418610704, '注册会员', 'regist'),
(107, 7, 'lingling1314', NULL, NULL, 5, 1418661510, '会员登录', 'login'),
(108, 16, '何媛媛hyy', NULL, NULL, 5, 1418747712, '会员登录', 'login'),
(109, 7, 'lingling1314', NULL, NULL, 5, 1418750447, '会员登录', 'login'),
(110, 6, 'fdxmslx', NULL, NULL, 5, 1418761004, '会员登录', 'login'),
(111, 5, 'xiner', NULL, NULL, 5, 1418877496, '会员登录', 'login'),
(112, 17, '缘因有你', NULL, NULL, 10, 1418922929, '注册会员', 'regist'),
(113, 5, 'xiner', NULL, NULL, 5, 1418930637, '会员登录', 'login'),
(114, 5, 'xiner', NULL, NULL, 5, 1418930730, '订单6000000000002401购物消费', 'order'),
(115, 3, 'mxjyweb', NULL, NULL, 5, 1418943793, '会员登录', 'login'),
(116, 1, 'corshop', NULL, NULL, 5, 1418943968, '会员登录', 'login'),
(117, 7, 'lingling1314', NULL, NULL, 5, 1419094783, '会员登录', 'login'),
(118, 5, 'xiner', NULL, NULL, 5, 1419131249, '会员登录', 'login'),
(119, 2, 'haha', NULL, NULL, 5, 1419149493, '会员登录', 'login'),
(120, 18, '123', NULL, NULL, 10, 1419212109, '注册会员', 'regist'),
(121, 5, 'xiner', NULL, NULL, 5, 1419216749, '会员登录', 'login'),
(122, 2, 'haha', NULL, NULL, 5, 1419239304, '会员登录', 'login'),
(123, 19, 'hbtclwd', NULL, NULL, 10, 1419408975, '注册会员', 'regist'),
(124, 5, 'xiner', NULL, NULL, 5, 1419496247, '会员登录', 'login'),
(125, 2, 'haha', NULL, NULL, 5, 1419575660, '会员登录', 'login'),
(126, 20, 'bxgz', NULL, NULL, 10, 1419578259, '注册会员', 'regist'),
(127, 5, 'xiner', NULL, NULL, 5, 1419581483, '会员登录', 'login'),
(128, 8, '乐生活', NULL, NULL, 5, 1419606681, '会员登录', 'login'),
(129, 21, 'guizhou', NULL, NULL, 10, 1419616466, '注册会员', 'regist'),
(130, 22, 'Shareazalili', NULL, NULL, 10, 1419626199, '注册会员', 'regist'),
(131, 23, 'tzlift8', NULL, NULL, 10, 1419813998, '注册会员', 'regist'),
(132, 20, 'bxgz', NULL, NULL, 5, 1419816977, '会员登录', 'login'),
(133, 5, 'xiner', NULL, NULL, 5, 1419836661, '会员登录', 'login'),
(134, 6, 'fdxmslx', NULL, NULL, 5, 1419847554, '会员登录', 'login'),
(135, 6, 'fdxmslx', 1, 'coradmin', 100, 1419847609, '管理员手动操作哈金豆', 'system'),
(136, 5, 'xiner', NULL, NULL, 5, 1419907811, '会员登录', 'login'),
(137, 2, 'haha', NULL, NULL, 5, 1419910195, '会员登录', 'login'),
(138, 23, 'tzlift8', NULL, NULL, 5, 1419984921, '会员登录', 'login'),
(139, 5, 'xiner', NULL, NULL, 5, 1420103486, '会员登录', 'login'),
(140, 2, 'haha', NULL, NULL, 5, 1420161258, '会员登录', 'login'),
(141, 2, 'haha', NULL, NULL, 5, 1420426551, '会员登录', 'login'),
(142, 2, 'haha', NULL, NULL, 5, 1420788857, '会员登录', 'login'),
(143, 24, '骑士红红', NULL, NULL, 10, 1420877252, '注册会员', 'regist'),
(144, 25, 'Michealer', NULL, NULL, 10, 1420936499, '注册会员', 'regist'),
(145, 5, 'xiner', NULL, NULL, 5, 1421024503, '会员登录', 'login'),
(146, 5, 'xiner', NULL, NULL, -5, 1421024545, '兑换礼品，订单7000000000003501消耗哈金豆', 'pointorder'),
(147, 8, '乐生活', NULL, NULL, 5, 1421048781, '会员登录', 'login'),
(148, 2, 'haha', NULL, NULL, 5, 1421198384, '会员登录', 'login'),
(149, 5, 'xiner', NULL, NULL, 5, 1421199142, '会员登录', 'login'),
(150, 8, '乐生活', NULL, NULL, 5, 1421199697, '会员登录', 'login'),
(151, 24, '骑士红红', NULL, NULL, 5, 1421201212, '会员登录', 'login'),
(152, 1, 'corshop', NULL, NULL, 5, 1421208808, '会员登录', 'login'),
(153, 26, '阳光教育培训', NULL, NULL, 10, 1421219797, '注册会员', 'regist'),
(154, 17, '缘因有你', NULL, NULL, 5, 1421220108, '会员登录', 'login'),
(155, 3, 'mxjyweb', NULL, NULL, 5, 1421221086, '会员登录', 'login'),
(156, 5, 'xiner', NULL, NULL, -60, 1421221317, '兑换礼品，订单7000000000005101消耗哈金豆', 'pointorder'),
(157, 5, 'xiner', NULL, NULL, -60, 1421221341, '兑换礼品，订单7000000000005201消耗哈金豆', 'pointorder'),
(158, 5, 'xiner', NULL, NULL, 60, 1421221390, '取消订单7000000000005201，返还礼品订单消耗的哈金豆', 'cancelorder'),
(159, 5, 'xiner', NULL, NULL, 60, 1421226120, '取消订单7000000000005101，返还礼品订单消耗的哈金豆', 'cancelorder'),
(160, 5, 'xiner', NULL, NULL, -60, 1421226260, '兑换礼品，订单7000000000006301消耗哈金豆', 'pointorder'),
(161, 27, '刘佳勇', NULL, NULL, 10, 1421284135, '', 'regist'),
(162, 28, '娇点工艺', NULL, NULL, 10, 1421292004, '', 'regist'),
(163, 5, 'xiner', NULL, NULL, 5, 1421311829, '会员登录', 'login'),
(164, 5, 'xiner', NULL, NULL, 5, 1421369783, '会员登录', 'login'),
(165, 2, 'haha', NULL, NULL, 5, 1421369930, '会员登录', 'login'),
(166, 29, '龙盈易购', NULL, NULL, 10, 1421382311, '注册会员', 'regist'),
(167, 30, '王强ZXY2014', NULL, NULL, 10, 1421389648, '注册会员', 'regist'),
(168, 24, '骑士红红', NULL, NULL, 5, 1421454137, '会员登录', 'login'),
(169, 31, '888', NULL, NULL, 10, 1421487133, '', 'regist'),
(170, 32, '购物乐', NULL, NULL, 10, 1421504277, '注册会员', 'regist'),
(171, 5, 'xiner', NULL, NULL, 5, 1421570954, '会员登录', 'login'),
(172, 2, 'haha', NULL, NULL, 5, 1421571500, '会员登录', 'login'),
(173, 20, 'bxgz', NULL, NULL, 5, 1421571591, '会员登录', 'login'),
(174, 33, '18971800630', NULL, NULL, 10, 1421627032, '注册会员', 'regist'),
(175, 34, 'bztcy', NULL, NULL, 10, 1421978912, '注册会员', 'regist'),
(176, 35, 'candle1238', NULL, NULL, 10, 1421979733, '注册会员', 'regist'),
(177, 5, 'xiner', NULL, NULL, 5, 1422170915, '会员登录', 'login'),
(178, 36, 'Daniielned', NULL, NULL, 10, 1422222411, '注册会员', 'regist'),
(179, 5, 'xiner', NULL, NULL, 5, 1422233657, '会员登录', 'login'),
(180, 37, 'we6design', NULL, NULL, 10, 1422252337, '注册会员', 'regist'),
(181, 38, 'PatrickPexy', NULL, NULL, 10, 1422304054, '注册会员', 'regist'),
(182, 5, 'xiner', NULL, NULL, 5, 1422323271, '会员登录', 'login'),
(183, 2, 'haha', NULL, NULL, 5, 1422323376, '会员登录', 'login'),
(184, 39, '18819118351', NULL, NULL, 10, 1422357949, '', 'regist'),
(185, 40, 'smj', NULL, NULL, 10, 1422427277, '注册会员', 'regist'),
(186, 5, 'xiner', NULL, NULL, 5, 1422493641, '会员登录', 'login'),
(187, 41, 'kayvin', NULL, NULL, 10, 1422504067, '注册会员', 'regist'),
(188, 42, 'dingyuanfang', NULL, NULL, 10, 1422537238, '注册会员', 'regist'),
(189, 43, '通城密室逃脱', NULL, NULL, 10, 1422537955, '注册会员', 'regist'),
(190, 41, 'kayvin', NULL, NULL, 5, 1422758767, '会员登录', 'login'),
(191, 8, '乐生活', NULL, NULL, 5, 1422797702, '会员登录', 'login'),
(192, 41, 'kayvin', NULL, NULL, 5, 1422941461, '会员登录', 'login'),
(193, 5, 'xiner', NULL, NULL, 5, 1423011190, '', 'login'),
(194, 41, 'kayvin', NULL, NULL, 5, 1423184938, '会员登录', 'login'),
(195, 5, 'xiner', NULL, NULL, 5, 1423204876, '会员登录', 'login'),
(196, 44, '唯美花店', NULL, NULL, 10, 1423218597, '注册会员', 'regist'),
(197, 24, '骑士红红', NULL, NULL, 5, 1423271377, '', 'login'),
(198, 8, '乐生活', NULL, NULL, 5, 1423298015, '', 'login'),
(199, 24, '骑士红红', NULL, NULL, 5, 1423454231, '', 'login'),
(200, 8, '乐生活', NULL, NULL, 5, 1423462161, '', 'login'),
(201, 45, '品味生活', NULL, NULL, 10, 1423474150, '注册会员', 'regist'),
(202, 41, 'kayvin', NULL, NULL, 5, 1423477565, '', 'login'),
(203, 46, 'ncchmy', NULL, NULL, 10, 1423540958, '注册会员', 'regist'),
(204, 17, '缘因有你', NULL, NULL, 5, 1423621056, '会员登录', 'login'),
(205, 17, '缘因有你', NULL, NULL, 5, 1423709049, '会员登录', 'login'),
(206, 17, '缘因有你', NULL, NULL, 11, 1423741682, '订单7000000000018501购物消费', 'order'),
(207, 5, 'xiner', NULL, NULL, 5, 1423745791, '会员登录', 'login'),
(208, 8, '乐生活', NULL, NULL, 5, 1424062914, '', 'login'),
(209, 47, 'Robertsine', NULL, NULL, 10, 1424137398, '注册会员', 'regist'),
(210, 8, '乐生活', NULL, NULL, 5, 1424825160, '会员登录', 'login'),
(211, 5, 'xiner', NULL, NULL, 5, 1424831867, '会员登录', 'login'),
(212, 2, 'haha', NULL, NULL, 5, 1424833125, '会员登录', 'login'),
(213, 40, 'smj', NULL, NULL, 5, 1424875201, '会员登录', 'login'),
(214, 48, '徐志熬XUZHIAO', NULL, NULL, 10, 1425029303, '注册会员', 'regist'),
(215, 15, '淘几个喜欢', NULL, NULL, 5, 1425372829, '', 'login'),
(216, 17, '缘因有你', NULL, NULL, 5, 1425373205, '', 'login'),
(217, 2, 'haha', NULL, NULL, 5, 1425374766, '会员登录', 'login'),
(218, 2, 'haha', NULL, NULL, 5, 1425438335, '会员登录', 'login'),
(219, 49, '宇先生', NULL, NULL, 10, 1425601746, '注册会员', 'regist'),
(220, 2, 'haha', NULL, NULL, 5, 1425609933, '会员登录', 'login'),
(221, 50, 'liyulinlaoshi', NULL, NULL, 10, 1425611048, '注册会员', 'regist'),
(222, 51, 'paul@crt.cn', NULL, NULL, 10, 1425626584, '注册会员', 'regist'),
(223, 52, '信念', NULL, NULL, 10, 1425627228, '', 'regist'),
(224, 53, 'yigeren', NULL, NULL, 10, 1425630418, '注册会员', 'regist'),
(225, 54, 'Ziginglighting', NULL, NULL, 10, 1425646819, '注册会员', 'regist'),
(226, 55, '南隽', NULL, NULL, 10, 1425690230, '注册会员', 'regist'),
(227, 49, '宇先生', NULL, NULL, 5, 1425690508, '会员登录', 'login'),
(228, 2, 'haha', NULL, NULL, 5, 1425690575, '会员登录', 'login'),
(229, 5, 'xiner', NULL, NULL, 5, 1425690804, '会员登录', 'login'),
(230, 8, '乐生活', NULL, NULL, 5, 1425696233, '会员登录', 'login'),
(231, 56, '牧羊人', NULL, NULL, 10, 1425700115, '注册会员', 'regist'),
(232, 24, '骑士红红', NULL, NULL, 5, 1425707236, '会员登录', 'login'),
(233, 57, '放学铃声才是中国好声音', NULL, NULL, 10, 1425714855, '', 'regist'),
(234, 58, '洛丽塔', NULL, NULL, 10, 1425746240, '注册会员', 'regist'),
(235, 49, '宇先生', NULL, NULL, 5, 1425775764, '会员登录', 'login'),
(236, 2, 'haha', NULL, NULL, 5, 1425777778, '会员登录', 'login'),
(237, 24, '骑士红红', NULL, NULL, 5, 1425794446, '会员登录', 'login'),
(238, 49, '宇先生', NULL, NULL, 5, 1425860717, '会员登录', 'login'),
(239, 2, 'haha', NULL, NULL, 5, 1425861639, '会员登录', 'login'),
(240, 59, '隽南', NULL, NULL, 10, 1425872796, '注册会员', 'regist'),
(241, 60, '皮江星', NULL, NULL, 10, 1425884518, '注册会员', 'regist'),
(242, 50, 'liyulinlaoshi', NULL, NULL, 5, 1425889883, '会员登录', 'login'),
(243, 61, '轻松自如', NULL, NULL, 10, 1425909328, '注册会员', 'regist'),
(244, 49, '宇先生', NULL, NULL, 5, 1425953701, '会员登录', 'login'),
(245, 2, 'haha', NULL, NULL, 5, 1425954676, '会员登录', 'login'),
(246, 8, '乐生活', NULL, NULL, 5, 1425978633, '', 'login'),
(247, 52, '信念', NULL, NULL, 5, 1425996418, '会员登录', 'login'),
(248, 2, 'haha', NULL, NULL, 5, 1426037729, '会员登录', 'login'),
(249, 49, '宇先生', NULL, NULL, 5, 1426054259, '会员登录', 'login'),
(250, 62, '好又多商城', NULL, NULL, 10, 1426054577, '注册会员', 'regist'),
(251, 63, '广场有鸟', NULL, NULL, 10, 1426070956, '注册会员', 'regist'),
(252, 50, 'liyulinlaoshi', NULL, NULL, 5, 1426118998, '会员登录', 'login'),
(253, 49, '宇先生', NULL, NULL, 5, 1426122473, '会员登录', 'login'),
(254, 2, 'haha', NULL, NULL, 5, 1426127643, '会员登录', 'login'),
(255, 60, '皮江星', NULL, NULL, 5, 1426127858, '会员登录', 'login'),
(256, 64, '幸福在追求中', NULL, NULL, 10, 1426150834, '', 'regist'),
(257, 60, '皮江星', NULL, NULL, 5, 1426208249, '会员登录', 'login'),
(258, 2, 'haha', NULL, NULL, 5, 1426209570, '会员登录', 'login'),
(259, 49, '宇先生', NULL, NULL, 5, 1426228085, '会员登录', 'login'),
(260, 60, '皮江星', NULL, NULL, 5, 1426294326, '会员登录', 'login'),
(261, 49, '宇先生', NULL, NULL, 5, 1426294459, '会员登录', 'login'),
(262, 2, 'haha', NULL, NULL, 5, 1426296234, '会员登录', 'login'),
(263, 5, 'xiner', NULL, NULL, 5, 1426315996, '会员登录', 'login'),
(264, 6, 'fdxmslx', NULL, NULL, 5, 1426316326, '会员登录', 'login'),
(265, 65, 'huzhi', NULL, NULL, 10, 1426349007, '', 'regist'),
(266, 24, '骑士红红', NULL, NULL, 5, 1426404159, '会员登录', 'login'),
(267, 49, '宇先生', NULL, NULL, 5, 1426466098, '会员登录', 'login'),
(268, 2, 'haha', NULL, NULL, 5, 1426468897, '会员登录', 'login'),
(269, 66, '好太太智能晾衣架', NULL, NULL, 10, 1426547786, '', 'regist'),
(270, 67, 'wxg2015', NULL, NULL, 10, 1426555503, '', 'regist'),
(271, 68, '正泰电气', NULL, NULL, 10, 1426557555, '注册会员', 'regist'),
(272, 49, '宇先生', NULL, NULL, 5, 1426560169, '会员登录', 'login'),
(273, 69, '172839', NULL, NULL, 10, 1426563329, '', 'regist'),
(274, 70, '黎小荣', NULL, NULL, 10, 1426580558, '注册会员', 'regist'),
(275, 65, 'huzhi', NULL, NULL, 5, 1426585969, '会员登录', 'login'),
(276, 71, '才尽江南', NULL, NULL, 10, 1426605356, '', 'regist'),
(277, 49, '宇先生', NULL, NULL, 5, 1426641135, '会员登录', 'login'),
(278, 68, '正泰电气', NULL, NULL, 5, 1426648240, '会员登录', 'login'),
(279, 8, '乐生活', NULL, NULL, 5, 1426656092, '会员登录', 'login'),
(280, 67, 'wxg2015', NULL, NULL, 5, 1426669388, '会员登录', 'login'),
(281, 72, '孚龙管业', NULL, NULL, 10, 1426676857, '', 'regist'),
(282, 52, '信念', NULL, NULL, 5, 1426687520, '会员登录', 'login'),
(283, 50, 'liyulinlaoshi', NULL, NULL, 5, 1426725219, '会员登录', 'login'),
(284, 73, '易和养生', NULL, NULL, 10, 1426733069, '注册会员', 'regist'),
(285, 2, 'haha', NULL, NULL, 5, 1426735225, '会员登录', 'login'),
(286, 74, '15016902929', NULL, NULL, 10, 1426747676, '注册会员', 'regist'),
(287, 75, '小熊1989', NULL, NULL, 10, 1426818875, '注册会员', 'regist'),
(288, 76, 'cor888', NULL, NULL, 10, 1426830255, '注册会员', 'regist'),
(289, 1, 'corshop', NULL, NULL, 5, 1426846097, '会员登录', 'login'),
(290, 1, 'corshop', NULL, NULL, 5, 1426924865, '会员登录', 'login'),
(291, 1, 'corshop', NULL, NULL, 5, 1427089748, '会员登录', 'login'),
(292, 77, 'xiaox', NULL, NULL, 10, 1427186872, '注册会员', 'regist'),
(293, 78, 'tao123', NULL, NULL, 10, 1427372402, '注册会员', 'regist'),
(294, 79, 'f lo r', NULL, NULL, 10, 1427375949, '', 'regist'),
(295, 78, 'tao123', NULL, NULL, 5, 1427439057, '会员登录', 'login'),
(296, 80, 'demo1', NULL, NULL, 10, 1427443563, '', 'regist'),
(297, 78, 'tao123', NULL, NULL, 5, 1427508399, '', 'login'),
(298, 1, 'corshop', NULL, NULL, 5, 1427680122, '会员登录', 'login'),
(299, 78, 'tao123', NULL, NULL, 5, 1427854444, '', 'login');

-- --------------------------------------------------------

--
-- 表的结构 `cor_points_order`
--

CREATE TABLE IF NOT EXISTS `cor_points_order` (
  `point_orderid` int(11) NOT NULL AUTO_INCREMENT COMMENT '兑换订单编号',
  `point_ordersn` varchar(100) NOT NULL COMMENT '兑换订单编号',
  `point_buyerid` int(11) NOT NULL COMMENT '兑换会员id',
  `point_buyername` varchar(50) NOT NULL COMMENT '兑换会员姓名',
  `point_buyeremail` varchar(100) NOT NULL COMMENT '兑换会员email',
  `point_addtime` int(11) NOT NULL COMMENT '兑换订单生成时间',
  `point_paymentid` int(11) NOT NULL COMMENT '支付方式id',
  `point_paymentname` varchar(50) NOT NULL COMMENT '支付方式名称',
  `point_paymentcode` varchar(50) NOT NULL COMMENT '支付方式名称代码',
  `point_paymentdirect` tinyint(1) DEFAULT '1' COMMENT '支付类型:1是即时到帐,2是但保交易',
  `point_outsn` varchar(100) NOT NULL COMMENT '订单编号，外部支付时使用，有些外部支付系统要求特定的订单编号',
  `point_paymenttime` int(11) DEFAULT NULL COMMENT '支付(付款)时间',
  `point_paymessage` varchar(300) DEFAULT NULL COMMENT '支付留言',
  `point_shippingtime` int(11) DEFAULT NULL COMMENT '配送时间',
  `point_shippingcode` varchar(50) DEFAULT NULL COMMENT '物流单号',
  `point_shippingdesc` varchar(500) DEFAULT NULL COMMENT '发货描述',
  `point_outpaymentcode` varchar(255) DEFAULT NULL COMMENT '外部交易平台单独使用的标识字符串',
  `point_finnshedtime` int(11) DEFAULT NULL COMMENT '订单完成时间',
  `point_allpoint` int(11) NOT NULL DEFAULT '0' COMMENT '兑换总积分',
  `point_orderamount` decimal(10,2) NOT NULL COMMENT '兑换订单总金额',
  `point_shippingcharge` tinyint(1) NOT NULL DEFAULT '0' COMMENT '运费承担方式 0表示卖家 1表示买家',
  `point_shippingfee` decimal(10,2) NOT NULL DEFAULT '0.00' COMMENT '运费金额',
  `point_ordermessage` varchar(300) DEFAULT NULL COMMENT '订单留言',
  `point_orderstate` int(11) NOT NULL DEFAULT '10' COMMENT '订单状态：10(默认):未付款;11已付款;20:确认付款;30:已发货;40:已收货;50已完成;2已取消',
  PRIMARY KEY (`point_orderid`)
) ENGINE=InnoDB  DEFAULT CHARSET=utf8 COMMENT='兑换订单表' AUTO_INCREMENT=2 ;

--
-- 转存表中的数据 `cor_points_order`
--

INSERT INTO `cor_points_order` (`point_orderid`, `point_ordersn`, `point_buyerid`, `point_buyername`, `point_buyeremail`, `point_addtime`, `point_paymentid`, `point_paymentname`, `point_paymentcode`, `point_paymentdirect`, `point_outsn`, `point_paymenttime`, `point_paymessage`, `point_shippingtime`, `point_shippingcode`, `point_shippingdesc`, `point_outpaymentcode`, `point_finnshedtime`, `point_allpoint`, `point_orderamount`, `point_shippingcharge`, `point_shippingfee`, `point_ordermessage`, `point_orderstate`) VALUES
(1, 'gift2014112700509897', 5, 'xiner', '1226167129@qq.com', 1417091693, 0, '', '', 1, 'gift2014112700509897', NULL, NULL, 1417092363, '2222', '已经发货，请注意收货。', NULL, 1417092480, 100, '0.00', 0, '0.00', '', 40);

-- --------------------------------------------------------

--
-- 表的结构 `cor_points_orderaddress`
--

CREATE TABLE IF NOT EXISTS `cor_points_orderaddress` (
  `point_oaid` int(11) NOT NULL AUTO_INCREMENT COMMENT '自增id',
  `point_orderid` int(11) NOT NULL COMMENT '订单id',
  `point_truename` varchar(50) NOT NULL COMMENT '收货人姓名',
  `point_areaid` int(11) NOT NULL COMMENT '地区id',
  `point_areainfo` varchar(100) NOT NULL COMMENT '地区内容',
  `point_address` varchar(200) NOT NULL COMMENT '详细地址',
  `point_zipcode` varchar(20) NOT NULL COMMENT '邮政编码',
  `point_telphone` varchar(20) NOT NULL COMMENT '电话号码',
  `point_mobphone` varchar(20) NOT NULL COMMENT '手机号码',
  PRIMARY KEY (`point_oaid`)
) ENGINE=InnoDB  DEFAULT CHARSET=utf8 COMMENT='兑换订单地址表' AUTO_INCREMENT=2 ;

--
-- 转存表中的数据 `cor_points_orderaddress`
--

INSERT INTO `cor_points_orderaddress` (`point_oaid`, `point_orderid`, `point_truename`, `point_areaid`, `point_areainfo`, `point_address`, `point_zipcode`, `point_telphone`, `point_mobphone`) VALUES
(1, 1, '馨儿', 2898, '广东省 深圳市 宝安区', '通泰建材市场', '', '', '18888888888');

-- --------------------------------------------------------

--
-- 表的结构 `cor_points_ordergoods`
--

CREATE TABLE IF NOT EXISTS `cor_points_ordergoods` (
  `point_recid` int(11) NOT NULL AUTO_INCREMENT COMMENT '订单礼品表索引',
  `point_orderid` int(11) NOT NULL COMMENT '订单id',
  `point_goodsid` int(11) NOT NULL COMMENT '礼品id',
  `point_goodsname` varchar(100) NOT NULL COMMENT '礼品名称',
  `point_goodspoints` int(11) NOT NULL COMMENT '礼品兑换积分',
  `point_goodsnum` int(11) NOT NULL COMMENT '礼品数量',
  `point_goodsimage` varchar(100) DEFAULT NULL COMMENT '礼品图片',
  PRIMARY KEY (`point_recid`)
) ENGINE=InnoDB  DEFAULT CHARSET=utf8 COMMENT='兑换订单商品表' AUTO_INCREMENT=2 ;

--
-- 转存表中的数据 `cor_points_ordergoods`
--

INSERT INTO `cor_points_ordergoods` (`point_recid`, `point_orderid`, `point_goodsid`, `point_goodsname`, `point_goodspoints`, `point_goodsnum`, `point_goodsimage`) VALUES
(1, 1, 1, '123', 100, 1, '');

-- --------------------------------------------------------

--
-- 表的结构 `cor_p_booth_goods`
--

CREATE TABLE IF NOT EXISTS `cor_p_booth_goods` (
  `booth_goods_id` int(10) unsigned NOT NULL AUTO_INCREMENT COMMENT '套餐商品id',
  `store_id` int(10) unsigned NOT NULL COMMENT '店铺id',
  `goods_id` int(10) unsigned NOT NULL COMMENT '商品id',
  `gc_id` int(10) unsigned NOT NULL COMMENT '商品分类id',
  `booth_state` tinyint(3) unsigned NOT NULL DEFAULT '1' COMMENT '套餐状态 1开启 0关闭 默认1',
  PRIMARY KEY (`booth_goods_id`)
) ENGINE=InnoDB DEFAULT CHARSET=utf8 COMMENT='展位商品表' AUTO_INCREMENT=1 ;

-- --------------------------------------------------------

--
-- 表的结构 `cor_p_booth_quota`
--

CREATE TABLE IF NOT EXISTS `cor_p_booth_quota` (
  `booth_quota_id` int(10) unsigned NOT NULL AUTO_INCREMENT COMMENT '套餐id',
  `store_id` int(10) unsigned NOT NULL COMMENT '店铺id',
  `store_name` varchar(50) NOT NULL COMMENT '店铺名称',
  `booth_quota_starttime` int(10) unsigned NOT NULL COMMENT '开始时间',
  `booth_quota_endtime` int(10) unsigned NOT NULL COMMENT '结束时间',
  `booth_state` tinyint(3) unsigned NOT NULL DEFAULT '1' COMMENT '套餐状态 1开启 0关闭 默认1',
  PRIMARY KEY (`booth_quota_id`)
) ENGINE=InnoDB  DEFAULT CHARSET=utf8 COMMENT='展位套餐表' AUTO_INCREMENT=3 ;

--
-- 转存表中的数据 `cor_p_booth_quota`
--

INSERT INTO `cor_p_booth_quota` (`booth_quota_id`, `store_id`, `store_name`, `booth_quota_starttime`, `booth_quota_endtime`, `booth_state`) VALUES
(1, 1, '官方店铺', 1417266339, 1451199913, 1),
(2, 2, '大琪广告印务', 1417267855, 1419859855, 1);

-- --------------------------------------------------------

--
-- 表的结构 `cor_p_bundling`
--

CREATE TABLE IF NOT EXISTS `cor_p_bundling` (
  `bl_id` int(11) NOT NULL AUTO_INCREMENT COMMENT '组合ID',
  `bl_name` varchar(50) NOT NULL COMMENT '组合名称',
  `store_id` int(11) NOT NULL COMMENT '店铺名称',
  `store_name` varchar(50) NOT NULL COMMENT '店铺名称',
  `bl_discount_price` decimal(10,2) NOT NULL COMMENT '组合价格',
  `bl_freight_choose` tinyint(1) NOT NULL COMMENT '运费承担方式',
  `bl_freight` decimal(10,2) NOT NULL COMMENT '运费',
  `bl_state` tinyint(1) NOT NULL DEFAULT '1' COMMENT '组合状态 0-关闭/1-开启',
  PRIMARY KEY (`bl_id`)
) ENGINE=InnoDB  DEFAULT CHARSET=utf8 COMMENT='组合销售活动表' AUTO_INCREMENT=2 ;

--
-- 转存表中的数据 `cor_p_bundling`
--

INSERT INTO `cor_p_bundling` (`bl_id`, `bl_name`, `store_id`, `store_name`, `bl_discount_price`, `bl_freight_choose`, `bl_freight`, `bl_state`) VALUES
(1, '优惠套餐，5折让利', 1, '官方店铺', '3.50', 1, '0.00', 0);

-- --------------------------------------------------------

--
-- 表的结构 `cor_p_bundling_goods`
--

CREATE TABLE IF NOT EXISTS `cor_p_bundling_goods` (
  `bl_goods_id` int(11) NOT NULL AUTO_INCREMENT COMMENT '组合商品id',
  `bl_id` int(11) NOT NULL COMMENT '组合id',
  `goods_id` int(10) unsigned NOT NULL COMMENT '商品id',
  `goods_name` varchar(50) NOT NULL COMMENT '商品名称',
  `goods_image` varchar(100) NOT NULL COMMENT '商品图片',
  `bl_goods_price` decimal(10,2) NOT NULL COMMENT '商品价格',
  `bl_appoint` tinyint(3) unsigned NOT NULL COMMENT '指定商品 1是，0否',
  PRIMARY KEY (`bl_goods_id`)
) ENGINE=InnoDB DEFAULT CHARSET=utf8 COMMENT='组合销售活动商品表' AUTO_INCREMENT=1 ;

-- --------------------------------------------------------

--
-- 表的结构 `cor_p_bundling_quota`
--

CREATE TABLE IF NOT EXISTS `cor_p_bundling_quota` (
  `bl_quota_id` int(11) NOT NULL AUTO_INCREMENT COMMENT '套餐ID',
  `store_id` int(11) NOT NULL COMMENT '店铺id',
  `store_name` varchar(50) NOT NULL COMMENT '店铺名称',
  `member_id` int(11) NOT NULL COMMENT '会员id',
  `member_name` varchar(50) NOT NULL COMMENT '会员名称',
  `bl_quota_month` tinyint(3) unsigned NOT NULL COMMENT '购买数量（单位月）',
  `bl_quota_starttime` varchar(10) NOT NULL COMMENT '套餐开始时间',
  `bl_quota_endtime` varchar(10) NOT NULL COMMENT '套餐结束时间',
  `bl_state` tinyint(1) unsigned NOT NULL COMMENT '套餐状态：0关闭，1开启。默认为 1',
  PRIMARY KEY (`bl_quota_id`)
) ENGINE=InnoDB  DEFAULT CHARSET=utf8 COMMENT='组合销售套餐表' AUTO_INCREMENT=5 ;

--
-- 转存表中的数据 `cor_p_bundling_quota`
--

INSERT INTO `cor_p_bundling_quota` (`bl_quota_id`, `store_id`, `store_name`, `member_id`, `member_name`, `bl_quota_month`, `bl_quota_starttime`, `bl_quota_endtime`, `bl_state`) VALUES
(1, 2, '大琪广告印务', 4, 'tcdq', 1, '1417138556', '1419730556', 0),
(2, 1, '官方店铺', 1, 'corshop', 1, '1417265577', '1451199898', 1),
(3, 1, '官方店铺', 1, 'corshop', 1, '1418930331', '1451199898', 1),
(4, 7, '小陆干果', 41, 'kayvin', 3, '1423453503', '1431229503', 1);

-- --------------------------------------------------------

--
-- 表的结构 `cor_p_mansong`
--

CREATE TABLE IF NOT EXISTS `cor_p_mansong` (
  `mansong_id` int(10) unsigned NOT NULL AUTO_INCREMENT COMMENT '满送活动编号',
  `mansong_name` varchar(50) NOT NULL COMMENT '活动名称',
  `quota_id` int(10) unsigned NOT NULL COMMENT '套餐编号',
  `start_time` int(10) unsigned NOT NULL COMMENT '活动开始时间',
  `end_time` int(10) unsigned NOT NULL COMMENT '活动结束时间',
  `member_id` int(10) unsigned NOT NULL COMMENT '用户编号',
  `store_id` int(10) unsigned NOT NULL COMMENT '店铺编号',
  `member_name` varchar(50) NOT NULL COMMENT '用户名',
  `store_name` varchar(50) NOT NULL COMMENT '店铺名称',
  `state` tinyint(1) unsigned NOT NULL COMMENT '活动状态(1-未发布/2-正常/3-取消/4-失效/5-结束)',
  `remark` varchar(200) NOT NULL COMMENT '备注',
  PRIMARY KEY (`mansong_id`)
) ENGINE=InnoDB DEFAULT CHARSET=utf8 COMMENT='满就送活动表' AUTO_INCREMENT=1 ;

-- --------------------------------------------------------

--
-- 表的结构 `cor_p_mansong_quota`
--

CREATE TABLE IF NOT EXISTS `cor_p_mansong_quota` (
  `quota_id` int(10) unsigned NOT NULL AUTO_INCREMENT COMMENT '满就送套餐编号',
  `apply_id` int(10) unsigned NOT NULL COMMENT '申请编号',
  `member_id` int(10) unsigned NOT NULL COMMENT '用户编号',
  `store_id` int(10) unsigned NOT NULL COMMENT '店铺编号',
  `member_name` varchar(50) NOT NULL COMMENT '用户名',
  `store_name` varchar(50) NOT NULL COMMENT '店铺名称',
  `start_time` int(10) unsigned NOT NULL COMMENT '开始时间',
  `end_time` int(10) unsigned NOT NULL COMMENT '结束时间',
  `state` tinyint(1) unsigned NOT NULL COMMENT '配额状态(1-可用/2-取消/3-结束)',
  PRIMARY KEY (`quota_id`)
) ENGINE=InnoDB  DEFAULT CHARSET=utf8 COMMENT='满就送套餐表' AUTO_INCREMENT=3 ;

--
-- 转存表中的数据 `cor_p_mansong_quota`
--

INSERT INTO `cor_p_mansong_quota` (`quota_id`, `apply_id`, `member_id`, `store_id`, `member_name`, `store_name`, `start_time`, `end_time`, `state`) VALUES
(1, 0, 4, 2, 'tcdq', '大琪广告印务', 1417265243, 1419857243, 0),
(2, 0, 1, 1, 'corshop', '官方店铺', 1417265550, 1453553550, 0);

-- --------------------------------------------------------

--
-- 表的结构 `cor_p_mansong_rule`
--

CREATE TABLE IF NOT EXISTS `cor_p_mansong_rule` (
  `rule_id` int(10) unsigned NOT NULL AUTO_INCREMENT COMMENT '规则编号',
  `mansong_id` int(10) unsigned NOT NULL COMMENT '活动编号',
  `price` int(10) unsigned NOT NULL DEFAULT '0' COMMENT '级别价格',
  `discount` int(10) unsigned NOT NULL DEFAULT '0' COMMENT '减现金优惠金额',
  `mansong_goods_name` varchar(50) NOT NULL COMMENT '礼品名称',
  `goods_id` int(10) unsigned NOT NULL DEFAULT '0' COMMENT '商品编号',
  PRIMARY KEY (`rule_id`)
) ENGINE=InnoDB DEFAULT CHARSET=utf8 COMMENT='满就送活动规则表' AUTO_INCREMENT=1 ;

-- --------------------------------------------------------

--
-- 表的结构 `cor_p_xianshi`
--

CREATE TABLE IF NOT EXISTS `cor_p_xianshi` (
  `xianshi_id` int(10) unsigned NOT NULL AUTO_INCREMENT COMMENT '限时编号',
  `xianshi_name` varchar(50) NOT NULL COMMENT '活动名称',
  `xianshi_title` varchar(10) DEFAULT NULL COMMENT '活动标题',
  `xianshi_explain` varchar(50) DEFAULT NULL COMMENT '活动说明',
  `quota_id` int(10) unsigned NOT NULL COMMENT '套餐编号',
  `start_time` int(10) unsigned NOT NULL COMMENT '活动开始时间',
  `end_time` int(10) unsigned NOT NULL COMMENT '活动结束时间',
  `member_id` int(10) unsigned NOT NULL COMMENT '用户编号',
  `store_id` int(10) unsigned NOT NULL COMMENT '店铺编号',
  `member_name` varchar(50) NOT NULL COMMENT '用户名',
  `store_name` varchar(50) NOT NULL COMMENT '店铺名称',
  `lower_limit` int(10) unsigned NOT NULL DEFAULT '1' COMMENT '购买下限，1为不限制',
  `state` tinyint(3) unsigned NOT NULL DEFAULT '1' COMMENT '状态，0-取消 1-正常',
  PRIMARY KEY (`xianshi_id`)
) ENGINE=InnoDB  DEFAULT CHARSET=utf8 COMMENT='限时折扣活动表' AUTO_INCREMENT=10 ;

--
-- 转存表中的数据 `cor_p_xianshi`
--

INSERT INTO `cor_p_xianshi` (`xianshi_id`, `xianshi_name`, `xianshi_title`, `xianshi_explain`, `quota_id`, `start_time`, `end_time`, `member_id`, `store_id`, `member_name`, `store_name`, `lower_limit`, `state`) VALUES
(9, '冲量优惠大放价，买10件送1件', '限时折扣', '', 5, 1420300800, 1427731200, 1, 1, 'corshop', '官方店铺', 1, 1);

-- --------------------------------------------------------

--
-- 表的结构 `cor_p_xianshi_goods`
--

CREATE TABLE IF NOT EXISTS `cor_p_xianshi_goods` (
  `xianshi_goods_id` int(10) unsigned NOT NULL AUTO_INCREMENT COMMENT '限时折扣商品表',
  `xianshi_id` int(10) unsigned NOT NULL COMMENT '限时活动编号',
  `xianshi_name` varchar(50) NOT NULL COMMENT '活动名称',
  `xianshi_title` varchar(10) DEFAULT NULL COMMENT '活动标题',
  `xianshi_explain` varchar(50) DEFAULT NULL COMMENT '活动说明',
  `goods_id` int(10) unsigned NOT NULL COMMENT '商品编号',
  `store_id` int(10) unsigned NOT NULL COMMENT '店铺编号',
  `goods_name` varchar(100) NOT NULL COMMENT '商品名称',
  `goods_price` decimal(10,2) NOT NULL COMMENT '店铺价格',
  `xianshi_price` decimal(10,2) NOT NULL COMMENT '限时折扣价格',
  `goods_image` varchar(100) NOT NULL COMMENT '商品图片',
  `start_time` int(10) unsigned NOT NULL COMMENT '开始时间',
  `end_time` int(10) unsigned NOT NULL COMMENT '结束时间',
  `lower_limit` int(10) unsigned NOT NULL DEFAULT '0' COMMENT '购买下限，0为不限制',
  `state` tinyint(3) unsigned NOT NULL DEFAULT '1' COMMENT '状态，0-取消 1-正常',
  `xianshi_recommend` tinyint(3) unsigned NOT NULL DEFAULT '0' COMMENT '推荐标志 0-未推荐 1-已推荐',
  PRIMARY KEY (`xianshi_goods_id`)
) ENGINE=InnoDB  DEFAULT CHARSET=utf8 COMMENT='限时折扣商品表' AUTO_INCREMENT=30 ;

--
-- 转存表中的数据 `cor_p_xianshi_goods`
--

INSERT INTO `cor_p_xianshi_goods` (`xianshi_goods_id`, `xianshi_id`, `xianshi_name`, `xianshi_title`, `xianshi_explain`, `goods_id`, `store_id`, `goods_name`, `goods_price`, `xianshi_price`, `goods_image`, `start_time`, `end_time`, `lower_limit`, `state`, `xianshi_recommend`) VALUES
(28, 9, '冲量优惠大放价，买10件送1件', '限时折扣', '', 311, 1, '康汇园芒果汁饮料 果肉多 净含量1.5L 66元/件/6瓶 1件', '55.00', '50.00', '1_04729037901755028.jpg', 1420300800, 1427731200, 1, 1, 0),
(29, 9, '冲量优惠大放价，买10件送1件', '限时折扣', '', 276, 1, '昭君故里酒 美之梦酒 优质白酒 500ml 浓香型 42度', '118.00', '108.00', '1_04717754051864205.jpg', 1420300800, 1427731200, 1, 1, 0);

-- --------------------------------------------------------

--
-- 表的结构 `cor_p_xianshi_quota`
--

CREATE TABLE IF NOT EXISTS `cor_p_xianshi_quota` (
  `quota_id` int(10) unsigned NOT NULL AUTO_INCREMENT COMMENT '限时折扣套餐编号',
  `member_id` int(10) unsigned NOT NULL COMMENT '用户编号',
  `store_id` int(10) unsigned NOT NULL COMMENT '店铺编号',
  `member_name` varchar(50) NOT NULL COMMENT '用户名',
  `store_name` varchar(50) NOT NULL COMMENT '店铺名称',
  `start_time` int(10) unsigned NOT NULL COMMENT '套餐开始时间',
  `end_time` int(10) unsigned NOT NULL COMMENT '套餐结束时间',
  PRIMARY KEY (`quota_id`)
) ENGINE=InnoDB  DEFAULT CHARSET=utf8 COMMENT='限时折扣套餐表' AUTO_INCREMENT=7 ;

--
-- 转存表中的数据 `cor_p_xianshi_quota`
--

INSERT INTO `cor_p_xianshi_quota` (`quota_id`, `member_id`, `store_id`, `member_name`, `store_name`, `start_time`, `end_time`) VALUES
(5, 1, 1, 'corshop', '官方店铺', 1389167180, 1451375180),
(6, 67, 10, 'wxg2015', '通城小王家电', 1426671025, 1429263025);

-- --------------------------------------------------------

--
-- 表的结构 `cor_rec_position`
--

CREATE TABLE IF NOT EXISTS `cor_rec_position` (
  `rec_id` mediumint(8) unsigned NOT NULL AUTO_INCREMENT,
  `pic_type` enum('1','2','0') NOT NULL DEFAULT '1' COMMENT '0文字1本地图片2远程',
  `title` varchar(200) NOT NULL DEFAULT '' COMMENT '标题',
  `content` text NOT NULL COMMENT '序列化推荐位内容',
  PRIMARY KEY (`rec_id`)
) ENGINE=InnoDB DEFAULT CHARSET=utf8 COMMENT='推荐位' AUTO_INCREMENT=1 ;

-- --------------------------------------------------------

--
-- 表的结构 `cor_refund_return`
--

CREATE TABLE IF NOT EXISTS `cor_refund_return` (
  `refund_id` int(10) unsigned NOT NULL AUTO_INCREMENT COMMENT '记录ID',
  `order_id` int(10) unsigned NOT NULL COMMENT '订单ID',
  `order_sn` varchar(50) NOT NULL COMMENT '订单编号',
  `refund_sn` varchar(50) NOT NULL COMMENT '申请编号',
  `store_id` int(10) unsigned NOT NULL COMMENT '店铺ID',
  `store_name` varchar(20) NOT NULL COMMENT '店铺名称',
  `buyer_id` int(10) unsigned NOT NULL COMMENT '买家ID',
  `buyer_name` varchar(50) NOT NULL COMMENT '买家会员名',
  `goods_id` int(10) unsigned NOT NULL COMMENT '商品ID,全部退款是0',
  `order_goods_id` int(10) unsigned DEFAULT '0' COMMENT '订单商品ID,全部退款是0',
  `goods_name` varchar(50) NOT NULL COMMENT '商品名称',
  `goods_num` int(10) unsigned DEFAULT '1' COMMENT '商品数量',
  `refund_amount` decimal(10,2) DEFAULT '0.00' COMMENT '退款金额',
  `goods_image` varchar(100) DEFAULT NULL COMMENT '商品图片',
  `order_goods_type` tinyint(1) unsigned DEFAULT '1' COMMENT '订单商品类型:1默认2团购商品3限时折扣商品4组合套装',
  `refund_type` tinyint(1) unsigned DEFAULT '1' COMMENT '申请类型:1为退款,2为退货,默认为1',
  `seller_state` tinyint(1) unsigned DEFAULT '1' COMMENT '卖家处理状态:1为待审核,2为同意,3为不同意,默认为1',
  `refund_state` tinyint(1) unsigned DEFAULT '1' COMMENT '申请状态:1为处理中,2为待管理员处理,3为已完成,默认为1',
  `return_type` tinyint(1) unsigned DEFAULT '1' COMMENT '退货类型:1为不用退货,2为需要退货,默认为1',
  `order_lock` tinyint(1) unsigned DEFAULT '1' COMMENT '订单锁定类型:1为不用锁定,2为需要锁定,默认为1',
  `goods_state` tinyint(1) unsigned DEFAULT '1' COMMENT '物流状态:1为待发货,2为待收货,3为未收到,4为已收货,默认为1',
  `add_time` int(10) unsigned NOT NULL COMMENT '添加时间',
  `seller_time` int(10) unsigned DEFAULT '0' COMMENT '卖家处理时间',
  `admin_time` int(10) unsigned DEFAULT '0' COMMENT '管理员处理时间,默认为0',
  `buyer_message` varchar(300) DEFAULT NULL COMMENT '申请原因',
  `seller_message` varchar(300) DEFAULT NULL COMMENT '卖家备注',
  `admin_message` varchar(300) DEFAULT NULL COMMENT '管理员备注',
  `express_id` tinyint(1) unsigned DEFAULT '0' COMMENT '物流公司编号',
  `invoice_no` varchar(50) DEFAULT NULL COMMENT '物流单号',
  `ship_time` int(10) unsigned DEFAULT '0' COMMENT '发货时间,默认为0',
  `delay_time` int(10) unsigned DEFAULT '0' COMMENT '收货延迟时间,默认为0',
  `receive_time` int(10) unsigned DEFAULT '0' COMMENT '收货时间,默认为0',
  `receive_message` varchar(300) DEFAULT NULL COMMENT '收货备注',
  `commis_rate` smallint(6) DEFAULT '0' COMMENT '佣金比例',
  PRIMARY KEY (`refund_id`)
) ENGINE=InnoDB  DEFAULT CHARSET=utf8 COMMENT='退款退货表' AUTO_INCREMENT=5 ;

--
-- 转存表中的数据 `cor_refund_return`
--

INSERT INTO `cor_refund_return` (`refund_id`, `order_id`, `order_sn`, `refund_sn`, `store_id`, `store_name`, `buyer_id`, `buyer_name`, `goods_id`, `order_goods_id`, `goods_name`, `goods_num`, `refund_amount`, `goods_image`, `order_goods_type`, `refund_type`, `seller_state`, `refund_state`, `return_type`, `order_lock`, `goods_state`, `add_time`, `seller_time`, `admin_time`, `buyer_message`, `seller_message`, `admin_message`, `express_id`, `invoice_no`, `ship_time`, `delay_time`, `receive_time`, `receive_message`, `commis_rate`) VALUES
(1, 11, '6000000000001101', '756101141124133835', 1, '官方店铺', 3, 'mxjyweb', 48, 11, '春装 披肩式 超短款 针织 衫开衫 女装 青鸟 蓝色', 1, '129.00', '1_04418240795665638.jpg', 1, 2, 2, 3, 2, 1, 4, 1416807515, 1416807558, 1416807669, '测试', '测试', '测试', 29, '234234234354376', 1416807611, 1416807611, 1416807628, '确认收货完成', 0),
(2, 34, '6000000000003401', '265101141229152743', 1, '官方店铺', 20, 'bxgz', 0, 0, '订单商品全部退款', 1, '0.01', NULL, 1, 1, 2, 3, 1, 2, 1, 1419838063, 1419838219, 1419838507, '想增加购买数量，需重新下单订购', '测试退款操作。', '平台同意商家审核，确认退款。', 0, NULL, 0, 0, 0, NULL, 0),
(3, 60, '7000000000006001', '191101150114154905', 1, '官方店铺', 3, 'mxjyweb', 0, 0, '订单商品全部退款', 1, '118.00', NULL, 1, 1, 2, 3, 1, 2, 1, 1421221745, 1421223063, 1421223131, '测试', '测试退款', '测试，同意。', 0, NULL, 0, 0, 0, NULL, 0),
(4, 63, '7000000000006301', '838101150114170618', 1, '官方店铺', 5, 'xiner', 0, 0, '订单商品全部退款', 1, '0.00', NULL, 1, 1, 2, 3, 1, 2, 1, 1421226378, 1421226418, 1421226512, '测试', '测试退货', '测试，同意', 0, NULL, 0, 0, 0, NULL, 0);

-- --------------------------------------------------------

--
-- 表的结构 `cor_salenum`
--

CREATE TABLE IF NOT EXISTS `cor_salenum` (
  `date` int(8) unsigned NOT NULL COMMENT '销售日期',
  `salenum` int(11) unsigned NOT NULL COMMENT '销量',
  `goods_id` int(11) unsigned NOT NULL COMMENT '商品ID',
  `store_id` int(11) unsigned NOT NULL COMMENT '店铺ID'
) ENGINE=InnoDB DEFAULT CHARSET=utf8 COMMENT='销量统计表';

--
-- 转存表中的数据 `cor_salenum`
--

INSERT INTO `cor_salenum` (`date`, `salenum`, `goods_id`, `store_id`) VALUES
(20141120, 2, 53, 1),
(20141121, 4, 231, 1),
(20141121, 1, 46, 1),
(20141122, 1, 52, 1),
(20141122, 1, 231, 1),
(20141122, 1, 232, 1),
(20141124, 1, 48, 1),
(20141124, 1, 53, 1),
(20141124, 1, 231, 1),
(20141128, 1, 246, 1),
(20141203, 1, 233, 1),
(20141203, 1, 46, 1),
(20141204, 1, 240, 1),
(20141204, 1, 245, 1),
(20141204, 1, 243, 1),
(20141204, 1, 244, 1),
(20141204, 1, 251, 1),
(20141204, 1, 250, 1),
(20141213, 1, 46, 1),
(20141213, 3, 277, 1),
(20141214, 2, 277, 1),
(20141219, 1, 277, 1),
(20141222, 1, 276, 1),
(20141225, 1, 276, 1),
(20141226, 1, 302, 1),
(20141229, 2, 288, 1),
(20150112, 1, 315, 1),
(20150114, 3, 321, 1),
(20150114, 1, 276, 1),
(20150114, 3, 275, 2),
(20150119, 60, 310, 1),
(20150119, 6, 286, 2),
(20150119, 21, 282, 1),
(20150123, 1, 283, 1),
(20150125, 1, 330, 5),
(20150125, 1, 333, 1),
(20150125, 2, 323, 5),
(20150125, 1, 324, 5),
(20150126, 1, 308, 1),
(20150126, 10, 323, 5),
(20150201, 2, 333, 1),
(20150204, 5, 323, 5),
(20150207, 3, 360, 7),
(20150209, 1, 360, 7),
(20150209, 6, 364, 7),
(20150209, 1, 362, 7),
(20150211, 1, 348, 7),
(20150211, 1, 347, 7),
(20150212, 2, 347, 7),
(20150212, 2, 357, 7),
(20150216, 3, 277, 1),
(20150225, 1, 346, 7),
(20150303, 4, 277, 1),
(20150306, 2, 347, 7),
(20150306, 2, 330, 5),
(20150306, 5, 277, 1),
(20150307, 6, 276, 1),
(20150314, 1, 369, 1),
(20150327, 1, 284, 1),
(20150327, 1, 347, 7),
(20150401, 1, 286, 2),
(20150401, 1, 283, 1);

-- --------------------------------------------------------

--
-- 表的结构 `cor_seller`
--

CREATE TABLE IF NOT EXISTS `cor_seller` (
  `seller_id` int(10) unsigned NOT NULL AUTO_INCREMENT COMMENT '卖家编号',
  `seller_name` varchar(50) NOT NULL COMMENT '卖家用户名',
  `member_id` int(10) unsigned NOT NULL COMMENT '用户编号',
  `seller_group_id` int(10) unsigned NOT NULL COMMENT '卖家组编号',
  `store_id` int(10) unsigned NOT NULL COMMENT '店铺编号',
  `is_admin` tinyint(3) unsigned NOT NULL COMMENT '是否管理员(0-不是 1-是)',
  `seller_quicklink` varchar(255) DEFAULT NULL COMMENT '卖家快捷操作',
  `last_login_time` int(10) unsigned DEFAULT NULL COMMENT '最后登录时间',
  PRIMARY KEY (`seller_id`)
) ENGINE=InnoDB  DEFAULT CHARSET=utf8 COMMENT='卖家用户表' AUTO_INCREMENT=13 ;

--
-- 转存表中的数据 `cor_seller`
--

INSERT INTO `cor_seller` (`seller_id`, `seller_name`, `member_id`, `seller_group_id`, `store_id`, `is_admin`, `seller_quicklink`, `last_login_time`) VALUES
(1, 'corshop_seller', 1, 0, 1, 1, ',store_goods_add,store_goods_online,store_goods_offline,store_order,store_deliver_set,store_groupbuy,store_promotion_xianshi', 1428034078),
(2, 'tcdqgs', 4, 0, 2, 1, 'store_consult,store_goods_add,store_goods_online,store_order,store_deliver', 1421835253),
(3, 'fdxmslx', 6, 0, 3, 1, '', 1417013031),
(4, '吉米环保', 15, 0, 4, 1, 'store_goods_add,store_goods_online,store_album,store_order,store_deliver,store_groupbuy,store_promotion_xianshi,store_promotion_mansong', 1422762837),
(5, 'hahabx', 20, 2, 1, 0, NULL, 1420099313),
(6, '百丈潭茶业', 34, 0, 5, 1, 'store_goods_add,store_goods_online,store_order,store_deliver,store_groupbuy,store_promotion_xianshi,store_bill', 1422079825),
(7, '三麦酒', 40, 0, 6, 1, 'store_goods_add,store_order,store_goods_online,store_setting', 1425271755),
(8, '小陆干果', 41, 0, 7, 1, 'store_goods_online,store_goods_add,store_deliver,store_order', 1426558334),
(9, '博洋家纺', 70, 0, 8, 1, 'store_goods_add,store_goods_online,store_order,store_deliver,store_callcenter,store_bill', 1426582605),
(10, '正泰电气', 68, 0, 9, 1, NULL, 1426656938),
(11, 'wxg2015', 67, 0, 10, 1, 'store_goods_add,store_goods_online,store_order,store_deliver,store_callcenter,store_bill', 1426678924),
(12, '易和养生', 73, 0, 11, 1, 'store_goods_add,store_goods_online,store_order,store_deliver,store_callcenter,store_bill', 1426733988);

-- --------------------------------------------------------

--
-- 表的结构 `cor_seller_group`
--

CREATE TABLE IF NOT EXISTS `cor_seller_group` (
  `group_id` int(10) unsigned NOT NULL AUTO_INCREMENT COMMENT '卖家组编号',
  `group_name` varchar(50) NOT NULL COMMENT '组名',
  `limits` text NOT NULL COMMENT '权限',
  `store_id` int(10) unsigned NOT NULL COMMENT '店铺编号',
  PRIMARY KEY (`group_id`)
) ENGINE=InnoDB  DEFAULT CHARSET=utf8 COMMENT='卖家用户组表' AUTO_INCREMENT=3 ;

--
-- 转存表中的数据 `cor_seller_group`
--

INSERT INTO `cor_seller_group` (`group_id`, `group_name`, `limits`, `store_id`) VALUES
(1, '店铺美工', 'store_goods_add,store_goods_online,store_goods_offline,store_storage_alarm,store_plate,store_spec,store_album', 4),
(2, '客服', 'store_order,store_deliver,store_deliver_set,store_evaluate,store_printsetup,store_transport,store_free_freight,store_consult,store_complain,store_refund,store_return,statistics_flow,statistics_sale,statistics_probability', 1);

-- --------------------------------------------------------

--
-- 表的结构 `cor_seller_log`
--

CREATE TABLE IF NOT EXISTS `cor_seller_log` (
  `log_id` int(10) unsigned NOT NULL AUTO_INCREMENT COMMENT '日志编号',
  `log_content` varchar(50) NOT NULL COMMENT '日志内容',
  `log_time` int(10) unsigned NOT NULL COMMENT '日志时间',
  `log_seller_id` int(10) unsigned NOT NULL COMMENT '卖家编号',
  `log_seller_name` varchar(50) NOT NULL COMMENT '卖家帐号',
  `log_store_id` int(10) unsigned NOT NULL COMMENT '店铺编号',
  `log_seller_ip` varchar(50) NOT NULL COMMENT '卖家ip',
  `log_url` varchar(50) NOT NULL COMMENT '日志url',
  `log_state` tinyint(3) unsigned NOT NULL COMMENT '日志状态(0-失败 1-成功)',
  PRIMARY KEY (`log_id`)
) ENGINE=InnoDB  DEFAULT CHARSET=utf8 COMMENT='卖家日志表' AUTO_INCREMENT=735 ;

--
-- 转存表中的数据 `cor_seller_log`
--

INSERT INTO `cor_seller_log` (`log_id`, `log_content`, `log_time`, `log_seller_id`, `log_seller_name`, `log_store_id`, `log_seller_ip`, `log_url`, `log_state`) VALUES
(1, '登录成功', 1415607675, 1, 'corshop_seller', 1, '127.0.0.1', 'seller_login&login', 1),
(2, '购买2份团购套餐，单价10', 4294967295, 1, 'corshop_seller', 1, '127.0.0.1', 'store_groupbuy&groupbuy_quota_add_save', 1),
(3, '发布团购活动，团购名称：228元任选一箱，国际大赛权威推荐“金奖”葡萄酒！，商品名称：至尊金奖 法国', 1415607843, 1, 'corshop_seller', 1, '127.0.0.1', 'store_groupbuy&groupbuy_save', 1),
(4, '登录成功', 1416023447, 1, 'corshop_seller', 1, '221.233.229.240', 'seller_login&login', 1),
(5, '登录成功', 1416294461, 1, 'corshop_seller', 1, '14.153.1.42', 'seller_login&login', 1),
(6, '注销成功', 1416294546, 1, 'corshop_seller', 1, '14.153.1.42', 'seller_logout&logout', 1),
(7, '登录成功', 1416294658, 2, 'tcdqgs', 2, '221.233.229.240', 'seller_login&login', 1),
(8, '注销成功', 1416295081, 2, 'tcdqgs', 2, '221.233.229.240', 'seller_logout&logout', 1),
(9, '登录成功', 1416295221, 1, 'corshop_seller', 1, '221.233.229.240', 'seller_login&login', 1),
(10, '登录成功', 1416295750, 2, 'tcdqgs', 2, '221.233.229.240', 'seller_login&login', 1),
(11, '注销成功', 1416296543, 2, 'tcdqgs', 2, '221.233.229.240', 'seller_logout&logout', 1),
(12, '登录成功', 1416297168, 1, 'corshop_seller', 1, '221.233.229.240', 'seller_login&login', 1),
(13, '注销成功', 1416297517, 1, 'corshop_seller', 1, '221.233.229.240', 'seller_logout&logout', 1),
(14, '登录成功', 1416297559, 2, 'tcdqgs', 2, '221.233.229.240', 'seller_login&login', 1),
(15, '新增店铺导航，导航编号1', 1416297705, 2, 'tcdqgs', 2, '221.233.229.240', 'store_navigation&navigation_save', 1),
(16, '注销成功', 1416300337, 2, 'tcdqgs', 2, '221.233.229.240', 'seller_logout&logout', 1),
(17, '登录成功', 1416300372, 1, 'corshop_seller', 1, '221.233.229.240', 'seller_login&login', 1),
(18, '注销成功', 1416301396, 1, 'corshop_seller', 1, '221.233.229.240', 'seller_logout&logout', 1),
(19, '登录成功', 1416301415, 2, 'tcdqgs', 2, '221.233.229.240', 'seller_login&login', 1),
(20, '注销成功', 1416302214, 2, 'tcdqgs', 2, '221.233.229.240', 'seller_logout&logout', 1),
(21, '登录成功', 1416302243, 1, 'corshop_seller', 1, '221.233.229.240', 'seller_login&login', 1),
(22, '注销成功', 1416302721, 1, 'corshop_seller', 1, '221.233.229.240', 'seller_logout&logout', 1),
(23, '登录成功', 1416302739, 2, 'tcdqgs', 2, '221.233.229.240', 'seller_login&login', 1),
(24, '注销成功', 1416303144, 2, 'tcdqgs', 2, '221.233.229.240', 'seller_logout&logout', 1),
(25, '登录成功', 1416358654, 2, 'tcdqgs', 2, '221.233.229.240', 'seller_login&login', 1),
(26, '编辑店铺导航，导航编号1', 1416366252, 2, 'tcdqgs', 2, '221.233.229.240', 'store_navigation&navigation_save', 1),
(27, '编辑店铺导航，导航编号1', 1416366285, 2, 'tcdqgs', 2, '221.233.229.240', 'store_navigation&navigation_save', 1),
(28, '注销成功', 1416367962, 2, 'tcdqgs', 2, '221.233.229.240', 'seller_logout&logout', 1),
(29, '登录成功', 1416469723, 2, 'tcdqgs', 2, '221.233.229.240', 'seller_login&login', 1),
(30, '注销成功', 1416474746, 2, 'tcdqgs', 2, '221.233.229.240', 'seller_logout&logout', 1),
(31, '登录成功', 1416549110, 1, 'corshop_seller', 1, '113.92.249.158', 'seller_login&login', 1),
(32, '登录成功', 1416624403, 1, 'corshop_seller', 1, '221.233.229.240', 'seller_login&login', 1),
(33, '注销成功', 1416627012, 1, 'corshop_seller', 1, '221.233.229.240', 'seller_logout&logout', 1),
(34, '登录成功', 1416806769, 1, 'corshop_seller', 1, '14.153.2.142', 'seller_login&login', 1),
(35, '退货处理，退货编号：756101141124133835', 1416807557, 1, 'corshop_seller', 1, '14.153.2.142', 'store_return&edit', 1),
(36, '退货确认收货，退货编号：756101141124133835', 1416807628, 1, 'corshop_seller', 1, '14.153.2.142', 'store_return&receive', 1),
(37, '登录成功', 1416813310, 1, 'corshop_seller', 1, '121.61.40.122', 'seller_login&login', 1),
(38, '登录成功', 1416813629, 1, 'corshop_seller', 1, '121.61.40.122', 'seller_login&login', 1),
(39, '登录成功', 1416968612, 2, 'tcdqgs', 2, '121.61.40.122', 'seller_login&login', 1),
(40, '注销成功', 1416969174, 2, 'tcdqgs', 2, '121.61.40.122', 'seller_logout&logout', 1),
(41, '登录成功', 1416994244, 1, 'corshop_seller', 1, '121.61.52.125', 'seller_login&login', 1),
(42, '添加商品，平台货号:100087', 1416994764, 1, 'corshop_seller', 1, '121.61.52.125', 'store_goods_add&save_goods', 1),
(43, '登录成功', 1416998259, 1, 'corshop_seller', 1, '111.183.251.73', 'seller_login&login', 1),
(44, '添加商品，平台货号:100088', 1416998413, 1, 'corshop_seller', 1, '111.183.251.73', 'store_goods_add&save_goods', 1),
(45, '添加商品，平台货号:100089', 1416998563, 1, 'corshop_seller', 1, '111.183.251.73', 'store_goods_add&save_goods', 1),
(46, '添加商品，平台货号:100090', 1416998621, 1, 'corshop_seller', 1, '111.183.251.73', 'store_goods_add&save_goods', 1),
(47, '添加商品，平台货号:100091', 1416998665, 1, 'corshop_seller', 1, '111.183.251.73', 'store_goods_add&save_goods', 1),
(48, '添加商品，平台货号:100092', 1416998769, 1, 'corshop_seller', 1, '111.183.251.73', 'store_goods_add&save_goods', 1),
(49, '添加商品，平台货号:100093', 1416998866, 1, 'corshop_seller', 1, '111.183.251.73', 'store_goods_add&save_goods', 1),
(50, '登录成功', 1417003550, 1, 'corshop_seller', 1, '111.183.251.73', 'seller_login&login', 1),
(51, '编辑商品，平台货号：100092', 1417003596, 1, 'corshop_seller', 1, '111.183.251.73', 'store_goods_online&edit_save_goods', 1),
(52, '登录成功', 1417013031, 3, 'fdxmslx', 3, '127.0.0.1', 'seller_login&login', 1),
(53, '登录成功', 1417052937, 1, 'corshop_seller', 1, '121.61.40.122', 'seller_login&login', 1),
(54, '添加商品，平台货号:100094', 1417053057, 1, 'corshop_seller', 1, '121.61.40.122', 'store_goods_add&save_goods', 1),
(55, '添加商品，平台货号:100095', 1417053125, 1, 'corshop_seller', 1, '121.61.40.122', 'store_goods_add&save_goods', 1),
(56, '添加商品，平台货号:100096', 1417053203, 1, 'corshop_seller', 1, '121.61.40.122', 'store_goods_add&save_goods', 1),
(57, '添加商品，平台货号:100097', 1417053259, 1, 'corshop_seller', 1, '121.61.40.122', 'store_goods_add&save_goods', 1),
(58, '添加商品，平台货号:100098', 1417053396, 1, 'corshop_seller', 1, '121.61.40.122', 'store_goods_add&save_goods', 1),
(59, '添加商品，平台货号:100099', 1417053460, 1, 'corshop_seller', 1, '121.61.40.122', 'store_goods_add&save_goods', 1),
(60, '添加商品，平台货号:100100', 1417053529, 1, 'corshop_seller', 1, '121.61.40.122', 'store_goods_add&save_goods', 1),
(61, '添加商品，平台货号:100101', 1417053578, 1, 'corshop_seller', 1, '121.61.40.122', 'store_goods_add&save_goods', 1),
(62, '添加商品，平台货号:100102', 1417054094, 1, 'corshop_seller', 1, '121.61.40.122', 'store_goods_add&save_goods', 1),
(63, '添加商品，平台货号:100103', 1417054141, 1, 'corshop_seller', 1, '121.61.40.122', 'store_goods_add&save_goods', 1),
(64, '添加商品，平台货号:100104', 1417054193, 1, 'corshop_seller', 1, '121.61.40.122', 'store_goods_add&save_goods', 1),
(65, '添加商品，平台货号:100105', 1417054308, 1, 'corshop_seller', 1, '121.61.40.122', 'store_goods_add&save_goods', 1),
(66, '添加商品，平台货号:100106', 1417054371, 1, 'corshop_seller', 1, '121.61.40.122', 'store_goods_add&save_goods', 1),
(67, '添加商品，平台货号:100107', 1417054428, 1, 'corshop_seller', 1, '121.61.40.122', 'store_goods_add&save_goods', 1),
(68, '添加商品，平台货号:100108', 1417054488, 1, 'corshop_seller', 1, '121.61.40.122', 'store_goods_add&save_goods', 1),
(69, '添加商品，平台货号:100109', 1417054599, 1, 'corshop_seller', 1, '121.61.40.122', 'store_goods_add&save_goods', 1),
(70, '添加商品，平台货号:100110', 1417055270, 1, 'corshop_seller', 1, '121.61.40.122', 'store_goods_add&save_goods', 1),
(71, '添加商品，平台货号:100111', 1417055328, 1, 'corshop_seller', 1, '121.61.40.122', 'store_goods_add&save_goods', 1),
(72, '添加商品，平台货号:100112', 1417055376, 1, 'corshop_seller', 1, '121.61.40.122', 'store_goods_add&save_goods', 1),
(73, '添加商品，平台货号:100113', 1417055455, 1, 'corshop_seller', 1, '121.61.40.122', 'store_goods_add&save_goods', 1),
(74, '添加商品，平台货号:100114', 1417055511, 1, 'corshop_seller', 1, '121.61.40.122', 'store_goods_add&save_goods', 1),
(75, '添加商品，平台货号:100115', 1417055555, 1, 'corshop_seller', 1, '121.61.40.122', 'store_goods_add&save_goods', 1),
(76, '添加商品，平台货号:100116', 1417055741, 1, 'corshop_seller', 1, '121.61.40.122', 'store_goods_add&save_goods', 1),
(77, '添加商品，平台货号:100117', 1417056224, 1, 'corshop_seller', 1, '121.61.40.122', 'store_goods_add&save_goods', 1),
(78, '添加商品，平台货号:100118', 1417056640, 1, 'corshop_seller', 1, '121.61.40.122', 'store_goods_add&save_goods', 1),
(79, '添加商品，平台货号:100119', 1417056692, 1, 'corshop_seller', 1, '121.61.40.122', 'store_goods_add&save_goods', 1),
(80, '添加商品，平台货号:100120', 1417056744, 1, 'corshop_seller', 1, '121.61.40.122', 'store_goods_add&save_goods', 1),
(81, '添加商品，平台货号:100121', 1417056796, 1, 'corshop_seller', 1, '121.61.40.122', 'store_goods_add&save_goods', 1),
(82, '添加商品，平台货号:100122', 1417056837, 1, 'corshop_seller', 1, '121.61.40.122', 'store_goods_add&save_goods', 1),
(83, '添加商品，平台货号:100123', 1417056915, 1, 'corshop_seller', 1, '121.61.40.122', 'store_goods_add&save_goods', 1),
(84, '添加商品，平台货号:100124', 1417056957, 1, 'corshop_seller', 1, '121.61.40.122', 'store_goods_add&save_goods', 1),
(85, '添加商品，平台货号:100125', 1417057125, 1, 'corshop_seller', 1, '121.61.40.122', 'store_goods_add&save_goods', 1),
(86, '注销成功', 1417057281, 1, 'corshop_seller', 1, '121.61.40.122', 'seller_logout&logout', 1),
(87, '登录成功', 1417070621, 1, 'corshop_seller', 1, '121.61.40.122', 'seller_login&login', 1),
(88, '注销成功', 1417071015, 1, 'corshop_seller', 1, '121.61.40.122', 'seller_logout&logout', 1),
(89, '登录成功', 1417089565, 2, 'tcdqgs', 2, '111.183.250.216', 'seller_login&login', 1),
(90, '注销成功', 1417089756, 2, 'tcdqgs', 2, '111.183.250.216', 'seller_logout&logout', 1),
(91, '登录成功', 1417091850, 1, 'corshop_seller', 1, '111.183.250.216', 'seller_login&login', 1),
(92, '注销成功', 1417092252, 1, 'corshop_seller', 1, '111.183.250.216', 'seller_logout&logout', 1),
(93, '登录成功', 1417138366, 2, 'tcdqgs', 2, '121.61.40.122', 'seller_login&login', 1),
(94, '购买1套短信包月套装，单位元', 1417138556, 2, 'tcdqgs', 2, '121.61.40.122', 'store_sms_conf&index', 1),
(95, '注销成功', 1417140013, 2, 'tcdqgs', 2, '121.61.40.122', 'seller_logout&logout', 1),
(96, '登录成功', 1417140033, 2, 'tcdqgs', 2, '121.61.40.122', 'seller_login&login', 1),
(97, '注销成功', 1417140069, 2, 'tcdqgs', 2, '121.61.40.122', 'seller_logout&logout', 1),
(98, '登录成功', 1417142787, 1, 'corshop_seller', 1, '59.40.133.72', 'seller_login&login', 1),
(99, '登录成功', 1417158987, 2, 'tcdqgs', 2, '121.61.40.122', 'seller_login&login', 1),
(100, '登录成功', 1417264809, 2, 'tcdqgs', 2, '61.184.181.179', 'seller_login&login', 1),
(101, '购买1份代金券套餐，单价20元', 1417264846, 2, 'tcdqgs', 2, '61.184.181.179', 'store_voucher&quotaadd', 1),
(102, '购买1份满即送套餐，单价20', 1417265243, 2, 'tcdqgs', 2, '61.184.181.179', 'store_promotion_mansong&mansong_quota_add_save', 1),
(103, '注销成功', 1417265441, 2, 'tcdqgs', 2, '61.184.181.179', 'seller_logout&logout', 1),
(104, '登录成功', 1417265488, 1, 'corshop_seller', 1, '61.184.181.179', 'seller_login&login', 1),
(105, '购买2份满即送套餐，单价20', 1417265550, 1, 'corshop_seller', 1, '61.184.181.179', 'store_promotion_mansong&mansong_quota_add_save', 1),
(106, '购买1套优惠套装，单位元', 1417265577, 1, 'corshop_seller', 1, '61.184.181.179', 'store_promotion_bundling&bundling_quota_add', 1),
(107, '添加优惠套装，名称： id：1', 1417265773, 1, 'corshop_seller', 1, '61.184.181.179', 'store_promotion_bundling&bundling_add', 1),
(108, '添加优惠套装，名称： id：1', 1417265964, 1, 'corshop_seller', 1, '61.184.181.179', 'store_promotion_bundling&bundling_add', 1),
(109, '购买1套推荐展位，单位元', 1417266339, 1, 'corshop_seller', 1, '61.184.181.179', 'store_promotion_booth&booth_quota_add', 1),
(110, '添加推荐展位商品，商品id：262', 1417266366, 1, 'corshop_seller', 1, '61.184.181.179', 'store_promotion_booth&choosed_goods', 1),
(111, '注销成功', 1417267376, 1, 'corshop_seller', 1, '61.184.181.179', 'seller_logout&logout', 1),
(112, '登录成功', 1417267724, 2, 'tcdqgs', 2, '61.184.181.179', 'seller_login&login', 1),
(113, '购买1份团购套餐，单价10', 1417267750, 2, 'tcdqgs', 2, '61.184.181.179', 'store_groupbuy&groupbuy_quota_add_save', 1),
(114, '购买1套推荐展位，单位元', 1417267855, 2, 'tcdqgs', 2, '61.184.181.179', 'store_promotion_booth&booth_quota_add', 1),
(115, '注销成功', 1417267988, 2, 'tcdqgs', 2, '61.184.181.179', 'seller_logout&logout', 1),
(116, '登录成功', 1417268017, 1, 'corshop_seller', 1, '61.184.181.179', 'seller_login&login', 1),
(117, '注销成功', 1417268247, 1, 'corshop_seller', 1, '61.184.181.179', 'seller_logout&logout', 1),
(118, '登录成功', 1417316944, 1, 'corshop_seller', 1, '121.61.51.123', 'seller_login&login', 1),
(119, '注销成功', 1417317146, 1, 'corshop_seller', 1, '121.61.51.123', 'seller_logout&logout', 1),
(120, '登录成功', 1417317163, 2, 'tcdqgs', 2, '121.61.51.123', 'seller_login&login', 1),
(121, '注销成功', 1417317439, 2, 'tcdqgs', 2, '121.61.51.123', 'seller_logout&logout', 1),
(122, '登录成功', 1417318107, 1, 'corshop_seller', 1, '121.61.51.123', 'seller_login&login', 1),
(123, '注销成功', 1417318642, 1, 'corshop_seller', 1, '121.61.51.123', 'seller_logout&logout', 1),
(124, '登录成功', 1417424176, 2, 'tcdqgs', 2, '121.61.40.122', 'seller_login&login', 1),
(125, '注销成功', 1417424437, 2, 'tcdqgs', 2, '121.61.40.122', 'seller_logout&logout', 1),
(126, '登录成功', 1417482431, 1, 'corshop_seller', 1, '121.61.40.122', 'seller_login&login', 1),
(127, '登录成功', 1417501804, 1, 'corshop_seller', 1, '121.61.40.122', 'seller_login&login', 1),
(128, '注销成功', 1417501907, 1, 'corshop_seller', 1, '121.61.40.122', 'seller_logout&logout', 1),
(129, '登录成功', 1417567938, 1, 'corshop_seller', 1, '121.61.40.122', 'seller_login&login', 1),
(130, '注销成功', 1417567991, 1, 'corshop_seller', 1, '121.61.40.122', 'seller_logout&logout', 1),
(131, '登录成功', 1417626918, 1, 'corshop_seller', 1, '121.61.54.238', 'seller_login&login', 1),
(132, '注销成功', 1417626949, 1, 'corshop_seller', 1, '121.61.54.238', 'seller_logout&logout', 1),
(133, '登录成功', 1417627798, 1, 'corshop_seller', 1, '116.24.135.34', 'seller_login&login', 1),
(134, '注销成功', 1417627858, 1, 'corshop_seller', 1, '116.24.135.34', 'seller_logout&logout', 1),
(135, '登录成功', 1417627859, 1, 'corshop_seller', 1, '121.61.54.238', 'seller_login&login', 1),
(136, '注销成功', 1417629191, 1, 'corshop_seller', 1, '121.61.54.238', 'seller_logout&logout', 1),
(137, '登录成功', 1417634940, 1, 'corshop_seller', 1, '121.61.54.238', 'seller_login&login', 1),
(138, '注销成功', 1417635533, 1, 'corshop_seller', 1, '121.61.54.238', 'seller_logout&logout', 1),
(139, '登录成功', 1417647937, 1, 'corshop_seller', 1, '121.61.54.238', 'seller_login&login', 1),
(140, '登录成功', 1417672321, 2, 'tcdqgs', 2, '27.24.222.238', 'seller_login&login', 1),
(141, '新增店铺导航，导航编号2', 1417672372, 2, 'tcdqgs', 2, '27.24.222.238', 'store_navigation&navigation_save', 1),
(142, '删除店铺导航，导航编号2', 1417672494, 2, 'tcdqgs', 2, '27.24.222.238', 'store_navigation&navigation_del', 1),
(143, '注销成功', 1417672499, 2, 'tcdqgs', 2, '27.24.222.238', 'seller_logout&logout', 1),
(144, '登录成功', 1417720378, 1, 'corshop_seller', 1, '113.91.166.204', 'seller_login&login', 1),
(145, '登录成功', 1417802365, 1, 'corshop_seller', 1, '121.61.54.238', 'seller_login&login', 1),
(146, '注销成功', 1417802514, 1, 'corshop_seller', 1, '121.61.54.238', 'seller_logout&logout', 1),
(147, '登录成功', 1417804397, 1, 'corshop_seller', 1, '121.61.54.238', 'seller_login&login', 1),
(148, '注销成功', 1417804483, 1, 'corshop_seller', 1, '121.61.54.238', 'seller_logout&logout', 1),
(149, '登录成功', 1417826899, 1, 'corshop_seller', 1, '111.179.62.16', 'seller_login&login', 1),
(150, '注销成功', 1417826930, 1, 'corshop_seller', 1, '111.179.62.16', 'seller_logout&logout', 1),
(151, '登录成功', 1417911089, 2, 'tcdqgs', 2, '111.179.62.16', 'seller_login&login', 1),
(152, '注销成功', 1417911706, 2, 'tcdqgs', 2, '111.179.62.16', 'seller_logout&logout', 1),
(153, '登录成功', 1417913752, 2, 'tcdqgs', 2, '111.179.62.16', 'seller_login&login', 1),
(154, '注销成功', 1417913868, 2, 'tcdqgs', 2, '111.179.62.16', 'seller_logout&logout', 1),
(155, '登录成功', 1418254441, 2, 'tcdqgs', 2, '111.179.34.170', 'seller_login&login', 1),
(156, '添加商品，平台货号:100126', 1418255788, 2, 'tcdqgs', 2, '111.179.34.170', 'store_goods_add&save_goods', 1),
(157, '编辑商品，平台货号：100126', 1418260178, 2, 'tcdqgs', 2, '111.179.34.170', 'store_goods_online&edit_save_image', 1),
(158, '编辑商品，平台货号：100126', 1418260493, 2, 'tcdqgs', 2, '111.179.34.170', 'store_goods_online&edit_save_goods', 1),
(159, '登录成功', 1418260538, 2, 'tcdqgs', 2, '111.179.61.186', 'seller_login&login', 1),
(160, '编辑商品，平台货号：100126', 1418260628, 2, 'tcdqgs', 2, '111.179.34.170', 'store_goods_online&edit_save_image', 1),
(161, '编辑商品，平台货号：100126', 1418260662, 2, 'tcdqgs', 2, '111.179.61.186', 'store_goods_online&edit_save_goods', 1),
(162, '编辑商品，平台货号：100126', 1418260676, 2, 'tcdqgs', 2, '111.179.34.170', 'store_goods_online&edit_save_image', 1),
(163, '编辑商品，平台货号：100126', 1418260812, 2, 'tcdqgs', 2, '111.179.61.186', 'store_goods_online&edit_save_goods', 1),
(164, '编辑商品，平台货号：100126', 1418260971, 2, 'tcdqgs', 2, '111.179.34.170', 'store_goods_online&edit_save_goods', 1),
(165, '注销成功', 1418261120, 2, 'tcdqgs', 2, '111.179.61.186', 'seller_logout&logout', 1),
(166, '编辑商品，平台货号：100126', 1418261245, 2, 'tcdqgs', 2, '111.179.34.170', 'store_goods_online&edit_save_image', 1),
(167, '编辑商品，平台货号：100126', 1418261310, 2, 'tcdqgs', 2, '111.179.34.170', 'store_goods_online&edit_save_goods', 1),
(168, '编辑商品，平台货号：100126', 1418261396, 2, 'tcdqgs', 2, '111.179.34.170', 'store_goods_online&edit_save_goods', 1),
(169, '编辑商品，平台货号：100126', 1418261553, 2, 'tcdqgs', 2, '111.179.34.170', 'store_goods_online&edit_save_goods', 1),
(170, '编辑商品，平台货号：100126', 1418261602, 2, 'tcdqgs', 2, '111.179.34.170', 'store_goods_online&edit_save_goods', 1),
(171, '编辑商品，平台货号：100126', 1418261709, 2, 'tcdqgs', 2, '111.179.34.170', 'store_goods_online&edit_save_goods', 1),
(172, '编辑商品，平台货号：100126', 1418261761, 2, 'tcdqgs', 2, '111.179.34.170', 'store_goods_online&edit_save_goods', 1),
(173, '添加商品，平台货号:100127', 1418262876, 2, 'tcdqgs', 2, '121.61.51.237', 'store_goods_add&save_goods', 1),
(174, '登录成功', 1418316183, 2, 'tcdqgs', 2, '111.179.50.83', 'seller_login&login', 1),
(175, '编辑商品，平台货号：100126', 1418316236, 2, 'tcdqgs', 2, '111.179.50.83', 'store_goods_online&edit_save_goods', 1),
(176, '编辑商品，平台货号：100127', 1418327412, 2, 'tcdqgs', 2, '111.179.50.83', 'store_goods_online&edit_save_goods', 1),
(177, '编辑商品，平台货号：100127', 1418327874, 2, 'tcdqgs', 2, '111.179.50.83', 'store_goods_online&edit_save_goods', 1),
(178, '编辑商品，平台货号：100127', 1418327932, 2, 'tcdqgs', 2, '111.179.50.83', 'store_goods_online&edit_save_image', 1),
(179, '编辑商品，平台货号：100127', 1418327992, 2, 'tcdqgs', 2, '111.179.50.83', 'store_goods_online&edit_save_image', 1),
(180, '编辑商品，平台货号：100127', 1418328079, 2, 'tcdqgs', 2, '111.179.50.83', 'store_goods_online&edit_save_goods', 1),
(181, '编辑商品，平台货号：100127', 1418328140, 2, 'tcdqgs', 2, '111.179.50.83', 'store_goods_online&edit_save_goods', 1),
(182, '编辑商品，平台货号：100127', 1418328226, 2, 'tcdqgs', 2, '111.179.50.83', 'store_goods_online&edit_save_goods', 1),
(183, '编辑商品，平台货号：100127', 1418328272, 2, 'tcdqgs', 2, '111.179.50.83', 'store_goods_online&edit_save_goods', 1),
(184, '编辑商品，平台货号：100127', 1418328316, 2, 'tcdqgs', 2, '111.179.50.83', 'store_goods_online&edit_save_goods', 1),
(185, '编辑商品，平台货号：100127', 1418328366, 2, 'tcdqgs', 2, '111.179.50.83', 'store_goods_online&edit_save_goods', 1),
(186, '编辑商品，平台货号：100127', 1418328387, 2, 'tcdqgs', 2, '111.179.50.83', 'store_goods_online&edit_save_goods', 1),
(187, '注销成功', 1418328698, 2, 'tcdqgs', 2, '111.179.50.83', 'seller_logout&logout', 1),
(188, '登录成功', 1418344072, 2, 'tcdqgs', 2, '111.179.50.83', 'seller_login&login', 1),
(189, '添加商品，平台货号:100128', 1418348512, 2, 'tcdqgs', 2, '111.179.50.83', 'store_goods_add&save_goods', 1),
(190, '编辑商品，平台货号：100128', 1418348952, 2, 'tcdqgs', 2, '111.179.50.83', 'store_goods_online&edit_save_goods', 1),
(191, '编辑商品，平台货号：100128', 1418349261, 2, 'tcdqgs', 2, '111.179.50.83', 'store_goods_online&edit_save_goods', 1),
(192, '编辑商品，平台货号：100128', 1418349363, 2, 'tcdqgs', 2, '111.179.50.83', 'store_goods_online&edit_save_goods', 1),
(193, '编辑商品，平台货号：100128', 1418349463, 2, 'tcdqgs', 2, '111.179.50.83', 'store_goods_online&edit_save_goods', 1),
(194, '添加商品，平台货号:100129', 1418350489, 2, 'tcdqgs', 2, '111.179.50.83', 'store_goods_add&save_goods', 1),
(195, '编辑商品，平台货号：100129', 1418350813, 2, 'tcdqgs', 2, '111.179.50.83', 'store_goods_online&edit_save_image', 1),
(196, '编辑商品，平台货号：100129', 1418351251, 2, 'tcdqgs', 2, '111.179.50.83', 'store_goods_online&edit_save_image', 1),
(197, '编辑商品，平台货号：100126', 1418351367, 2, 'tcdqgs', 2, '111.179.50.83', 'store_goods_online&edit_save_goods', 1),
(198, '登录成功', 1418354910, 1, 'corshop_seller', 1, '111.183.248.29', 'seller_login&login', 1),
(199, '添加商品，平台货号:100130', 1418355412, 1, 'corshop_seller', 1, '111.183.248.29', 'store_goods_add&save_goods', 1),
(200, '编辑商品，平台货号：100130', 1418355524, 1, 'corshop_seller', 1, '111.183.248.29', 'store_goods_online&edit_save_goods', 1),
(201, '注销成功', 1418355650, 1, 'corshop_seller', 1, '111.183.248.29', 'seller_logout&logout', 1),
(202, '登录成功', 1418404219, 1, 'corshop_seller', 1, '111.179.61.186', 'seller_login&login', 1),
(203, '注销成功', 1418404265, 1, 'corshop_seller', 1, '111.179.61.186', 'seller_logout&logout', 1),
(204, '登录成功', 1418408595, 1, 'corshop_seller', 1, '111.179.61.186', 'seller_login&login', 1),
(205, '添加商品，平台货号:100131', 1418409491, 1, 'corshop_seller', 1, '111.179.61.186', 'store_goods_add&save_goods', 1),
(206, '登录成功', 1418415015, 2, 'tcdqgs', 2, '111.179.61.137', 'seller_login&login', 1),
(207, '添加商品，平台货号:100132', 1418415595, 2, 'tcdqgs', 2, '111.179.61.137', 'store_goods_add&save_goods', 1),
(208, '编辑商品，平台货号：100132', 1418420705, 2, 'tcdqgs', 2, '111.179.61.137', 'store_goods_online&edit_save_goods', 1),
(209, '添加商品，平台货号:100133', 1418424840, 2, 'tcdqgs', 2, '111.179.61.137', 'store_goods_add&save_goods', 1),
(210, '登录成功', 1418424868, 1, 'corshop_seller', 1, '111.179.61.186', 'seller_login&login', 1),
(211, '编辑商品，平台货号：100131', 1418425306, 1, 'corshop_seller', 1, '111.179.61.186', 'store_goods_online&edit_save_goods', 1),
(212, '编辑商品，平台货号：100131', 1418425413, 1, 'corshop_seller', 1, '111.179.61.186', 'store_goods_online&edit_save_goods', 1),
(213, '编辑商品，平台货号：100131', 1418427274, 1, 'corshop_seller', 1, '111.179.61.186', 'store_goods_online&edit_save_goods', 1),
(214, '编辑商品，平台货号：100131', 1418427326, 1, 'corshop_seller', 1, '111.179.61.186', 'store_goods_online&edit_save_goods', 1),
(215, '编辑商品，平台货号：100131', 1418427421, 1, 'corshop_seller', 1, '111.179.61.186', 'store_goods_online&edit_save_image', 1),
(216, '添加商品，平台货号:100134', 1418430459, 1, 'corshop_seller', 1, '111.179.61.186', 'store_goods_add&save_goods', 1),
(217, '编辑商品，平台货号：100134', 1418430610, 1, 'corshop_seller', 1, '111.179.61.186', 'store_goods_online&edit_save_goods', 1),
(218, '添加商品，平台货号:100135', 1418430779, 2, 'tcdqgs', 2, '111.179.61.137', 'store_goods_add&save_goods', 1),
(219, '编辑商品，平台货号：100135', 1418430912, 2, 'tcdqgs', 2, '111.179.61.137', 'store_goods_online&edit_save_goods', 1),
(220, '编辑商品，平台货号：100135', 1418431319, 2, 'tcdqgs', 2, '111.179.61.137', 'store_goods_online&edit_save_image', 1),
(221, '编辑商品，平台货号：100130', 1418431439, 1, 'corshop_seller', 1, '111.179.61.186', 'store_goods_online&edit_save_image', 1),
(222, '编辑商品，平台货号：100130', 1418431497, 1, 'corshop_seller', 1, '111.179.61.186', 'store_goods_online&edit_save_goods', 1),
(223, '编辑商品，平台货号：100135', 1418434334, 2, 'tcdqgs', 2, '111.179.61.137', 'store_goods_online&edit_save_goods', 1),
(224, '编辑商品，平台货号：100133', 1418434395, 2, 'tcdqgs', 2, '111.179.61.137', 'store_goods_online&edit_save_goods', 1),
(225, '编辑商品，平台货号：100132', 1418434473, 2, 'tcdqgs', 2, '111.179.61.137', 'store_goods_online&edit_save_goods', 1),
(226, '编辑商品，平台货号：100129', 1418434599, 2, 'tcdqgs', 2, '111.179.61.137', 'store_goods_online&edit_save_goods', 1),
(227, '添加商品，平台货号:100136', 1418434720, 1, 'corshop_seller', 1, '111.179.61.186', 'store_goods_add&save_goods', 1),
(228, '编辑商品，平台货号：100136', 1418434877, 1, 'corshop_seller', 1, '111.179.61.186', 'store_goods_online&edit_save_goods', 1),
(229, '注销成功', 1418435152, 1, 'corshop_seller', 1, '111.179.61.186', 'seller_logout&logout', 1),
(230, '编辑商品，平台货号：100129', 1418435550, 2, 'tcdqgs', 2, '111.179.61.137', 'store_goods_online&edit_save_goods', 1),
(231, '编辑商品，平台货号：100129', 1418435655, 2, 'tcdqgs', 2, '111.179.61.137', 'store_goods_online&edit_save_goods', 1),
(232, '编辑商品，平台货号：100129', 1418436104, 2, 'tcdqgs', 2, '111.179.61.137', 'store_goods_online&edit_save_goods', 1),
(233, '编辑商品，平台货号：100129', 1418436281, 2, 'tcdqgs', 2, '111.179.61.137', 'store_goods_online&edit_save_goods', 1),
(234, '编辑商品，平台货号：100135', 1418436477, 2, 'tcdqgs', 2, '111.179.61.137', 'store_goods_online&edit_save_goods', 1),
(235, '编辑商品，平台货号：100133', 1418436500, 2, 'tcdqgs', 2, '111.179.61.137', 'store_goods_online&edit_save_goods', 1),
(236, '编辑商品，平台货号：100126', 1418436539, 2, 'tcdqgs', 2, '111.179.61.137', 'store_goods_online&edit_save_goods', 1),
(237, '编辑商品，平台货号：100132', 1418436562, 2, 'tcdqgs', 2, '111.179.61.137', 'store_goods_online&edit_save_goods', 1),
(238, '编辑商品，平台货号：100129', 1418436594, 2, 'tcdqgs', 2, '111.179.61.137', 'store_goods_online&edit_save_goods', 1),
(239, '登录成功', 1418492994, 2, 'tcdqgs', 2, '111.179.108.64', 'seller_login&login', 1),
(240, '登录成功', 1418496055, 1, 'corshop_seller', 1, '111.179.63.190', 'seller_login&login', 1),
(241, '添加商品，平台货号:100137', 1418496567, 1, 'corshop_seller', 1, '111.179.63.190', 'store_goods_add&save_goods', 1),
(242, '添加商品，平台货号:100138', 1418497149, 1, 'corshop_seller', 1, '111.179.63.190', 'store_goods_add&save_goods', 1),
(243, '注销成功', 1418497695, 1, 'corshop_seller', 1, '111.179.63.190', 'seller_logout&logout', 1),
(244, '登录成功', 1418497914, 2, 'tcdqgs', 2, '111.179.108.64', 'seller_login&login', 1),
(245, '登录成功', 1418498200, 1, 'corshop_seller', 1, '111.179.63.190', 'seller_login&login', 1),
(246, '编辑商品，平台货号：100136', 1418498234, 1, 'corshop_seller', 1, '111.179.63.190', 'store_goods_online&edit_save_goods', 1),
(247, '注销成功', 1418498761, 1, 'corshop_seller', 1, '111.179.63.190', 'seller_logout&logout', 1),
(248, '登录成功', 1418500937, 1, 'corshop_seller', 1, '111.179.63.190', 'seller_login&login', 1),
(249, '删除商品，平台货号：100125,100124,100123,100122', 1418500986, 1, 'corshop_seller', 1, '111.179.63.190', 'store_goods_online&drop_goods', 1),
(250, '删除商品，平台货号：100121,100120,100119,100118', 1418501012, 1, 'corshop_seller', 1, '111.179.63.190', 'store_goods_online&drop_goods', 1),
(251, '登录成功', 1418501096, 2, 'tcdqgs', 2, '111.179.108.64', 'seller_login&login', 1),
(252, '删除商品，平台货号：100093,100092,100091,100090,100089,10008', 1418501287, 1, 'corshop_seller', 1, '111.179.63.190', 'store_goods_online&drop_goods', 1),
(253, '注销成功', 1418501623, 1, 'corshop_seller', 1, '111.179.63.190', 'seller_logout&logout', 1),
(254, '登录成功', 1418511144, 1, 'corshop_seller', 1, '111.179.63.190', 'seller_login&login', 1),
(255, '添加商品，平台货号:100139', 1418511194, 2, 'tcdqgs', 2, '111.179.108.64', 'store_goods_add&save_goods', 1),
(256, '编辑商品，平台货号：100139', 1418511354, 2, 'tcdqgs', 2, '111.179.108.64', 'store_goods_online&edit_save_goods', 1),
(257, '注销成功', 1418511442, 1, 'corshop_seller', 1, '111.179.63.190', 'seller_logout&logout', 1),
(258, '登录成功', 1418598442, 2, 'tcdqgs', 2, '111.179.111.18', 'seller_login&login', 1),
(259, '注销成功', 1418598623, 2, 'tcdqgs', 2, '111.179.111.18', 'seller_logout&logout', 1),
(260, '登录成功', 1418601789, 4, '吉米环保', 4, '111.170.90.134', 'seller_login&login', 1),
(261, '登录成功', 1418608525, 2, 'tcdqgs', 2, '221.233.229.235', 'seller_login&login', 1),
(262, '添加商品，平台货号:100140', 1418608992, 2, 'tcdqgs', 2, '221.233.229.235', 'store_goods_add&save_goods', 1),
(263, '编辑商品，平台货号：100140', 1418609123, 2, 'tcdqgs', 2, '221.233.229.235', 'store_goods_online&edit_save_goods', 1),
(264, '编辑商品，平台货号：100140', 1418609155, 2, 'tcdqgs', 2, '221.233.229.235', 'store_goods_online&edit_save_goods', 1),
(265, '编辑商品，平台货号：100140', 1418609188, 2, 'tcdqgs', 2, '221.233.229.235', 'store_goods_online&edit_save_goods', 1),
(266, '登录成功', 1418700392, 2, 'tcdqgs', 2, '27.24.221.222', 'seller_login&login', 1),
(267, '注销成功', 1418700437, 2, 'tcdqgs', 2, '27.24.221.222', 'seller_logout&logout', 1),
(268, '登录成功', 1418750888, 2, 'tcdqgs', 2, '111.179.51.66', 'seller_login&login', 1),
(269, '注销成功', 1418750950, 2, 'tcdqgs', 2, '111.179.51.66', 'seller_logout&logout', 1),
(270, '登录成功', 1418755519, 2, 'tcdqgs', 2, '121.61.53.186', 'seller_login&login', 1),
(271, '编辑商品，平台货号：100139', 1418755652, 2, 'tcdqgs', 2, '121.61.53.186', 'store_goods_online&edit_save_goods', 1),
(272, '登录成功', 1418875075, 2, 'tcdqgs', 2, '221.233.222.6', 'seller_login&login', 1),
(273, '注销成功', 1418875174, 2, 'tcdqgs', 2, '221.233.222.6', 'seller_logout&logout', 1),
(274, '登录成功', 1418928633, 1, 'corshop_seller', 1, '221.233.229.156', 'seller_login&login', 1),
(275, '删除商品，平台货号：100117,100116,100115,100114', 1418928682, 1, 'corshop_seller', 1, '221.233.229.156', 'store_goods_online&drop_goods', 1),
(276, '删除商品，平台货号：100113,100112,100111,100110', 1418928702, 1, 'corshop_seller', 1, '221.233.229.156', 'store_goods_online&drop_goods', 1),
(277, '删除商品，平台货号：100109,100108,100107,100106', 1418928723, 1, 'corshop_seller', 1, '221.233.229.156', 'store_goods_online&drop_goods', 1),
(278, '删除商品，平台货号：100105,100104,100103,100102', 1418928738, 1, 'corshop_seller', 1, '221.233.229.156', 'store_goods_online&drop_goods', 1),
(279, '删除商品，平台货号：100101,100100,100099,100098', 1418928756, 1, 'corshop_seller', 1, '221.233.229.156', 'store_goods_online&drop_goods', 1),
(280, '删除商品，平台货号：100097,100096,100095,100094', 1418928774, 1, 'corshop_seller', 1, '221.233.229.156', 'store_goods_online&drop_goods', 1),
(281, '购买1套短信包月套装，单位元', 1418930331, 1, 'corshop_seller', 1, '221.233.229.156', 'store_sms_conf&index', 1),
(282, '注销成功', 1418930611, 1, 'corshop_seller', 1, '221.233.229.156', 'seller_logout&logout', 1),
(283, '登录成功', 1418930780, 1, 'corshop_seller', 1, '221.233.229.156', 'seller_login&login', 1),
(284, '注销成功', 1418930876, 1, 'corshop_seller', 1, '221.233.229.156', 'seller_logout&logout', 1),
(285, '登录成功', 1418931301, 1, 'corshop_seller', 1, '221.233.229.156', 'seller_login&login', 1),
(286, '注销成功', 1418932378, 1, 'corshop_seller', 1, '221.233.229.156', 'seller_logout&logout', 1),
(287, '登录成功', 1418951320, 1, 'corshop_seller', 1, '221.233.229.156', 'seller_login&login', 1),
(288, '登录成功', 1419144601, 2, 'tcdqgs', 2, '221.233.229.156', 'seller_login&login', 1),
(289, '注销成功', 1419144921, 2, 'tcdqgs', 2, '221.233.229.156', 'seller_logout&logout', 1),
(290, '登录成功', 1419217152, 1, 'corshop_seller', 1, '221.233.229.156', 'seller_login&login', 1),
(291, '登录成功', 1419217505, 2, 'tcdqgs', 2, '221.233.229.113', 'seller_login&login', 1),
(292, '注销成功', 1419217567, 1, 'corshop_seller', 1, '221.233.229.156', 'seller_logout&logout', 1),
(293, '添加商品，平台货号:100141', 1419218732, 2, 'tcdqgs', 2, '221.233.229.113', 'store_goods_add&save_goods', 1),
(294, '编辑商品，平台货号：100141', 1419219067, 2, 'tcdqgs', 2, '221.233.229.113', 'store_goods_online&edit_save_goods', 1),
(295, '编辑商品，平台货号：100141', 1419219158, 2, 'tcdqgs', 2, '221.233.229.113', 'store_goods_online&edit_save_image', 1),
(296, '登录成功', 1419230367, 2, 'tcdqgs', 2, '221.233.229.156', 'seller_login&login', 1),
(297, '注销成功', 1419231321, 2, 'tcdqgs', 2, '221.233.229.156', 'seller_logout&logout', 1),
(298, '登录成功', 1419231839, 4, '吉米环保', 4, '221.233.229.156', 'seller_login&login', 1),
(299, '添加组成功，组编号1', 1419231933, 4, '吉米环保', 4, '221.233.229.156', 'store_account_group&group_save', 1),
(300, '登录成功', 1419233509, 1, 'corshop_seller', 1, '221.233.229.156', 'seller_login&login', 1),
(301, '添加商品，平台货号:100142', 1419233827, 1, 'corshop_seller', 1, '221.233.229.156', 'store_goods_add&save_goods', 1),
(302, '编辑商品，平台货号：100142', 1419234197, 1, 'corshop_seller', 1, '221.233.229.156', 'store_goods_online&edit_save_goods', 1),
(303, '编辑商品，平台货号：100142', 1419234256, 1, 'corshop_seller', 1, '221.233.229.156', 'store_goods_online&edit_save_goods', 1),
(304, '编辑商品，平台货号：100142', 1419236437, 1, 'corshop_seller', 1, '221.233.229.156', 'store_goods_online&edit_save_goods', 1),
(305, '登录成功', 1419238233, 2, 'tcdqgs', 2, '221.233.229.113', 'seller_login&login', 1),
(306, '登录成功', 1419239471, 1, 'corshop_seller', 1, '221.233.229.156', 'seller_login&login', 1),
(307, '注销成功', 1419240013, 1, 'corshop_seller', 1, '221.233.229.156', 'seller_logout&logout', 1),
(308, '添加商品，平台货号:100143', 1419240027, 4, '吉米环保', 4, '221.233.229.156', 'store_goods_add&save_goods', 1),
(309, '编辑商品，平台货号：100143', 1419241399, 4, '吉米环保', 4, '221.233.229.156', 'store_goods_online&edit_save_goods', 1),
(310, '编辑商品，平台货号：100143', 1419242559, 4, '吉米环保', 4, '221.233.229.156', 'store_goods_online&edit_save_goods', 1),
(311, '编辑商品，平台货号：100143', 1419242643, 4, '吉米环保', 4, '221.233.229.156', 'store_goods_online&edit_save_image', 1),
(312, '添加商品，平台货号:100144', 1419246152, 4, '吉米环保', 4, '221.233.229.156', 'store_goods_add&save_goods', 1),
(313, '添加商品，平台货号:100145', 1419246901, 4, '吉米环保', 4, '221.233.229.156', 'store_goods_add&save_goods', 1),
(314, '添加商品，平台货号:100146', 1419247613, 4, '吉米环保', 4, '221.233.229.156', 'store_goods_add&save_goods', 1),
(315, '添加商品，平台货号:100147', 1419254160, 4, '吉米环保', 4, '221.233.229.156', 'store_goods_add&save_goods', 1),
(316, '编辑商品，平台货号：100147', 1419254346, 4, '吉米环保', 4, '221.233.229.156', 'store_goods_online&edit_save_goods', 1),
(317, '添加商品，平台货号:100148', 1419255762, 4, '吉米环保', 4, '221.233.229.156', 'store_goods_add&save_goods', 1),
(318, '添加商品，平台货号:100149', 1419256374, 4, '吉米环保', 4, '221.233.229.156', 'store_goods_add&save_goods', 1),
(319, '添加商品，平台货号:100150', 1419257045, 4, '吉米环保', 4, '221.233.229.156', 'store_goods_add&save_goods', 1),
(320, '登录成功', 1419304071, 4, '吉米环保', 4, '27.24.171.228', 'seller_login&login', 1),
(321, '登录成功', 1419304976, 2, 'tcdqgs', 2, '27.24.171.228', 'seller_login&login', 1),
(322, '注销成功', 1419305009, 2, 'tcdqgs', 2, '27.24.171.228', 'seller_logout&logout', 1),
(323, '登录成功', 1419306463, 2, 'tcdqgs', 2, '27.24.171.228', 'seller_login&login', 1),
(324, '注销成功', 1419307248, 2, 'tcdqgs', 2, '27.24.171.228', 'seller_logout&logout', 1),
(325, '登录成功', 1419308456, 4, '吉米环保', 4, '113.97.182.173', 'seller_login&login', 1),
(326, '登录成功', 1419317341, 4, '吉米环保', 4, '27.24.171.228', 'seller_login&login', 1),
(327, '登录成功', 1419331520, 4, '吉米环保', 4, '27.24.171.228', 'seller_login&login', 1),
(328, '编辑商品，平台货号：100149', 1419332607, 4, '吉米环保', 4, '27.24.171.228', 'store_goods_online&edit_save_goods', 1),
(329, '编辑商品，平台货号：100147', 1419332737, 4, '吉米环保', 4, '27.24.171.228', 'store_goods_online&edit_save_goods', 1),
(330, '添加商品，平台货号:100151', 1419332977, 4, '吉米环保', 4, '27.24.171.228', 'store_goods_add&save_goods', 1),
(331, '添加商品，平台货号:100152', 1419334206, 4, '吉米环保', 4, '27.24.171.228', 'store_goods_add&save_goods', 1),
(332, '添加商品，平台货号:100153', 1419334363, 4, '吉米环保', 4, '27.24.171.228', 'store_goods_add&save_goods', 1),
(333, '添加商品，平台货号:100154', 1419334591, 4, '吉米环保', 4, '27.24.171.228', 'store_goods_add&save_goods', 1),
(334, '登录成功', 1419346066, 4, '吉米环保', 4, '59.40.135.227', 'seller_login&login', 1),
(335, '登录成功', 1419382684, 4, '吉米环保', 4, '27.24.171.228', 'seller_login&login', 1),
(336, '登录成功', 1419492920, 2, 'tcdqgs', 2, '121.61.92.27', 'seller_login&login', 1),
(337, '注销成功', 1419492986, 2, 'tcdqgs', 2, '121.61.92.27', 'seller_logout&logout', 1),
(338, '登录成功', 1419493347, 4, '吉米环保', 4, '121.61.92.27', 'seller_login&login', 1),
(339, '注销成功', 1419493490, 4, '吉米环保', 4, '121.61.92.27', 'seller_logout&logout', 1),
(340, '登录成功', 1419493676, 4, '吉米环保', 4, '121.61.92.27', 'seller_login&login', 1),
(341, '注销成功', 1419493831, 4, '吉米环保', 4, '121.61.92.27', 'seller_logout&logout', 1),
(342, '登录成功', 1419495951, 4, '吉米环保', 4, '58.52.138.80', 'seller_login&login', 1),
(343, '登录成功', 1419496580, 1, 'corshop_seller', 1, '121.61.92.27', 'seller_login&login', 1),
(344, '注销成功', 1419497396, 1, 'corshop_seller', 1, '121.61.92.27', 'seller_logout&logout', 1),
(345, '登录成功', 1419498484, 1, 'corshop_seller', 1, '121.61.92.27', 'seller_login&login', 1),
(346, '添加商品，平台货号:100155', 1419499202, 1, 'corshop_seller', 1, '121.61.92.27', 'store_goods_add&save_goods', 1),
(347, '添加限时折扣活动，活动名称：冲量优惠大放价，买10件送1件，活动编号：8', 1419499908, 1, 'corshop_seller', 1, '121.61.92.27', 'store_promotion_xianshi&xianshi_save', 1),
(348, '添加限时折扣商品，活动名称：冲量优惠大放价，买10件送1件，商品名称：康汇园芒果汁饮料 果肉多 净含', 1419499969, 1, 'corshop_seller', 1, '121.61.92.27', 'store_promotion_xianshi&xianshi_goods_add', 1),
(349, '发布团购活动，团购名称：购10件送1件 康汇园苹果醋饮料 经典版 净含量650L，商品名称：康汇园经', 1419501053, 1, 'corshop_seller', 1, '121.61.92.27', 'store_groupbuy&groupbuy_save', 1),
(350, '注销成功', 1419501285, 1, 'corshop_seller', 1, '121.61.92.27', 'seller_logout&logout', 1),
(351, '登录成功', 1419506704, 1, 'corshop_seller', 1, '111.183.251.233', 'seller_login&login', 1),
(352, '编辑限时折扣活动，活动名称：冲量优惠大放价，买10件送1件，活动编号：8', 1419506814, 1, 'corshop_seller', 1, '111.183.251.233', 'store_promotion_xianshi&xianshi_edit_save', 1),
(353, '编辑限时折扣活动，活动名称：冲量优惠大放价，买10件送1件，活动编号：8', 1419506853, 1, 'corshop_seller', 1, '111.183.251.233', 'store_promotion_xianshi&xianshi_edit_save', 1),
(354, '登录成功', 1419507489, 1, 'corshop_seller', 1, '111.183.251.233', 'seller_login&login', 1),
(355, '注销成功', 1419507571, 1, 'corshop_seller', 1, '111.183.251.233', 'seller_logout&logout', 1),
(356, '登录成功', 1419556281, 1, 'corshop_seller', 1, '121.61.92.27', 'seller_login&login', 1),
(357, '登录成功', 1419557732, 1, 'corshop_seller', 1, '113.91.165.179', 'seller_login&login', 1),
(358, '登录成功', 1419558199, 1, 'corshop_seller', 1, '121.61.92.27', 'seller_login&login', 1),
(359, '发布团购活动，团购名称：购10件送1件 康汇园苹果醋饮料 经典版 净含量650L，商品名称：康汇园经', 1419558412, 1, 'corshop_seller', 1, '113.91.165.179', 'store_groupbuy&groupbuy_save', 1),
(360, '编辑商品，平台货号：100142', 1419560257, 1, 'corshop_seller', 1, '121.61.92.27', 'store_goods_online&edit_save_goods', 1),
(361, '编辑商品，平台货号：100142', 1419560285, 1, 'corshop_seller', 1, '121.61.92.27', 'store_goods_online&edit_save_image', 1),
(362, '添加商品，平台货号:100156', 1419561887, 1, 'corshop_seller', 1, '121.61.92.27', 'store_goods_add&save_goods', 1),
(363, '编辑商品，平台货号：100156', 1419561932, 1, 'corshop_seller', 1, '121.61.92.27', 'store_goods_online&edit_save_goods', 1),
(364, '登录成功', 1419580234, 2, 'tcdqgs', 2, '121.61.92.27', 'seller_login&login', 1),
(365, '登录成功', 1419667054, 1, 'corshop_seller', 1, '121.61.49.213', 'seller_login&login', 1),
(366, '添加商品，平台货号:100157', 1419667643, 1, 'corshop_seller', 1, '121.61.49.213', 'store_goods_add&save_goods', 1),
(367, '编辑商品，平台货号：100142', 1419667685, 1, 'corshop_seller', 1, '121.61.49.213', 'store_goods_online&edit_save_goods', 1),
(368, '登录成功', 1419672148, 1, 'corshop_seller', 1, '121.61.49.213', 'seller_login&login', 1),
(369, '登录成功', 1419673268, 1, 'corshop_seller', 1, '121.61.49.213', 'seller_login&login', 1),
(370, '删除商品，平台货号：100086,100085,100011,100010,100009,10000', 1419673325, 1, 'corshop_seller', 1, '121.61.49.213', 'store_goods_online&drop_goods', 1),
(371, '登录成功', 1419836743, 1, 'corshop_seller', 1, '121.61.49.213', 'seller_login&login', 1),
(372, '退款处理，退款编号：265101141229152743', 1419838219, 1, 'corshop_seller', 1, '121.61.49.213', 'store_refund&edit', 1),
(373, '注销成功', 1419845717, 1, 'corshop_seller', 1, '121.61.49.213', 'seller_logout&logout', 1),
(374, '登录成功', 1420074982, 1, 'corshop_seller', 1, '121.61.92.173', 'seller_login&login', 1),
(375, '编辑商品，平台货号：100157', 1420075352, 1, 'corshop_seller', 1, '121.61.92.173', 'store_goods_online&edit_save_goods', 1),
(376, '编辑商品，平台货号：100157', 1420075509, 1, 'corshop_seller', 1, '121.61.92.173', 'store_goods_online&edit_save_goods', 1),
(377, '登录成功', 1420095825, 1, 'corshop_seller', 1, '121.61.92.173', 'seller_login&login', 1),
(378, '购买12份团购套餐，单价10', 1420095855, 1, 'corshop_seller', 1, '121.61.92.173', 'store_groupbuy&groupbuy_quota_add_save', 1),
(379, '购买12份限时折扣套餐，单价11', 1420095874, 1, 'corshop_seller', 1, '121.61.92.173', 'store_promotion_xianshi&xianshi_quota_add_save', 1),
(380, '购买12份满即送套餐，单价20', 1420095887, 1, 'corshop_seller', 1, '121.61.92.173', 'store_promotion_mansong&mansong_quota_add_save', 1),
(381, '续费12套优惠套装，单位元', 1420095898, 1, 'corshop_seller', 1, '121.61.92.173', 'store_promotion_bundling&bundling_renew', 1),
(382, '续费12套推荐展位，单位元', 1420095913, 1, 'corshop_seller', 1, '121.61.92.173', 'store_promotion_booth&booth_renew', 1),
(383, '购买12份代金券套餐，单价20元', 1420095926, 1, 'corshop_seller', 1, '121.61.92.173', 'store_voucher&quotaadd', 1),
(384, '注销成功', 1420096087, 1, 'corshop_seller', 1, '121.61.92.173', 'seller_logout&logout', 1),
(385, '登录成功', 1420097103, 1, 'corshop_seller', 1, '121.61.92.173', 'seller_login&login', 1),
(386, '添加组成功，组编号2', 1420097305, 1, 'corshop_seller', 1, '121.61.92.173', 'store_account_group&group_save', 1),
(387, '添加帐号成功，帐号编号5', 1420099275, 1, 'corshop_seller', 1, '121.61.92.173', 'store_account&account_save', 1),
(388, '注销成功', 1420099282, 1, 'corshop_seller', 1, '121.61.92.173', 'seller_logout&logout', 1),
(389, '登录成功', 1420099313, 5, 'hahabx', 1, '121.61.92.173', 'seller_login&login', 1),
(390, '注销成功', 1420099910, 5, 'hahabx', 1, '121.61.92.173', 'seller_logout&logout', 1),
(391, '登录成功', 1420099951, 1, 'corshop_seller', 1, '121.61.92.173', 'seller_login&login', 1),
(392, '注销成功', 1420100048, 1, 'corshop_seller', 1, '121.61.92.173', 'seller_logout&logout', 1),
(393, '登录成功', 1420100282, 1, 'corshop_seller', 1, '121.61.92.173', 'seller_login&login', 1),
(394, '注销成功', 1420100459, 1, 'corshop_seller', 1, '121.61.92.173', 'seller_logout&logout', 1),
(395, '登录成功', 1420100707, 1, 'corshop_seller', 1, '121.61.92.173', 'seller_login&login', 1),
(396, '注销成功', 1420101292, 1, 'corshop_seller', 1, '121.61.92.173', 'seller_logout&logout', 1),
(397, '登录成功', 1420101312, 2, 'tcdqgs', 2, '121.61.92.173', 'seller_login&login', 1),
(398, '注销成功', 1420101350, 2, 'tcdqgs', 2, '121.61.92.173', 'seller_logout&logout', 1),
(399, '登录成功', 1420101375, 1, 'corshop_seller', 1, '121.61.92.173', 'seller_login&login', 1),
(400, '注销成功', 1420102067, 1, 'corshop_seller', 1, '121.61.92.173', 'seller_logout&logout', 1),
(401, '登录成功', 1420177747, 1, 'corshop_seller', 1, '111.179.50.178', 'seller_login&login', 1),
(402, '编辑商品，平台货号：100157', 1420177982, 1, 'corshop_seller', 1, '111.179.50.178', 'store_goods_online&edit_save_goods', 1),
(403, '编辑商品，平台货号：100156', 1420178155, 1, 'corshop_seller', 1, '111.179.50.178', 'store_goods_online&edit_save_goods', 1),
(404, '登录成功', 1420181523, 1, 'corshop_seller', 1, '111.179.50.178', 'seller_login&login', 1),
(405, '编辑商品，平台货号：100157', 1420181563, 1, 'corshop_seller', 1, '111.179.50.178', 'store_goods_online&edit_save_goods', 1),
(406, '编辑商品，平台货号：100156', 1420181597, 1, 'corshop_seller', 1, '111.179.50.178', 'store_goods_online&edit_save_goods', 1),
(407, '登录成功', 1420247592, 1, 'corshop_seller', 1, '221.233.226.103', 'seller_login&login', 1),
(408, '编辑商品，平台货号：100142', 1420249739, 1, 'corshop_seller', 1, '221.233.226.103', 'store_goods_online&edit_save_goods', 1),
(409, '登录成功', 1420336988, 1, 'corshop_seller', 1, '113.91.166.118', 'seller_login&login', 1),
(410, '登录成功', 1420337110, 1, 'corshop_seller', 1, '121.61.52.35', 'seller_login&login', 1),
(411, '登录成功', 1420353293, 1, 'corshop_seller', 1, '121.61.52.35', 'seller_login&login', 1),
(412, '删除限时折扣活动，活动名称：冲量优惠大放价，买10件送1件活动编号：8', 1420353341, 1, 'corshop_seller', 1, '121.61.52.35', 'store_promotion_xianshi&xianshi_del', 1),
(413, '添加限时折扣活动，活动名称：冲量优惠大放价，买10件送1件，活动编号：9', 1420353539, 1, 'corshop_seller', 1, '121.61.52.35', 'store_promotion_xianshi&xianshi_save', 1),
(414, '编辑商品，平台货号：100142', 1420353613, 1, 'corshop_seller', 1, '121.61.52.35', 'store_goods_online&edit_save_goods', 1),
(415, '添加限时折扣商品，活动名称：冲量优惠大放价，买10件送1件，商品名称：康汇园芒果汁饮料 果肉多 净含', 1420353688, 1, 'corshop_seller', 1, '121.61.52.35', 'store_promotion_xianshi&xianshi_goods_add', 1),
(416, '添加限时折扣商品，活动名称：冲量优惠大放价，买10件送1件，商品名称：昭君故里酒 美之梦酒 优质白酒', 1420353851, 1, 'corshop_seller', 1, '121.61.52.35', 'store_promotion_xianshi&xianshi_goods_add', 1),
(417, '登录成功', 1420423395, 1, 'corshop_seller', 1, '121.61.52.35', 'seller_login&login', 1),
(418, '注销成功', 1420423418, 1, 'corshop_seller', 1, '121.61.52.35', 'seller_logout&logout', 1),
(419, '登录成功', 1420510949, 1, 'corshop_seller', 1, '121.61.93.175', 'seller_login&login', 1),
(420, '登录成功', 1420772746, 1, 'corshop_seller', 1, '121.61.92.148', 'seller_login&login', 1),
(421, '注销成功', 1420772802, 1, 'corshop_seller', 1, '121.61.92.148', 'seller_logout&logout', 1),
(422, '登录成功', 1420772845, 2, 'tcdqgs', 2, '121.61.92.148', 'seller_login&login', 1),
(423, '购买12份代金券套餐，单价20元', 1420772864, 2, 'tcdqgs', 2, '121.61.92.148', 'store_voucher&quotaadd', 1);
INSERT INTO `cor_seller_log` (`log_id`, `log_content`, `log_time`, `log_seller_id`, `log_seller_name`, `log_store_id`, `log_seller_ip`, `log_url`, `log_state`) VALUES
(424, '注销成功', 1420775424, 2, 'tcdqgs', 2, '121.61.92.148', 'seller_logout&logout', 1),
(425, '登录成功', 1420790986, 4, '吉米环保', 4, '121.61.92.10', 'seller_login&login', 1),
(426, '登录成功', 1420791470, 4, '吉米环保', 4, '121.61.92.10', 'seller_login&login', 1),
(427, '登录成功', 1420791767, 4, '吉米环保', 4, '121.61.92.148', 'seller_login&login', 1),
(428, '登录成功', 1420792192, 2, 'tcdqgs', 2, '121.61.92.10', 'seller_login&login', 1),
(429, '编辑商品，平台货号：100141', 1420792238, 2, 'tcdqgs', 2, '121.61.92.10', 'store_goods_online&edit_save_goods', 1),
(430, '编辑商品，平台货号：100141', 1420792253, 2, 'tcdqgs', 2, '121.61.92.10', 'store_goods_online&edit_save_goods', 1),
(431, '登录成功', 1420792382, 4, '吉米环保', 4, '121.61.92.10', 'seller_login&login', 1),
(432, '编辑商品，平台货号：100152', 1420792446, 4, '吉米环保', 4, '121.61.92.10', 'store_goods_online&edit_save_goods', 1),
(433, '编辑商品，平台货号：100152', 1420792533, 4, '吉米环保', 4, '121.61.92.148', 'store_goods_online&edit_save_goods', 1),
(434, '编辑商品，平台货号：100153', 1420792568, 4, '吉米环保', 4, '121.61.92.10', 'store_goods_online&edit_save_goods', 1),
(435, '注销成功', 1420792710, 4, '吉米环保', 4, '121.61.92.148', 'seller_logout&logout', 1),
(436, '登录成功', 1420861049, 1, 'corshop_seller', 1, '121.61.43.87', 'seller_login&login', 1),
(437, '添加商品，平台货号:100158', 1420861691, 1, 'corshop_seller', 1, '121.61.43.87', 'store_goods_add&save_goods', 1),
(438, '发布团购活动，团购名称：备年货啦！地道农家土猪肉 味道鲜甜 满嘴留香，商品名称：地道土猪肉 原生态农', 1420862808, 1, 'corshop_seller', 1, '121.61.43.87', 'store_groupbuy&groupbuy_save', 1),
(439, '发布团购活动，团购名称：年货大开抢！地道土猪肉 农家原生态喂养 味道鲜甜 满嘴留香，商品名称：地道土', 1420863185, 1, 'corshop_seller', 1, '121.61.43.87', 'store_groupbuy&groupbuy_save', 1),
(440, '注销成功', 1420863333, 1, 'corshop_seller', 1, '121.61.43.87', 'seller_logout&logout', 1),
(441, '登录成功', 1420871545, 1, 'corshop_seller', 1, '121.61.43.87', 'seller_login&login', 1),
(442, '登录成功', 1420878408, 1, 'corshop_seller', 1, '121.61.43.87', 'seller_login&login', 1),
(443, '注销成功', 1420878456, 1, 'corshop_seller', 1, '121.61.43.87', 'seller_logout&logout', 1),
(444, '登录成功', 1420880426, 1, 'corshop_seller', 1, '121.61.43.87', 'seller_login&login', 1),
(445, '注销成功', 1420880817, 1, 'corshop_seller', 1, '121.61.43.87', 'seller_logout&logout', 1),
(446, '登录成功', 1421024288, 1, 'corshop_seller', 1, '58.52.138.248', 'seller_login&login', 1),
(447, '添加商品，平台货号:100159', 1421024451, 1, 'corshop_seller', 1, '58.52.138.248', 'store_goods_add&save_goods', 1),
(448, '登录成功', 1421024628, 1, 'corshop_seller', 1, '58.52.138.248', 'seller_login&login', 1),
(449, '注销成功', 1421024680, 1, 'corshop_seller', 1, '58.52.138.248', 'seller_logout&logout', 1),
(450, '登录成功', 1421024756, 1, 'corshop_seller', 1, '58.52.138.248', 'seller_login&login', 1),
(451, '删除商品，平台货号：100159', 1421024826, 1, 'corshop_seller', 1, '58.52.138.248', 'store_goods_online&drop_goods', 1),
(452, '添加商品，平台货号:100160', 1421025354, 1, 'corshop_seller', 1, '58.52.138.248', 'store_goods_add&save_goods', 1),
(453, '登录成功', 1421109311, 1, 'corshop_seller', 1, '221.233.226.150', 'seller_login&login', 1),
(454, '添加商品，平台货号:100161', 1421109614, 1, 'corshop_seller', 1, '221.233.226.150', 'store_goods_add&save_goods', 1),
(455, '编辑商品，平台货号：100161', 1421111131, 1, 'corshop_seller', 1, '221.233.226.150', 'store_goods_online&edit_save_goods', 1),
(456, '添加商品，平台货号:100162', 1421113344, 1, 'corshop_seller', 1, '221.233.226.150', 'store_goods_add&save_goods', 1),
(457, '编辑商品，平台货号：100162', 1421113748, 1, 'corshop_seller', 1, '221.233.226.150', 'store_goods_online&edit_save_goods', 1),
(458, '添加商品，平台货号:100163', 1421118704, 1, 'corshop_seller', 1, '221.233.226.150', 'store_goods_add&save_goods', 1),
(459, '登录成功', 1421119339, 1, 'corshop_seller', 1, '61.184.181.99', 'seller_login&login', 1),
(460, '注销成功', 1421119394, 1, 'corshop_seller', 1, '61.184.181.99', 'seller_logout&logout', 1),
(461, '添加商品，平台货号:100164', 1421119960, 1, 'corshop_seller', 1, '221.233.226.150', 'store_goods_add&save_goods', 1),
(462, '登录成功', 1421128605, 1, 'corshop_seller', 1, '221.233.226.150', 'seller_login&login', 1),
(463, '登录成功', 1421131704, 1, 'corshop_seller', 1, '221.233.226.150', 'seller_login&login', 1),
(464, '编辑商品，平台货号：100160', 1421131785, 1, 'corshop_seller', 1, '221.233.226.150', 'store_goods_online&edit_save_goods', 1),
(465, '添加商品，平台货号:100165', 1421131846, 1, 'corshop_seller', 1, '221.233.226.150', 'store_goods_add&save_goods', 1),
(466, '编辑商品，平台货号：100160', 1421132535, 1, 'corshop_seller', 1, '221.233.226.150', 'store_goods_online&edit_save_goods', 1),
(467, '编辑商品，平台货号：100160', 1421132584, 1, 'corshop_seller', 1, '221.233.226.150', 'store_goods_online&edit_save_goods', 1),
(468, '注销成功', 1421133057, 1, 'corshop_seller', 1, '221.233.226.150', 'seller_logout&logout', 1),
(469, '编辑商品，平台货号：100165', 1421133566, 1, 'corshop_seller', 1, '221.233.226.150', 'store_goods_online&edit_save_goods', 1),
(470, '编辑商品，平台货号：100164', 1421133581, 1, 'corshop_seller', 1, '221.233.226.150', 'store_goods_online&edit_save_goods', 1),
(471, '编辑商品，平台货号：100163', 1421133629, 1, 'corshop_seller', 1, '221.233.226.150', 'store_goods_online&edit_save_goods', 1),
(472, '编辑商品，平台货号：100162', 1421134754, 1, 'corshop_seller', 1, '221.233.226.150', 'store_goods_online&edit_save_goods', 1),
(473, '编辑商品，平台货号：100161', 1421134771, 1, 'corshop_seller', 1, '221.233.226.150', 'store_goods_online&edit_save_goods', 1),
(474, '登录成功', 1421138807, 1, 'corshop_seller', 1, '221.233.226.150', 'seller_login&login', 1),
(475, '登录成功', 1421140980, 1, 'corshop_seller', 1, '221.233.226.150', 'seller_login&login', 1),
(476, '添加商品，平台货号:100166', 1421142148, 1, 'corshop_seller', 1, '221.233.226.150', 'store_goods_add&save_goods', 1),
(477, '编辑商品，平台货号：100165', 1421142274, 1, 'corshop_seller', 1, '221.233.226.150', 'store_goods_online&edit_save_goods', 1),
(478, '编辑商品，平台货号：100165', 1421142632, 1, 'corshop_seller', 1, '221.233.226.150', 'store_goods_online&edit_save_goods', 1),
(479, '编辑商品，平台货号：100164', 1421142678, 1, 'corshop_seller', 1, '221.233.226.150', 'store_goods_online&edit_save_goods', 1),
(480, '编辑商品，平台货号：100163', 1421142695, 1, 'corshop_seller', 1, '221.233.226.150', 'store_goods_online&edit_save_goods', 1),
(481, '编辑商品，平台货号：100162', 1421142715, 1, 'corshop_seller', 1, '221.233.226.150', 'store_goods_online&edit_save_goods', 1),
(482, '编辑商品，平台货号：100161', 1421142733, 1, 'corshop_seller', 1, '221.233.226.150', 'store_goods_online&edit_save_goods', 1),
(483, '编辑商品，平台货号：100160', 1421142749, 1, 'corshop_seller', 1, '221.233.226.150', 'store_goods_online&edit_save_goods', 1),
(484, '编辑商品，平台货号：100166', 1421142764, 1, 'corshop_seller', 1, '221.233.226.150', 'store_goods_online&edit_save_goods', 1),
(485, '编辑商品，平台货号：100166', 1421143284, 1, 'corshop_seller', 1, '221.233.226.150', 'store_goods_online&edit_save_goods', 1),
(486, '编辑商品，平台货号：100165', 1421143297, 1, 'corshop_seller', 1, '221.233.226.150', 'store_goods_online&edit_save_goods', 1),
(487, '登录成功', 1421200874, 1, 'corshop_seller', 1, '111.179.62.143', 'seller_login&login', 1),
(488, '编辑商品，平台货号：100160', 1421201023, 1, 'corshop_seller', 1, '111.179.62.143', 'store_goods_online&edit_save_goods', 1),
(489, '编辑商品，平台货号：100157', 1421201106, 1, 'corshop_seller', 1, '111.179.62.143', 'store_goods_online&edit_save_goods', 1),
(490, '编辑商品，平台货号：100156', 1421201168, 1, 'corshop_seller', 1, '111.179.62.143', 'store_goods_online&edit_save_goods', 1),
(491, '登录成功', 1421201620, 1, 'corshop_seller', 1, '111.179.62.143', 'seller_login&login', 1),
(492, '登录成功', 1421202712, 1, 'corshop_seller', 1, '111.179.62.143', 'seller_login&login', 1),
(493, '登录成功', 1421208844, 1, 'corshop_seller', 1, '113.90.81.146', 'seller_login&login', 1),
(494, '登录成功', 1421221697, 1, 'corshop_seller', 1, '111.179.62.143', 'seller_login&login', 1),
(495, '注销成功', 1421221895, 1, 'corshop_seller', 1, '111.179.62.143', 'seller_logout&logout', 1),
(496, '登录成功', 1421222634, 2, 'tcdqgs', 2, '111.179.63.31', 'seller_login&login', 1),
(497, '登录成功', 1421223005, 1, 'corshop_seller', 1, '111.179.62.143', 'seller_login&login', 1),
(498, '退款处理，退款编号：191101150114154905', 1421223063, 1, 'corshop_seller', 1, '111.179.62.143', 'store_refund&edit', 1),
(499, '登录成功', 1421226343, 1, 'corshop_seller', 1, '111.179.62.143', 'seller_login&login', 1),
(500, '退款处理，退款编号：838101150114170618', 1421226418, 1, 'corshop_seller', 1, '111.179.62.143', 'store_refund&edit', 1),
(501, '注销成功', 1421226686, 1, 'corshop_seller', 1, '111.179.62.143', 'seller_logout&logout', 1),
(502, '登录成功', 1421650559, 1, 'corshop_seller', 1, '111.170.90.25', 'seller_login&login', 1),
(503, '注销成功', 1421652086, 1, 'corshop_seller', 1, '111.170.90.25', 'seller_logout&logout', 1),
(504, '登录成功', 1421653283, 1, 'corshop_seller', 1, '111.170.90.25', 'seller_login&login', 1),
(505, '注销成功', 1421654473, 1, 'corshop_seller', 1, '111.170.90.25', 'seller_logout&logout', 1),
(506, '登录成功', 1421835253, 2, 'tcdqgs', 2, '27.24.169.62', 'seller_login&login', 1),
(507, '登录成功', 1421895326, 1, 'corshop_seller', 1, '111.170.89.69', 'seller_login&login', 1),
(508, '注销成功', 1421895726, 1, 'corshop_seller', 1, '111.170.89.69', 'seller_logout&logout', 1),
(509, '登录成功', 1421911333, 1, 'corshop_seller', 1, '111.170.89.69', 'seller_login&login', 1),
(510, '注销成功', 1421912923, 1, 'corshop_seller', 1, '111.170.89.69', 'seller_logout&logout', 1),
(511, '登录成功', 1421980833, 6, '百丈潭茶业', 5, '111.170.89.69', 'seller_login&login', 1),
(512, '注销成功', 1421981412, 6, '百丈潭茶业', 5, '111.170.89.69', 'seller_logout&logout', 1),
(513, '登录成功', 1421982652, 6, '百丈潭茶业', 5, '111.170.89.69', 'seller_login&login', 1),
(514, '注销成功', 1421984509, 6, '百丈潭茶业', 5, '111.170.89.69', 'seller_logout&logout', 1),
(515, '登录成功', 1421985791, 6, '百丈潭茶业', 5, '111.170.89.69', 'seller_login&login', 1),
(516, '添加商品，平台货号:100167', 1421996188, 6, '百丈潭茶业', 5, '111.170.89.69', 'store_goods_add&save_goods', 1),
(517, '登录成功', 1422004047, 6, '百丈潭茶业', 5, '111.170.89.69', 'seller_login&login', 1),
(518, '添加商品，平台货号:100168', 1422005035, 6, '百丈潭茶业', 5, '111.170.89.69', 'store_goods_add&save_goods', 1),
(519, '添加商品，平台货号:100169', 1422005313, 6, '百丈潭茶业', 5, '111.170.89.69', 'store_goods_add&save_goods', 1),
(520, '添加商品，平台货号:100170', 1422005715, 6, '百丈潭茶业', 5, '111.170.89.69', 'store_goods_add&save_goods', 1),
(521, '添加商品，平台货号:100171', 1422006050, 6, '百丈潭茶业', 5, '111.170.89.69', 'store_goods_add&save_goods', 1),
(522, '添加商品，平台货号:100172', 1422006398, 6, '百丈潭茶业', 5, '111.170.89.69', 'store_goods_add&save_goods', 1),
(523, '添加商品，平台货号:100173', 1422006628, 6, '百丈潭茶业', 5, '111.170.89.69', 'store_goods_add&save_goods', 1),
(524, '添加商品，平台货号:100174', 1422006760, 6, '百丈潭茶业', 5, '111.170.89.69', 'store_goods_add&save_goods', 1),
(525, '登录成功', 1422063376, 1, 'corshop_seller', 1, '111.170.89.69', 'seller_login&login', 1),
(526, '添加商品，平台货号:100175', 1422067023, 1, 'corshop_seller', 1, '111.170.89.69', 'store_goods_add&save_goods', 1),
(527, '添加商品，平台货号:100176', 1422067865, 1, 'corshop_seller', 1, '111.170.89.69', 'store_goods_add&save_goods', 1),
(528, '添加商品，平台货号:100177', 1422069347, 1, 'corshop_seller', 1, '111.170.89.69', 'store_goods_add&save_goods', 1),
(529, '登录成功', 1422069776, 6, '百丈潭茶业', 5, '111.170.89.69', 'seller_login&login', 1),
(530, '登录成功', 1422071148, 1, 'corshop_seller', 1, '111.170.89.69', 'seller_login&login', 1),
(531, '编辑商品，平台货号：100177', 1422071201, 1, 'corshop_seller', 1, '111.170.89.69', 'store_goods_online&edit_save_goods', 1),
(532, '编辑商品，平台货号：100177', 1422071594, 1, 'corshop_seller', 1, '111.170.89.69', 'store_goods_online&edit_save_goods', 1),
(533, '注销成功', 1422071628, 1, 'corshop_seller', 1, '111.170.89.69', 'seller_logout&logout', 1),
(534, '登录成功', 1422077416, 6, '百丈潭茶业', 5, '111.170.89.69', 'seller_login&login', 1),
(535, '登录成功', 1422077535, 1, 'corshop_seller', 1, '111.170.89.69', 'seller_login&login', 1),
(536, '编辑商品，平台货号：100177', 1422077575, 1, 'corshop_seller', 1, '111.170.89.69', 'store_goods_online&edit_save_image', 1),
(537, '登录成功', 1422079825, 6, '百丈潭茶业', 5, '111.170.89.69', 'seller_login&login', 1),
(538, '编辑商品，平台货号：100174', 1422087814, 6, '百丈潭茶业', 5, '111.170.89.69', 'store_goods_online&edit_save_goods', 1),
(539, '编辑商品，平台货号：100173', 1422087834, 6, '百丈潭茶业', 5, '111.170.89.69', 'store_goods_online&edit_save_goods', 1),
(540, '编辑商品，平台货号：100172', 1422088040, 6, '百丈潭茶业', 5, '111.170.89.69', 'store_goods_online&edit_save_goods', 1),
(541, '编辑商品，平台货号：100171', 1422088060, 6, '百丈潭茶业', 5, '111.170.89.69', 'store_goods_online&edit_save_goods', 1),
(542, '编辑商品，平台货号：100170', 1422088083, 6, '百丈潭茶业', 5, '111.170.89.69', 'store_goods_online&edit_save_goods', 1),
(543, '编辑商品，平台货号：100169', 1422088133, 6, '百丈潭茶业', 5, '111.170.89.69', 'store_goods_online&edit_save_goods', 1),
(544, '编辑商品，平台货号：100168', 1422088150, 6, '百丈潭茶业', 5, '111.170.89.69', 'store_goods_online&edit_save_goods', 1),
(545, '编辑商品，平台货号：100167', 1422088164, 6, '百丈潭茶业', 5, '111.170.89.69', 'store_goods_online&edit_save_goods', 1),
(546, '登录成功', 1422149675, 1, 'corshop_seller', 1, '111.183.250.89', 'seller_login&login', 1),
(547, '登录成功', 1422419129, 1, 'corshop_seller', 1, '113.116.31.111', 'seller_login&login', 1),
(548, '登录成功', 1422430256, 7, '三麦酒', 6, '221.233.226.24', 'seller_login&login', 1),
(549, '登录成功', 1422431619, 7, '三麦酒', 6, '61.184.181.19', 'seller_login&login', 1),
(550, '登录成功', 1422492108, 7, '三麦酒', 6, '221.233.226.24', 'seller_login&login', 1),
(551, '登录成功', 1422492865, 7, '三麦酒', 6, '221.233.226.24', 'seller_login&login', 1),
(552, '注销成功', 1422493113, 7, '三麦酒', 6, '221.233.226.24', 'seller_logout&logout', 1),
(553, '添加商品，平台货号:100178', 1422494486, 7, '三麦酒', 6, '221.233.226.24', 'store_goods_add&save_goods', 1),
(554, '编辑商品，平台货号：100178', 1422494535, 7, '三麦酒', 6, '221.233.226.24', 'store_goods_online&edit_save_goods', 1),
(555, '添加商品，平台货号:100179', 1422495094, 7, '三麦酒', 6, '221.233.226.24', 'store_goods_add&save_goods', 1),
(556, '编辑商品，平台货号：100178', 1422495154, 7, '三麦酒', 6, '221.233.226.24', 'store_goods_online&edit_save_goods', 1),
(557, '添加商品，平台货号:100180', 1422496052, 7, '三麦酒', 6, '221.233.226.24', 'store_goods_add&save_goods', 1),
(558, '添加商品，平台货号:100181', 1422496835, 7, '三麦酒', 6, '221.233.226.24', 'store_goods_add&save_goods', 1),
(559, '添加商品，平台货号:100182', 1422497499, 7, '三麦酒', 6, '221.233.226.24', 'store_goods_add&save_goods', 1),
(560, '编辑商品，平台货号：100182', 1422498764, 7, '三麦酒', 6, '221.233.226.24', 'store_goods_online&edit_save_goods', 1),
(561, '编辑商品，平台货号：100181', 1422498775, 7, '三麦酒', 6, '221.233.226.24', 'store_goods_online&edit_save_goods', 1),
(562, '编辑商品，平台货号：100180', 1422498785, 7, '三麦酒', 6, '221.233.226.24', 'store_goods_online&edit_save_goods', 1),
(563, '编辑商品，平台货号：100179', 1422498795, 7, '三麦酒', 6, '221.233.226.24', 'store_goods_online&edit_save_goods', 1),
(564, '登录成功', 1422500319, 7, '三麦酒', 6, '221.233.226.24', 'seller_login&login', 1),
(565, '登录成功', 1422500549, 7, '三麦酒', 6, '221.233.226.24', 'seller_login&login', 1),
(566, '注销成功', 1422500946, 7, '三麦酒', 6, '221.233.226.24', 'seller_logout&logout', 1),
(567, '登录成功', 1422504865, 8, '小陆干果', 7, '221.233.226.24', 'seller_login&login', 1),
(568, '注销成功', 1422505040, 8, '小陆干果', 7, '221.233.226.24', 'seller_logout&logout', 1),
(569, '登录成功', 1422758906, 8, '小陆干果', 7, '121.61.50.5', 'seller_login&login', 1),
(570, '登录成功', 1422760830, 7, '三麦酒', 6, '61.184.181.19', 'seller_login&login', 1),
(571, '登录成功', 1422762837, 4, '吉米环保', 4, '27.24.170.170', 'seller_login&login', 1),
(572, '登录成功', 1422840116, 1, 'corshop_seller', 1, '111.179.51.180', 'seller_login&login', 1),
(573, '注销成功', 1422840151, 1, 'corshop_seller', 1, '111.179.51.180', 'seller_logout&logout', 1),
(574, '登录成功', 1422863514, 8, '小陆干果', 7, '111.179.51.180', 'seller_login&login', 1),
(575, '添加商品，平台货号:100183', 1422864710, 8, '小陆干果', 7, '111.179.51.180', 'store_goods_add&save_goods', 1),
(576, '添加商品，平台货号:100184', 1422865594, 8, '小陆干果', 7, '111.179.51.180', 'store_goods_add&save_goods', 1),
(577, '编辑商品，平台货号：100184', 1422865626, 8, '小陆干果', 7, '111.179.51.180', 'store_goods_online&edit_save_goods', 1),
(578, '编辑商品，平台货号：100183', 1422865638, 8, '小陆干果', 7, '111.179.51.180', 'store_goods_online&edit_save_goods', 1),
(579, '添加商品，平台货号:100185', 1422866352, 8, '小陆干果', 7, '111.179.51.180', 'store_goods_add&save_goods', 1),
(580, '登录成功', 1422927686, 8, '小陆干果', 7, '111.179.109.138', 'seller_login&login', 1),
(581, '添加商品，平台货号:100186', 1422928292, 8, '小陆干果', 7, '111.179.109.138', 'store_goods_add&save_goods', 1),
(582, '编辑商品，平台货号：100186', 1422928326, 8, '小陆干果', 7, '111.179.109.138', 'store_goods_online&edit_save_goods', 1),
(583, '登录成功', 1422946092, 8, '小陆干果', 7, '111.179.109.138', 'seller_login&login', 1),
(584, '添加商品，平台货号:100187', 1422947045, 8, '小陆干果', 7, '111.179.109.138', 'store_goods_add&save_goods', 1),
(585, '编辑商品，平台货号：100187', 1422947098, 8, '小陆干果', 7, '111.179.109.138', 'store_goods_online&edit_save_goods', 1),
(586, '编辑商品，平台货号：100187', 1422947151, 8, '小陆干果', 7, '111.179.109.138', 'store_goods_online&edit_save_goods', 1),
(587, '登录成功', 1422952292, 8, '小陆干果', 7, '111.179.109.138', 'seller_login&login', 1),
(588, '添加商品，平台货号:100188', 1422952655, 8, '小陆干果', 7, '111.179.109.138', 'store_goods_add&save_goods', 1),
(589, '编辑商品，平台货号：100188', 1422952714, 8, '小陆干果', 7, '111.179.109.138', 'store_goods_online&edit_save_goods', 1),
(590, '登录成功', 1423017768, 8, '小陆干果', 7, '111.170.91.103', 'seller_login&login', 1),
(591, '添加商品，平台货号:100189', 1423018664, 8, '小陆干果', 7, '111.170.91.103', 'store_goods_add&save_goods', 1),
(592, '登录成功', 1423035679, 8, '小陆干果', 7, '111.170.91.103', 'seller_login&login', 1),
(593, '添加商品，平台货号:100190', 1423035983, 8, '小陆干果', 7, '111.170.91.103', 'store_goods_add&save_goods', 1),
(594, '添加商品，平台货号:100191', 1423043911, 8, '小陆干果', 7, '111.170.91.103', 'store_goods_add&save_goods', 1),
(595, '编辑商品，平台货号：100191', 1423043950, 8, '小陆干果', 7, '111.170.91.103', 'store_goods_online&edit_save_goods', 1),
(596, '登录成功', 1423110404, 1, 'corshop_seller', 1, '113.91.165.172', 'seller_login&login', 1),
(597, '登录成功', 1423118806, 1, 'corshop_seller', 1, '113.105.139.207', 'seller_login&login', 1),
(598, '登录成功', 1423119913, 8, '小陆干果', 7, '111.170.91.103', 'seller_login&login', 1),
(599, '添加商品，平台货号:100192', 1423120415, 8, '小陆干果', 7, '111.170.91.103', 'store_goods_add&save_goods', 1),
(600, '添加商品，平台货号:100193', 1423121335, 1, 'corshop_seller', 1, '113.105.139.207', 'store_goods_add&save_goods', 1),
(601, '登录成功', 1423137000, 8, '小陆干果', 7, '111.170.91.103', 'seller_login&login', 1),
(602, '添加商品，平台货号:100194', 1423137552, 8, '小陆干果', 7, '111.170.91.103', 'store_goods_add&save_goods', 1),
(603, '添加商品，平台货号:100195', 1423137554, 8, '小陆干果', 7, '111.170.91.103', 'store_goods_add&save_goods', 1),
(604, '删除商品，平台货号：100195', 1423137614, 8, '小陆干果', 7, '111.170.91.103', 'store_goods_online&drop_goods', 1),
(605, '登录成功', 1423185018, 8, '小陆干果', 7, '121.61.50.103', 'seller_login&login', 1),
(606, '登录成功', 1423187034, 8, '小陆干果', 7, '111.170.91.103', 'seller_login&login', 1),
(607, '编辑商品，平台货号：100194', 1423187157, 8, '小陆干果', 7, '111.170.91.103', 'store_goods_online&edit_save_image', 1),
(608, '添加商品，平台货号:100196', 1423187524, 8, '小陆干果', 7, '111.170.91.103', 'store_goods_add&save_goods', 1),
(609, '添加商品，平台货号:100197', 1423187648, 8, '小陆干果', 7, '111.170.91.103', 'store_goods_add&save_goods', 1),
(610, '编辑商品，平台货号：100197', 1423187781, 8, '小陆干果', 7, '111.170.91.103', 'store_goods_online&edit_save_goods', 1),
(611, '编辑商品，平台货号：100196', 1423187834, 8, '小陆干果', 7, '111.170.91.103', 'store_goods_online&edit_save_goods', 1),
(612, '编辑商品，平台货号：100197', 1423187891, 8, '小陆干果', 7, '111.170.91.103', 'store_goods_online&edit_save_goods', 1),
(613, '添加商品，平台货号:100198', 1423192973, 8, '小陆干果', 7, '111.170.91.103', 'store_goods_add&save_goods', 1),
(614, '登录成功', 1423193998, 1, 'corshop_seller', 1, '111.170.91.103', 'seller_login&login', 1),
(615, '删除商品，平台货号：100193', 1423194349, 1, 'corshop_seller', 1, '111.170.91.103', 'store_goods_online&drop_goods', 1),
(616, '注销成功', 1423194569, 1, 'corshop_seller', 1, '111.170.91.103', 'seller_logout&logout', 1),
(617, '登录成功', 1423194820, 1, 'corshop_seller', 1, '111.170.91.103', 'seller_login&login', 1),
(618, '登录成功', 1423195120, 1, 'corshop_seller', 1, '111.170.91.103', 'seller_login&login', 1),
(619, '注销成功', 1423195132, 1, 'corshop_seller', 1, '111.170.91.103', 'seller_logout&logout', 1),
(620, '登录成功', 1423223013, 8, '小陆干果', 7, '111.170.91.103', 'seller_login&login', 1),
(621, '添加商品，平台货号:100199', 1423223516, 8, '小陆干果', 7, '111.170.91.103', 'store_goods_add&save_goods', 1),
(622, '登录成功', 1423289241, 8, '小陆干果', 7, '221.233.226.33', 'seller_login&login', 1),
(623, '添加商品，平台货号:100200', 1423290342, 8, '小陆干果', 7, '221.233.226.33', 'store_goods_add&save_goods', 1),
(624, '编辑商品，平台货号：100200', 1423290506, 8, '小陆干果', 7, '221.233.226.33', 'store_goods_online&edit_save_goods', 1),
(625, '登录成功', 1423360951, 8, '小陆干果', 7, '221.233.226.33', 'seller_login&login', 1),
(626, '添加商品，平台货号:100201', 1423361888, 8, '小陆干果', 7, '221.233.226.33', 'store_goods_add&save_goods', 1),
(627, '添加商品，平台货号:100202', 1423362078, 8, '小陆干果', 7, '221.233.226.33', 'store_goods_add&save_goods', 1),
(628, '添加商品，平台货号:100203', 1423362160, 8, '小陆干果', 7, '221.233.226.33', 'store_goods_add&save_goods', 1),
(629, '添加商品，平台货号:100204', 1423362215, 8, '小陆干果', 7, '221.233.226.33', 'store_goods_add&save_goods', 1),
(630, '编辑商品，平台货号：100202', 1423362282, 8, '小陆干果', 7, '221.233.226.33', 'store_goods_online&edit_save_goods', 1),
(631, '编辑商品，平台货号：100202', 1423362321, 8, '小陆干果', 7, '221.233.226.33', 'store_goods_online&edit_save_goods', 1),
(632, '编辑商品，平台货号：100202', 1423362359, 8, '小陆干果', 7, '221.233.226.33', 'store_goods_online&edit_save_goods', 1),
(633, '编辑商品，平台货号：100202', 1423362383, 8, '小陆干果', 7, '221.233.226.33', 'store_goods_online&edit_save_goods', 1),
(634, '登录成功', 1423452068, 8, '小陆干果', 7, '221.233.224.245', 'seller_login&login', 1),
(635, '编辑商品，平台货号：100201', 1423452101, 8, '小陆干果', 7, '221.233.224.245', 'store_goods_online&edit_save_goods', 1),
(636, '编辑商品，平台货号：100202', 1423452156, 8, '小陆干果', 7, '221.233.224.245', 'store_goods_online&edit_save_goods', 1),
(637, '编辑商品，平台货号：100203', 1423452179, 8, '小陆干果', 7, '221.233.224.245', 'store_goods_online&edit_save_goods', 1),
(638, '编辑商品，平台货号：100204', 1423452197, 8, '小陆干果', 7, '221.233.224.245', 'store_goods_online&edit_save_goods', 1),
(639, '购买3套短信包月套装，单位元', 1423453503, 8, '小陆干果', 7, '221.233.224.245', 'store_sms_conf&index', 1),
(640, '登录成功', 1423453905, 8, '小陆干果', 7, '221.233.224.245', 'seller_login&login', 1),
(641, '登录成功', 1423454522, 1, 'corshop_seller', 1, '221.233.224.245', 'seller_login&login', 1),
(642, '商品下架，平台货号：100158', 1423454563, 1, 'corshop_seller', 1, '221.233.224.245', 'store_goods_online&goods_unshow', 1),
(643, '注销成功', 1423454581, 1, 'corshop_seller', 1, '221.233.224.245', 'seller_logout&logout', 1),
(644, '登录成功', 1423473047, 8, '小陆干果', 7, '27.24.170.0', 'seller_login&login', 1),
(645, '登录成功', 1423533929, 1, 'corshop_seller', 1, '221.233.224.245', 'seller_login&login', 1),
(646, '注销成功', 1423533966, 1, 'corshop_seller', 1, '221.233.224.245', 'seller_logout&logout', 1),
(647, '登录成功', 1423534976, 8, '小陆干果', 7, '221.233.224.245', 'seller_login&login', 1),
(648, '添加商品，平台货号:100205', 1423535921, 8, '小陆干果', 7, '221.233.224.245', 'store_goods_add&save_goods', 1),
(649, '登录成功', 1423626280, 8, '小陆干果', 7, '221.233.224.245', 'seller_login&login', 1),
(650, '登录成功', 1423628624, 8, '小陆干果', 7, '111.170.90.147', 'seller_login&login', 1),
(651, '注销成功', 1423628699, 8, '小陆干果', 7, '111.170.90.147', 'seller_logout&logout', 1),
(652, '登录成功', 1423629051, 8, '小陆干果', 7, '111.170.90.147', 'seller_login&login', 1),
(653, '编辑商品，平台货号：100190', 1423629249, 8, '小陆干果', 7, '111.170.90.147', 'store_goods_online&edit_save_goods', 1),
(654, '登录成功', 1423631789, 8, '小陆干果', 7, '221.233.224.245', 'seller_login&login', 1),
(655, '登录成功', 1423639678, 8, '小陆干果', 7, '221.233.224.245', 'seller_login&login', 1),
(656, '编辑商品，平台货号：100190', 1423639843, 8, '小陆干果', 7, '221.233.224.245', 'store_goods_online&edit_save_goods', 1),
(657, '编辑商品，平台货号：100190', 1423640498, 8, '小陆干果', 7, '221.233.224.245', 'store_goods_online&edit_save_goods', 1),
(658, '注销成功', 1423640506, 8, '小陆干果', 7, '221.233.224.245', 'seller_logout&logout', 1),
(659, '登录成功', 1423672660, 8, '小陆干果', 7, '27.24.221.173', 'seller_login&login', 1),
(660, '登录成功', 1423709562, 8, '小陆干果', 7, '27.24.149.98', 'seller_login&login', 1),
(661, '注销成功', 1423709602, 8, '小陆干果', 7, '27.24.149.98', 'seller_logout&logout', 1),
(662, '登录成功', 1423710372, 8, '小陆干果', 7, '27.24.221.173', 'seller_login&login', 1),
(663, '登录成功', 1423723278, 8, '小陆干果', 7, '27.24.221.173', 'seller_login&login', 1),
(664, '登录成功', 1423723303, 8, '小陆干果', 7, '27.24.149.98', 'seller_login&login', 1),
(665, '注销成功', 1423723456, 8, '小陆干果', 7, '27.24.149.98', 'seller_logout&logout', 1),
(666, '登录成功', 1423735616, 8, '小陆干果', 7, '27.24.221.173', 'seller_login&login', 1),
(667, '登录成功', 1423884817, 8, '小陆干果', 7, '111.183.250.224', 'seller_login&login', 1),
(668, '登录成功', 1423964929, 8, '小陆干果', 7, '121.61.55.74', 'seller_login&login', 1),
(669, '登录成功', 1423968746, 8, '小陆干果', 7, '121.61.55.27', 'seller_login&login', 1),
(670, '登录成功', 1423971722, 8, '小陆干果', 7, '121.61.55.27', 'seller_login&login', 1),
(671, '登录成功', 1424050793, 8, '小陆干果', 7, '121.61.55.27', 'seller_login&login', 1),
(672, '登录成功', 1424061149, 8, '小陆干果', 7, '121.61.43.61', 'seller_login&login', 1),
(673, '登录成功', 1424570274, 8, '小陆干果', 7, '27.24.168.238', 'seller_login&login', 1),
(674, '登录成功', 1424875721, 7, '三麦酒', 6, '121.61.52.22', 'seller_login&login', 1),
(675, '编辑商品，平台货号：100182', 1424875869, 7, '三麦酒', 6, '121.61.52.22', 'store_goods_online&edit_save_goods', 1),
(676, '编辑商品，平台货号：100182', 1424875871, 7, '三麦酒', 6, '121.61.52.22', 'store_goods_online&edit_save_goods', 1),
(677, '编辑商品，平台货号：100181', 1424876421, 7, '三麦酒', 6, '121.61.52.22', 'store_goods_online&edit_save_goods', 1),
(678, '编辑商品，平台货号：100180', 1424876538, 7, '三麦酒', 6, '121.61.52.22', 'store_goods_online&edit_save_goods', 1),
(679, '编辑商品，平台货号：100179', 1424876583, 7, '三麦酒', 6, '121.61.52.22', 'store_goods_online&edit_save_goods', 1),
(680, '编辑商品，平台货号：100182', 1424876618, 7, '三麦酒', 6, '121.61.52.22', 'store_goods_online&edit_save_goods', 1),
(681, '编辑商品，平台货号：100182', 1424876618, 7, '三麦酒', 6, '121.61.52.22', 'store_goods_online&edit_save_goods', 1),
(682, '编辑商品，平台货号：100182', 1424876624, 7, '三麦酒', 6, '121.61.52.22', 'store_goods_online&edit_save_goods', 1),
(683, '编辑商品，平台货号：100178', 1424876724, 7, '三麦酒', 6, '121.61.52.22', 'store_goods_online&edit_save_goods', 1),
(684, '登录成功', 1424918029, 8, '小陆干果', 7, '27.24.193.165', 'seller_login&login', 1),
(685, '添加商品，平台货号:100206', 1424919413, 8, '小陆干果', 7, '27.24.193.165', 'store_goods_add&save_goods', 1),
(686, '登录成功', 1425095475, 8, '小陆干果', 7, '221.233.229.77', 'seller_login&login', 1),
(687, '登录成功', 1425173562, 8, '小陆干果', 7, '221.233.222.146', 'seller_login&login', 1),
(688, '登录成功', 1425269187, 8, '小陆干果', 7, '121.61.41.213', 'seller_login&login', 1),
(689, '登录成功', 1425271755, 7, '三麦酒', 6, '121.61.52.22', 'seller_login&login', 1),
(690, '编辑商品，平台货号：100182', 1425271798, 7, '三麦酒', 6, '121.61.52.22', 'store_goods_online&edit_save_goods', 1),
(691, '登录成功', 1425610493, 8, '小陆干果', 7, '58.52.138.200', 'seller_login&login', 1),
(692, '登录成功', 1425630405, 1, 'corshop_seller', 1, '111.170.113.142', 'seller_login&login', 1),
(693, '注销成功', 1425630870, 1, 'corshop_seller', 1, '111.170.113.142', 'seller_logout&logout', 1),
(694, '登录成功', 1425777965, 8, '小陆干果', 7, '111.170.90.166', 'seller_login&login', 1),
(695, '登录成功', 1425817899, 8, '小陆干果', 7, '27.24.221.212', 'seller_login&login', 1),
(696, '登录成功', 1426149471, 1, 'corshop_seller', 1, '111.170.90.13', 'seller_login&login', 1),
(697, '注销成功', 1426149576, 1, 'corshop_seller', 1, '111.170.90.13', 'seller_logout&logout', 1),
(698, '登录成功', 1426212108, 8, '小陆干果', 7, '121.61.49.199', 'seller_login&login', 1),
(699, '登录成功', 1426316610, 1, 'corshop_seller', 1, '113.110.183.7', 'seller_login&login', 1),
(700, '添加商品，平台货号:100207', 1426316779, 1, 'corshop_seller', 1, '113.110.183.7', 'store_goods_add&save_goods', 1),
(701, '登录成功', 1426348489, 8, '小陆干果', 7, '27.24.170.1', 'seller_login&login', 1),
(702, '登录成功', 1426385031, 1, 'corshop_seller', 1, '58.52.138.107', 'seller_login&login', 1),
(703, '删除商品，平台货号：100207', 1426385566, 1, 'corshop_seller', 1, '58.52.138.107', 'store_goods_online&drop_goods', 1),
(704, '注销成功', 1426385627, 1, 'corshop_seller', 1, '58.52.138.107', 'seller_logout&logout', 1),
(705, '登录成功', 1426387221, 8, '小陆干果', 7, '27.24.170.1', 'seller_login&login', 1),
(706, '登录成功', 1426558334, 8, '小陆干果', 7, '27.24.149.225', 'seller_login&login', 1),
(707, '登录成功', 1426582295, 9, '博洋家纺', 8, '58.52.138.107', 'seller_login&login', 1),
(708, '注销成功', 1426582473, 9, '博洋家纺', 8, '58.52.138.107', 'seller_logout&logout', 1),
(709, '登录成功', 1426582605, 9, '博洋家纺', 8, '58.52.138.107', 'seller_login&login', 1),
(710, '注销成功', 1426582948, 9, '博洋家纺', 8, '58.52.138.107', 'seller_logout&logout', 1),
(711, '登录成功', 1426656938, 10, '正泰电气', 9, '121.61.50.21', 'seller_login&login', 1),
(712, '登录成功', 1426670328, 11, 'wxg2015', 10, '58.52.138.107', 'seller_login&login', 1),
(713, '购买1份限时折扣套餐，单价11', 1426671025, 11, 'wxg2015', 10, '58.52.138.107', 'store_promotion_xianshi&xianshi_quota_add_save', 1),
(714, '注销成功', 1426671411, 11, 'wxg2015', 10, '58.52.138.107', 'seller_logout&logout', 1),
(715, '登录成功', 1426678924, 11, 'wxg2015', 10, '111.179.51.7', 'seller_login&login', 1),
(716, '登录成功', 1426733988, 12, '易和养生', 11, '58.52.138.107', 'seller_login&login', 1),
(717, '注销成功', 1426735157, 12, '易和养生', 11, '58.52.138.107', 'seller_logout&logout', 1),
(718, '登录成功', 1426831510, 1, 'corshop_seller', 1, '113.110.180.90', 'seller_login&login', 1),
(719, '登录成功', 1426840483, 1, 'corshop_seller', 1, '113.110.180.90', 'seller_login&login', 1),
(720, '登录成功', 1426847332, 1, 'corshop_seller', 1, '113.92.248.109', 'seller_login&login', 1),
(721, '购买10份团购套餐，单价10', 1426847553, 1, 'corshop_seller', 1, '113.92.248.109', 'store_groupbuy&groupbuy_quota_add_save', 1),
(722, '登录成功', 1426901069, 1, 'corshop_seller', 1, '113.91.167.253', 'seller_login&login', 1),
(723, '注销成功', 1426901104, 1, 'corshop_seller', 1, '113.91.167.253', 'seller_logout&logout', 1),
(724, '登录成功', 1426951584, 1, 'corshop_seller', 1, '180.111.42.109', 'seller_login&login', 1),
(725, '登录成功', 1426953362, 1, 'corshop_seller', 1, '180.111.42.109', 'seller_login&login', 1),
(726, '登录成功', 1426957112, 1, 'corshop_seller', 1, '180.111.42.109', 'seller_login&login', 1),
(727, '登录成功', 1427074335, 1, 'corshop_seller', 1, '117.88.76.213', 'seller_login&login', 1),
(728, '登录成功', 1427076392, 1, 'corshop_seller', 1, '49.74.225.8', 'seller_login&login', 1),
(729, '登录成功', 1427089701, 1, 'corshop_seller', 1, '114.221.127.244', 'seller_login&login', 1),
(730, '登录成功', 1427272908, 1, 'corshop_seller', 1, '49.77.152.126', 'seller_login&login', 1),
(731, '登录成功', 1427374050, 1, 'corshop_seller', 1, '49.77.216.191', 'seller_login&login', 1),
(732, '登录成功', 1427428475, 1, 'corshop_seller', 1, '180.109.31.232', 'seller_login&login', 1),
(733, '登录成功', 1427680728, 1, 'corshop_seller', 1, '121.229.101.161', 'seller_login&login', 1),
(734, '登录成功', 1428034078, 1, 'corshop_seller', 1, '121.229.101.51', 'seller_login&login', 1);

-- --------------------------------------------------------

--
-- 表的结构 `cor_seo`
--

CREATE TABLE IF NOT EXISTS `cor_seo` (
  `id` mediumint(8) unsigned NOT NULL AUTO_INCREMENT COMMENT '主键',
  `title` varchar(255) NOT NULL COMMENT '标题',
  `keywords` varchar(255) NOT NULL COMMENT '关键词',
  `description` text NOT NULL COMMENT '描述',
  `type` varchar(20) NOT NULL COMMENT '类型',
  UNIQUE KEY `id` (`id`)
) ENGINE=InnoDB  DEFAULT CHARSET=utf8 COMMENT='SEO信息存放表' AUTO_INCREMENT=15 ;

--
-- 转存表中的数据 `cor_seo`
--

INSERT INTO `cor_seo` (`id`, `title`, `keywords`, `description`, `type`) VALUES
(1, '{sitename}_同城020购物商城_一个有文化的购物网站', '盈放网上商城,购物商城,积分商城,同城购物,团购,绿色生态产品,开网店,微商城,社区圈子,生活服务', '盈放网上商城平台是中国同城020购物商城,&quot;电商+店商&quot;网络交易平台,集绿色生态产品,团购,电子商务运营,社区020和本地生活服务于一体的综合电商第三方平台.', 'index'),
(2, '{sitename} - 团购', 'B2B2C电商平台,{sitename}', '', 'group'),
(3, '{sitename} - {name}', 'B2B2C电商平台,{name},{sitename}', 'B2B2C电商平台,{name},{sitename}', 'group_content'),
(4, '{sitename} - 品牌', '盈放网上商城,{sitename}', '盈放网上商城,{sitename}', 'brand'),
(5, '{sitename} - {name}', '盈放网上商城,{sitename},{name}', '盈放网上商城,{sitename},{name}', 'brand_list'),
(7, '{sitename} - {name}', 'CorShop,{sitename},{name}', 'CorShop,{sitename},{name}', 'coupon_content'),
(8, '{sitename} - 积分商城', 'B2B2C电商平台,{sitename}', 'B2B2C电商平台,{sitename}', 'point'),
(9, '{sitename} - {name}', 'B2B2C电商平台,{sitename},{key}', 'B2B2C电商平台,{sitename},{description}', 'point_content'),
(10, '{sitename} - {article_class}', 'B2B2C电商平台,{sitename}', 'B2B2C电商平台,{sitename}', 'article'),
(11, '{sitename} - {name}', 'B2B2C电商平台,{sitename},{key}', 'B2B2C电商平台,{sitename},{description}', 'article_content'),
(12, '{sitename} - {shopname}', 'B2B2C电商平台,{sitename},{key}', 'B2B2C电商平台,{sitename},{description}', 'shop'),
(13, '{name} - {sitename}', 'B2B2C电商平台,{sitename},{key}', 'B2B2C电商平台,{sitename},{description}', 'product'),
(14, '看{name}怎么淘到好的宝贝-{sitename}', 'B2B2C电商平台,{sitename},{name}', 'B2B2C电商平台,{sitename},{name}', 'sns');

-- --------------------------------------------------------

--
-- 表的结构 `cor_setting`
--

CREATE TABLE IF NOT EXISTS `cor_setting` (
  `name` varchar(50) NOT NULL COMMENT '名称',
  `value` text COMMENT '值',
  PRIMARY KEY (`name`)
) ENGINE=InnoDB DEFAULT CHARSET=utf8 COMMENT='系统设置表';

--
-- 转存表中的数据 `cor_setting`
--

INSERT INTO `cor_setting` (`name`, `value`) VALUES
('captcha_status_goodsqa', '1'),
('captcha_status_login', '1'),
('captcha_status_register', '1'),
('circle_contentleast', '10'),
('circle_createsum', '6'),
('circle_exprelease', '2'),
('circle_expreleasemax', '10'),
('circle_expreplied', '3'),
('circle_exprepliedmax', '1000'),
('circle_expreply', '1'),
('circle_intervaltime', '60'),
('circle_iscreate', '1'),
('circle_istalk', '1'),
('circle_isuse', '1'),
('circle_joinsum', '12'),
('circle_loginpic', 'a:4:{i:1;a:2:{s:3:"pic";s:5:"1.jpg";s:3:"url";s:22:"http://www.infol.com.cn/";}i:2;a:2:{s:3:"pic";s:5:"2.jpg";s:3:"url";s:22:"http://www.infol.com.cn/";}i:3;a:2:{s:3:"pic";s:5:"3.jpg";s:3:"url";s:22:"http://www.infol.com.cn/";}i:4;a:2:{s:3:"pic";s:5:"4.jpg";s:3:"url";s:22:"http://www.infol.com.cn/";}}'),
('circle_logo', '04801907454685007.png'),
('circle_managesum', '4'),
('circle_name', 'B2B2C电商平台圈子'),
('circle_seodescription', '发现精彩：圈子是买家们自己创建的私属领地，我们排斥广告分子，我们热爱真实分享！'),
('circle_seokeywords', '圈子,帮派,讨论小组,购物,生活,分享,show,秀,商品,电子商务,社区,消费者社区,论坛,资讯,热门话题,朋友'),
('circle_seotitle', '发现精彩 - B2B2C电商平台圈子'),
('circle_wordfilter', '法轮功,政府,迷药,枪支'),
('closed_reason', '升级中……'),
('cms_attitude_flag', '1'),
('cms_comment_flag', '1'),
('cms_isuse', '1'),
('cms_logo', '04801906990434483.png'),
('cms_seo_description', 'B2B2C电商平台,资讯,画报'),
('cms_seo_keywords', 'B2B2C电商平台,资讯,画报'),
('cms_seo_title', 'B2B2C电商平台资讯频道'),
('cms_submit_flag', '1'),
('cms_submit_verify_flag', '1'),
('complain_time_limit', '2592000'),
('default_goods_image', 'default_goods_image.gif'),
('default_store_logo', 'default_store_logo.gif'),
('default_user_portrait', 'default_user_portrait.gif'),
('email_addr', '123123@qq.com'),
('email_enabled', '1'),
('email_host', 'smtp.qq.com'),
('email_id', '123123@qq.com'),
('email_pass', 'crtadmin888'),
('email_port', '25'),
('email_type', '1'),
('enabled_subdomain', '0'),
('goods_verify', '0'),
('groupbuy_allow', '1'),
('groupbuy_price', '10'),
('groupbuy_review_day', '0'),
('guest_comment', '1'),
('hot_search', '白酒,乌鸡蛋,土猪肉,名片,传单,易拉宝,条幅'),
('icp_number', '苏ICP3476778号'),
('image_allow_ext', 'gif,jpg,jpeg,bmp,png,swf'),
('image_dir_type', '1'),
('image_max_filesize', '1024'),
('login_pic', 'a:4:{i:0;s:5:"1.jpg";i:1;s:5:"2.jpg";i:2;s:5:"3.jpg";i:3;s:5:"4.jpg";}'),
('malbum_max_sum', '200'),
('md5_key', 'd4c0c4c3c129a6e6e6f0341cb19de0bb'),
('member_logo', '04805963083857725.jpg'),
('microshop_goods_default_class', '0'),
('microshop_header_pic', ''),
('microshop_isuse', '1'),
('microshop_logo', ''),
('microshop_personal_limit', '50'),
('microshop_seo_description', 'B2B2C电商平台商城,微商城,随心看,个人秀,店铺街'),
('microshop_seo_keywords', 'B2B2C电商平台商城,微商城,随心看,个人秀,店铺街,网上购物'),
('microshop_store_banner', ''),
('microshop_style', 'default'),
('mobile_isuse', '1'),
('pointprod_isuse', '1'),
('pointshop_isuse', '1'),
('points_comments', '0'),
('points_isuse', '1'),
('points_login', '5'),
('points_ordermax', '800'),
('points_orderrate', '10'),
('points_reg', '10'),
('promotion_allow', '1'),
('promotion_booth_goods_sum', '10'),
('promotion_booth_price', '20'),
('promotion_bundling_goods_sum', '5'),
('promotion_bundling_price', '20'),
('promotion_bundling_sum', '50'),
('promotion_mansong_price', '20'),
('promotion_voucher_buyertimes_limit', '5'),
('promotion_voucher_default_styleimg', 'default_voucher.jpg'),
('promotion_voucher_price', '20'),
('promotion_voucher_storetimes_limit', '20'),
('promotion_xianshi_price', '11'),
('qq_appcode', ''),
('qq_appid', ''),
('qq_appkey', ''),
('qq_isuse', '0'),
('seller_center_logo', '04805963083871276.jpg'),
('share_isuse', '1'),
('share_qqweibo_appid', ''),
('share_qqweibo_appkey', ''),
('share_qqweibo_isuse', '1'),
('share_qqzone_appcode', ''),
('share_qqzone_appid', ''),
('share_qqzone_appkey', ''),
('share_qqzone_isuse', '1'),
('share_sinaweibo_appcode', ''),
('share_sinaweibo_appid', ''),
('share_sinaweibo_appkey', ''),
('share_sinaweibo_isuse', '1'),
('sina_appcode', ''),
('sina_isuse', '0'),
('sina_wb_akey', ''),
('sina_wb_skey', ''),
('site_bank_account', ''),
('site_email', '123123@163.com'),
('site_logo', '04805956043133357.jpg'),
('site_name', '盈放网上商城'),
('site_phone', '1008611'),
('site_qq', '3334888,3332888'),
('site_status', '1'),
('sms_enabled', '0'),
('sms_sellprice', '50'),
('sms_smallbuynum', '3'),
('sms_type', '1'),
('sms_type_key', ''),
('sms_type_pass', '5188wzx'),
('sms_type_user', 'cf_ha'),
('statistics_code', ''),
('subdomain_edit', '0'),
('subdomain_length', '3-12'),
('subdomain_reserved', 'www'),
('subdomain_times', '3'),
('taobao_api_isuse', '0'),
('taobao_app_key', ''),
('taobao_secret_key', ''),
('time_zone', 'Asia/Shanghai'),
('voucher_allow', '1');

-- --------------------------------------------------------

--
-- 表的结构 `cor_sms_conf`
--

CREATE TABLE IF NOT EXISTS `cor_sms_conf` (
  `id` int(10) unsigned NOT NULL AUTO_INCREMENT,
  `store_id` int(10) unsigned NOT NULL DEFAULT '0' COMMENT '店铺id',
  `tel` varchar(26) NOT NULL COMMENT '手机号码',
  `opensend` text NOT NULL COMMENT '开启服务',
  `smsnum` int(10) unsigned NOT NULL DEFAULT '0' COMMENT '短信数量',
  PRIMARY KEY (`id`)
) ENGINE=MyISAM  DEFAULT CHARSET=utf8 AUTO_INCREMENT=4 ;

--
-- 转存表中的数据 `cor_sms_conf`
--

INSERT INTO `cor_sms_conf` (`id`, `store_id`, `tel`, `opensend`, `smsnum`) VALUES
(1, 2, '15997981770', '{"store_id":2,"store_name":"u5927u742au5e7fu544au5370u52a1","member_id":"4","member_name":"tcdq","bl_quota_month":1,"bl_quota_starttime":1417138556,"bl_quota_endtime":1419730556,"bl_state":1}', 0),
(2, 1, '', '{"store_id":1,"store_name":"u5b98u65b9u5e97u94fa","member_id":"1","member_name":"corshop","bl_quota_month":1,"bl_quota_starttime":1418930331,"bl_quota_endtime":1421522331,"bl_state":1}', 0),
(3, 7, '18664333530', '{"store_id":7,"store_name":"u5c0fu9646u5e72u679c","member_id":"41","member_name":"kayvin","bl_quota_month":3,"bl_quota_starttime":1423453503,"bl_quota_endtime":1431229503,"bl_state":1}', 0);

-- --------------------------------------------------------

--
-- 表的结构 `cor_sms_log`
--

CREATE TABLE IF NOT EXISTS `cor_sms_log` (
  `id` int(10) unsigned NOT NULL AUTO_INCREMENT,
  `store_id` int(10) unsigned NOT NULL DEFAULT '0' COMMENT '店铺ID',
  `title` varchar(80) NOT NULL COMMENT '标题',
  `dateline` int(10) unsigned NOT NULL DEFAULT '0' COMMENT '发送时间',
  `tomember_id` int(10) unsigned NOT NULL DEFAULT '0' COMMENT '接收短信人ID',
  `tomember_name` varchar(26) NOT NULL COMMENT '接收短信人姓名',
  `add_time` int(10) unsigned NOT NULL DEFAULT '0',
  PRIMARY KEY (`id`)
) ENGINE=MyISAM  DEFAULT CHARSET=utf8 AUTO_INCREMENT=95 ;

--
-- 转存表中的数据 `cor_sms_log`
--

INSERT INTO `cor_sms_log` (`id`, `store_id`, `title`, `dateline`, `tomember_id`, `tomember_name`, `add_time`) VALUES
(1, 1, 'B2B2C电商平台提醒:您的订单6000000000002401已发货', 1418930355, 5, 'xiner', 1418930355),
(2, 1, 'B2B2C电商平台提醒:您的订单6000000000002401已发货', 1418930363, 5, 'xiner', 1418930363),
(3, 1, 'B2B2C电商平台提醒:您的订单6000000000002401已发货', 1418930388, 5, 'xiner', 1418930388),
(4, 1, 'B2B2C电商平台提醒:买家确认了与您交易的订单6000000000002401，交易完成', 1418930730, 1, 'corshop', 1418930730),
(5, 1, 'B2B2C电商平台提醒:您的订单6000000000001801已发货', 1418931391, 5, 'xiner', 1418931391),
(6, 1, 'B2B2C电商平台提醒:买家确认了与您交易的订单6000000000001801，交易完成', 1419131280, 1, 'corshop', 1419131280),
(7, 1, 'B2B2C电商平台提醒:您刚刚创建了一个订单', 1419216793, 5, 'xiner', 1419216793),
(8, 1, 'B2B2C电商平台提醒:您有一个新订单需要处理', 1419216793, 1, '官方店铺', 1419216793),
(9, 1, 'B2B2C电商平台提醒:您刚刚创建了一个订单', 1419217245, 5, 'xiner', 1419217245),
(10, 1, 'B2B2C电商平台提醒:您有一个新订单需要处理', 1419217245, 1, '官方店铺', 1419217245),
(11, 1, 'B2B2C电商平台提醒:您刚刚创建了一个订单', 1419217363, 5, 'xiner', 1419217363),
(12, 1, 'B2B2C电商平台提醒:您有一个新订单需要处理', 1419217363, 1, '官方店铺', 1419217363),
(13, 1, 'B2B2C电商平台提醒:您刚刚创建了一个订单', 1419496279, 5, 'xiner', 1419496279),
(14, 1, 'B2B2C电商平台提醒:您有一个新订单需要处理', 1419496280, 1, '官方店铺', 1419496280),
(15, 1, 'B2B2C电商平台提醒:您刚刚创建了一个订单', 1419496746, 5, 'xiner', 1419496746),
(16, 1, 'B2B2C电商平台提醒:您有一个新订单需要处理', 1419496746, 1, '官方店铺', 1419496746),
(17, 1, 'B2B2C电商平台提醒:您的订单6000000000003101已发货', 1419497296, 5, 'xiner', 1419497296),
(18, 1, 'B2B2C电商平台提醒:买家确认了与您交易的订单6000000000003101，交易完成', 1419497325, 1, 'corshop', 1419497325),
(19, 1, 'B2B2C电商平台提醒:您刚刚创建了一个订单', 1419582009, 5, 'xiner', 1419582009),
(20, 1, 'B2B2C电商平台提醒:您有一个新订单需要处理', 1419582010, 1, '官方店铺', 1419582010),
(21, 1, 'B2B2C电商平台提醒:您刚刚创建了一个订单', 1419836553, 20, 'bxgz', 1419836553),
(22, 1, 'B2B2C电商平台提醒:您有一个新订单需要处理', 1419836560, 1, '官方店铺', 1419836560),
(23, 1, 'B2B2C电商平台提醒:您刚刚创建了一个订单', 1419836563, 20, 'bxgz', 1419836563),
(24, 1, 'B2B2C电商平台提醒:您有一个新订单需要处理', 1419836563, 1, '官方店铺', 1419836563),
(25, 1, 'B2B2C电商平台提醒:买家确认了与您交易的订单6000000000003301，交易完成', 1419836858, 1, 'corshop', 1419836858),
(26, 1, 'B2B2C电商平台提醒:您刚刚创建了一个订单', 1419836898, 20, 'bxgz', 1419836898),
(27, 1, 'B2B2C电商平台提醒:您有一个新订单需要处理', 1419836898, 1, '官方店铺', 1419836898),
(28, 1, 'B2B2C电商平台提醒:您刚刚创建了一个订单', 1419837068, 20, 'bxgz', 1419837068),
(29, 1, 'B2B2C电商平台提醒:您有一个新订单需要处理', 1419837068, 1, '官方店铺', 1419837068),
(30, 1, 'B2B2C电商平台提醒:您刚刚创建了一个订单', 1421024548, 5, 'xiner', 1421024548),
(31, 1, 'B2B2C电商平台提醒:您有一个新订单需要处理', 1421024553, 1, '官方店铺', 1421024553),
(32, 1, 'B2B2C电商平台提醒:您刚刚创建了一个订单', 1421024556, 5, 'xiner', 1421024556),
(33, 1, 'B2B2C电商平台提醒:您有一个新订单需要处理', 1421024556, 1, '官方店铺', 1421024556),
(34, 1, 'B2B2C电商平台提醒:您的订单7000000000003501已发货', 1421024671, 5, 'xiner', 1421024671),
(35, 1, 'B2B2C电商平台提醒:买家确认了与您交易的订单7000000000003501，交易完成', 1421024715, 1, 'corshop', 1421024715),
(36, 1, 'B2B2C电商平台提醒:您刚刚创建了一个订单', 1421221327, 5, 'xiner', 1421221327),
(37, 1, 'B2B2C电商平台提醒:您有一个新订单需要处理', 1421221331, 1, '官方店铺', 1421221331),
(38, 1, 'B2B2C电商平台提醒:您刚刚创建了一个订单', 1421221340, 5, 'xiner', 1421221340),
(39, 1, 'B2B2C电商平台提醒:您有一个新订单需要处理', 1421221340, 1, '官方店铺', 1421221340),
(40, 1, 'B2B2C电商平台提醒:您刚刚创建了一个订单', 1421221343, 5, 'xiner', 1421221343),
(41, 1, 'B2B2C电商平台提醒:您有一个新订单需要处理', 1421221343, 1, '官方店铺', 1421221343),
(42, 1, 'B2B2C电商平台提醒:您刚刚创建了一个订单', 1421221346, 5, 'xiner', 1421221346),
(43, 1, 'B2B2C电商平台提醒:您有一个新订单需要处理', 1421221346, 1, '官方店铺', 1421221346),
(44, 1, 'B2B2C电商平台提醒:买家确认了与您交易的订单7000000000005201，交易完成', 1421221391, 1, 'corshop', 1421221391),
(45, 1, 'B2B2C电商平台提醒:您刚刚创建了一个订单', 1421221725, 3, 'mxjyweb', 1421221725),
(46, 1, 'B2B2C电商平台提醒:您有一个新订单需要处理', 1421221725, 1, '官方店铺', 1421221725),
(47, 1, 'B2B2C电商平台提醒:您刚刚创建了一个订单', 1421221735, 3, 'mxjyweb', 1421221735),
(48, 1, 'B2B2C电商平台提醒:您有一个新订单需要处理', 1421221735, 1, '官方店铺', 1421221735),
(49, 1, 'B2B2C电商平台提醒:您刚刚创建了一个订单', 1421226263, 5, 'xiner', 1421226263),
(50, 1, 'B2B2C电商平台提醒:您有一个新订单需要处理', 1421226270, 1, '官方店铺', 1421226270),
(51, 1, 'B2B2C电商平台提醒:您刚刚创建了一个订单', 1421226273, 5, 'xiner', 1421226273),
(52, 1, 'B2B2C电商平台提醒:您有一个新订单需要处理', 1421226273, 1, '官方店铺', 1421226273),
(53, 7, 'B2B2C电商平台提醒:您刚刚创建了一个订单', 1423454452, 24, '骑士红红', 0),
(54, 7, 'B2B2C电商平台提醒:您有一个新订单需要处理', 1423454453, 41, '小陆干果', 0),
(55, 7, 'B2B2C电商平台提醒:您刚刚创建了一个订单', 1423462325, 8, '乐生活', 0),
(56, 7, 'B2B2C电商平台提醒:您有一个新订单需要处理', 1423462337, 41, '小陆干果', 0),
(57, 7, 'B2B2C电商平台提醒:您刚刚创建了一个订单', 1423462339, 8, '乐生活', 0),
(58, 7, 'B2B2C电商平台提醒:您有一个新订单需要处理', 1423462340, 41, '小陆干果', 0),
(59, 7, 'B2B2C电商平台提醒:您刚刚创建了一个订单', 1423462342, 8, '乐生活', 0),
(60, 7, 'B2B2C电商平台提醒:您有一个新订单需要处理', 1423462342, 41, '小陆干果', 0),
(61, 7, 'B2B2C电商平台提醒:您刚刚创建了一个订单', 1423462345, 8, '乐生活', 0),
(62, 7, 'B2B2C电商平台提醒:您有一个新订单需要处理', 1423462345, 41, '小陆干果', 0),
(63, 7, 'B2B2C电商平台提醒:您刚刚创建了一个订单', 1423462347, 8, '乐生活', 0),
(64, 7, 'B2B2C电商平台提醒:您有一个新订单需要处理', 1423462347, 41, '小陆干果', 0),
(65, 7, 'B2B2C电商平台提醒:您刚刚创建了一个订单', 1423462349, 8, '乐生活', 0),
(66, 7, 'B2B2C电商平台提醒:您有一个新订单需要处理', 1423462349, 41, '小陆干果', 0),
(67, 7, 'B2B2C电商平台提醒:您刚刚创建了一个订单', 1423474860, 45, '品味生活', 1423474860),
(68, 7, 'B2B2C电商平台提醒:您有一个新订单需要处理', 1423474868, 41, '小陆干果', 1423474868),
(69, 7, 'B2B2C电商平台提醒:您刚刚创建了一个订单', 1423639953, 17, '缘因有你', 1423639953),
(70, 7, 'B2B2C电商平台提醒:您有一个新订单需要处理', 1423639960, 41, '小陆干果', 1423639960),
(71, 7, 'B2B2C电商平台提醒:您刚刚创建了一个订单', 1423640003, 17, '缘因有你', 1423640003),
(72, 7, 'B2B2C电商平台提醒:您有一个新订单需要处理', 1423640004, 41, '小陆干果', 1423640004),
(73, 7, 'B2B2C电商平台提醒:您刚刚创建了一个订单', 1423640025, 17, '缘因有你', 1423640025),
(74, 7, 'B2B2C电商平台提醒:您有一个新订单需要处理', 1423640025, 41, '小陆干果', 1423640025),
(75, 7, 'B2B2C电商平台提醒:买家确认了与您交易的订单7000000000018301，交易完成', 1423640061, 41, 'kayvin', 1423640061),
(76, 7, 'B2B2C电商平台提醒:您刚刚创建了一个订单', 1423640263, 17, '缘因有你', 1423640263),
(77, 7, 'B2B2C电商平台提醒:您有一个新订单需要处理', 1423640263, 41, '小陆干果', 1423640263),
(78, 7, 'B2B2C电商平台提醒:您刚刚创建了一个订单', 1423640330, 17, '缘因有你', 1423640330),
(79, 7, 'B2B2C电商平台提醒:您有一个新订单需要处理', 1423640330, 41, '小陆干果', 1423640330),
(80, 7, 'B2B2C电商平台提醒:买家确认了与您交易的订单7000000000018401，交易完成', 1423640517, 41, 'kayvin', 1423640517),
(81, 7, 'B2B2C电商平台提醒:您刚刚创建了一个订单', 1423709483, 17, '缘因有你', 1423709483),
(82, 7, 'B2B2C电商平台提醒:您有一个新订单需要处理', 1423709490, 41, '小陆干果', 1423709490),
(83, 7, 'B2B2C电商平台提醒:您刚刚创建了一个订单', 1423709684, 17, '缘因有你', 1423709684),
(84, 7, 'B2B2C电商平台提醒:您有一个新订单需要处理', 1423709684, 41, '小陆干果', 1423709684),
(85, 7, 'B2B2C电商平台提醒:您刚刚创建了一个订单', 1423709864, 17, '缘因有你', 1423709864),
(86, 7, 'B2B2C电商平台提醒:您有一个新订单需要处理', 1423709864, 41, '小陆干果', 1423709864),
(87, 7, 'B2B2C电商平台提醒:您的订单7000000000018501已发货', 1423723416, 17, '缘因有你', 1423723416),
(88, 7, 'B2B2C电商平台提醒:买家确认了与您交易的订单7000000000018501，交易完成', 1423741690, 41, 'kayvin', 1423741690),
(89, 7, 'B2B2C电商平台提醒:您刚刚创建了一个订单', 1424825659, 8, '乐生活', 1424825659),
(90, 7, 'B2B2C电商平台提醒:您有一个新订单需要处理', 1424825665, 41, '小陆干果', 1424825665),
(91, 7, 'B2B2C电商平台提醒:您刚刚创建了一个订单', 1425626663, 51, 'paul@crt.cn', 1425626663),
(92, 7, 'B2B2C电商平台提醒:您有一个新订单需要处理', 1425626663, 41, '小陆干果', 1425626663),
(93, 7, 'B2B2C电商平台提醒:您刚刚创建了一个订单', 1425626666, 51, 'paul@crt.cn', 1425626666),
(94, 7, 'B2B2C电商平台提醒:您有一个新订单需要处理', 1425626666, 41, '小陆干果', 1425626666);

-- --------------------------------------------------------

--
-- 表的结构 `cor_sns_albumclass`
--

CREATE TABLE IF NOT EXISTS `cor_sns_albumclass` (
  `ac_id` int(10) unsigned NOT NULL AUTO_INCREMENT COMMENT '相册id',
  `ac_name` varchar(100) NOT NULL COMMENT '相册名称',
  `member_id` int(10) unsigned NOT NULL COMMENT '所属会员id',
  `ac_des` varchar(255) NOT NULL COMMENT '相册描述',
  `ac_sort` tinyint(3) unsigned NOT NULL COMMENT '排序',
  `ac_cover` varchar(255) NOT NULL COMMENT '相册封面',
  `upload_time` int(10) unsigned NOT NULL COMMENT '图片上传时间',
  `is_default` tinyint(1) unsigned NOT NULL DEFAULT '0' COMMENT '是否为买家秀相册  1为是,0为否',
  PRIMARY KEY (`ac_id`)
) ENGINE=InnoDB  DEFAULT CHARSET=utf8 COMMENT='相册表' AUTO_INCREMENT=82 ;

--
-- 转存表中的数据 `cor_sns_albumclass`
--

INSERT INTO `cor_sns_albumclass` (`ac_id`, `ac_name`, `member_id`, `ac_des`, `ac_sort`, `ac_cover`, `upload_time`, `is_default`) VALUES
(1, '买家秀', 2, '买家秀默认相册', 1, '', 1415968988, 1),
(2, '买家秀', 3, '买家秀默认相册', 1, '', 1416047052, 1),
(3, '买家秀', 4, '买家秀默认相册', 1, '', 1416131144, 1),
(4, '买家秀', 5, '买家秀默认相册', 1, '', 1416281201, 1),
(5, '买家秀', 6, '买家秀默认相册', 1, '', 1416384736, 1),
(6, '买家秀', 7, '买家秀默认相册', 1, '', 1416448364, 1),
(7, '买家秀', 8, '买家秀默认相册', 1, '', 1416492027, 1),
(8, '买家秀', 9, '买家秀默认相册', 1, '', 1416576699, 1),
(9, '买家秀', 10, '买家秀默认相册', 1, '', 1416971606, 1),
(10, '买家秀', 11, '买家秀默认相册', 1, '', 1417005029, 1),
(11, '买家秀', 12, '买家秀默认相册', 1, '', 1417160878, 1),
(12, '买家秀', 13, '买家秀默认相册', 1, '', 1417653819, 1),
(13, '买家秀', 14, '买家秀默认相册', 1, '', 1418334263, 1),
(14, '买家秀', 15, '买家秀默认相册', 1, '', 1418517560, 1),
(15, '买家秀', 16, '买家秀默认相册', 1, '', 1418610704, 1),
(16, '买家秀', 17, '买家秀默认相册', 1, '', 1418922929, 1),
(17, '买家秀', 1, '买家秀默认相册', 1, '', 1418976044, 1),
(18, '买家秀', 18, '买家秀默认相册', 1, '', 1419212109, 1),
(19, '买家秀', 19, '买家秀默认相册', 1, '', 1419408975, 1),
(20, '买家秀', 20, '买家秀默认相册', 1, '', 1419578259, 1),
(21, '买家秀', 21, '买家秀默认相册', 1, '', 1419616466, 1),
(22, '买家秀', 22, '买家秀默认相册', 1, '', 1419626199, 1),
(23, '买家秀', 23, '买家秀默认相册', 1, '', 1419813998, 1),
(24, '买家秀', 24, '买家秀默认相册', 1, '', 1420877252, 1),
(25, '买家秀', 25, '买家秀默认相册', 1, '', 1420936499, 1),
(26, '买家秀', 26, '买家秀默认相册', 1, '', 1421219796, 1),
(27, '买家秀', 27, '买家秀默认相册', 1, '', 1421284135, 1),
(28, '买家秀', 28, '买家秀默认相册', 1, '', 1421292004, 1),
(29, '买家秀', 29, '买家秀默认相册', 1, '', 1421382311, 1),
(30, '买家秀', 30, '买家秀默认相册', 1, '', 1421389648, 1),
(31, '买家秀', 31, '买家秀默认相册', 1, '', 1421487132, 1),
(32, '买家秀', 32, '买家秀默认相册', 1, '', 1421504277, 1),
(33, '买家秀', 33, '买家秀默认相册', 1, '', 1421627032, 1),
(34, '买家秀', 34, '买家秀默认相册', 1, '', 1421978912, 1),
(35, '买家秀', 35, '买家秀默认相册', 1, '', 1421979733, 1),
(36, '买家秀', 36, '买家秀默认相册', 1, '', 1422222411, 1),
(37, '买家秀', 37, '买家秀默认相册', 1, '', 1422252337, 1),
(38, '买家秀', 38, '买家秀默认相册', 1, '', 1422304054, 1),
(39, '买家秀', 39, '买家秀默认相册', 1, '', 1422357949, 1),
(40, '买家秀', 40, '买家秀默认相册', 1, '', 1422427277, 1),
(41, '买家秀', 41, '买家秀默认相册', 1, '', 1422504066, 1),
(42, '买家秀', 42, '买家秀默认相册', 1, '', 1422537237, 1),
(43, '买家秀', 43, '买家秀默认相册', 1, '', 1422537954, 1),
(44, '买家秀', 44, '买家秀默认相册', 1, '', 1423218597, 1),
(45, '买家秀', 45, '买家秀默认相册', 1, '', 1423474150, 1),
(46, '买家秀', 46, '买家秀默认相册', 1, '', 1423540958, 1),
(47, '买家秀', 47, '买家秀默认相册', 1, '', 1424137397, 1),
(48, '买家秀', 48, '买家秀默认相册', 1, '', 1425029303, 1),
(49, '买家秀', 49, '买家秀默认相册', 1, '', 1425601746, 1),
(50, '买家秀', 50, '买家秀默认相册', 1, '', 1425611047, 1),
(51, '买家秀', 51, '买家秀默认相册', 1, '', 1425626584, 1),
(52, '买家秀', 52, '买家秀默认相册', 1, '', 1425627228, 1),
(53, '买家秀', 53, '买家秀默认相册', 1, '', 1425630418, 1),
(54, '买家秀', 54, '买家秀默认相册', 1, '', 1425646819, 1),
(55, '买家秀', 55, '买家秀默认相册', 1, '', 1425690230, 1),
(56, '买家秀', 56, '买家秀默认相册', 1, '', 1425700114, 1),
(57, '买家秀', 57, '买家秀默认相册', 1, '', 1425714855, 1),
(58, '买家秀', 58, '买家秀默认相册', 1, '', 1425746240, 1),
(59, '买家秀', 59, '买家秀默认相册', 1, '', 1425872796, 1),
(60, '买家秀', 60, '买家秀默认相册', 1, '', 1425884518, 1),
(61, '买家秀', 61, '买家秀默认相册', 1, '', 1425909327, 1),
(62, '鸡汤', 49, '', 0, '', 1425954549, 0),
(63, '买家秀', 62, '买家秀默认相册', 1, '', 1426054577, 1),
(64, '买家秀', 63, '买家秀默认相册', 1, '', 1426070956, 1),
(65, '买家秀', 64, '买家秀默认相册', 1, '', 1426150834, 1),
(66, '买家秀', 65, '买家秀默认相册', 1, '', 1426349007, 1),
(67, '买家秀', 66, '买家秀默认相册', 1, '', 1426547786, 1),
(68, '买家秀', 67, '买家秀默认相册', 1, '', 1426555503, 1),
(69, '买家秀', 68, '买家秀默认相册', 1, '', 1426557555, 1),
(70, '买家秀', 69, '买家秀默认相册', 1, '', 1426563329, 1),
(71, '买家秀', 70, '买家秀默认相册', 1, '', 1426580558, 1),
(72, '买家秀', 71, '买家秀默认相册', 1, '', 1426605356, 1),
(73, '买家秀', 72, '买家秀默认相册', 1, '', 1426676857, 1),
(74, '买家秀', 73, '买家秀默认相册', 1, '', 1426733069, 1),
(75, '买家秀', 74, '买家秀默认相册', 1, '', 1426747675, 1),
(76, '买家秀', 75, '买家秀默认相册', 1, '', 1426818875, 1),
(77, '买家秀', 76, '买家秀默认相册', 1, '', 1426830255, 1),
(78, '买家秀', 77, '买家秀默认相册', 1, '', 1427186872, 1),
(79, '买家秀', 78, '买家秀默认相册', 1, '', 1427372402, 1),
(80, '买家秀', 79, '买家秀默认相册', 1, '', 1427375949, 1),
(81, '买家秀', 80, '买家秀默认相册', 1, '', 1427443563, 1);

-- --------------------------------------------------------

--
-- 表的结构 `cor_sns_albumpic`
--

CREATE TABLE IF NOT EXISTS `cor_sns_albumpic` (
  `ap_id` int(10) unsigned NOT NULL AUTO_INCREMENT COMMENT '相册图片表id',
  `ap_name` varchar(100) NOT NULL COMMENT '图片名称',
  `ac_id` int(10) unsigned NOT NULL COMMENT '相册id',
  `ap_cover` varchar(255) NOT NULL COMMENT '图片路径',
  `ap_size` int(10) unsigned NOT NULL COMMENT '图片大小',
  `ap_spec` varchar(100) NOT NULL COMMENT '图片规格',
  `member_id` int(10) unsigned NOT NULL COMMENT '所属店铺id',
  `upload_time` int(10) unsigned NOT NULL COMMENT '图片上传时间',
  `ap_type` tinyint(4) NOT NULL DEFAULT '0' COMMENT '图片类型，0为无、1为买家秀',
  `item_id` tinyint(4) NOT NULL DEFAULT '0' COMMENT '信息ID',
  PRIMARY KEY (`ap_id`)
) ENGINE=InnoDB  DEFAULT CHARSET=utf8 COMMENT='相册图片表' AUTO_INCREMENT=32 ;

--
-- 转存表中的数据 `cor_sns_albumpic`
--

INSERT INTO `cor_sns_albumpic` (`ap_id`, `ap_name`, `ac_id`, `ap_cover`, `ap_size`, `ap_spec`, `member_id`, `upload_time`, `ap_type`, `item_id`) VALUES
(1, '1_04689518230090543_max', 4, '5_04700773107199198.jpg', 87329, '440x293', 5, 1416733310, 0, 0),
(2, 'IMG_20150212_193440', 16, '17_04770866882947704.jpg', 398624, '700x525', 17, 1423742688, 0, 0),
(3, 'IMG_20150212_193553', 16, '17_04770866939215462.jpg', 342135, '700x525', 17, 1423742694, 0, 0),
(4, 'IMG_20150212_193557', 16, '17_04770866999405928.jpg', 342721, '700x525', 17, 1423742700, 0, 0),
(5, 'IMG_20150212_193606', 16, '17_04770867044821015.jpg', 418591, '700x525', 17, 1423742705, 0, 0),
(6, 'IMG_20150212_193714', 16, '17_04770867271277450.jpg', 406442, '700x525', 17, 1423742727, 0, 0),
(7, 'IMG_20150212_193721', 16, '17_04770867335628510.jpg', 387992, '700x525', 17, 1423742734, 0, 0),
(8, 'IMG_20150212_193814', 16, '17_04770867518402256.jpg', 350919, '700x525', 17, 1423742752, 0, 0),
(9, 'IMG_20150212_193736', 16, '17_04770868069363287.jpg', 340071, '700x525', 17, 1423742807, 0, 0),
(10, 'IMG_20150212_193811', 16, '17_04770870419007811.jpg', 330630, '700x525', 17, 1423743042, 0, 0),
(11, '01', 24, '24_04790527297590936.jpg', 943758, '1476x1524', 24, 1425708732, 0, 0),
(12, 'psb', 49, '49_04790578963624942.jpg', 72506, '800x600', 49, 1425713896, 0, 0),
(13, 'psb (2)', 49, '49_04790579295597447.jpg', 95156, '800x1067', 49, 1425713931, 0, 0),
(14, 'psb (3)', 49, '49_04790579312743500.jpg', 91666, '800x1067', 49, 1425713932, 0, 0),
(15, 'psb (1)', 49, '49_04790579328319690.jpg', 151872, '1067x800', 49, 1425713934, 0, 0),
(16, 'psb (5)', 49, '49_04790579382431654.jpg', 78096, '1067x800', 49, 1425713939, 0, 0),
(17, 'psb (4)', 49, '49_04790579399088390.jpg', 91552, '800x1067', 49, 1425713941, 0, 0),
(18, '三八展板01', 24, '24_04791385161044047.jpg', 762649, '2067x3281', 24, 1425794520, 0, 0),
(19, '三八展板02-', 24, '24_04791390730426534.jpg', 939765, '985x2739', 24, 1425795075, 0, 0),
(21, '3', 62, '49_04792986118657594.png', 168460, '438x213', 49, 1425954612, 0, 0),
(22, '1', 62, '49_04792986122004309.png', 150144, '439x212', 49, 1425954612, 0, 0),
(23, '4', 62, '49_04792986135788041.png', 172035, '441x214', 49, 1425954613, 0, 0),
(24, '6', 62, '49_04792986167917318.png', 168661, '442x215', 49, 1425954616, 0, 0),
(25, '2', 62, '49_04792986178751098.png', 178529, '441x215', 49, 1425954618, 0, 0),
(26, '5', 62, '49_04792986183066854.png', 168856, '438x214', 49, 1425954618, 0, 0),
(27, '8', 62, '49_04792986254179972.png', 158571, '442x212', 49, 1425954625, 0, 0),
(28, '7', 62, '49_04792986256399229.png', 164623, '440x216', 49, 1425954625, 0, 0),
(29, '9', 62, '49_04792986280654741.png', 167432, '441x213', 49, 1425954628, 0, 0),
(30, '三八展板', 24, '24_04797482114328548.jpg', 751873, '1771x2944', 24, 1426404215, 0, 0),
(31, '三八展板0', 24, '24_04797482158503535.jpg', 899336, '1772x2946', 24, 1426404220, 0, 0);

-- --------------------------------------------------------

--
-- 表的结构 `cor_sns_binding`
--

CREATE TABLE IF NOT EXISTS `cor_sns_binding` (
  `snsbind_id` int(11) NOT NULL AUTO_INCREMENT COMMENT '自增ID',
  `snsbind_memberid` int(11) NOT NULL COMMENT '会员编号',
  `snsbind_membername` varchar(100) NOT NULL COMMENT '会员名称',
  `snsbind_appsign` varchar(50) NOT NULL COMMENT '应用标志',
  `snsbind_updatetime` int(11) NOT NULL COMMENT '绑定更新时间',
  `snsbind_openid` varchar(100) NOT NULL COMMENT '应用用户编号',
  `snsbind_openinfo` text COMMENT '应用用户信息',
  `snsbind_accesstoken` varchar(100) NOT NULL COMMENT '访问第三方资源的凭证',
  `snsbind_expiresin` int(11) NOT NULL COMMENT 'accesstoken过期时间，以返回的时间的准，单位为秒，注意过期时提醒用户重新授权',
  `snsbind_refreshtoken` varchar(100) DEFAULT NULL COMMENT '刷新token',
  PRIMARY KEY (`snsbind_id`)
) ENGINE=InnoDB DEFAULT CHARSET=utf8 COMMENT='分享应用用户绑定记录表' AUTO_INCREMENT=1 ;

-- --------------------------------------------------------

--
-- 表的结构 `cor_sns_comment`
--

CREATE TABLE IF NOT EXISTS `cor_sns_comment` (
  `comment_id` int(11) NOT NULL AUTO_INCREMENT COMMENT '自增ID',
  `comment_memberid` int(11) NOT NULL COMMENT '会员ID',
  `comment_membername` varchar(100) NOT NULL COMMENT '会员名称',
  `comment_memberavatar` varchar(100) DEFAULT NULL COMMENT '会员头像',
  `comment_originalid` int(11) NOT NULL COMMENT '原帖ID',
  `comment_originaltype` tinyint(1) NOT NULL DEFAULT '0' COMMENT '原帖类型 0表示动态信息 1表示分享商品 默认为0',
  `comment_content` varchar(500) NOT NULL COMMENT '评论内容',
  `comment_addtime` int(11) NOT NULL COMMENT '添加时间',
  `comment_ip` varchar(50) NOT NULL COMMENT '来源IP',
  `comment_state` tinyint(1) NOT NULL DEFAULT '0' COMMENT '状态 0正常 1屏蔽',
  PRIMARY KEY (`comment_id`)
) ENGINE=InnoDB  DEFAULT CHARSET=utf8 COMMENT='评论表' AUTO_INCREMENT=3 ;

--
-- 转存表中的数据 `cor_sns_comment`
--

INSERT INTO `cor_sns_comment` (`comment_id`, `comment_memberid`, `comment_membername`, `comment_memberavatar`, `comment_originalid`, `comment_originaltype`, `comment_content`, `comment_addtime`, `comment_ip`, `comment_state`) VALUES
(1, 7, 'lingling1314', 'avatar_7.jpg', 9, 0, '.....', 1416468316, '221.233.229.240', 0),
(2, 8, '乐生活', '', 22, 0, '休闲装，轻松方便！', 1416615684, '221.233.229.240', 0);

-- --------------------------------------------------------

--
-- 表的结构 `cor_sns_friend`
--

CREATE TABLE IF NOT EXISTS `cor_sns_friend` (
  `friend_id` int(11) NOT NULL AUTO_INCREMENT COMMENT 'id值',
  `friend_frommid` int(11) NOT NULL COMMENT '会员id',
  `friend_frommname` varchar(100) DEFAULT NULL COMMENT '会员名称',
  `friend_frommavatar` varchar(100) DEFAULT NULL COMMENT '会员头像',
  `friend_tomid` int(11) NOT NULL COMMENT '朋友id',
  `friend_tomname` varchar(100) NOT NULL COMMENT '好友会员名称',
  `friend_tomavatar` varchar(100) DEFAULT NULL COMMENT '朋友头像',
  `friend_addtime` int(11) NOT NULL COMMENT '添加时间',
  `friend_followstate` tinyint(1) NOT NULL DEFAULT '1' COMMENT '关注状态 1为单方关注 2为双方关注',
  PRIMARY KEY (`friend_id`)
) ENGINE=InnoDB  DEFAULT CHARSET=utf8 COMMENT='好友数据表' AUTO_INCREMENT=88 ;

--
-- 转存表中的数据 `cor_sns_friend`
--

INSERT INTO `cor_sns_friend` (`friend_id`, `friend_frommid`, `friend_frommname`, `friend_frommavatar`, `friend_tomid`, `friend_tomname`, `friend_tomavatar`, `friend_addtime`, `friend_followstate`) VALUES
(26, 5, 'xiner', 'avatar_5.jpg', 2, 'haha', 'avatar_2.jpg', 1417079499, 2),
(29, 7, 'lingling1314', 'avatar_7.jpg', 2, 'haha', 'avatar_2.jpg', 1417141614, 2),
(33, 12, '花儿谢了', '', 2, 'haha', 'avatar_2.jpg', 1417160941, 2),
(42, 13, '15872036688', '', 12, '花儿谢了', '', 1417656527, 1),
(43, 5, 'xiner', 'avatar_5.jpg', 13, '15872036688', '', 1417827204, 1),
(48, 7, 'lingling1314', 'avatar_7.jpg', 12, '花儿谢了', '', 1418319329, 1),
(58, 15, '淘几个喜欢', '', 12, '花儿谢了', '', 1419318181, 1),
(69, 0, '', '', 8, '乐生活', '', 1423455625, 1),
(72, 0, '', '', 7, 'lingling1314', 'avatar_7.jpg', 1423900381, 1),
(74, 0, '', '', 17, '缘因有你', '', 1424204138, 1),
(75, 52, '信念', '', 49, '宇先生', 'avatar_49.jpg', 1425644748, 1),
(76, 5, 'xiner', 'avatar_5.jpg', 7, 'lingling1314', 'avatar_7.jpg', 1425690826, 1),
(77, 5, 'xiner', 'avatar_5.jpg', 12, '花儿谢了', '', 1425690826, 1),
(78, 5, 'xiner', 'avatar_5.jpg', 41, 'kayvin', '', 1425690826, 1),
(79, 5, 'xiner', 'avatar_5.jpg', 48, '徐志熬XUZHIAO', 'avatar_48.jpg', 1425690826, 1),
(80, 49, '宇先生', 'avatar_49.jpg', 5, 'xiner', 'avatar_5.jpg', 1425713786, 1),
(81, 2, 'haha', 'avatar_2.jpg', 5, 'xiner', 'avatar_5.jpg', 1425713815, 2),
(82, 2, 'haha', 'avatar_2.jpg', 7, 'lingling1314', 'avatar_7.jpg', 1425713815, 2),
(83, 2, 'haha', 'avatar_2.jpg', 12, '花儿谢了', '', 1425713815, 2),
(84, 2, 'haha', 'avatar_2.jpg', 41, 'kayvin', '', 1425713815, 1),
(85, 2, 'haha', 'avatar_2.jpg', 48, '徐志熬XUZHIAO', 'avatar_48.jpg', 1425713815, 1),
(86, 58, '洛丽塔', '', 49, '宇先生', 'avatar_49.jpg', 1425746749, 1),
(87, 2, 'haha', 'avatar_2.jpg', 64, '幸福在追求中', '', 1426153670, 1);

-- --------------------------------------------------------

--
-- 表的结构 `cor_sns_goods`
--

CREATE TABLE IF NOT EXISTS `cor_sns_goods` (
  `snsgoods_goodsid` int(11) NOT NULL COMMENT '商品ID',
  `snsgoods_goodsname` varchar(100) NOT NULL COMMENT '商品名称',
  `snsgoods_goodsimage` varchar(100) DEFAULT NULL COMMENT '商品图片',
  `snsgoods_goodsprice` decimal(10,2) NOT NULL DEFAULT '0.00' COMMENT '商品价格',
  `snsgoods_storeid` int(11) NOT NULL COMMENT '店铺ID',
  `snsgoods_storename` varchar(100) NOT NULL COMMENT '店铺名称',
  `snsgoods_addtime` int(11) NOT NULL COMMENT '添加时间',
  `snsgoods_likenum` int(11) NOT NULL DEFAULT '0' COMMENT '喜欢数',
  `snsgoods_likemember` text COMMENT '喜欢过的会员ID，用逗号分隔',
  `snsgoods_sharenum` int(11) NOT NULL DEFAULT '0' COMMENT '分享数',
  UNIQUE KEY `snsgoods_goodsid` (`snsgoods_goodsid`)
) ENGINE=InnoDB DEFAULT CHARSET=utf8 COMMENT='SNS商品表';

--
-- 转存表中的数据 `cor_sns_goods`
--

INSERT INTO `cor_sns_goods` (`snsgoods_goodsid`, `snsgoods_goodsname`, `snsgoods_goodsimage`, `snsgoods_goodsprice`, `snsgoods_storeid`, `snsgoods_storename`, `snsgoods_addtime`, `snsgoods_likenum`, `snsgoods_likemember`, `snsgoods_sharenum`) VALUES
(48, '春装 披肩式 超短款 针织 衫开衫 女装 青鸟 蓝色', '1_04418240795665638.jpg', '129.00', 1, '官方店铺', 1416806845, 1, '3', 3),
(53, '新款 女款 拼接 不规则摆 长袖针织衫开衫 杏雨 紫色', '1_04418254088878407.jpg', '99.00', 1, '官方店铺', 1416063949, 1, '8', 4),
(231, '至尊金奖 法国原瓶进口AOC红酒 任选一箱 红沙城堡红葡萄酒 原装进口', '1_04423392298369303.jpg', '899.00', 1, '官方店铺', 1417571346, 0, NULL, 1),
(232, '中华老字号 东阿阿胶桃花姬阿胶糕300g', '1_04423411880302392.png', '150.00', 1, '官方店铺', 1416553479, 1, '3', 2),
(235, '这是测试商品', '1_04703425360785922.jpg', '1.00', 1, '官方店铺', 1417487238, 0, NULL, 1),
(272, '喷绘布/广告牌/喷画/灯箱布/户外喷绘布/舞台背景招牌布', '2_04716035155654501.jpg', '8.00', 2, '大琪广告印务', 1421201366, 0, NULL, 1),
(273, '高清户内外写真/防水防晒写真画面/防水海报/制度牌', '2_04716712199605452.jpg', '18.00', 2, '大琪广告印务', 1421201414, 0, NULL, 1),
(276, '昭君故里酒 美之梦酒 优质白酒 500ml 浓香型 42度', '1_04717754051864205.jpg', '118.00', 1, '官方店铺', 1419497471, 0, NULL, 1),
(301, '康汇园经典苹果醋 高档果醋饮料 酒店专供 净含量650L', '1_04728428330651916.jpg', '180.00', 1, '官方店铺', 1421201509, 0, NULL, 1),
(314, '地道土猪肉 原生态农家土猪肉 味道鲜甜 满嘴留香 30斤起售', '1_04742053355689344.jpg', '390.00', 1, '官方店铺', 1421201483, 0, NULL, 1),
(330, '百丈潭茶叶礼盒 百丈潭潭峰茶3# 通城特产 上品绿茶 252g', '5_04753351520795463.jpg', '252.00', 5, '通城百丈潭茶业旗舰店', 1422087881, 0, NULL, 1),
(357, '巴旦木 坚果零食 新疆薄壳杏仁手剥扁桃仁 500g  小珍珠', '7_04765310723591147.jpg', '25.80', 7, '小陆干果', 1423742167, 1, '17', 1);

-- --------------------------------------------------------

--
-- 表的结构 `cor_sns_membertag`
--

CREATE TABLE IF NOT EXISTS `cor_sns_membertag` (
  `mtag_id` int(10) NOT NULL AUTO_INCREMENT COMMENT '会员标签id',
  `mtag_name` varchar(20) NOT NULL COMMENT '会员标签名称',
  `mtag_sort` tinyint(4) NOT NULL DEFAULT '0' COMMENT '会员标签排序',
  `mtag_recommend` tinyint(4) NOT NULL DEFAULT '0' COMMENT '标签推荐 0未推荐（默认），1为已推荐',
  `mtag_desc` varchar(50) NOT NULL COMMENT '标签描述',
  `mtag_img` varchar(50) DEFAULT NULL COMMENT '标签图片',
  PRIMARY KEY (`mtag_id`)
) ENGINE=InnoDB  DEFAULT CHARSET=utf8 COMMENT='会员标签表' AUTO_INCREMENT=13 ;

--
-- 转存表中的数据 `cor_sns_membertag`
--

INSERT INTO `cor_sns_membertag` (`mtag_id`, `mtag_name`, `mtag_sort`, `mtag_recommend`, `mtag_desc`, `mtag_img`) VALUES
(1, '吃货', 0, 1, '', ''),
(2, '购物狂', 1, 1, '', ''),
(3, '静待缘分', 2, 1, '', ''),
(4, '乐活族', 8, 1, '', ''),
(5, '运动', 7, 1, '', ''),
(6, '摄影', 6, 1, '', ''),
(7, '旅游', 5, 1, '', ''),
(8, '潮人', 3, 1, '', ''),
(9, 'K歌', 9, 1, '', ''),
(10, '读书', 10, 1, '', ''),
(11, '单身待解放', 4, 1, '', ''),
(12, '电影', 11, 1, '', '');

-- --------------------------------------------------------

--
-- 表的结构 `cor_sns_mtagmember`
--

CREATE TABLE IF NOT EXISTS `cor_sns_mtagmember` (
  `mtag_id` int(11) NOT NULL COMMENT '会员标签表id',
  `member_id` int(11) NOT NULL COMMENT '会员id',
  `recommend` tinyint(4) NOT NULL DEFAULT '0' COMMENT '推荐，默认为0',
  PRIMARY KEY (`mtag_id`,`member_id`)
) ENGINE=InnoDB DEFAULT CHARSET=utf8 COMMENT='会员标签会员对照表';

--
-- 转存表中的数据 `cor_sns_mtagmember`
--

INSERT INTO `cor_sns_mtagmember` (`mtag_id`, `member_id`, `recommend`) VALUES
(1, 5, 0),
(1, 7, 0),
(1, 12, 0),
(1, 41, 0),
(1, 48, 0),
(2, 1, 1),
(2, 5, 0),
(2, 7, 0),
(2, 48, 0),
(3, 5, 0),
(4, 1, 0),
(4, 2, 1),
(4, 5, 0),
(4, 48, 0),
(4, 54, 0),
(5, 5, 0),
(5, 48, 0),
(5, 54, 0),
(6, 1, 0),
(6, 2, 1),
(6, 5, 0),
(6, 48, 0),
(6, 54, 0),
(7, 2, 1),
(7, 5, 0),
(7, 54, 0),
(8, 5, 0),
(9, 5, 0),
(9, 54, 0),
(10, 2, 1),
(10, 5, 0),
(10, 54, 0),
(11, 5, 0),
(12, 5, 0),
(12, 7, 0),
(12, 48, 0),
(12, 54, 0);

-- --------------------------------------------------------

--
-- 表的结构 `cor_sns_setting`
--

CREATE TABLE IF NOT EXISTS `cor_sns_setting` (
  `member_id` int(11) NOT NULL COMMENT '会员id',
  `setting_skin` varchar(50) DEFAULT NULL COMMENT '皮肤',
  PRIMARY KEY (`member_id`)
) ENGINE=InnoDB DEFAULT CHARSET=utf8 COMMENT='个人中心设置表';

-- --------------------------------------------------------

--
-- 表的结构 `cor_sns_sharegoods`
--

CREATE TABLE IF NOT EXISTS `cor_sns_sharegoods` (
  `share_id` int(11) NOT NULL AUTO_INCREMENT COMMENT '自增ID',
  `share_goodsid` int(11) NOT NULL COMMENT '商品ID',
  `share_memberid` int(11) NOT NULL COMMENT '所属会员ID',
  `share_membername` varchar(100) NOT NULL COMMENT '会员名称',
  `share_content` varchar(500) DEFAULT NULL COMMENT '描述内容',
  `share_addtime` int(11) NOT NULL COMMENT '分享操作时间',
  `share_likeaddtime` int(11) NOT NULL DEFAULT '0' COMMENT '喜欢操作时间',
  `share_privacy` tinyint(1) NOT NULL DEFAULT '0' COMMENT '隐私可见度 0所有人可见 1好友可见 2仅自己可见',
  `share_commentcount` int(11) NOT NULL DEFAULT '0' COMMENT '评论数',
  `share_isshare` tinyint(1) NOT NULL DEFAULT '0' COMMENT '是否分享 0为未分享 1为分享',
  `share_islike` tinyint(1) NOT NULL DEFAULT '0' COMMENT '是否喜欢 0为未喜欢 1为喜欢',
  PRIMARY KEY (`share_id`)
) ENGINE=InnoDB  DEFAULT CHARSET=utf8 COMMENT='共享商品表' AUTO_INCREMENT=17 ;

--
-- 转存表中的数据 `cor_sns_sharegoods`
--

INSERT INTO `cor_sns_sharegoods` (`share_id`, `share_goodsid`, `share_memberid`, `share_membername`, `share_content`, `share_addtime`, `share_likeaddtime`, `share_privacy`, `share_commentcount`, `share_isshare`, `share_islike`) VALUES
(1, 53, 3, 'mxjyweb', '分享了商品', 1416063948, 0, 0, 0, 1, 0),
(2, 53, 7, 'lingling1314', '分享了商品', 1416973416, 0, 0, 0, 1, 0),
(3, 232, 1, 'corshop', '分享了商品', 1416553479, 0, 0, 0, 1, 0),
(4, 232, 3, 'mxjyweb', '分享了商品', 1416553745, 1416807079, 0, 0, 1, 1),
(5, 53, 5, 'xiner', '分享了商品', 1416554748, 0, 0, 0, 1, 0),
(6, 53, 8, '乐生活', '', 0, 1416615545, 0, 0, 0, 1),
(7, 48, 3, 'mxjyweb', '分享了商品', 1416807386, 1416807082, 0, 0, 1, 1),
(8, 235, 7, 'lingling1314', '....', 1417487238, 0, 0, 0, 0, 0),
(9, 231, 8, '乐生活', '可以分享心情，也可以分享商品，还可以分享店铺，把你的好东东分享出来，大家都快乐！', 1417571346, 0, 0, 0, 1, 0),
(10, 276, 5, 'xiner', '分享了商品', 1419497471, 0, 0, 0, 1, 0),
(11, 272, 24, '骑士红红', '分享了商品', 1421201366, 0, 0, 0, 1, 0),
(12, 273, 24, '骑士红红', '分享了商品', 1421201414, 0, 0, 0, 1, 0),
(13, 314, 24, '骑士红红', '分享了商品', 1421201483, 0, 0, 0, 1, 0),
(14, 301, 24, '骑士红红', '分享了商品', 1421201509, 0, 0, 0, 1, 0),
(15, 330, 34, 'bztcy', '分享了商品', 1422087881, 0, 0, 0, 1, 0),
(16, 357, 17, '缘因有你', '抱着试试看的心情买了2斤，没想到上午11时下的单，中午吃完饭后卖家就把货送上门了，真的很快。味道不错，吃着很香，家里小孩抢着吃，赞一个！', 1423742167, 1423745272, 0, 0, 1, 1);

-- --------------------------------------------------------

--
-- 表的结构 `cor_sns_sharestore`
--

CREATE TABLE IF NOT EXISTS `cor_sns_sharestore` (
  `share_id` int(11) NOT NULL AUTO_INCREMENT COMMENT '自增ID',
  `share_storeid` int(11) NOT NULL COMMENT '店铺编号',
  `share_storename` varchar(100) NOT NULL COMMENT '店铺名称',
  `share_memberid` int(11) NOT NULL COMMENT '所属会员ID',
  `share_membername` varchar(100) NOT NULL COMMENT '所属会员名称',
  `share_content` varchar(500) DEFAULT NULL COMMENT '描述内容',
  `share_addtime` int(11) NOT NULL COMMENT '添加时间',
  `share_privacy` tinyint(1) NOT NULL DEFAULT '0' COMMENT '隐私可见度 0所有人可见 1好友可见 2仅自己可见',
  PRIMARY KEY (`share_id`)
) ENGINE=InnoDB  DEFAULT CHARSET=utf8 COMMENT='共享店铺表' AUTO_INCREMENT=5 ;

--
-- 转存表中的数据 `cor_sns_sharestore`
--

INSERT INTO `cor_sns_sharestore` (`share_id`, `share_storeid`, `share_storename`, `share_memberid`, `share_membername`, `share_content`, `share_addtime`, `share_privacy`) VALUES
(1, 2, '大琪广告印务', 2, 'haha', '', 1416467228, 0),
(2, 1, '官方店铺', 3, 'mxjyweb', '', 1416807350, 0),
(3, 2, '大琪广告印务', 7, 'lingling1314', '', 1416973425, 0),
(4, 2, '大琪广告印务', 24, '骑士红红', '', 1421201317, 0);

-- --------------------------------------------------------

--
-- 表的结构 `cor_sns_tracelog`
--

CREATE TABLE IF NOT EXISTS `cor_sns_tracelog` (
  `trace_id` int(11) NOT NULL AUTO_INCREMENT COMMENT '自增ID',
  `trace_originalid` int(11) NOT NULL DEFAULT '0' COMMENT '原动态ID 默认为0',
  `trace_originalmemberid` int(11) NOT NULL DEFAULT '0' COMMENT '原帖会员编号',
  `trace_originalstate` tinyint(1) NOT NULL DEFAULT '0' COMMENT '原帖的删除状态 0为正常 1为删除',
  `trace_memberid` int(11) NOT NULL COMMENT '会员ID',
  `trace_membername` varchar(100) NOT NULL COMMENT '会员名称',
  `trace_memberavatar` varchar(100) DEFAULT NULL COMMENT '会员头像',
  `trace_title` varchar(500) DEFAULT NULL COMMENT '动态标题',
  `trace_content` text NOT NULL COMMENT '动态内容',
  `trace_addtime` int(11) NOT NULL COMMENT '添加时间',
  `trace_state` tinyint(1) NOT NULL DEFAULT '0' COMMENT '状态  0正常 1为禁止显示 默认为0',
  `trace_privacy` tinyint(1) NOT NULL DEFAULT '0' COMMENT '隐私可见度 0所有人可见 1好友可见 2仅自己可见',
  `trace_commentcount` int(11) NOT NULL DEFAULT '0' COMMENT '评论数',
  `trace_copycount` int(11) NOT NULL DEFAULT '0' COMMENT '转发数',
  `trace_orgcommentcount` int(11) NOT NULL DEFAULT '0' COMMENT '原帖评论次数',
  `trace_orgcopycount` int(11) NOT NULL DEFAULT '0' COMMENT '原帖转帖次数',
  `trace_from` tinyint(4) DEFAULT '1' COMMENT '来源 1=shop 2=storetracelog 3=microshop 4=cms 5=circle',
  PRIMARY KEY (`trace_id`)
) ENGINE=InnoDB  DEFAULT CHARSET=utf8 COMMENT='动态信息表' AUTO_INCREMENT=80 ;

--
-- 转存表中的数据 `cor_sns_tracelog`
--

INSERT INTO `cor_sns_tracelog` (`trace_id`, `trace_originalid`, `trace_originalmemberid`, `trace_originalstate`, `trace_memberid`, `trace_membername`, `trace_memberavatar`, `trace_title`, `trace_content`, `trace_addtime`, `trace_state`, `trace_privacy`, `trace_commentcount`, `trace_copycount`, `trace_orgcommentcount`, `trace_orgcopycount`, `trace_from`) VALUES
(1, 0, 0, 0, 2, 'haha', '', '终于有了咱家乡自己的网购平台，赞一个！', '', 1416013796, 0, 0, 0, 1, 0, 1, 1),
(2, 1, 2, 0, 2, 'haha', '', '|| @haha：终于有了咱家乡自己的网购平台，赞一个！', '<div class="title"><a href="%siteurl%index.php?act=member_snshome&mid=2" target="_blank" class="uname">haha</a>：终于有了咱家乡自己的网购平台，赞一个！</div>', 1416013826, 0, 0, 0, 0, 0, 1, 1),
(3, 0, 0, 0, 3, 'mxjyweb', '', '分享了商品', '<div class="fd-media">\r\n					<div class="goodsimg"><a target="_blank" href="http://www.infol.com.cn/shop/index.php?act=goods&op=index&goods_id=53"><img src="http://www.infol.com.cn/data/upload/shop/store/goods/1/1_04418254088878407_240.jpg" onload="javascript:DrawImage(this,120,120);" alt="新款 女款 拼接 不规则摆 长袖针织衫开衫 杏雨 紫色"></a></div>\r\n					<div class="goodsinfo">\r\n						<dl>\r\n							<dt><a target="_blank" href="http://www.infol.com.cn/shop/index.php?act=goods&op=index&goods_id=53">新款 女款 拼接 不规则摆 长袖针织衫开衫 杏雨 紫色</a></dt>\r\n							<dd>价&nbsp;&nbsp;格：&yen;99.00</dd>\r\n							<dd>运&nbsp;&nbsp;费：&yen;0.00</dd>\r\n	                  		<dd nctype="collectbtn_53"><a href="javascript:void(0);" onclick="javascript:collect_goods(''53'',''succ'',''collectbtn_53'');">收藏该宝贝</a></dd>\r\n	                  	</dl>\r\n	                  </div>\r\n	             </div>', 1416063949, 0, 0, 0, 0, 0, 0, 1),
(4, 0, 0, 0, 4, 'tcdq', '', '家乡的网购平台，购物放心，还可以免费开店，真好！', '', 1416131515, 0, 0, 0, 2, 0, 2, 1),
(5, 4, 4, 0, 4, 'tcdq', '', '|| @tcdq：家乡的网购平台，购物放心，还可以免费开店，真好！', '<div class="title"><a href="%siteurl%index.php?act=member_snshome&mid=4" target="_blank" class="uname">tcdq</a>：家乡的网购平台，购物放心，还可以免费开店，真好！</div>', 1416131552, 0, 0, 0, 0, 0, 2, 1),
(6, 4, 4, 0, 4, 'tcdq', '', '|| @tcdq：家乡的网购平台，购物放心，还可以免费开店，真好！', '<div class="title"><a href="%siteurl%index.php?act=member_snshome&mid=4" target="_blank" class="uname">tcdq</a>：家乡的网购平台，购物放心，还可以免费开店，真好！</div>', 1416135426, 0, 0, 0, 0, 0, 2, 1),
(7, 0, 0, 0, 5, 'xiner', 'avatar_5.jpg', '家乡网购平台，网上下单，还有实体店的质量和服务，真好！', '', 1416466816, 0, 0, 0, 0, 0, 0, 1),
(8, 0, 0, 0, 2, 'haha', 'avatar_2.jpg', '分享了店铺', '<div class="fd-media">\r\n					<div class="goodsimg"><a target="_blank" href="http://www.infol.com.cn/shop/index.php?act=show_store&op=index&store_id=2"><img src="http://www.infol.com.cn/data/upload/shop/store/04697101442133592.png" onload="javascript:DrawImage(this,120,120);" alt="大琪广告印务"></a></div>\r\n					<div class="goodsinfo">\r\n						<dl>\r\n							<dt><a target="_blank" href="http://www.infol.com.cn/shop/index.php?act=show_store&op=index&store_id=2">大琪广告印务</a></dt>\r\n	                  		<dd nctype="storecollectbtn_2"><a href="javascript:void(0);" onclick="javascript:collect_store(''2'',''succ'',''storecollectbtn_2'');">收藏该店铺</a></dd>\r\n	                  	</dl>\r\n	                  </div>\r\n	             </div>', 1416467228, 0, 0, 0, 0, 0, 0, 1),
(9, 0, 0, 0, 7, 'lingling1314', 'avatar_7.jpg', ':smile::smile:', '', 1416468243, 0, 0, 1, 0, 1, 0, 1),
(10, 0, 0, 0, 7, 'lingling1314', 'avatar_7.jpg', '分享了商品', '<div class="fd-media">\r\n					<div class="goodsimg"><a target="_blank" href="http://www.infol.com.cn/shop/index.php?act=goods&op=index&goods_id=53"><img src="http://www.infol.com.cn/data/upload/shop/store/goods/1/1_04418254088878407_240.jpg" onload="javascript:DrawImage(this,120,120);" alt="新款 女款 拼接 不规则摆 长袖针织衫开衫 杏雨 紫色"></a></div>\r\n					<div class="goodsinfo">\r\n						<dl>\r\n							<dt><a target="_blank" href="http://www.infol.com.cn/shop/index.php?act=goods&op=index&goods_id=53">新款 女款 拼接 不规则摆 长袖针织衫开衫 杏雨 紫色</a></dt>\r\n							<dd>价&nbsp;&nbsp;格：&yen;99.00</dd>\r\n							<dd>运&nbsp;&nbsp;费：&yen;0.00</dd>\r\n	                  		<dd nctype="collectbtn_53"><a href="javascript:void(0);" onclick="javascript:collect_goods(''53'',''succ'',''collectbtn_53'');">收藏该宝贝</a></dd>\r\n	                  	</dl>\r\n	                  </div>\r\n	             </div>', 1416468259, 0, 0, 0, 0, 0, 0, 1),
(11, 0, 0, 0, 8, '乐生活', '', '今天，B2B2C电商平台新板正式测试，很高兴！', '', 1416492491, 0, 0, 0, 0, 0, 0, 1),
(13, 0, 0, 0, 5, 'xiner', 'avatar_5.jpg', '今天到的货，试穿了下，很不错哟！', '\r\n            <div class=''fd-media''>\r\n            <div class=''goodsimg''><a target="_blank" href="http://www.infol.com.cn/microshop/index.php?act=personal&op=detail&personal_id=2"><img src="http://www.infol.com.cn/data/upload/microshop/5/04698836518408005_list.jpg" onload="javascript:DrawImage(this,120,120);"></a></div>\r\n            <div class=''goodsinfo''>\r\n            <ul>\r\n            </ul><p>''xiner''在微商城推荐了个人秀的展示<a target="_blank" href="http://www.infol.com.cn/microshop/index.php?act=personal&op=detail&personal_id=2">去看看</a></p>\r\n            </div>\r\n            </div>\r\n            ', 1416539669, 0, 0, 0, 0, 0, 0, 3),
(14, 0, 0, 0, 5, 'xiner', 'avatar_5.jpg', '穿着好美，质感也舒服，好高兴！', '\r\n            <div class=''fd-media''>\r\n            <div class=''goodsimg''><a target="_blank" href="http://www.infol.com.cn/microshop/index.php?act=goods&op=detail&goods_id=1"><img src="http://www.infol.com.cn/data/upload/shop/store/goods/1/1_04418254088878407_240.jpg" onload="javascript:DrawImage(this,120,120);" title="新款 女款 拼接 不规则摆 长袖针织衫开衫 杏雨 紫色" alt="新款 女款 拼接 不规则摆 长袖针织衫开衫 杏雨 紫色"></a></div>\r\n            <div class=''goodsinfo''>\r\n            <dl>\r\n            <dt><a target="_blank" href="http://www.infol.com.cn/microshop/index.php?act=goods&op=detail&goods_id=1">新款 女款 拼接 不规则摆 长袖针织衫开衫 杏雨 紫色</a></dt>\r\n            <dd>价格：￥99.00</dd>\r\n            <dd>''xiner''在微商城推荐了随心看的商品<a target="_blank" href="http://www.infol.com.cn/microshop/index.php?act=goods&op=detail&goods_id=1">去看看</a></dd>\r\n            </dl>\r\n            </div>\r\n            </div>\r\n            ', 1416539780, 0, 0, 0, 0, 0, 0, 3),
(15, 0, 0, 0, 7, 'lingling1314', 'avatar_7.jpg', '....', '\r\n            <div class=''fd-media''>\r\n            <div class=''goodsimg''><a target="_blank" href="http://www.infol.com.cn/microshop/index.php?act=goods&op=detail&goods_id=2"><img src="http://www.infol.com.cn/data/upload/shop/store/goods/1/1_04418254088878407_240.jpg" onload="javascript:DrawImage(this,120,120);" title="新款 女款 拼接 不规则摆 长袖针织衫开衫 杏雨 紫色" alt="新款 女款 拼接 不规则摆 长袖针织衫开衫 杏雨 紫色"></a></div>\r\n            <div class=''goodsinfo''>\r\n            <dl>\r\n            <dt><a target="_blank" href="http://www.infol.com.cn/microshop/index.php?act=goods&op=detail&goods_id=2">新款 女款 拼接 不规则摆 长袖针织衫开衫 杏雨 紫色</a></dt>\r\n            <dd>价格：￥99.00</dd>\r\n            <dd>''lingling1314''在微商城推荐了随心看的商品<a target="_blank" href="http://www.infol.com.cn/microshop/index.php?act=goods&op=detail&goods_id=2">去看看</a></dd>\r\n            </dl>\r\n            </div>\r\n            </div>\r\n            ', 1416541824, 0, 0, 0, 0, 0, 0, 3),
(16, 0, 0, 0, 7, 'lingling1314', 'avatar_7.jpg', '...', '\r\n            <div class=''fd-media''>\r\n            <div class=''goodsimg''><a target="_blank" href="http://www.infol.com.cn/microshop/index.php?act=goods&op=detail&goods_id=3"><img src="http://www.infol.com.cn/data/upload/shop/store/goods/1/1_04423392298369303_240.jpg" onload="javascript:DrawImage(this,120,120);" title="至尊金奖 法国原瓶进口AOC红酒 任选一箱 红沙城堡红葡萄酒 原装进口" alt="至尊金奖 法国原瓶进口AOC红酒 任选一箱 红沙城堡红葡萄酒 原装进口"></a></div>\r\n            <div class=''goodsinfo''>\r\n            <dl>\r\n            <dt><a target="_blank" href="http://www.infol.com.cn/microshop/index.php?act=goods&op=detail&goods_id=3">至尊金奖 法国原瓶进口AOC红酒 任选一箱 红沙城堡红葡萄酒 原装进口</a></dt>\r\n            <dd>价格：￥899.00</dd>\r\n            <dd>''lingling1314''在微商城推荐了随心看的商品<a target="_blank" href="http://www.infol.com.cn/microshop/index.php?act=goods&op=detail&goods_id=3">去看看</a></dd>\r\n            </dl>\r\n            </div>\r\n            </div>\r\n            ', 1416541833, 0, 0, 0, 0, 0, 0, 3),
(17, 0, 0, 0, 1, 'corshop', '', '分享了商品', '<div class="fd-media">\r\n					<div class="goodsimg"><a target="_blank" href="http://www.infol.com.cn/shop/index.php?act=goods&op=index&goods_id=232"><img src="http://www.infol.com.cn/data/upload/shop/store/goods/1/1_04423411880302392_240.png" onload="javascript:DrawImage(this,120,120);" alt="中华老字号 东阿阿胶桃花姬阿胶糕300g"></a></div>\r\n					<div class="goodsinfo">\r\n						<dl>\r\n							<dt><a target="_blank" href="http://www.infol.com.cn/shop/index.php?act=goods&op=index&goods_id=232">中华老字号 东阿阿胶桃花姬阿胶糕300g</a></dt>\r\n							<dd>价&nbsp;&nbsp;格：&yen;150.00</dd>\r\n							<dd>运&nbsp;&nbsp;费：&yen;0.00</dd>\r\n	                  		<dd nctype="collectbtn_232"><a href="javascript:void(0);" onclick="javascript:collect_goods(''232'',''succ'',''collectbtn_232'');">收藏该宝贝</a></dd>\r\n	                  	</dl>\r\n	                  </div>\r\n	             </div>', 1416553479, 0, 0, 0, 0, 0, 0, 1),
(18, 0, 0, 0, 5, 'xiner', 'avatar_5.jpg', '刚到货，穿着很好，料子也舒服，好高兴！', '\r\n            <div class=''fd-media''>\r\n            <div class=''goodsimg''><a target="_blank" href="http://www.infol.com.cn/microshop/index.php?act=goods&op=detail&goods_id=4"><img src="http://www.infol.com.cn/data/upload/shop/store/goods/1/1_04418254088878407_240.jpg" onload="javascript:DrawImage(this,120,120);" title="新款 女款 拼接 不规则摆 长袖针织衫开衫 杏雨 紫色" alt="新款 女款 拼接 不规则摆 长袖针织衫开衫 杏雨 紫色"></a></div>\r\n            <div class=''goodsinfo''>\r\n            <dl>\r\n            <dt><a target="_blank" href="http://www.infol.com.cn/microshop/index.php?act=goods&op=detail&goods_id=4">新款 女款 拼接 不规则摆 长袖针织衫开衫 杏雨 紫色</a></dt>\r\n            <dd>价格：￥99.00</dd>\r\n            <dd>''xiner''在微商城推荐了随心看的商品<a target="_blank" href="http://www.infol.com.cn/microshop/index.php?act=goods&op=detail&goods_id=4">去看看</a></dd>\r\n            </dl>\r\n            </div>\r\n            </div>\r\n            ', 1416553516, 0, 0, 0, 0, 0, 0, 3),
(19, 0, 0, 0, 3, 'mxjyweb', '', '分享了商品', '<div class="fd-media">\r\n					<div class="goodsimg"><a target="_blank" href="http://www.infol.com.cn/shop/index.php?act=goods&op=index&goods_id=232"><img src="http://www.infol.com.cn/data/upload/shop/store/goods/1/1_04423411880302392_240.png" onload="javascript:DrawImage(this,120,120);" alt="中华老字号 东阿阿胶桃花姬阿胶糕300g"></a></div>\r\n					<div class="goodsinfo">\r\n						<dl>\r\n							<dt><a target="_blank" href="http://www.infol.com.cn/shop/index.php?act=goods&op=index&goods_id=232">中华老字号 东阿阿胶桃花姬阿胶糕300g</a></dt>\r\n							<dd>价&nbsp;&nbsp;格：&yen;150.00</dd>\r\n							<dd>运&nbsp;&nbsp;费：&yen;0.00</dd>\r\n	                  		<dd nctype="collectbtn_232"><a href="javascript:void(0);" onclick="javascript:collect_goods(''232'',''succ'',''collectbtn_232'');">收藏该宝贝</a></dd>\r\n	                  	</dl>\r\n	                  </div>\r\n	             </div>', 1416553745, 0, 0, 0, 0, 0, 0, 1),
(20, 0, 0, 0, 7, 'lingling1314', 'avatar_7.jpg', '我的搭配还不错吧^-^', '\r\n            <div class=''fd-media''>\r\n            <div class=''goodsimg''><a target="_blank" href="http://www.infol.com.cn/microshop/index.php?act=personal&op=detail&personal_id=3"><img src="http://www.infol.com.cn/data/upload/microshop/7/04698979023733160_list.jpg" onload="javascript:DrawImage(this,120,120);"></a></div>\r\n            <div class=''goodsinfo''>\r\n            <ul>\r\n            </ul><p>''lingling1314''在微商城推荐了个人秀的展示<a target="_blank" href="http://www.infol.com.cn/microshop/index.php?act=personal&op=detail&personal_id=3">去看看</a></p>\r\n            </div>\r\n            </div>\r\n            ', 1416553916, 0, 0, 0, 0, 0, 0, 3),
(21, 0, 0, 0, 7, 'lingling1314', 'avatar_7.jpg', '.....', '\r\n            <div class=''fd-media''>\r\n            <div class=''goodsimg''><a target="_blank" href="http://www.infol.com.cn/microshop/index.php?act=goods&op=detail&goods_id=5"><img src="http://www.infol.com.cn/data/upload/shop/store/goods/1/1_04418240378724556_240.jpg" onload="javascript:DrawImage(this,120,120);" title="春装 披肩式 超短款 针织 衫开衫 女装 青鸟 绿色" alt="春装 披肩式 超短款 针织 衫开衫 女装 青鸟 绿色"></a></div>\r\n            <div class=''goodsinfo''>\r\n            <dl>\r\n            <dt><a target="_blank" href="http://www.infol.com.cn/microshop/index.php?act=goods&op=detail&goods_id=5">春装 披肩式 超短款 针织 衫开衫 女装 青鸟 绿色</a></dt>\r\n            <dd>价格：￥129.00</dd>\r\n            <dd>''lingling1314''在微商城推荐了随心看的商品<a target="_blank" href="http://www.infol.com.cn/microshop/index.php?act=goods&op=detail&goods_id=5">去看看</a></dd>\r\n            </dl>\r\n            </div>\r\n            </div>\r\n            ', 1416554045, 0, 0, 0, 0, 0, 0, 3),
(22, 0, 0, 0, 5, 'xiner', 'avatar_5.jpg', '分享了商品', '<div class="fd-media">\r\n					<div class="goodsimg"><a target="_blank" href="http://www.infol.com.cn/shop/index.php?act=goods&op=index&goods_id=53"><img src="http://www.infol.com.cn/data/upload/shop/store/goods/1/1_04418254088878407_240.jpg" onload="javascript:DrawImage(this,120,120);" alt="新款 女款 拼接 不规则摆 长袖针织衫开衫 杏雨 紫色"></a></div>\r\n					<div class="goodsinfo">\r\n						<dl>\r\n							<dt><a target="_blank" href="http://www.infol.com.cn/shop/index.php?act=goods&op=index&goods_id=53">新款 女款 拼接 不规则摆 长袖针织衫开衫 杏雨 紫色</a></dt>\r\n							<dd>价&nbsp;&nbsp;格：&yen;99.00</dd>\r\n							<dd>运&nbsp;&nbsp;费：&yen;0.00</dd>\r\n	                  		<dd nctype="collectbtn_53"><a href="javascript:void(0);" onclick="javascript:collect_goods(''53'',''succ'',''collectbtn_53'');">收藏该宝贝</a></dd>\r\n	                  	</dl>\r\n	                  </div>\r\n	             </div>', 1416554748, 0, 0, 1, 1, 1, 1, 1),
(23, 0, 0, 0, 8, '乐生活', '', '今年双11，网购翻了天， 通城有自己的网购平台，要快经营，好经营。', '', 1416568511, 0, 0, 0, 0, 0, 0, 1),
(24, 0, 0, 0, 8, '乐生活', '', '我很喜欢这个哦~', '<div class="fd-media">\r\n				<div class="goodsimg"><a target="_blank" href="http://www.infol.com.cn/shop/index.php?act=goods&op=index&goods_id=53"><img src="http://www.infol.com.cn/data/upload/shop/store/goods/1/1_04418254088878407_240.jpg" onload="javascript:DrawImage(this,120,120);" alt="新款 女款 拼接 不规则摆 长袖针织衫开衫 杏雨 紫色"></a></div>\r\n				<div class="goodsinfo">\r\n					<dl>\r\n						<dt><a target="_blank" href="http://www.infol.com.cn/shop/index.php?act=goods&op=index&goods_id=53">新款 女款 拼接 不规则摆 长袖针织衫开衫 杏雨 紫色</a></dt>\r\n						<dd>价&nbsp;&nbsp;格：&yen;99.00</dd>\r\n						<dd>运&nbsp;&nbsp;费：&yen;0.00</dd>\r\n                  		<dd nctype="collectbtn_53"><a href="javascript:void(0);" onclick="javascript:collect_goods(''53'',''succ'',''collectbtn_53'');">收藏该宝贝</a>&nbsp;&nbsp;(0人收藏)</dd>\r\n                  	</dl>\r\n                  </div>\r\n             </div>', 1416615545, 0, 0, 0, 0, 0, 0, 1),
(25, 22, 5, 0, 8, '乐生活', '', '|| @xiner：分享了商品', '<div class="title"><a href="%siteurl%index.php?act=member_snshome&mid=5" target="_blank" class="uname">xiner</a>：分享了商品</div><div class="fd-media">\r\n					<div class="goodsimg"><a target="_blank" href="http://www.infol.com.cn/shop/index.php?act=goods&op=index&goods_id=53"><img src="http://www.infol.com.cn/data/upload/shop/store/goods/1/1_04418254088878407_240.jpg" onload="javascript:DrawImage(this,120,120);" alt="新款 女款 拼接 不规则摆 长袖针织衫开衫 杏雨 紫色"></a></div>\r\n					<div class="goodsinfo">\r\n						<dl>\r\n							<dt><a target="_blank" href="http://www.infol.com.cn/shop/index.php?act=goods&op=index&goods_id=53">新款 女款 拼接 不规则摆 长袖针织衫开衫 杏雨 紫色</a></dt>\r\n							<dd>价&nbsp;&nbsp;格：&yen;99.00</dd>\r\n							<dd>运&nbsp;&nbsp;费：&yen;0.00</dd>\r\n	                  		<dd nctype="collectbtn_53"><a href="javascript:void(0);" onclick="javascript:collect_goods(''53'',''succ'',''collectbtn_53'');">收藏该宝贝</a></dd>\r\n	                  	</dl>\r\n	                  </div>\r\n	             </div>', 1416615617, 0, 0, 0, 0, 1, 1, 1),
(26, 0, 0, 0, 5, 'xiner', 'avatar_5.jpg', '好喝，是正品。', '\r\n            <div class=''fd-media''>\r\n            <div class=''goodsimg''><a target="_blank" href="http://www.infol.com.cn/microshop/index.php?act=goods&op=detail&goods_id=6"><img src="http://www.infol.com.cn/data/upload/shop/store/goods/1/1_04423392298369303_240.jpg" onload="javascript:DrawImage(this,120,120);" title="至尊金奖 法国原瓶进口AOC红酒 任选一箱 红沙城堡红葡萄酒 原装进口" alt="至尊金奖 法国原瓶进口AOC红酒 任选一箱 红沙城堡红葡萄酒 原装进口"></a></div>\r\n            <div class=''goodsinfo''>\r\n            <dl>\r\n            <dt><a target="_blank" href="http://www.infol.com.cn/microshop/index.php?act=goods&op=detail&goods_id=6">至尊金奖 法国原瓶进口AOC红酒 任选一箱 红沙城堡红葡萄酒 原装进口</a></dt>\r\n            <dd>价格：￥899.00</dd>\r\n            <dd>''xiner''在微商城推荐了随心看的商品<a target="_blank" href="http://www.infol.com.cn/microshop/index.php?act=goods&op=detail&goods_id=6">去看看</a></dd>\r\n            </dl>\r\n            </div>\r\n            </div>\r\n            ', 1416626063, 0, 0, 0, 0, 0, 0, 3),
(27, 0, 0, 0, 7, 'lingling1314', 'avatar_7.jpg', '非常好的商品', '\r\n            <div class=''fd-media''>\r\n            <div class=''goodsimg''><a target="_blank" href="http://www.infol.com.cn/microshop/index.php?act=goods&op=detail&goods_id=7"><img src="http://www.infol.com.cn/data/upload/shop/store/goods/1/1_04423411880302392_240.png" onload="javascript:DrawImage(this,120,120);" title="中华老字号 东阿阿胶桃花姬阿胶糕300g" alt="中华老字号 东阿阿胶桃花姬阿胶糕300g"></a></div>\r\n            <div class=''goodsinfo''>\r\n            <dl>\r\n            <dt><a target="_blank" href="http://www.infol.com.cn/microshop/index.php?act=goods&op=detail&goods_id=7">中华老字号 东阿阿胶桃花姬阿胶糕300g</a></dt>\r\n            <dd>价格：￥150.00</dd>\r\n            <dd>''lingling1314''在微商城推荐了随心看的商品<a target="_blank" href="http://www.infol.com.cn/microshop/index.php?act=goods&op=detail&goods_id=7">去看看</a></dd>\r\n            </dl>\r\n            </div>\r\n            </div>\r\n            ', 1416645385, 0, 0, 0, 0, 0, 0, 3),
(29, 0, 0, 0, 5, 'xiner', '', '发表了商品晒单', '\r\n            <div class=''fd-media''>\r\n            <div class=''goodsimg''><a target="_blank" href="http://www.infol.com.cn/shop/index.php?act=goods&op=index&goods_id=231"><img src="http://www.infol.com.cn/data/upload/shop/member/5/5_04700773107199198_240.jpg" title="至尊金奖 法国原瓶进口AOC红酒 任选一箱 红沙城堡红葡萄酒 原装进口" alt="至尊金奖 法国原瓶进口AOC红酒 任选一箱 红沙城堡红葡萄酒 原装进口"></a></div>\r\n            <div class=''goodsinfo''>\r\n            <dl>\r\n            <dt><a target="_blank" href="http://www.infol.com.cn/shop/index.php?act=goods&op=index&goods_id=231">至尊金奖 法国原瓶进口AOC红酒 任选一箱 红沙城堡红葡萄酒 原装进口</a></dt>\r\n            <dd>价格：&yen;800.00</dd>\r\n            <dd><a target="_blank" href="http://www.infol.com.cn/shop/index.php?act=goods&op=index&goods_id=231">去看看</a></dd>\r\n            </dl>\r\n            </div>\r\n            </div>\r\n            ', 1416733314, 0, 0, 0, 0, 0, 0, 1),
(31, 0, 0, 0, 3, 'mxjyweb', 'avatar_3.jpg', '分享了商品', '<div class="fd-media">\r\n					<div class="goodsimg"><a target="_blank" href="http://www.infol.com.cn/shop/index.php?act=goods&op=index&goods_id=48"><img src="http://www.infol.com.cn/data/upload/shop/store/goods/1/1_04418240795665638_240.jpg" onload="javascript:DrawImage(this,120,120);" alt="春装 披肩式 超短款 针织 衫开衫 女装 青鸟 蓝色"></a></div>\r\n					<div class="goodsinfo">\r\n						<dl>\r\n							<dt><a target="_blank" href="http://www.infol.com.cn/shop/index.php?act=goods&op=index&goods_id=48">春装 披肩式 超短款 针织 衫开衫 女装 青鸟 蓝色</a></dt>\r\n							<dd>价&nbsp;&nbsp;格：&yen;129.00</dd>\r\n							<dd>运&nbsp;&nbsp;费：&yen;0.00</dd>\r\n	                  		<dd nctype="collectbtn_48"><a href="javascript:void(0);" onclick="javascript:collect_goods(''48'',''succ'',''collectbtn_48'');">收藏该宝贝</a></dd>\r\n	                  	</dl>\r\n	                  </div>\r\n	             </div>', 1416806956, 0, 0, 0, 0, 0, 0, 1),
(34, 0, 0, 0, 3, 'mxjyweb', 'avatar_3.jpg', '我很喜欢这个哦~', '<div class="fd-media">\r\n				<div class="goodsimg"><a target="_blank" href="http://www.infol.com.cn/shop/index.php?act=goods&op=index&goods_id=232"><img src="http://www.infol.com.cn/data/upload/shop/store/goods/1/1_04423411880302392_240.png" onload="javascript:DrawImage(this,120,120);" alt="中华老字号 东阿阿胶桃花姬阿胶糕300g"></a></div>\r\n				<div class="goodsinfo">\r\n					<dl>\r\n						<dt><a target="_blank" href="http://www.infol.com.cn/shop/index.php?act=goods&op=index&goods_id=232">中华老字号 东阿阿胶桃花姬阿胶糕300g</a></dt>\r\n						<dd>价&nbsp;&nbsp;格：&yen;150.00</dd>\r\n						<dd>运&nbsp;&nbsp;费：&yen;0.00</dd>\r\n                  		<dd nctype="collectbtn_232"><a href="javascript:void(0);" onclick="javascript:collect_goods(''232'',''succ'',''collectbtn_232'');">收藏该宝贝</a>&nbsp;&nbsp;(0人收藏)</dd>\r\n                  	</dl>\r\n                  </div>\r\n             </div>', 1416807079, 0, 0, 0, 0, 0, 0, 1),
(35, 0, 0, 0, 3, 'mxjyweb', 'avatar_3.jpg', '我很喜欢这个哦~', '<div class="fd-media">\r\n				<div class="goodsimg"><a target="_blank" href="http://www.infol.com.cn/shop/index.php?act=goods&op=index&goods_id=48"><img src="http://www.infol.com.cn/data/upload/shop/store/goods/1/1_04418240795665638_240.jpg" onload="javascript:DrawImage(this,120,120);" alt="春装 披肩式 超短款 针织 衫开衫 女装 青鸟 蓝色"></a></div>\r\n				<div class="goodsinfo">\r\n					<dl>\r\n						<dt><a target="_blank" href="http://www.infol.com.cn/shop/index.php?act=goods&op=index&goods_id=48">春装 披肩式 超短款 针织 衫开衫 女装 青鸟 蓝色</a></dt>\r\n						<dd>价&nbsp;&nbsp;格：&yen;129.00</dd>\r\n						<dd>运&nbsp;&nbsp;费：&yen;0.00</dd>\r\n                  		<dd nctype="collectbtn_48"><a href="javascript:void(0);" onclick="javascript:collect_goods(''48'',''succ'',''collectbtn_48'');">收藏该宝贝</a>&nbsp;&nbsp;(0人收藏)</dd>\r\n                  	</dl>\r\n                  </div>\r\n             </div>', 1416807082, 0, 0, 0, 0, 0, 0, 1),
(36, 0, 0, 0, 3, 'mxjyweb', 'avatar_3.jpg', '分享了店铺', '<div class="fd-media">\r\n					<div class="goodsimg"><a target="_blank" href="http://www.infol.com.cn/shop/index.php?act=show_store&op=index&store_id=1"><img src="http://www.infol.com.cn/data/upload/shop/common/default_store_logo.gif" onload="javascript:DrawImage(this,120,120);" alt="官方店铺"></a></div>\r\n					<div class="goodsinfo">\r\n						<dl>\r\n							<dt><a target="_blank" href="http://www.infol.com.cn/shop/index.php?act=show_store&op=index&store_id=1">官方店铺</a></dt>\r\n	                  		<dd nctype="storecollectbtn_1"><a href="javascript:void(0);" onclick="javascript:collect_store(''1'',''succ'',''storecollectbtn_1'');">收藏该店铺</a></dd>\r\n	                  	</dl>\r\n	                  </div>\r\n	             </div>', 1416807350, 0, 0, 0, 0, 0, 0, 1),
(37, 0, 0, 0, 3, 'mxjyweb', 'avatar_3.jpg', '分享了商品', '<div class="fd-media">\r\n					<div class="goodsimg"><a target="_blank" href="http://www.infol.com.cn/shop/index.php?act=goods&op=index&goods_id=48"><img src="http://www.infol.com.cn/data/upload/shop/store/goods/1/1_04418240795665638_240.jpg" onload="javascript:DrawImage(this,120,120);" alt="春装 披肩式 超短款 针织 衫开衫 女装 青鸟 蓝色"></a></div>\r\n					<div class="goodsinfo">\r\n						<dl>\r\n							<dt><a target="_blank" href="http://www.infol.com.cn/shop/index.php?act=goods&op=index&goods_id=48">春装 披肩式 超短款 针织 衫开衫 女装 青鸟 蓝色</a></dt>\r\n							<dd>价&nbsp;&nbsp;格：&yen;129.00</dd>\r\n							<dd>运&nbsp;&nbsp;费：&yen;0.00</dd>\r\n	                  		<dd nctype="collectbtn_48"><a href="javascript:void(0);" onclick="javascript:collect_goods(''48'',''succ'',''collectbtn_48'');">收藏该宝贝</a></dd>\r\n	                  	</dl>\r\n	                  </div>\r\n	             </div>', 1416807386, 0, 0, 0, 0, 0, 0, 1),
(38, 0, 0, 0, 3, 'mxjyweb', 'avatar_3.jpg', '今天心情不错:biggrin:', '', 1416807405, 0, 0, 0, 0, 0, 0, 1),
(39, 0, 0, 0, 5, 'xiner', '', '发表了商品晒单', '\r\n            <div class=''fd-media''>\r\n            <div class=''goodsimg''><a target="_blank" href="http://www.infol.com.cn/shop/index.php?act=goods&op=index&goods_id=53"><img src="http://www.infol.com.cn/data/upload/shop/common/default_goods_image_240.gif" title="新款 女款 拼接 不规则摆 长袖针织衫开衫 杏雨 紫色" alt="新款 女款 拼接 不规则摆 长袖针织衫开衫 杏雨 紫色"></a></div>\r\n            <div class=''goodsinfo''>\r\n            <dl>\r\n            <dt><a target="_blank" href="http://www.infol.com.cn/shop/index.php?act=goods&op=index&goods_id=53">新款 女款 拼接 不规则摆 长袖针织衫开衫 杏雨 紫色</a></dt>\r\n            <dd>价格：&yen;99.00</dd>\r\n            <dd><a target="_blank" href="http://www.infol.com.cn/shop/index.php?act=goods&op=index&goods_id=53">去看看</a></dd>\r\n            </dl>\r\n            </div>\r\n            </div>\r\n            ', 1416814047, 0, 0, 0, 0, 0, 0, 1),
(40, 0, 0, 0, 7, 'lingling1314', 'avatar_7.jpg', '非常好的商品', '\r\n            <div class=''fd-media''>\r\n            <div class=''goodsimg''><a target="_blank" href="http://www.infol.com.cn/microshop/index.php?act=goods&op=detail&goods_id=9"><img src="http://www.infol.com.cn/data/upload/shop/store/goods/1/1_04423392298369303_240.jpg" onload="javascript:DrawImage(this,120,120);" title="至尊金奖 法国原瓶进口AOC红酒 任选一箱 红沙城堡红葡萄酒 原装进口" alt="至尊金奖 法国原瓶进口AOC红酒 任选一箱 红沙城堡红葡萄酒 原装进口"></a></div>\r\n            <div class=''goodsinfo''>\r\n            <dl>\r\n            <dt><a target="_blank" href="http://www.infol.com.cn/microshop/index.php?act=goods&op=detail&goods_id=9">至尊金奖 法国原瓶进口AOC红酒 任选一箱 红沙城堡红葡萄酒 原装进口</a></dt>\r\n            <dd>价格：￥899.00</dd>\r\n            <dd>''lingling1314''在微商城推荐了随心看的商品<a target="_blank" href="http://www.infol.com.cn/microshop/index.php?act=goods&op=detail&goods_id=9">去看看</a></dd>\r\n            </dl>\r\n            </div>\r\n            </div>\r\n            ', 1416817329, 0, 0, 0, 0, 0, 0, 3),
(41, 0, 0, 0, 7, 'lingling1314', 'avatar_7.jpg', '..........', '\r\n            <div class=''fd-media''>\r\n            <div class=''goodsimg''><a target="_blank" href="http://www.infol.com.cn/microshop/index.php?act=goods&op=detail&goods_id=10"><img src="http://www.infol.com.cn/data/upload/shop/store/goods/1/1_04418240378724556_240.jpg" onload="javascript:DrawImage(this,120,120);" title="春装 披肩式 超短款 针织 衫开衫 女装 青鸟 绿色" alt="春装 披肩式 超短款 针织 衫开衫 女装 青鸟 绿色"></a></div>\r\n            <div class=''goodsinfo''>\r\n            <dl>\r\n            <dt><a target="_blank" href="http://www.infol.com.cn/microshop/index.php?act=goods&op=detail&goods_id=10">春装 披肩式 超短款 针织 衫开衫 女装 青鸟 绿色</a></dt>\r\n            <dd>价格：￥129.00</dd>\r\n            <dd>''lingling1314''在微商城推荐了随心看的商品<a target="_blank" href="http://www.infol.com.cn/microshop/index.php?act=goods&op=detail&goods_id=10">去看看</a></dd>\r\n            </dl>\r\n            </div>\r\n            </div>\r\n            ', 1416817374, 0, 0, 0, 0, 0, 0, 3),
(43, 0, 0, 0, 5, 'xiner', 'avatar_5.jpg', '好喝，是正品！', '\r\n            <div class=''fd-media''>\r\n            <div class=''goodsimg''><a target="_blank" href="http://www.infol.com.cn/microshop/index.php?act=goods&op=detail&goods_id=12"><img src="http://www.infol.com.cn/data/upload/shop/store/goods/1/1_04423392298369303_240.jpg" onload="javascript:DrawImage(this,120,120);" title="至尊金奖 法国原瓶进口AOC红酒 任选一箱 红沙城堡红葡萄酒 原装进口" alt="至尊金奖 法国原瓶进口AOC红酒 任选一箱 红沙城堡红葡萄酒 原装进口"></a></div>\r\n            <div class=''goodsinfo''>\r\n            <dl>\r\n            <dt><a target="_blank" href="http://www.infol.com.cn/microshop/index.php?act=goods&op=detail&goods_id=12">至尊金奖 法国原瓶进口AOC红酒 任选一箱 红沙城堡红葡萄酒 原装进口</a></dt>\r\n            <dd>价格：￥899.00</dd>\r\n            <dd>''xiner''在微商城推荐了随心看的商品<a target="_blank" href="http://www.infol.com.cn/microshop/index.php?act=goods&op=detail&goods_id=12">去看看</a></dd>\r\n            </dl>\r\n            </div>\r\n            </div>\r\n            ', 1416820540, 0, 0, 0, 0, 0, 0, 3),
(44, 0, 0, 0, 8, '乐生活', '', '可分享商品，店铺，评价，可分享到朋友或全体。真是方便！', '', 1416830833, 0, 0, 0, 0, 0, 0, 1),
(45, 0, 0, 0, 8, '乐生活', '', '正品，离店近，可进店取货或走物流。', '\r\n            <div class=''fd-media''>\r\n            <div class=''goodsimg''><a target="_blank" href="http://www.infol.com.cn/microshop/index.php?act=goods&op=detail&goods_id=12"><img src="http://www.infol.com.cn/data/upload/shop/store/goods/1/1_04423392298369303_240.jpg" onload="javascript:DrawImage(this,120,120);" title="至尊金奖 法国原瓶进口AOC红酒 任选一箱 红沙城堡红葡萄酒 原装进口" alt="至尊金奖 法国原瓶进口AOC红酒 任选一箱 红沙城堡红葡萄酒 原装进口"></a></div>\r\n            <div class=''goodsinfo''>\r\n            <dl>\r\n            <dt><a target="_blank" href="http://www.infol.com.cn/microshop/index.php?act=goods&op=detail&goods_id=12">至尊金奖 法国原瓶进口AOC红酒 任选一箱 红沙城堡红葡萄酒 原装进口</a></dt>\r\n            <dd>价格：￥899.00</dd>\r\n            <dd>''乐生活''在微商城分享了随心看的商品<a target="_blank" href="http://www.infol.com.cn/microshop/index.php?act=goods&op=detail&goods_id=12">去看看</a></dd>\r\n            </dl>\r\n            </div>\r\n            </div>\r\n            ', 1416830974, 0, 0, 0, 0, 0, 0, 3),
(46, 0, 0, 0, 8, '乐生活', '', '就近取看货，验正。', '\r\n            <div class=''fd-media''>\r\n            <div class=''goodsimg''><a target="_blank" href="http://www.infol.com.cn/microshop/index.php?act=goods&op=detail&goods_id=12#widgetcommenttitle"><img src="http://www.infol.com.cn/data/upload/shop/store/goods/1/1_04423392298369303_240.jpg" onload="javascript:DrawImage(this,120,120);" title="至尊金奖 法国原瓶进口AOC红酒 任选一箱 红沙城堡红葡萄酒 原装进口" alt="至尊金奖 法国原瓶进口AOC红酒 任选一箱 红沙城堡红葡萄酒 原装进口"></a></div>\r\n            <div class=''goodsinfo''>\r\n            <dl>\r\n            <dt><a target="_blank" href="http://www.infol.com.cn/microshop/index.php?act=goods&op=detail&goods_id=12#widgetcommenttitle">至尊金奖 法国原瓶进口AOC红酒 任选一箱 红沙城堡红葡萄酒 原装进口</a></dt>\r\n            <dd>价格：￥899.00</dd>\r\n            <dd>''乐生活''在微商城评论了随心看的商品<a target="_blank" href="http://www.infol.com.cn/microshop/index.php?act=goods&op=detail&goods_id=12#widgetcommenttitle">去看看</a></dd>\r\n            </dl>\r\n            </div>\r\n            </div>\r\n            ', 1416831050, 0, 0, 0, 0, 0, 0, 3),
(47, 0, 0, 0, 5, 'xiner', 'avatar_5.jpg', '', '<div class=''fd-media''><div class="goodsinfo"><p>xiner在圈子“电商黑马营”分享话题：</p><p>“如何让网店商品详情页开口说话？”&nbsp;&nbsp;<a href=''http://www.infol.com.cn/circle/index.php?act=theme&op=theme_detail&c_id=1&t_id=1''>去看看</a></p></div></div>', 1416963992, 0, 0, 0, 0, 0, 0, 5),
(48, 0, 0, 0, 7, 'lingling1314', 'avatar_7.jpg', '分享了商品', '<div class="fd-media">\r\n					<div class="goodsimg"><a target="_blank" href="http://www.infol.com.cn/shop/index.php?act=goods&op=index&goods_id=53"><img src="http://www.infol.com.cn/data/upload/shop/store/goods/1/1_04418254088878407_240.jpg" onload="javascript:DrawImage(this,120,120);" alt="新款 女款 拼接 不规则摆 长袖针织衫开衫 杏雨 紫色"></a></div>\r\n					<div class="goodsinfo">\r\n						<dl>\r\n							<dt><a target="_blank" href="http://www.infol.com.cn/shop/index.php?act=goods&op=index&goods_id=53">新款 女款 拼接 不规则摆 长袖针织衫开衫 杏雨 紫色</a></dt>\r\n							<dd>价&nbsp;&nbsp;格：&yen;99.00</dd>\r\n							<dd>运&nbsp;&nbsp;费：&yen;0.00</dd>\r\n	                  		<dd nctype="collectbtn_53"><a href="javascript:void(0);" onclick="javascript:collect_goods(''53'',''succ'',''collectbtn_53'');">收藏该宝贝</a></dd>\r\n	                  	</dl>\r\n	                  </div>\r\n	             </div>', 1416973416, 0, 0, 0, 0, 0, 0, 1),
(49, 0, 0, 0, 7, 'lingling1314', 'avatar_7.jpg', '分享了店铺', '<div class="fd-media">\r\n					<div class="goodsimg"><a target="_blank" href="http://www.infol.com.cn/shop/index.php?act=show_store&op=index&store_id=2"><img src="http://www.infol.com.cn/data/upload/shop/store/04697101442133592.png" onload="javascript:DrawImage(this,120,120);" alt="大琪广告印务"></a></div>\r\n					<div class="goodsinfo">\r\n						<dl>\r\n							<dt><a target="_blank" href="http://www.infol.com.cn/shop/index.php?act=show_store&op=index&store_id=2">大琪广告印务</a></dt>\r\n	                  		<dd nctype="storecollectbtn_2"><a href="javascript:void(0);" onclick="javascript:collect_store(''2'',''succ'',''storecollectbtn_2'');">收藏该店铺</a></dd>\r\n	                  	</dl>\r\n	                  </div>\r\n	             </div>', 1416973425, 0, 0, 0, 0, 0, 0, 1),
(51, 0, 0, 0, 8, '乐生活', '', '12月3日星期三，今天新板上线了。打开电脑就见商城，真真正正的第三方购物平台。祝网站风生火起，快速发展！', '', 1417571189, 0, 0, 0, 0, 0, 0, 1),
(52, 0, 0, 0, 8, '乐生活', '', '可以分享心情，也可以分享商品，还可以分享店铺，把你的好东东分享出来，大家都快乐！', '<div class="fd-media">\r\n					<div class="goodsimg"><a target="_blank" href="http://www.infol.com.cn/shop/index.php?act=goods&op=index&goods_id=231"><img src="http://www.infol.com.cn/data/upload/shop/store/goods/1/1_04423392298369303_240.jpg" onload="javascript:DrawImage(this,120,120);" alt="至尊金奖 法国原瓶进口AOC红酒 任选一箱 红沙城堡红葡萄酒 原装进口"></a></div>\r\n					<div class="goodsinfo">\r\n						<dl>\r\n							<dt><a target="_blank" href="http://www.infol.com.cn/shop/index.php?act=goods&op=index&goods_id=231">至尊金奖 法国原瓶进口AOC红酒 任选一箱 红沙城堡红葡萄酒 原装进口</a></dt>\r\n							<dd>价&nbsp;&nbsp;格：&yen;899.00</dd>\r\n							<dd>运&nbsp;&nbsp;费：&yen;0.00</dd>\r\n	                  		<dd nctype="collectbtn_231"><a href="javascript:void(0);" onclick="javascript:collect_goods(''231'',''succ'',''collectbtn_231'');">收藏该宝贝</a></dd>\r\n	                  	</dl>\r\n	                  </div>\r\n	             </div>', 1417571346, 0, 0, 0, 0, 0, 0, 1),
(53, 0, 0, 0, 8, '乐生活', '', '商家可免费入驻，何不早日抢战？一步先则步步先！', '', 1417644854, 0, 0, 0, 0, 0, 0, 1),
(54, 0, 0, 0, 2, 'haha', 'avatar_2.jpg', '', '<div class=''fd-media''><div class=''goodsimg''><a target=''_blank'' href=''http://www.infol.com.cn/circle/index.php?act=theme&op=theme_detail&c_id=1&t_id=1''><img src=''http://www.infol.com.cn/data/upload/circle/theme/2/2/2/04709900996403671_160x160.jpg'' onload=''javascript:DrawImage(this,120,120);''></a></div><div class="goodsinfo"><p>haha在圈子“电商黑马营”分享话题：</p><p>“如何让网店商品详情页开口说话？”&nbsp;&nbsp;<a href=''http://www.infol.com.cn/circle/index.php?act=theme&op=theme_detail&c_id=1&t_id=1''>去看看</a></p></div></div>', 1417647129, 0, 0, 0, 0, 0, 0, 5),
(55, 0, 0, 0, 8, '乐生活', '', '要尽快开办商校,进行培训,让商家会.', '', 1417992518, 0, 0, 0, 0, 0, 0, 1),
(56, 0, 0, 0, 8, '乐生活', '', '页在更新啦！', '', 1418274087, 0, 0, 0, 0, 0, 0, 1),
(57, 0, 0, 0, 5, 'xiner', 'avatar_5.jpg', '分享了商品', '<div class="fd-media">\r\n					<div class="goodsimg"><a target="_blank" href="http://www.infol.com.cn/shop/index.php?act=goods&op=index&goods_id=276"><img src="http://www.infol.com.cn/data/upload/shop/store/goods/1/1_04717754051864205_240.jpg" onload="javascript:DrawImage(this,120,120);" alt="昭君故里酒 美之梦酒 优质白酒 500ml 浓香型 42度"></a></div>\r\n					<div class="goodsinfo">\r\n						<dl>\r\n							<dt><a target="_blank" href="http://www.infol.com.cn/shop/index.php?act=goods&op=index&goods_id=276">昭君故里酒 美之梦酒 优质白酒 500ml 浓香型 42度</a></dt>\r\n							<dd>价&nbsp;&nbsp;格：&yen;118.00</dd>\r\n							<dd>运&nbsp;&nbsp;费：&yen;10.00</dd>\r\n	                  		<dd nctype="collectbtn_276"><a href="javascript:void(0);" onclick="javascript:collect_goods(''276'',''succ'',''collectbtn_276'');">收藏该宝贝</a></dd>\r\n	                  	</dl>\r\n	                  </div>\r\n	             </div>', 1419497471, 0, 0, 0, 0, 0, 0, 1),
(58, 0, 0, 0, 8, '乐生活', '', '支付宝开通了', '', 1419606817, 0, 0, 0, 0, 0, 0, 1),
(59, 0, 0, 0, 8, '乐生活', '', '其实互联网本质上抓人，抓住了人的需求和利益，一切都有了', '', 1421049644, 0, 0, 0, 0, 0, 0, 1),
(60, 0, 0, 0, 24, '骑士红红', 'avatar_24.jpg', '分享了店铺', '<div class="fd-media">\r\n					<div class="goodsimg"><a target="_blank" href="http://www.infol.com.cn/shop/index.php?act=show_store&op=index&store_id=2"><img src="http://www.infol.com.cn/data/upload/shop/store/04697101442133592.png" onload="javascript:DrawImage(this,120,120);" alt="大琪广告印务"></a></div>\r\n					<div class="goodsinfo">\r\n						<dl>\r\n							<dt><a target="_blank" href="http://www.infol.com.cn/shop/index.php?act=show_store&op=index&store_id=2">大琪广告印务</a></dt>\r\n	                  		<dd nctype="storecollectbtn_2"><a href="javascript:void(0);" onclick="javascript:collect_store(''2'',''succ'',''storecollectbtn_2'');">收藏该店铺</a></dd>\r\n	                  	</dl>\r\n	                  </div>\r\n	             </div>', 1421201317, 0, 0, 0, 0, 0, 0, 1),
(61, 0, 0, 0, 24, '骑士红红', 'avatar_24.jpg', '分享了商品', '<div class="fd-media">\r\n					<div class="goodsimg"><a target="_blank" href="http://www.infol.com.cn/shop/index.php?act=goods&op=index&goods_id=272"><img src="http://www.infol.com.cn/data/upload/shop/store/goods/2/2_04716035155654501_240.jpg" onload="javascript:DrawImage(this,120,120);" alt="喷绘布/广告牌/喷画/灯箱布/户外喷绘布/舞台背景招牌布"></a></div>\r\n					<div class="goodsinfo">\r\n						<dl>\r\n							<dt><a target="_blank" href="http://www.infol.com.cn/shop/index.php?act=goods&op=index&goods_id=272">喷绘布/广告牌/喷画/灯箱布/户外喷绘布/舞台背景招牌布</a></dt>\r\n							<dd>价&nbsp;&nbsp;格：&yen;8.00</dd>\r\n							<dd>运&nbsp;&nbsp;费：&yen;10.00</dd>\r\n	                  		<dd nctype="collectbtn_272"><a href="javascript:void(0);" onclick="javascript:collect_goods(''272'',''succ'',''collectbtn_272'');">收藏该宝贝</a></dd>\r\n	                  	</dl>\r\n	                  </div>\r\n	             </div>', 1421201366, 0, 0, 0, 0, 0, 0, 1),
(62, 0, 0, 0, 24, '骑士红红', 'avatar_24.jpg', '分享了商品', '<div class="fd-media">\r\n					<div class="goodsimg"><a target="_blank" href="http://www.infol.com.cn/shop/index.php?act=goods&op=index&goods_id=273"><img src="http://www.infol.com.cn/data/upload/shop/store/goods/2/2_04716712199605452_240.jpg" onload="javascript:DrawImage(this,120,120);" alt="高清户内外写真/防水防晒写真画面/防水海报/制度牌"></a></div>\r\n					<div class="goodsinfo">\r\n						<dl>\r\n							<dt><a target="_blank" href="http://www.infol.com.cn/shop/index.php?act=goods&op=index&goods_id=273">高清户内外写真/防水防晒写真画面/防水海报/制度牌</a></dt>\r\n							<dd>价&nbsp;&nbsp;格：&yen;18.00</dd>\r\n							<dd>运&nbsp;&nbsp;费：&yen;0.00</dd>\r\n	                  		<dd nctype="collectbtn_273"><a href="javascript:void(0);" onclick="javascript:collect_goods(''273'',''succ'',''collectbtn_273'');">收藏该宝贝</a></dd>\r\n	                  	</dl>\r\n	                  </div>\r\n	             </div>', 1421201414, 0, 0, 0, 0, 0, 0, 1),
(63, 0, 0, 0, 24, '骑士红红', 'avatar_24.jpg', '分享了商品', '<div class="fd-media">\r\n					<div class="goodsimg"><a target="_blank" href="http://www.infol.com.cn/shop/index.php?act=goods&op=index&goods_id=314"><img src="http://www.infol.com.cn/data/upload/shop/store/goods/1/1_04742053355689344_240.jpg" onload="javascript:DrawImage(this,120,120);" alt="地道土猪肉 原生态农家土猪肉 味道鲜甜 满嘴留香 30斤起售"></a></div>\r\n					<div class="goodsinfo">\r\n						<dl>\r\n							<dt><a target="_blank" href="http://www.infol.com.cn/shop/index.php?act=goods&op=index&goods_id=314">地道土猪肉 原生态农家土猪肉 味道鲜甜 满嘴留香 30斤起售</a></dt>\r\n							<dd>价&nbsp;&nbsp;格：&yen;390.00</dd>\r\n							<dd>运&nbsp;&nbsp;费：&yen;0.00</dd>\r\n	                  		<dd nctype="collectbtn_314"><a href="javascript:void(0);" onclick="javascript:collect_goods(''314'',''succ'',''collectbtn_314'');">收藏该宝贝</a></dd>\r\n	                  	</dl>\r\n	                  </div>\r\n	             </div>', 1421201483, 0, 0, 0, 0, 0, 0, 1),
(64, 0, 0, 0, 24, '骑士红红', 'avatar_24.jpg', '分享了商品', '<div class="fd-media">\r\n					<div class="goodsimg"><a target="_blank" href="http://www.infol.com.cn/shop/index.php?act=goods&op=index&goods_id=301"><img src="http://www.infol.com.cn/data/upload/shop/store/goods/1/1_04728428330651916_240.jpg" onload="javascript:DrawImage(this,120,120);" alt="康汇园经典苹果醋 高档果醋饮料 酒店专供 净含量650L"></a></div>\r\n					<div class="goodsinfo">\r\n						<dl>\r\n							<dt><a target="_blank" href="http://www.infol.com.cn/shop/index.php?act=goods&op=index&goods_id=301">康汇园经典苹果醋 高档果醋饮料 酒店专供 净含量650L</a></dt>\r\n							<dd>价&nbsp;&nbsp;格：&yen;180.00</dd>\r\n							<dd>运&nbsp;&nbsp;费：&yen;10.00</dd>\r\n	                  		<dd nctype="collectbtn_301"><a href="javascript:void(0);" onclick="javascript:collect_goods(''301'',''succ'',''collectbtn_301'');">收藏该宝贝</a></dd>\r\n	                  	</dl>\r\n	                  </div>\r\n	             </div>', 1421201509, 0, 0, 0, 0, 0, 0, 1),
(65, 0, 0, 0, 34, 'bztcy', '', '分享了商品', '<div class="fd-media">\r\n					<div class="goodsimg"><a target="_blank" href="http://www.infol.com.cn/shop/index.php?act=goods&op=index&goods_id=330"><img src="http://www.infol.com.cn/data/upload/shop/store/goods/5/5_04753351520795463_240.jpg" onload="javascript:DrawImage(this,120,120);" alt="百丈潭茶叶礼盒 百丈潭潭峰茶3# 通城特产 上品绿茶 252g"></a></div>\r\n					<div class="goodsinfo">\r\n						<dl>\r\n							<dt><a target="_blank" href="http://www.infol.com.cn/shop/index.php?act=goods&op=index&goods_id=330">百丈潭茶叶礼盒 百丈潭潭峰茶3# 通城特产 上品绿茶 252g</a></dt>\r\n							<dd>价&nbsp;&nbsp;格：&yen;252.00</dd>\r\n							<dd>运&nbsp;&nbsp;费：&yen;5.00</dd>\r\n	                  		<dd nctype="collectbtn_330"><a href="javascript:void(0);" onclick="javascript:collect_goods(''330'',''succ'',''collectbtn_330'');">收藏该宝贝</a></dd>\r\n	                  	</dl>\r\n	                  </div>\r\n	             </div>', 1422087881, 0, 0, 0, 0, 0, 0, 1),
(66, 0, 0, 0, 17, '缘因有你', '', '抱着试试看的心情买了2斤，没想到上午11时下的单，中午吃完饭后卖家就把货送上门了，真的很快。味道不错，吃着很香，家里小孩抢着吃，赞一个！', '<div class="fd-media">\r\n					<div class="goodsimg"><a target="_blank" href="http://www.infol.com.cn/shop/index.php?act=goods&op=index&goods_id=357"><img src="http://www.infol.com.cn/data/upload/shop/store/goods/7/7_04765310723591147_240.jpg" onload="javascript:DrawImage(this,120,120);" alt="巴旦木 坚果零食 新疆薄壳杏仁手剥扁桃仁 500g  小珍珠"></a></div>\r\n					<div class="goodsinfo">\r\n						<dl>\r\n							<dt><a target="_blank" href="http://www.infol.com.cn/shop/index.php?act=goods&op=index&goods_id=357">巴旦木 坚果零食 新疆薄壳杏仁手剥扁桃仁 500g  小珍珠</a></dt>\r\n							<dd>价&nbsp;&nbsp;格：&yen;25.80</dd>\r\n							<dd>运&nbsp;&nbsp;费：&yen;5.00</dd>\r\n	                  		<dd nctype="collectbtn_357"><a href="javascript:void(0);" onclick="javascript:collect_goods(''357'',''succ'',''collectbtn_357'');">收藏该宝贝</a></dd>\r\n	                  	</dl>\r\n	                  </div>\r\n	             </div>', 1423742167, 0, 0, 0, 0, 0, 0, 1),
(67, 0, 0, 0, 17, '缘因有你', '', '发表了商品晒单', '\r\n            <div class=''fd-media''>\r\n            <div class=''goodsimg''><a target="_blank" href="http://www.infol.com.cn/shop/index.php?act=goods&op=index&goods_id=347"><img src="http://www.infol.com.cn/data/upload/shop/member/17/17_04770866882947704_240.jpg" title="碧根果 长寿果美国山核桃坚果零食奶油味  500g" alt="碧根果 长寿果美国山核桃坚果零食奶油味  500g"></a></div>\r\n            <div class=''goodsinfo''>\r\n            <dl>\r\n            <dt><a target="_blank" href="http://www.infol.com.cn/shop/index.php?act=goods&op=index&goods_id=347">碧根果 长寿果美国山核桃坚果零食奶油味  500g</a></dt>\r\n            <dd>价格：&yen;33.50</dd>\r\n            <dd><a target="_blank" href="http://www.infol.com.cn/shop/index.php?act=goods&op=index&goods_id=347">去看看</a></dd>\r\n            </dl>\r\n            </div>\r\n            </div>\r\n            ', 1423742707, 0, 0, 0, 0, 0, 0, 1),
(68, 0, 0, 0, 17, '缘因有你', '', '发表了商品晒单', '\r\n            <div class=''fd-media''>\r\n            <div class=''goodsimg''><a target="_blank" href="http://www.infol.com.cn/shop/index.php?act=goods&op=index&goods_id=357"><img src="http://www.infol.com.cn/data/upload/shop/member/17/17_04770867271277450_240.jpg" title="巴旦木 坚果零食 新疆薄壳杏仁手剥扁桃仁 500g  小珍珠" alt="巴旦木 坚果零食 新疆薄壳杏仁手剥扁桃仁 500g  小珍珠"></a></div>\r\n            <div class=''goodsinfo''>\r\n            <dl>\r\n            <dt><a target="_blank" href="http://www.infol.com.cn/shop/index.php?act=goods&op=index&goods_id=357">巴旦木 坚果零食 新疆薄壳杏仁手剥扁桃仁 500g  小珍珠</a></dt>\r\n            <dd>价格：&yen;25.80</dd>\r\n            <dd><a target="_blank" href="http://www.infol.com.cn/shop/index.php?act=goods&op=index&goods_id=357">去看看</a></dd>\r\n            </dl>\r\n            </div>\r\n            </div>\r\n            ', 1423743045, 0, 0, 0, 0, 0, 0, 1);
INSERT INTO `cor_sns_tracelog` (`trace_id`, `trace_originalid`, `trace_originalmemberid`, `trace_originalstate`, `trace_memberid`, `trace_membername`, `trace_memberavatar`, `trace_title`, `trace_content`, `trace_addtime`, `trace_state`, `trace_privacy`, `trace_commentcount`, `trace_copycount`, `trace_orgcommentcount`, `trace_orgcopycount`, `trace_from`) VALUES
(69, 0, 0, 0, 17, '缘因有你', '', '我很喜欢这个哦~', '<div class="fd-media">\r\n				<div class="goodsimg"><a target="_blank" href="http://www.infol.com.cn/shop/index.php?act=goods&op=index&goods_id=357"><img src="http://www.infol.com.cn/data/upload/shop/store/goods/7/7_04765310723591147_240.jpg" onload="javascript:DrawImage(this,120,120);" alt="巴旦木 坚果零食 新疆薄壳杏仁手剥扁桃仁 500g  小珍珠"></a></div>\r\n				<div class="goodsinfo">\r\n					<dl>\r\n						<dt><a target="_blank" href="http://www.infol.com.cn/shop/index.php?act=goods&op=index&goods_id=357">巴旦木 坚果零食 新疆薄壳杏仁手剥扁桃仁 500g  小珍珠</a></dt>\r\n						<dd>价&nbsp;&nbsp;格：&yen;25.80</dd>\r\n						<dd>运&nbsp;&nbsp;费：&yen;5.00</dd>\r\n                  		<dd nctype="collectbtn_357"><a href="javascript:void(0);" onclick="javascript:collect_goods(''357'',''succ'',''collectbtn_357'');">收藏该宝贝</a>&nbsp;&nbsp;(0人收藏)</dd>\r\n                  	</dl>\r\n                  </div>\r\n             </div>', 1423745272, 0, 0, 0, 0, 0, 0, 1),
(70, 0, 0, 0, 8, '乐生活', '', '祝B2B2C电商平台在2015年进入创收通道，羊年大发！', '', 1424825597, 0, 0, 0, 0, 0, 0, 1),
(71, 0, 0, 0, 49, '宇先生', '', '人生本来就是一场即兴演出，没有做不成的梦，只有不早醒的人。:sun:', '', 1425613436, 0, 0, 0, 0, 0, 0, 1),
(72, 0, 0, 0, 49, '宇先生', 'avatar_49.jpg', '愿你经历过生命中无数突如其来的繁华和苍凉，你已从弱小的身影变成别人可依靠的肩膀。:sun:', '', 1425690671, 0, 0, 0, 0, 0, 0, 1),
(73, 0, 0, 0, 49, '宇先生', 'avatar_49.jpg', '起风的日子学会依风起舞，落雨的时候学会为自己撑起一把伞。生活有望穿秋水的期待，也会有的意想不到的欣喜。:sun:', '', 1425775837, 0, 0, 0, 0, 0, 0, 1),
(74, 0, 0, 0, 2, 'haha', 'avatar_2.jpg', '', '<div class=''fd-media''><div class=''goodsimg''><a target=''_blank'' href=''http://www.infol.com.cn/circle/index.php?act=theme&op=theme_detail&c_id=3&t_id=10''><img src=''http://www.infol.com.cn/data/upload/circle/theme/9/9/49/04791279375325026_160x160.jpg'' onload=''javascript:DrawImage(this,120,120);''></a></div><div class="goodsinfo"><p>haha在圈子“写手部落”分享话题：</p><p>“诗歌赏析：当你老了”&nbsp;&nbsp;<a href=''http://www.infol.com.cn/circle/index.php?act=theme&op=theme_detail&c_id=3&t_id=10''>去看看</a></p></div></div>', 1425784284, 0, 0, 0, 0, 0, 0, 5),
(75, 0, 0, 0, 49, '宇先生', 'avatar_49.jpg', '忧虑就是浪费时间，它不会改变任何事，只能搅乱你的脑袋，偷走你的快乐。:sun:', '', 1425866030, 0, 0, 0, 0, 0, 0, 1),
(76, 0, 0, 0, 49, '宇先生', 'avatar_49.jpg', '有时候，人生是要流着泪、咬着牙，学着做一个沉默而高尚的人 。', '', 1425973705, 0, 0, 0, 0, 0, 0, 1),
(77, 0, 0, 0, 49, '宇先生', 'avatar_49.jpg', '我不需要多么完美的爱情 我只需要有一个人永远不会放弃我。', '', 1426141674, 0, 0, 0, 0, 0, 0, 1),
(78, 0, 0, 0, 49, '宇先生', 'avatar_49.jpg', '在困苦中依然能感觉每天都比昨天好，已经是最了不起了！:sun:', '', 1426297258, 0, 0, 0, 0, 0, 0, 1),
(79, 0, 0, 0, 49, '宇先生', 'avatar_49.jpg', '人生有两条路，一条需要用心走，叫做梦想；一条需要用脚走，叫做现实。', '', 1426467758, 0, 0, 0, 0, 0, 0, 1);

-- --------------------------------------------------------

--
-- 表的结构 `cor_sns_visitor`
--

CREATE TABLE IF NOT EXISTS `cor_sns_visitor` (
  `v_id` int(11) NOT NULL AUTO_INCREMENT COMMENT '自增ID',
  `v_mid` int(11) NOT NULL COMMENT '访客会员ID',
  `v_mname` varchar(100) NOT NULL COMMENT '访客会员名称',
  `v_mavatar` varchar(100) DEFAULT NULL COMMENT '访客会员头像',
  `v_ownermid` int(11) NOT NULL COMMENT '主人会员ID',
  `v_ownermname` varchar(100) NOT NULL COMMENT '主人会员名称',
  `v_ownermavatar` varchar(100) DEFAULT NULL COMMENT '主人会员头像',
  `v_addtime` int(11) NOT NULL COMMENT '访问时间',
  PRIMARY KEY (`v_id`)
) ENGINE=InnoDB  DEFAULT CHARSET=utf8 COMMENT='sns访客表' AUTO_INCREMENT=27 ;

--
-- 转存表中的数据 `cor_sns_visitor`
--

INSERT INTO `cor_sns_visitor` (`v_id`, `v_mid`, `v_mname`, `v_mavatar`, `v_ownermid`, `v_ownermname`, `v_ownermavatar`, `v_addtime`) VALUES
(1, 4, 'tcdq', '', 2, 'haha', '', 1416531705),
(2, 2, 'haha', '', 4, 'tcdq', '', 1416135724),
(3, 5, 'xiner', 'avatar_5.jpg', 7, 'lingling1314', 'avatar_7.jpg', 1416466496),
(4, 2, 'haha', 'avatar_2.jpg', 5, 'xiner', 'avatar_5.jpg', 1416738501),
(5, 8, '乐生活', '', 5, 'xiner', 'avatar_5.jpg', 1416615702),
(6, 5, 'xiner', 'avatar_5.jpg', 8, '乐生活', '', 1416973395),
(7, 7, 'lingling1314', 'avatar_7.jpg', 5, 'xiner', 'avatar_5.jpg', 1416540033),
(8, 5, 'xiner', 'avatar_5.jpg', 2, 'haha', 'avatar_2.jpg', 1416734715),
(9, 5, 'xiner', 'avatar_5.jpg', 1, 'corshop', '', 1416811940),
(10, 1, 'corshop', '', 5, 'xiner', 'avatar_5.jpg', 1417070811),
(11, 13, '15872036688', '', 12, '花儿谢了', '', 1417656548),
(12, 13, '15872036688', '', 5, 'xiner', 'avatar_5.jpg', 1417656554),
(13, 5, 'xiner', 'avatar_5.jpg', 13, '15872036688', '', 1417827198),
(14, 7, 'lingling1314', 'avatar_7.jpg', 12, '花儿谢了', '', 1418326779),
(15, 53, 'yigeren', '', 8, '乐生活', '', 1425630528),
(16, 49, '宇先生', 'avatar_49.jpg', 50, 'liyulinlaoshi', '', 1425633644),
(17, 52, '信念', '', 49, '宇先生', 'avatar_49.jpg', 1425996819),
(18, 52, '信念', '', 2, 'haha', 'avatar_2.jpg', 1425646776),
(19, 49, '宇先生', 'avatar_49.jpg', 5, 'xiner', 'avatar_5.jpg', 1425696281),
(20, 58, '洛丽塔', '', 49, '宇先生', 'avatar_49.jpg', 1425746761),
(21, 49, '宇先生', 'avatar_49.jpg', 52, '信念', '', 1425775857),
(22, 49, '宇先生', 'avatar_49.jpg', 58, '洛丽塔', '', 1425775907),
(23, 50, 'liyulinlaoshi', '', 49, '宇先生', 'avatar_49.jpg', 1426120311),
(24, 2, 'haha', 'avatar_2.jpg', 60, '皮江星', '', 1426149330),
(25, 49, '宇先生', 'avatar_49.jpg', 63, '广场有鸟', '', 1426466457),
(26, 49, '宇先生', 'avatar_49.jpg', 2, 'haha', 'avatar_2.jpg', 1426319003);

-- --------------------------------------------------------

--
-- 表的结构 `cor_spec`
--

CREATE TABLE IF NOT EXISTS `cor_spec` (
  `sp_id` int(10) unsigned NOT NULL AUTO_INCREMENT COMMENT '规格id',
  `sp_name` varchar(100) NOT NULL COMMENT '规格名称',
  `sp_sort` tinyint(1) unsigned NOT NULL COMMENT '排序',
  `class_id` int(10) unsigned DEFAULT '0' COMMENT '所属分类id',
  `class_name` varchar(100) DEFAULT NULL COMMENT '所属分类名称',
  PRIMARY KEY (`sp_id`)
) ENGINE=InnoDB  DEFAULT CHARSET=utf8 COMMENT='商品规格表' AUTO_INCREMENT=25 ;

--
-- 转存表中的数据 `cor_spec`
--

INSERT INTO `cor_spec` (`sp_id`, `sp_name`, `sp_sort`, `class_id`, `class_name`) VALUES
(1, '颜色', 0, 0, ''),
(15, '尺码', 0, 0, ''),
(16, '尺寸', 0, 0, ''),
(17, '宽幅', 0, 0, ''),
(18, '印数', 0, 0, ''),
(21, '型号', 0, 0, ''),
(24, '数量', 0, 0, '');

-- --------------------------------------------------------

--
-- 表的结构 `cor_spec_value`
--

CREATE TABLE IF NOT EXISTS `cor_spec_value` (
  `sp_value_id` int(10) unsigned NOT NULL AUTO_INCREMENT COMMENT '规格值id',
  `sp_value_name` varchar(100) NOT NULL COMMENT '规格值名称',
  `sp_id` int(10) unsigned NOT NULL COMMENT '所属规格id',
  `gc_id` int(10) unsigned NOT NULL COMMENT '分类id',
  `store_id` int(10) unsigned NOT NULL COMMENT '店铺id',
  `sp_value_color` varchar(10) DEFAULT NULL COMMENT '规格颜色',
  `sp_value_sort` tinyint(1) unsigned NOT NULL COMMENT '排序',
  PRIMARY KEY (`sp_value_id`),
  KEY `store_id` (`store_id`)
) ENGINE=InnoDB  DEFAULT CHARSET=utf8 COMMENT='商品规格值表' AUTO_INCREMENT=447 ;

--
-- 转存表中的数据 `cor_spec_value`
--

INSERT INTO `cor_spec_value` (`sp_value_id`, `sp_value_name`, `sp_id`, `gc_id`, `store_id`, `sp_value_color`, `sp_value_sort`) VALUES
(221, '落月黄', 1, 15, 1, '#ffff00', 1),
(222, '蓝色', 1, 15, 1, '#4f81bd', 2),
(223, '白色', 1, 15, 1, '#ffffff', 3),
(224, '绿色', 1, 15, 1, '#00b050', 4),
(225, '梅红', 1, 15, 1, '#b2a2c7', 5),
(226, '黑色', 1, 15, 1, '#000000', 6),
(227, '橙色', 1, 15, 1, '#f79646', 7),
(228, '灰色', 1, 14, 1, '#d8d8d8', 8),
(239, '绿色', 1, 14, 1, '#92d050', 1),
(240, '梅红', 1, 14, 1, '#c0504d', 2),
(241, '蓝色', 1, 14, 1, '#4f81bd', 3),
(242, '黑色', 1, 14, 1, '#000000', 4),
(243, '橙色', 1, 14, 1, '#f79646', 5),
(244, '红色', 1, 16, 1, '#ff0000', 1),
(245, '黑色', 1, 13, 1, '#000000', 1),
(246, '白色', 1, 12, 1, '#ffffff', 1),
(247, '条纹', 1, 12, 1, '#4f81bd', 2),
(248, '黑色', 1, 12, 1, '#000000', 3),
(249, '白色', 1, 14, 1, '#ffffff', 6),
(250, '紫色', 1, 14, 1, '#8064a2', 7),
(251, '粉色', 1, 14, 1, '#ff99ff', 9),
(252, '薄荷绿', 1, 58, 1, '#ebf1dd', 1),
(253, '肤色', 1, 58, 1, '#fdeada', 2),
(391, '法国 黑色', 1, 620, 1, '#000000', 1),
(392, '法国 红色', 1, 620, 1, '#c00000', 2),
(393, '法国 棕色', 1, 620, 1, '#938953', 3),
(394, '比利时 黑色', 1, 620, 1, '#000000', 4),
(395, '比利时 棕色', 1, 620, 1, '#7f7f7f', 5),
(396, '1', 1, 617, 1, '#ffffff', 1),
(397, '2', 1, 617, 1, '#ffffff', 2),
(398, '3', 1, 617, 1, '#ffffff', 3),
(399, '4', 1, 617, 1, '#ffffff', 4),
(400, '5', 1, 617, 1, '#ffffff', 5),
(402, '6', 1, 617, 1, '#ffffff', 6),
(408, '1', 15, 36, 1, NULL, 1),
(409, '2', 15, 36, 1, NULL, 2),
(410, '3', 15, 36, 1, NULL, 3),
(411, '4', 15, 36, 1, NULL, 4),
(412, '5', 15, 36, 1, NULL, 5),
(413, '1', 1, 36, 1, '#000000', 1),
(414, '2', 1, 36, 1, '#d8d8d8', 2),
(415, '3', 1, 36, 1, '#595959', 3),
(416, '4', 1, 36, 1, '#c6d9f0', 4),
(417, '5', 1, 36, 1, '#f2dcdb', 5),
(418, '6', 1, 36, 1, '#938953', 6),
(419, '7', 1, 36, 1, '#ddd9c3', 7),
(421, '红色', 1, 1055, 1, NULL, 0),
(422, '黑色', 1, 1055, 1, NULL, 0),
(423, '红白', 1, 1055, 1, NULL, 0),
(428, '白色', 1, 1055, 1, NULL, 0),
(429, '黄色', 1, 1055, 1, NULL, 0),
(430, '桔色', 1, 1055, 1, NULL, 0),
(431, '蓝色', 1, 1055, 1, NULL, 0),
(432, '银色', 1, 1055, 1, NULL, 0),
(433, '2盒', 18, 1080, 2, NULL, 0),
(434, '5盒', 18, 1080, 2, NULL, 0),
(435, '10盒', 18, 1080, 2, NULL, 0),
(437, '2瓶', 24, 634, 1, NULL, 0),
(438, '4瓶', 24, 634, 1, NULL, 0),
(439, '6瓶', 24, 634, 1, NULL, 0),
(440, '1件', 24, 634, 1, NULL, 0),
(442, '冷热带支架', 21, 330, 4, NULL, 0),
(443, '2', 24, 628, 6, NULL, 0),
(444, '一件6瓶', 24, 628, 6, NULL, 0),
(445, '10', 24, 617, 7, NULL, 0),
(446, '500', 24, 617, 7, NULL, 0);

-- --------------------------------------------------------

--
-- 表的结构 `cor_stat_member`
--

CREATE TABLE IF NOT EXISTS `cor_stat_member` (
  `statm_id` int(11) NOT NULL AUTO_INCREMENT COMMENT '自增ID',
  `statm_memberid` int(11) NOT NULL COMMENT '会员ID',
  `statm_membername` varchar(100) NOT NULL COMMENT '会员名称',
  `statm_time` int(11) NOT NULL COMMENT '统计时间，当前按照最小时间单位为天',
  `statm_ordernum` int(11) NOT NULL DEFAULT '0' COMMENT '下单量',
  `statm_orderamount` decimal(10,2) NOT NULL DEFAULT '0.00' COMMENT '下单金额',
  `statm_goodsnum` int(11) NOT NULL DEFAULT '0' COMMENT '下单商品件数',
  `statm_predincrease` decimal(10,2) NOT NULL DEFAULT '0.00' COMMENT '预存款增加额',
  `statm_predreduce` decimal(10,2) NOT NULL DEFAULT '0.00' COMMENT '预存款减少额',
  `statm_pointsincrease` int(11) NOT NULL DEFAULT '0' COMMENT '积分增加额',
  `statm_pointsreduce` int(11) NOT NULL DEFAULT '0' COMMENT '积分减少额',
  `statm_updatetime` int(11) NOT NULL COMMENT '记录更新时间',
  PRIMARY KEY (`statm_id`)
) ENGINE=InnoDB DEFAULT CHARSET=utf8 COMMENT='会员相关数据统计' AUTO_INCREMENT=1 ;

-- --------------------------------------------------------

--
-- 表的结构 `cor_store`
--

CREATE TABLE IF NOT EXISTS `cor_store` (
  `store_id` int(11) NOT NULL AUTO_INCREMENT COMMENT '店铺索引id',
  `store_name` varchar(50) NOT NULL COMMENT '店铺名称',
  `store_score` tinyint(1) unsigned NOT NULL DEFAULT '0',
  `store_auth` tinyint(1) DEFAULT '0' COMMENT '店铺认证',
  `name_auth` tinyint(1) DEFAULT '0' COMMENT '店主认证',
  `grade_id` int(11) NOT NULL COMMENT '店铺等级',
  `member_id` int(11) NOT NULL COMMENT '会员id',
  `member_name` varchar(50) NOT NULL COMMENT '会员名称',
  `seller_name` varchar(50) DEFAULT NULL COMMENT '店主卖家用户名',
  `store_owner_card` varchar(50) NOT NULL COMMENT '身份证',
  `sc_id` int(11) NOT NULL COMMENT '店铺分类',
  `store_company_name` varchar(50) DEFAULT NULL COMMENT '店铺公司名称',
  `area_id` int(11) NOT NULL COMMENT '地区id',
  `area_info` varchar(100) NOT NULL COMMENT '地区内容，冗余数据',
  `store_address` varchar(100) NOT NULL COMMENT '详细地区',
  `store_zip` varchar(10) NOT NULL COMMENT '邮政编码',
  `store_tel` varchar(50) NOT NULL COMMENT '电话号码',
  `store_image` varchar(100) DEFAULT NULL COMMENT '证件上传',
  `store_image1` varchar(100) DEFAULT NULL COMMENT '执照上传',
  `store_state` tinyint(1) NOT NULL DEFAULT '2' COMMENT '店铺状态，0关闭，1开启，2审核中',
  `store_close_info` varchar(255) DEFAULT NULL COMMENT '店铺关闭原因',
  `store_sort` int(11) NOT NULL DEFAULT '0' COMMENT '店铺排序',
  `store_time` varchar(10) NOT NULL COMMENT '店铺时间',
  `store_end_time` varchar(10) DEFAULT NULL COMMENT '店铺关闭时间',
  `store_label` varchar(255) DEFAULT NULL COMMENT '店铺logo',
  `store_banner` varchar(255) DEFAULT NULL COMMENT '店铺横幅',
  `store_keywords` varchar(255) NOT NULL DEFAULT '' COMMENT '店铺seo关键字',
  `store_description` varchar(255) NOT NULL DEFAULT '' COMMENT '店铺seo描述',
  `store_qq` varchar(50) DEFAULT NULL COMMENT 'QQ',
  `store_ww` varchar(50) DEFAULT NULL COMMENT '阿里旺旺',
  `description` text COMMENT '店铺简介',
  `store_zy` text COMMENT '主营商品',
  `store_domain` varchar(50) DEFAULT NULL COMMENT '店铺二级域名',
  `store_domain_times` tinyint(1) unsigned DEFAULT '0' COMMENT '二级域名修改次数',
  `store_recommend` tinyint(1) NOT NULL DEFAULT '0' COMMENT '推荐，0为否，1为是，默认为0',
  `store_theme` varchar(50) NOT NULL DEFAULT 'default' COMMENT '店铺当前主题',
  `store_credit` int(10) NOT NULL DEFAULT '0' COMMENT '店铺信用',
  `praise_rate` float NOT NULL DEFAULT '0' COMMENT '店铺好评率',
  `store_desccredit` float NOT NULL DEFAULT '0' COMMENT '描述相符度分数',
  `store_servicecredit` float NOT NULL DEFAULT '0' COMMENT '服务态度分数',
  `store_deliverycredit` float NOT NULL DEFAULT '0' COMMENT '发货速度分数',
  `store_collect` int(10) unsigned NOT NULL DEFAULT '0' COMMENT '店铺收藏数量',
  `store_slide` text COMMENT '店铺幻灯片',
  `store_slide_url` text COMMENT '店铺幻灯片链接',
  `store_stamp` varchar(200) DEFAULT NULL COMMENT '店铺印章',
  `store_printdesc` varchar(500) DEFAULT NULL COMMENT '打印订单页面下方说明文字',
  `store_sales` int(10) unsigned NOT NULL DEFAULT '0' COMMENT '店铺销量',
  `store_presales` text COMMENT '售前客服',
  `store_aftersales` text COMMENT '售后客服',
  `store_workingtime` varchar(100) DEFAULT NULL COMMENT '工作时间',
  `store_free_price` decimal(10,2) unsigned NOT NULL DEFAULT '0.00' COMMENT '超出该金额免运费，大于0才表示该值有效',
  `store_storage_alarm` tinyint(3) unsigned NOT NULL DEFAULT '10' COMMENT '库存警报',
  PRIMARY KEY (`store_id`),
  KEY `store_name` (`store_name`),
  KEY `sc_id` (`sc_id`),
  KEY `area_id` (`area_id`),
  KEY `store_state` (`store_state`)
) ENGINE=InnoDB  DEFAULT CHARSET=utf8 COMMENT='店铺数据表' AUTO_INCREMENT=12 ;

--
-- 转存表中的数据 `cor_store`
--

INSERT INTO `cor_store` (`store_id`, `store_name`, `store_score`, `store_auth`, `name_auth`, `grade_id`, `member_id`, `member_name`, `seller_name`, `store_owner_card`, `sc_id`, `store_company_name`, `area_id`, `area_info`, `store_address`, `store_zip`, `store_tel`, `store_image`, `store_image1`, `store_state`, `store_close_info`, `store_sort`, `store_time`, `store_end_time`, `store_label`, `store_banner`, `store_keywords`, `store_description`, `store_qq`, `store_ww`, `description`, `store_zy`, `store_domain`, `store_domain_times`, `store_recommend`, `store_theme`, `store_credit`, `praise_rate`, `store_desccredit`, `store_servicecredit`, `store_deliverycredit`, `store_collect`, `store_slide`, `store_slide_url`, `store_stamp`, `store_printdesc`, `store_sales`, `store_presales`, `store_aftersales`, `store_workingtime`, `store_free_price`, `store_storage_alarm`) VALUES
(1, '官方店铺', 5, 0, 0, 6, 1, 'corshop', 'corshop_seller', '', 5, 'B2B2C电商平台官方店铺', 0, '广东省深圳市宝安区', '广东省深圳市宝安区通泰市场七栋18号', '', '', NULL, NULL, 1, '', 0, '1387942806', '', NULL, NULL, '', '', '1526259626', '鹰击长空361', NULL, '', NULL, 0, 0, 'style2', 0, 0, 0, 0, 0, 2, NULL, NULL, NULL, NULL, 0, 'a:1:{i:0;a:3:{s:4:"name";s:7:"售前1";s:4:"type";i:2;s:3:"num";s:15:"鹰击长空361";}}', 'a:1:{i:0;a:3:{s:4:"name";s:7:"售后1";s:4:"type";i:2;s:3:"num";s:15:"鹰击长空361";}}', '8:00-18:00', '0.00', 10),
(2, '大琪广告印务', 5, 0, 0, 6, 4, 'tcdq', 'tcdqgs', '', 12, '大琪广告', 0, '广东省 深圳市 宝安区', '广东省深圳市宝安区北门老转盘', '', '', NULL, NULL, 1, '', 0, '1416294301', '', '04697101442133592.png', '04697116570552268.jpg', '', '', '418559924', '', NULL, '网店装修,商品拍照,网店代运营,图文快印,广告传媒', NULL, 0, 0, 'style1', 0, 0, 0, 0, 0, 4, '04712553977100145.jpg,04712554096279077.jpg,04712554232567592.jpg,04712577873593289.jpg,', 'http://,http://,http://,http://,http://', NULL, NULL, 0, 'a:1:{i:0;a:3:{s:4:"name";s:7:"售前1";s:4:"type";i:1;s:3:"num";s:9:"727582069";}}', 'a:1:{i:0;a:3:{s:4:"name";s:7:"售后1";s:4:"type";i:1;s:3:"num";s:9:"418559924";}}', '8:00-18:00', '0.00', 10),
(3, '南京盈放科技', 5, 0, 0, 6, 6, 'fdxmslx', 'fdxmslx', '', 4, '店铺名称', 0, '北京 北京市 东城区', '湖北大厦', '', '', NULL, NULL, 0, '测试数据', 0, '1416391038', '', NULL, NULL, '', '', NULL, NULL, NULL, '', NULL, 0, 0, 'default', 0, 0, 0, 0, 0, 0, NULL, NULL, NULL, NULL, 0, NULL, NULL, NULL, '0.00', 10),
(4, '吉米健康水世界', 0, 0, 0, 7, 15, '淘几个喜欢', '吉米环保', '', 28, '咸宁吉米环保设备有限公司', 0, '广东省 深圳市 宝安区', '秀水大道503号', '', '', NULL, NULL, 1, NULL, 0, '1418601622', NULL, '04726775641440541.png', '04726819208704198.jpg', '', '', '', '', NULL, '奔泰净水机，碧丽节能饮水机，汉尔普即开式节能直饮机，碧涞空气能，节能开水器，中央净水机组', NULL, 0, 0, 'style1', 0, 0, 0, 0, 0, 0, '04726831734995495.jpg,04726833372369963.jpg,,,', 'http://,http://,http://,http://,http://', NULL, NULL, 0, NULL, NULL, NULL, '0.00', 10),
(5, '通城百丈潭茶业旗舰店', 0, 0, 0, 5, 34, 'bztcy', '百丈潭茶业', '', 8, '通城县百丈潭茶业有限公司', 0, '广东省 深圳市 宝安区', '隽水镇民主北路389号', '', '', NULL, NULL, 1, NULL, 0, '1421980466', NULL, '04754158612757992.png', '04754251109373836.jpg', '', '', '1544879121', '', NULL, '茶叶   茶具', NULL, 0, 0, 'style2', 0, 0, 0, 0, 0, 0, '04754269920093383.jpg,04754270025632963.jpg,04754270185649056.jpg,,', 'http://,http://,http://,http://,http://', NULL, NULL, 0, NULL, NULL, NULL, '0.00', 10),
(6, '稻花香三麦酒', 0, 0, 0, 1, 40, 'smj', '三麦酒', '', 8, '稻花香三麦酒', 0, '广东省 深圳市 宝安区', '通城县隽水大道一巷6号', '', '', NULL, NULL, 1, NULL, 0, '1422429686', NULL, '04758417258155595.png', '04758445957408839.jpg', '三麦酒,白酒,稻花香', '', '916418548', '', NULL, '三麦酒', NULL, 0, 0, 'default', 0, 0, 0, 0, 0, 0, '04758450430651680.jpg,04758450460399552.jpg,04758450494050184.jpg,,', 'http://,http://,http://,http://,http://', NULL, NULL, 0, 'a:1:{i:0;a:3:{s:4:"name";s:7:"售前1";s:4:"type";i:1;s:3:"num";s:9:"916418548";}}', 'a:1:{i:0;a:3:{s:4:"name";s:7:"售后1";s:4:"type";i:1;s:3:"num";s:9:"916418548";}}', '', '0.00', 10),
(7, '小陆干果', 0, 0, 0, 2, 41, 'kayvin', '小陆干果', '', 8, '小陆干果', 0, '广东省 深圳市 宝安区', '隽水镇隽水市场80号', '', '', NULL, NULL, 1, NULL, 0, '1422504755', NULL, '04762109781550931.png', '04769823311631709.png', '', '', '277405656', '', NULL, '新疆纸皮核桃、云南核桃、和田大枣、若羌枣、杏仁、夏威夷果、松籽、碧根果、话梅、无花果、枸杞、香菇等', NULL, 0, 0, 'style2', 0, 0, 0, 0, 0, 0, '04769703128671585.jpg,04769758395166759.jpg,04769760620132750.jpg,04769761605810400.jpg,04769765963022271.jpg', 'http://,http://,http://,http://,http://', NULL, NULL, 0, NULL, NULL, NULL, '0.00', 10),
(8, '博洋家纺经销店', 0, 0, 0, 2, 70, '黎小荣', '博洋家纺', '', 38, '博洋家纺经销店', 0, '广东省 深圳市 宝安区', '通城县步行街107号', '', '', NULL, NULL, 1, NULL, 0, '1426582247', NULL, NULL, NULL, '', '', NULL, NULL, NULL, '', NULL, 0, 0, 'default', 0, 0, 0, 0, 0, 0, NULL, NULL, NULL, NULL, 0, NULL, NULL, NULL, '0.00', 10),
(9, '通城县正泰电器经销部', 0, 0, 0, 3, 68, '正泰电气', '正泰电气', '', 28, '通城县正泰电器经销部', 0, '广东省 深圳市 宝安区', '湖北通城县古龙路广电楼下', '', '', NULL, NULL, 1, NULL, 0, '1426649622', NULL, NULL, NULL, '', '', NULL, NULL, NULL, '', NULL, 0, 0, 'default', 0, 0, 0, 0, 0, 0, NULL, NULL, NULL, NULL, 0, NULL, NULL, NULL, '0.00', 10),
(10, '通城小王家电', 0, 0, 0, 2, 67, 'wxg2015', 'wxg2015', '', 28, '小王家电', 0, '广东省 深圳市 宝安区', '通城县隽水镇隽水大道219号', '', '', NULL, NULL, 1, NULL, 0, '1426670142', NULL, NULL, NULL, '', '', NULL, NULL, NULL, '', NULL, 0, 0, 'default', 0, 0, 0, 0, 0, 0, NULL, NULL, NULL, NULL, 0, 'a:1:{i:0;a:3:{s:4:"name";s:7:"售前1";s:4:"type";i:1;s:3:"num";s:10:"1043555122";}}', 'N;', '', '0.00', 10),
(11, '易和养生美容中心', 0, 0, 0, 3, 73, '易和养生', '易和养生', '', 6, '易和养生美容中心', 0, '广东省 深圳市 宝安区', '通城县湘汉路40号（老公安局门口）', '', '', NULL, NULL, 1, NULL, 0, '1426733808', NULL, NULL, NULL, '', '', NULL, NULL, NULL, '', NULL, 0, 0, 'default', 0, 0, 0, 0, 0, 0, NULL, NULL, NULL, NULL, 0, 'a:1:{i:0;a:3:{s:4:"name";s:7:"售前1";s:4:"type";i:1;s:3:"num";s:9:"495140668";}}', 'N;', '', '0.00', 10);

-- --------------------------------------------------------

--
-- 表的结构 `cor_store_bind_class`
--

CREATE TABLE IF NOT EXISTS `cor_store_bind_class` (
  `bid` int(10) unsigned NOT NULL AUTO_INCREMENT,
  `store_id` int(11) unsigned DEFAULT '0' COMMENT '店铺ID',
  `commis_rate` tinyint(4) unsigned DEFAULT '0' COMMENT '佣金比例',
  `class_1` mediumint(9) unsigned DEFAULT '0' COMMENT '一级分类',
  `class_2` mediumint(9) unsigned DEFAULT '0' COMMENT '二级分类',
  `class_3` mediumint(9) unsigned DEFAULT '0' COMMENT '三级分类',
  PRIMARY KEY (`bid`),
  KEY `store_id` (`store_id`)
) ENGINE=InnoDB  DEFAULT CHARSET=utf8 COMMENT='店铺可发布商品类目表' AUTO_INCREMENT=45 ;

--
-- 转存表中的数据 `cor_store_bind_class`
--

INSERT INTO `cor_store_bind_class` (`bid`, `store_id`, `commis_rate`, `class_1`, `class_2`, `class_3`) VALUES
(1, 2, 3, 1037, 1060, 1074),
(2, 2, 3, 1037, 1060, 1075),
(3, 2, 3, 1037, 1060, 1076),
(4, 2, 3, 1037, 1060, 1077),
(5, 2, 3, 1037, 1060, 1078),
(6, 2, 3, 1037, 1061, 1079),
(7, 2, 3, 1037, 1061, 1080),
(8, 2, 3, 1037, 1061, 1081),
(9, 2, 3, 1037, 1061, 1082),
(10, 2, 3, 1037, 1061, 1083),
(11, 3, 5, 1, 4, 12),
(12, 4, 5, 308, 310, 330),
(15, 5, 8, 593, 599, 636),
(16, 5, 8, 593, 595, 615),
(17, 5, 5, 888, 935, 936),
(19, 6, 5, 593, 598, 628),
(20, 7, 3, 593, 596, 617),
(21, 8, 5, 3, 200, 206),
(22, 8, 5, 3, 200, 207),
(23, 8, 5, 3, 200, 208),
(24, 8, 5, 3, 200, 210),
(25, 8, 5, 3, 200, 212),
(26, 8, 5, 3, 200, 213),
(27, 9, 5, 308, 313, 386),
(28, 9, 5, 308, 313, 375),
(29, 9, 5, 308, 313, 388),
(30, 9, 5, 308, 313, 387),
(31, 9, 5, 308, 313, 378),
(32, 10, 5, 308, 309, 314),
(33, 10, 5, 308, 309, 315),
(34, 10, 5, 308, 309, 316),
(35, 10, 5, 308, 309, 317),
(36, 10, 5, 308, 309, 318),
(37, 10, 5, 308, 309, 319),
(38, 10, 5, 308, 309, 320),
(39, 10, 5, 308, 309, 321),
(40, 10, 5, 308, 309, 322),
(41, 10, 5, 308, 309, 323),
(42, 10, 5, 308, 309, 324),
(43, 10, 5, 308, 309, 325),
(44, 11, 0, 1037, 1063, 1072);

-- --------------------------------------------------------

--
-- 表的结构 `cor_store_class`
--

CREATE TABLE IF NOT EXISTS `cor_store_class` (
  `sc_id` int(10) unsigned NOT NULL AUTO_INCREMENT COMMENT '索引ID',
  `sc_name` varchar(100) NOT NULL COMMENT '分类名称',
  `sc_parent_id` int(10) unsigned NOT NULL DEFAULT '0' COMMENT '父ID',
  `sc_sort` tinyint(1) unsigned NOT NULL DEFAULT '0' COMMENT '排序',
  PRIMARY KEY (`sc_id`),
  KEY `sc_parent_id` (`sc_parent_id`)
) ENGINE=InnoDB  DEFAULT CHARSET=utf8 COMMENT='店铺分类表' AUTO_INCREMENT=65 ;

--
-- 转存表中的数据 `cor_store_class`
--

INSERT INTO `cor_store_class` (`sc_id`, `sc_name`, `sc_parent_id`, `sc_sort`) VALUES
(1, '珠宝/首饰', 0, 8),
(4, '服饰鞋包', 0, 1),
(5, '数码办公', 0, 2),
(6, '美容护理', 0, 3),
(7, '家居用品', 0, 4),
(8, '食品/保健', 0, 5),
(9, '母婴用品', 0, 6),
(10, '文体/汽车', 0, 7),
(11, '收藏/爱好', 0, 9),
(12, '生活/服务', 0, 10),
(13, '女装', 4, 2),
(14, '男装', 4, 2),
(15, '女鞋', 4, 3),
(16, '运动鞋', 4, 4),
(17, '男鞋/皮鞋/休闲鞋', 4, 5),
(18, '运动服/运动包/颈环配件', 4, 6),
(19, '电脑硬件/显示器/电脑周边', 5, 1),
(20, '手机', 5, 2),
(21, '笔记本电脑', 5, 3),
(22, '网络设备/路由器/网络相关', 5, 4),
(23, '数码相机/摄像机/摄影器材', 5, 5),
(24, 'mp3/mp4/iPod/录音笔', 5, 6),
(25, '电玩/配件/游戏/攻略', 5, 7),
(26, '影音电器', 5, 8),
(27, '厨房电器', 5, 9),
(28, '生活电器', 5, 10),
(29, '男士内衣/女士内衣/家居服', 4, 7),
(30, '箱包皮具/热销女包/男包', 4, 8),
(31, '服饰配件/皮带/帽子/围巾', 4, 9),
(32, '美容护肤/美体/精油', 6, 255),
(33, '彩妆/香水/美发工具', 6, 255),
(34, '国货精品/开架化妆品', 6, 255),
(35, '家居日用/收纳/礼品', 7, 255),
(36, '厨房/餐饮用具', 7, 255),
(37, '日化/清洁/护理', 7, 255),
(38, '床上用品/靠垫/毛巾/布艺', 7, 255),
(39, '零食/坚果/茶叶/地毯', 8, 1),
(40, '滋补/生鲜/速食/订餐', 8, 2),
(41, '保健食品', 8, 3),
(42, '奶粉/辅食/营养品', 9, 255),
(43, '尿片/洗护/喂哺用品', 9, 255),
(44, '益智玩具/早教/童车床/出行', 9, 255),
(45, '童装/童鞋/孕妇装', 9, 255),
(46, '运动/瑜伽/健身/球迷用品', 10, 1),
(47, '户外/登山/野营/旅行', 10, 2),
(48, '汽车/配件/改装/摩托/自行车', 10, 3),
(49, '书籍/杂志/报纸', 10, 4),
(50, '宠物/宠物食品及用品', 10, 5),
(51, '音乐/影视/音像', 10, 6),
(52, '乐器/吉他/钢琴/配件', 10, 7),
(53, '办公设备/文具/耗材', 10, 8),
(54, '珠宝/钻石/翡翠/黄金', 1, 1),
(55, '饰品流行/首饰/时尚饰品', 1, 2),
(56, '品牌手表/流行手表', 1, 3),
(57, '玩具/模型/娃娃/人偶', 11, 1),
(58, '古董/邮币/字画/收藏', 11, 2),
(59, 'ZIPPO/瑞士军刀/眼镜', 11, 3),
(60, '鲜花速递/蛋糕配送/园艺花艺', 12, 1),
(61, '演出/吃喝玩乐折扣券', 12, 2),
(62, '酒店客栈/景点门票/度假旅游', 12, 3),
(63, '网店/网络服务/个性定制/软件', 12, 4),
(64, '成人用品/避孕/计生用品', 12, 5);

-- --------------------------------------------------------

--
-- 表的结构 `cor_store_cost`
--

CREATE TABLE IF NOT EXISTS `cor_store_cost` (
  `cost_id` int(10) unsigned NOT NULL AUTO_INCREMENT COMMENT '费用编号',
  `cost_store_id` int(10) unsigned NOT NULL COMMENT '店铺编号',
  `cost_seller_id` int(10) unsigned NOT NULL COMMENT '卖家编号',
  `cost_price` int(10) unsigned NOT NULL COMMENT '价格',
  `cost_remark` varchar(255) NOT NULL COMMENT '费用备注',
  `cost_state` tinyint(3) unsigned NOT NULL COMMENT '费用状态(0-未结算 1-已结算)',
  `cost_time` int(10) unsigned NOT NULL COMMENT '费用发生时间',
  PRIMARY KEY (`cost_id`)
) ENGINE=InnoDB  DEFAULT CHARSET=utf8 COMMENT='店铺费用表' AUTO_INCREMENT=9 ;

--
-- 转存表中的数据 `cor_store_cost`
--

INSERT INTO `cor_store_cost` (`cost_id`, `cost_store_id`, `cost_seller_id`, `cost_price`, `cost_remark`, `cost_state`, `cost_time`) VALUES
(1, 2, 2, 100, '购买短信包月套装', 0, 1417138556),
(2, 2, 2, 20, '购买代金券套餐', 0, 1417264846),
(3, 2, 2, 20, '购买满即送', 0, 1417265243),
(4, 2, 2, 10, '购买团购', 0, 1417267750),
(5, 2, 2, 20, '购买推荐展位', 0, 1417267855),
(6, 2, 2, 240, '购买代金券套餐', 0, 1420772864),
(7, 7, 8, 150, '购买短信包月套装', 0, 1423453503),
(8, 10, 11, 11, '购买限时折扣', 0, 1426671025);

-- --------------------------------------------------------

--
-- 表的结构 `cor_store_extend`
--

CREATE TABLE IF NOT EXISTS `cor_store_extend` (
  `store_id` mediumint(8) unsigned NOT NULL COMMENT '店铺ID',
  `express` text COMMENT '快递公司ID的组合',
  PRIMARY KEY (`store_id`)
) ENGINE=InnoDB DEFAULT CHARSET=utf8 COMMENT='店铺信息扩展表';

--
-- 转存表中的数据 `cor_store_extend`
--

INSERT INTO `cor_store_extend` (`store_id`, `express`) VALUES
(1, '29,40,41,44,28'),
(2, NULL),
(3, NULL),
(4, NULL),
(5, NULL),
(6, NULL),
(7, NULL),
(8, NULL),
(9, NULL),
(10, NULL),
(11, NULL);

-- --------------------------------------------------------

--
-- 表的结构 `cor_store_goods_class`
--

CREATE TABLE IF NOT EXISTS `cor_store_goods_class` (
  `stc_id` int(11) NOT NULL AUTO_INCREMENT COMMENT '索引ID',
  `stc_name` varchar(50) NOT NULL COMMENT '店铺商品分类名称',
  `stc_parent_id` int(11) NOT NULL COMMENT '父级id',
  `stc_state` tinyint(1) NOT NULL DEFAULT '0' COMMENT '店铺商品分类状态',
  `store_id` int(11) NOT NULL DEFAULT '0' COMMENT '店铺id',
  `stc_sort` int(11) NOT NULL DEFAULT '0' COMMENT '商品分类排序',
  PRIMARY KEY (`stc_id`),
  KEY `stc_parent_id` (`stc_parent_id`,`stc_sort`),
  KEY `store_id` (`store_id`)
) ENGINE=InnoDB  DEFAULT CHARSET=utf8 COMMENT='店铺商品分类表' AUTO_INCREMENT=3 ;

--
-- 转存表中的数据 `cor_store_goods_class`
--

INSERT INTO `cor_store_goods_class` (`stc_id`, `stc_name`, `stc_parent_id`, `stc_state`, `store_id`, `stc_sort`) VALUES
(1, '广告制作', 0, 1, 2, 0),
(2, '图文印刷', 0, 1, 2, 0);

-- --------------------------------------------------------

--
-- 表的结构 `cor_store_grade`
--

CREATE TABLE IF NOT EXISTS `cor_store_grade` (
  `sg_id` int(10) unsigned NOT NULL AUTO_INCREMENT COMMENT '索引ID',
  `sg_name` char(50) DEFAULT NULL COMMENT '等级名称',
  `sg_goods_limit` mediumint(10) unsigned NOT NULL DEFAULT '0' COMMENT '允许发布的商品数量',
  `sg_album_limit` mediumint(8) unsigned NOT NULL DEFAULT '0' COMMENT '允许上传图片数量',
  `sg_space_limit` int(10) unsigned NOT NULL DEFAULT '0' COMMENT '上传空间大小，单位MB',
  `sg_template_number` tinyint(3) unsigned NOT NULL DEFAULT '0' COMMENT '选择店铺模板套数',
  `sg_template` varchar(255) DEFAULT NULL COMMENT '模板内容',
  `sg_price` varchar(100) DEFAULT NULL COMMENT '费用',
  `sg_confirm` tinyint(1) NOT NULL DEFAULT '1' COMMENT '审核，0为否，1为是，默认为1',
  `sg_description` text COMMENT '申请说明',
  `sg_function` varchar(255) DEFAULT NULL COMMENT '附加功能',
  `sg_sort` tinyint(3) unsigned NOT NULL DEFAULT '0' COMMENT '级别，数目越大级别越高',
  PRIMARY KEY (`sg_id`)
) ENGINE=InnoDB  DEFAULT CHARSET=utf8 COMMENT='店铺等级表' AUTO_INCREMENT=8 ;

--
-- 转存表中的数据 `cor_store_grade`
--

INSERT INTO `cor_store_grade` (`sg_id`, `sg_name`, `sg_goods_limit`, `sg_album_limit`, `sg_space_limit`, `sg_template_number`, `sg_template`, `sg_price`, `sg_confirm`, `sg_description`, `sg_function`, `sg_sort`) VALUES
(1, '免费店铺', 10, 100, 100, 1, 'default', '0元/年', 0, '用户选择“免费店铺”，可以立即开通。', '', 0),
(2, '黄金旺铺', 50, 500, 100, 3, 'default|style1|style2', '580元/年', 0, '享受更多特权', 'editor_multimedia', 1),
(3, '钻石旺铺', 0, 5000, 100, 6, 'default|style1|style2|style3|style4|style5', '1880元/年', 0, '享受更多高级特权。', 'editor_multimedia', 4),
(5, '白金旺铺', 100, 1000, 100, 6, 'default|style1|style2|style3|style4|style5', '980元/年', 0, '享受更多高级特权。', 'editor_multimedia', 2),
(6, 'VIP旺铺', 0, 10000, 100, 6, 'default|style1|style2|style3|style4|style5', '2880元/年', 0, '享受更多高级特权。', 'editor_multimedia', 5),
(7, '翡翠旺铺', 200, 3000, 100, 6, 'default|style1|style2|style3|style4|style5', '1280元/年', 0, '享受更多高级特权。', 'editor_multimedia', 3);

-- --------------------------------------------------------

--
-- 表的结构 `cor_store_joinin`
--

CREATE TABLE IF NOT EXISTS `cor_store_joinin` (
  `member_id` int(10) unsigned NOT NULL COMMENT '用户编号',
  `member_name` varchar(50) DEFAULT NULL COMMENT '店主用户名',
  `company_name` varchar(50) DEFAULT NULL COMMENT '公司名称',
  `company_address` varchar(50) DEFAULT NULL COMMENT '公司地址',
  `company_address_detail` varchar(50) DEFAULT NULL COMMENT '公司详细地址',
  `company_phone` varchar(20) DEFAULT NULL COMMENT '公司电话',
  `company_employee_count` int(10) unsigned DEFAULT NULL COMMENT '员工总数',
  `company_registered_capital` int(10) unsigned DEFAULT NULL COMMENT '注册资金',
  `contacts_name` varchar(50) DEFAULT NULL COMMENT '联系人姓名',
  `contacts_phone` varchar(20) DEFAULT NULL COMMENT '联系人电话',
  `contacts_email` varchar(50) DEFAULT NULL COMMENT '联系人邮箱',
  `idcard_number` varchar(50) NOT NULL,
  `idcard_electronic` varchar(50) NOT NULL,
  `business_licence_number` varchar(50) DEFAULT NULL COMMENT '营业执照号',
  `business_licence_address` varchar(50) DEFAULT NULL COMMENT '营业执所在地',
  `business_licence_start` date DEFAULT NULL COMMENT '营业执照有效期开始',
  `business_licence_end` date DEFAULT NULL COMMENT '营业执照有效期结束',
  `business_sphere` varchar(1000) DEFAULT NULL COMMENT '法定经营范围',
  `business_licence_number_electronic` varchar(50) DEFAULT NULL COMMENT '营业执照电子版',
  `organization_code` varchar(50) DEFAULT NULL COMMENT '组织机构代码',
  `organization_code_electronic` varchar(50) DEFAULT NULL COMMENT '组织机构代码电子版',
  `general_taxpayer` varchar(50) DEFAULT NULL COMMENT '一般纳税人证明',
  `bank_account_name` varchar(50) DEFAULT NULL COMMENT '银行开户名',
  `bank_account_number` varchar(50) DEFAULT NULL COMMENT '公司银行账号',
  `bank_name` varchar(50) DEFAULT NULL COMMENT '开户银行支行名称',
  `bank_code` varchar(50) DEFAULT NULL COMMENT '支行联行号',
  `bank_address` varchar(50) DEFAULT NULL COMMENT '开户银行所在地',
  `bank_licence_electronic` varchar(50) DEFAULT NULL COMMENT '开户银行许可证电子版',
  `is_settlement_account` tinyint(1) DEFAULT NULL COMMENT '开户行账号是否为结算账号 1-开户行就是结算账号 2-独立的计算账号',
  `settlement_bank_account_name` varchar(50) DEFAULT NULL COMMENT '结算银行开户名',
  `settlement_bank_account_number` varchar(50) DEFAULT NULL COMMENT '结算公司银行账号',
  `settlement_bank_name` varchar(50) DEFAULT NULL COMMENT '结算开户银行支行名称',
  `settlement_bank_code` varchar(50) DEFAULT NULL COMMENT '结算支行联行号',
  `settlement_bank_address` varchar(50) DEFAULT NULL COMMENT '结算开户银行所在地',
  `tax_registration_certificate` varchar(50) DEFAULT NULL COMMENT '税务登记证号',
  `taxpayer_id` varchar(50) DEFAULT NULL COMMENT '纳税人识别号',
  `tax_registration_certificate_electronic` varchar(50) DEFAULT NULL COMMENT '税务登记证号电子版',
  `seller_name` varchar(50) DEFAULT NULL COMMENT '卖家帐号',
  `store_name` varchar(50) DEFAULT NULL COMMENT '店铺名称',
  `store_class_ids` varchar(1000) DEFAULT NULL COMMENT '店铺分类编号集合',
  `store_class_names` varchar(1000) DEFAULT NULL COMMENT '店铺分类名称集合',
  `joinin_state` varchar(50) DEFAULT NULL COMMENT '申请状态 10-已提交申请 11-缴费完成  20-审核成功 30-审核失败 31-缴费审核失败 40-审核通过开店',
  `joinin_message` varchar(200) DEFAULT NULL COMMENT '管理员审核信息',
  `sg_name` varchar(50) DEFAULT NULL COMMENT '店铺等级名称',
  `sg_id` int(10) unsigned DEFAULT NULL COMMENT '店铺等级编号',
  `sc_name` varchar(50) DEFAULT NULL COMMENT '店铺分类名称',
  `sc_id` int(10) unsigned DEFAULT NULL COMMENT '店铺分类编号',
  `store_class_commis_rates` varchar(200) DEFAULT NULL COMMENT '分类佣金比例',
  `paying_money_certificate` varchar(50) DEFAULT NULL COMMENT '付款凭证',
  `paying_money_certificate_explain` varchar(200) DEFAULT NULL COMMENT '付款凭证说明',
  `personal` tinyint(1) unsigned NOT NULL DEFAULT '0',
  PRIMARY KEY (`member_id`)
) ENGINE=InnoDB DEFAULT CHARSET=utf8 COMMENT='店铺入住表';

--
-- 转存表中的数据 `cor_store_joinin`
--

INSERT INTO `cor_store_joinin` (`member_id`, `member_name`, `company_name`, `company_address`, `company_address_detail`, `company_phone`, `company_employee_count`, `company_registered_capital`, `contacts_name`, `contacts_phone`, `contacts_email`, `idcard_number`, `idcard_electronic`, `business_licence_number`, `business_licence_address`, `business_licence_start`, `business_licence_end`, `business_sphere`, `business_licence_number_electronic`, `organization_code`, `organization_code_electronic`, `general_taxpayer`, `bank_account_name`, `bank_account_number`, `bank_name`, `bank_code`, `bank_address`, `bank_licence_electronic`, `is_settlement_account`, `settlement_bank_account_name`, `settlement_bank_account_number`, `settlement_bank_name`, `settlement_bank_code`, `settlement_bank_address`, `tax_registration_certificate`, `taxpayer_id`, `tax_registration_certificate_electronic`, `seller_name`, `store_name`, `store_class_ids`, `store_class_names`, `joinin_state`, `joinin_message`, `sg_name`, `sg_id`, `sc_name`, `sc_id`, `store_class_commis_rates`, `paying_money_certificate`, `paying_money_certificate_explain`, `personal`) VALUES
(1, 'corshop', 'B2B2C电商平台官方店铺', '广东省深圳市宝安区', '广东省深圳市宝安区通泰市场七栋18号', '13800138000', 88, 100, '吴绿荣', '', '1325853503@qq.com', '', '', '', '广东省深圳市宝安区通泰市场七栋18号', '2014-01-06', '0000-00-00', '百货', '', '', '', '', 'B2B2C电商平台', '888888888888', '银行', '8888888888', '广东省深圳市宝安区', '', 1, 'B2B2C电商平台', '888888888888', '中国农业湖北省通城县星火支行', '8888888888', '广东省深圳市宝安区', '888888888888', '8888888888888', '', 'feng', '官方店铺', 'a:4:{i:0;s:7:"1,4,13,";i:1;s:12:"530,531,541,";i:2;s:10:"2,152,162,";i:3;s:7:"1,5,35,";}', '', '40', '', '钻石店铺', 3, '  3C数码', 5, '1,2,3,4', '', '1', 0),
(3, 'mxjyweb', 'sfsafdafsf', '河北省 石家庄市 井陉矿区', 'asdfsadfsdfa', '12342134234', 23, 23, 'fsdaf', '23424324', 'fasdf@cc.com', '', '', '111112131', '北京 北京市 西城区', '2013-09-01', '2014-11-29', 'dsrfsdfasdfszfsdagfds', '04693913603488565.gif', '424234234', '04693913603802345.gif', '04693913603827594.gif', '213123424234', '12131234124', '1sdfsdfas', '2312423542345', '北京 北京市 东城区', '04693914282346073.gif', 1, '213123424234', '12131234124', '1sdfsdfas', '2312423542345', '北京 北京市 东城区', '11213214', '12132141', '04693914282376592.gif', NULL, NULL, NULL, NULL, NULL, NULL, NULL, NULL, NULL, NULL, NULL, NULL, NULL, 0),
(4, 'tcdq', '大琪广告', '广东省 深圳市 宝安区', '广东省深圳市宝安区北门老转盘', '0715-4331246', 20, 100, '吴海斌', '18972854688', '418559924@qq.com', '', '', '422324', '广东省 深圳市 宝安区', '2007-02-27', '2007-02-27', '广告图文、数码影像、证卡牌匾、户外传媒', '04696370094785710.jpg', '422324', '04696370095013999.jpg', '', '中国农业银行', '422324', '中国农业银行通城县星火支行', '422324', '广东省 深圳市 宝安区', '04696371058779341.jpg', 1, '中国农业银行', '422324', '中国农业银行通城县星火支行', '422324', '广东省 深圳市 宝安区', '422324', '422324', '04696371058790024.jpg', 'tcdqgs', '大琪广告印务', 'a:10:{i:0;s:15:"1037,1060,1074,";i:1;s:15:"1037,1060,1075,";i:2;s:15:"1037,1060,1076,";i:3;s:15:"1037,1060,1077,";i:4;s:15:"1037,1060,1078,";i:5;s:15:"1037,1061,1079,";i:6;s:15:"1037,1061,1080,";i:7;s:15:"1037,1061,1081,";i:8;s:15:"1037,1061,1082,";i:9;s:15:"1037,1061,1083,";}', 'a:10:{i:0;s:27:"本地生活,广告,喷绘,";i:1;s:27:"本地生活,广告,写真,";i:2;s:30:"本地生活,广告,发光字,";i:3;s:27:"本地生活,广告,牌匾,";i:4;s:27:"本地生活,广告,耗材,";i:5;s:30:"本地生活,印刷,宣传单,";i:6;s:27:"本地生活,印刷,名片,";i:7;s:27:"本地生活,印刷,画册,";i:8;s:33:"本地生活,印刷,文书装订,";i:9;s:27:"本地生活,印刷,证卡,";}', '40', '通过，开店成功。', 'VIP店铺', 6, '  生活/服务', 12, '3,3,3,3,3,3,3,3,3,3', '04696382497167221.jpg', '', 0),
(5, 'xiner', 'www', '广东省 深圳市 宝安区', 'wwww', '1111', 20, 100, 'www', '4333333', '43333@qq.com', '422324197211070018', '04758377514963936.jpg', '44444', '广东省 深圳市 宝安区', '2015-01-01', '2020-01-01', 'wwww', '04758377514931756.jpg', '444422', '04704143119059669.jpg', NULL, 'www', '6666', 'wwww', NULL, '广东省 深圳市 宝安区', '', 1, 'www', '6666', 'wwww', NULL, '广东省 深圳市 宝安区', '4223245555', NULL, '04758377514988869.jpg', NULL, NULL, NULL, NULL, NULL, NULL, NULL, NULL, NULL, NULL, NULL, NULL, NULL, 1),
(6, 'fdxmslx', '店铺名称', '北京 北京市 东城区', '湖北大厦', '0755-82731880', 50, 1000, '曾兴春', '0755-82731880', 'sz@crt.cn', '430111111111111111', '04697343633003380.jpg', '000001', '广东省 深圳市 和平区', '2014-11-19', '2014-11-30', '网站建设', '04697337722475088.jpg', '000002', '04697337722490888.jpg', NULL, '曾兴春', '43011111111', '英龙支行', NULL, '浙江省 宁波市 余姚市', '', 1, '曾兴春', 'sz@126.com', '英龙支行', NULL, '浙江省 宁波市 余姚市', '000003', NULL, '04697337722510070.jpg', 'fdxmslx', '南京盈放科技', 'a:1:{i:0;s:7:"1,4,12,";}', 'a:1:{i:0;s:25:"服饰鞋帽,女装,T恤,";}', '40', '123', 'VIP店铺', 6, '  服装鞋包', 4, '5', '04697350268267795.jpg', '123', 1),
(9, '吴海斌', '大琪广告', '广东省 深圳市 宝安区', '通城县民主路', NULL, NULL, NULL, '吴海斌', '18972854688', '1348470527@qq.com', '422324196810082859', '04699214322717033.jpg', NULL, NULL, NULL, NULL, NULL, NULL, NULL, NULL, NULL, NULL, NULL, NULL, NULL, NULL, NULL, NULL, '吴海斌68', '827411', NULL, NULL, NULL, NULL, NULL, NULL, '18972854688', '大琪广告', 'a:1:{i:0;s:15:"1037,1060,1074,";}', 'a:1:{i:0;s:27:"本地生活,广告,喷绘,";}', '30', '大琪广告已经开通店铺，无需再申请。', '免费店铺', 1, '  生活/服务', 12, '', NULL, NULL, 1),
(11, 'fdxmslx2', '南京盈放科技', '广东省 深圳市 福田区', '湖北大厦', NULL, NULL, NULL, '曾兴春', '0755-82731880', 'sz@crt.cn', '430111111111111111', '04703509774463728.jpg', '000001', '广东省 深圳市 福田区', '2014-11-26', '2014-11-26', '网站建设', '04703509774459893.jpg', NULL, NULL, NULL, '曾兴春', '43011111111', '英龙支行', NULL, '广东省 深圳市 福田区', '', 2, '曾兴春', '4302222222', '英龙支行', NULL, '广东省 深圳市 福田区', '000003', NULL, '04703509774487615.jpg', 'fdxmslx2', '南京盈放科技', 'a:1:{i:0;s:10:"2,151,157,";}', 'a:1:{i:0;s:36:"礼品箱包,潮流女包,手拿包,";}', '30', '无须重复测试', '翡翠店铺', 7, '    女装', 13, '', NULL, NULL, 1),
(15, '淘几个喜欢', '咸宁吉米环保设备有限公司', '广东省 深圳市 宝安区', '秀水大道503号', '0715-4867456', 10, 200, '喻明杰', '15586781177', '1115044633@qq.com', '422324197702100030', '04719435098252073.jpg', '422324000012303', '湖北省 咸宁市', '2014-04-10', '2024-12-31', '节能环保设备的销售、安装、维护；水电工程施工。', '04719435098203383.jpg', '09688120-0', '04719435098230129.jpg', NULL, '中国工商银行股份有限公司', '1818018409100003924', '工行通城隽水支行', NULL, '广东省 深圳市 宝安区', '', 1, '中国工商银行股份有限公司', '1818018409100003924', '工行通城隽水支行', NULL, '广东省 深圳市 宝安区', '421222096881200', NULL, '04719435098286053.jpg', '吉米环保', '吉米健康水世界', 'a:3:{i:0;s:12:"308,310,330,";i:1;s:12:"593,600,643,";i:2;s:12:"888,889,903,";}', 'a:3:{i:0;s:39:"家用电器,生活电器,净水设备,";i:1;s:39:"食品饮料,营养健康,保健茶饮,";i:2;s:27:"厨具,烹饪锅具,水壶,";}', '40', '准予通过。', '翡翠旺铺', 7, '    生活电器', 28, '5,5,5', '04719454711917255.jpg', '', 0),
(34, 'bztcy', '通城县百丈潭茶业有限公司', '广东省 深圳市 宝安区', '隽水镇民主北路389号', '0715-4351629', 50, 55, '汪国富', '13972814821', '12345@qq.com', '1968000000', '04753236582246071.jpg', '422324000002682', '广东省 深圳市 宝安区', '2005-07-25', '2025-07-25', '茶叶加工、销售', '04753236582194104.jpg', '73084950-8', '04753236582224181.jpg', NULL, '通城县百丈潭茶业有限责任公司', '42001696308053000854', '中国建设银行通城县支行营业部', NULL, '广东省 深圳市 宝安区', '', 1, '通城县百丈潭茶业有限责任公司', '42001696308053000854', '中国建设银行通城县支行营业部', NULL, '广东省 深圳市 宝安区', '421222730849508', NULL, '04753236582262333.jpg', '百丈潭茶业', '通城百丈潭茶业旗舰店', 'a:2:{i:0;s:12:"593,599,636,";i:1;s:12:"593,595,615,";}', 'a:2:{i:0;s:33:"食品饮料,饮料冲调,茶叶,";i:1;s:33:"食品饮料,地方特产,华中,";}', '40', '经审核，您的资质符合条件，正式开通店铺。', '白金旺铺', 5, '  食品/保健', 8, '8,8', '04753243709208151.jpg', '授权免费开通店铺。', 0),
(40, 'smj', '稻花香三麦酒', '广东省 深圳市 宝安区', '通城县隽水大道一巷6号', NULL, NULL, NULL, '葛亮', '15334192999', '916418548@qq.com', '422325197808100035', '04757721526262757.jpg', '422324600085861', '广东省 深圳市 宝安区', '2013-10-29', '2016-10-28', '预包装食品、散装食品（不含乳制品）、日用品、五金零售。', '04757721526235555.jpg', NULL, NULL, NULL, '中国农业银行', '111111111', '通城星火支行', NULL, '广东省 深圳市 宝安区', '', 1, '中国农业银行', '111111111', '通城星火支行', NULL, '广东省 深圳市 宝安区', '422324600085861', NULL, '04757721526280067.jpg', '三麦酒', '稻花香三麦酒', 'a:1:{i:0;s:4:"593,";}', 'a:1:{i:0;s:13:"食品饮料,";}', '40', '同意开通。', '免费店铺', 1, '  食品/保健', 8, '5', '04757732249353743.jpg', '', 1),
(41, 'kayvin', '小陆干果', '广东省 深圳市 宝安区', '隽水镇隽水市场80号', '', 0, 0, '陆智祥', '18664333530', '277405656@qq.com', '422324198610252031', '04758483104654342.jpg', '6666666', '广东省 深圳市 宝安区', '2015-01-01', '2020-01-01', '干果系列', '04758483104626262.jpg', '', NULL, NULL, '中国农业银行', '6666', '隽水支行', NULL, '广东省 深圳市 宝安区', '', 1, '中国农业银行', '6666', '隽水支行', NULL, '广东省 深圳市 宝安区', '66666', NULL, '04758483104672957.jpg', '小陆干果', '小陆干果', 'a:1:{i:0;s:12:"593,596,617,";}', 'a:1:{i:0;s:39:"食品饮料,休闲食品,坚果炒货,";}', '40', '审核通过，同意开通店铺。', '黄金旺铺', 2, '  食品/保健', 8, '3', '04758487070056474.jpg', '', 1),
(67, 'wxg2015', '小王家电', '广东省 深圳市 宝安区', '通城县隽水镇隽水大道219号', NULL, NULL, NULL, '王新刚', '13986630680', '1043555122@qq.com', '422324197210112414', '04800136899934920.jpg', '422324600038244', '广东省 深圳市 宝安区', '2015-01-06', '2017-01-06', '家用电器销售', '04800136899916215.jpg', NULL, NULL, NULL, '王新刚', '6228452408006423874', '农行通城隽水支行', NULL, '广东省 深圳市 宝安区', '', 1, '王新刚', '6228452408006423874', '农行通城隽水支行', NULL, '广东省 深圳市 宝安区', '422324721011241', NULL, '04800136899959195.jpg', 'wxg2015', '通城小王家电', 'a:5:{i:0;s:12:"308,309,314,";i:1;s:12:"308,309,315,";i:2;s:12:"308,309,316,";i:3;s:12:"308,309,317,";i:4;s:12:"308,309,318,";}', 'a:5:{i:0;s:36:"家用电器,大家电,平板电视,";i:1;s:30:"家用电器,大家电,空调,";i:2;s:30:"家用电器,大家电,冰箱,";i:3;s:33:"家用电器,大家电,洗衣机,";i:4;s:36:"家用电器,大家电,家庭影院,";}', '40', '审核通过，正式开通。', '黄金旺铺', 2, '    生活电器', 28, '5,5,5,5,5', '04800141019745024.jpg', '', 1),
(68, '正泰电气', '通城县正泰电器经销部', '广东省 深圳市 宝安区', '湖北通城县古龙路广电楼下', NULL, NULL, NULL, '胡红梅', '13972814327', '540346591@qq.com', '422324197312265622', '04799023326924523.png', '422324600101212', '广东省 深圳市 宝安区', '2010-01-12', '2016-01-12', '高低压电气元件，成套配电柜，电线电缆，仪器仪表，气动元件', '04799023326900792.png', NULL, NULL, NULL, '农行', '22222', '通城解放支行', NULL, '广东省 深圳市 宝安区', '', 1, '农行', '22222', '通城解放支行', NULL, '广东省 深圳市 宝安区', '42232419731226', NULL, '04799023326945201.png', '正泰电气', '通城县正泰电器经销部', 'a:5:{i:0;s:12:"308,313,386,";i:1;s:12:"308,313,375,";i:2;s:12:"308,313,388,";i:3;s:12:"308,313,387,";i:4;s:12:"308,313,378,";}', 'a:5:{i:0;s:39:"家用电器,五金家装,电气开关,";i:1;s:39:"家用电器,五金家装,仪器仪表,";i:2;s:39:"家用电器,五金家装,电工电料,";i:3;s:33:"家用电器,五金家装,插座,";i:4;s:33:"家用电器,五金家装,LED灯,";}', '40', '资质符合要求，正式审核通过。', '钻石旺铺', 3, '    生活电器', 28, '5,5,5,5,5', '04799933770170444.jpg', '', 1),
(70, '黎小荣', '博洋家纺经销店', '广东省 深圳市 宝安区', '通城县步行街107号', NULL, NULL, NULL, '黎小荣', '13986619359', '12378@qq.com', '421222196310132822', '04799254187072797.jpg', '422324700011365', '广东省 深圳市 宝安区', '2014-10-29', '2016-10-29', '床上用品批发', '04799254187041000.jpg', NULL, NULL, NULL, '农行', '22222', '通城解放支行', NULL, '广东省 深圳市 宝安区', '', 1, '农行', '22222', '通城解放支行', NULL, '广东省 深圳市 宝安区', '421222196310132822', NULL, '04799254187092650.jpg', '博洋家纺', '博洋家纺经销店', 'a:6:{i:0;s:10:"3,200,206,";i:1;s:10:"3,200,207,";i:2;s:10:"3,200,208,";i:3;s:10:"3,200,210,";i:4;s:10:"3,200,212,";i:5;s:10:"3,200,213,";}', 'a:6:{i:0;s:39:"家居家装,家纺布艺,床品件套,";i:1;s:33:"家居家装,家纺布艺,被子,";i:2;s:39:"家居家装,家纺布艺,枕芯枕套,";i:3;s:40:"家居家装,家纺布艺,毛巾被/毯,";i:4;s:40:"家居家装,家纺布艺,蚊帐/凉席,";i:5;s:39:"家居家装,家纺布艺,抱枕坐垫,";}', '40', '恭喜通过审核，正式开通店铺。', '黄金旺铺', 2, '    床上用品/靠垫/毛巾/布艺', 38, '5,5,5,5,5,5', '04799261978354364.jpg', '', 1),
(73, '易和养生', '易和养生美容中心', '广东省 深圳市 宝安区', '通城县湘汉路40号（老公安局门口）', NULL, NULL, NULL, '刘菁', '15872088637', '495140668@qq.com', '421222199411294840', '04800775553881514.jpg', '2222', '广东省 深圳市 宝安区', '2013-03-01', '2017-03-01', '养生，美容', '04800775553860536.jpg', NULL, NULL, NULL, '222', '2222', '农行', NULL, '广东省 深圳市 宝安区', '', 1, '222', '2222', '农行', NULL, '广东省 深圳市 宝安区', '2222', NULL, '04800775553914663.jpg', '易和养生', '易和养生美容中心', 'a:1:{i:0;s:15:"1037,1063,1072,";}', 'a:1:{i:0;s:36:"本地生活,美容养生,养生馆,";}', '40', '审核通过，正式开通店铺。', '钻石旺铺', 3, '  美容护理', 6, '0', '04800777733519227.jpg', '', 1);

-- --------------------------------------------------------

--
-- 表的结构 `cor_store_navigation`
--

CREATE TABLE IF NOT EXISTS `cor_store_navigation` (
  `sn_id` int(10) unsigned NOT NULL AUTO_INCREMENT COMMENT '导航ID',
  `sn_title` varchar(50) NOT NULL COMMENT '导航名称',
  `sn_store_id` int(10) unsigned NOT NULL DEFAULT '0' COMMENT '卖家店铺ID',
  `sn_content` text COMMENT '导航内容',
  `sn_sort` tinyint(3) unsigned NOT NULL DEFAULT '0' COMMENT '导航排序',
  `sn_if_show` tinyint(1) NOT NULL DEFAULT '0' COMMENT '导航是否显示',
  `sn_add_time` int(10) NOT NULL COMMENT '导航',
  `sn_url` varchar(255) DEFAULT NULL COMMENT '店铺导航的外链URL',
  `sn_new_open` tinyint(1) unsigned NOT NULL DEFAULT '0' COMMENT '店铺导航外链是否在新窗口打开：0不开新窗口1开新窗口，默认是0',
  PRIMARY KEY (`sn_id`)
) ENGINE=InnoDB  DEFAULT CHARSET=utf8 COMMENT='卖家店铺导航信息表' AUTO_INCREMENT=2 ;

--
-- 转存表中的数据 `cor_store_navigation`
--

INSERT INTO `cor_store_navigation` (`sn_id`, `sn_title`, `sn_store_id`, `sn_content`, `sn_sort`, `sn_if_show`, `sn_add_time`, `sn_url`, `sn_new_open`) VALUES
(1, '公司简介', 2, '<p style="color:#2B2B2B;font-family:Simsun;background-color:#FFFFFF;">\r\n	<span style="font-size:18px;">&nbsp; &nbsp; 大琪广告印务有限公司是一家致力于平面广告设计制作、图文印刷、户外广告传媒、品牌项目整合的综合性广告传播公司。凭借公司14年的独特运营，大琪广告不断赢得业界的赞誉和客户的信任，自成立以来已为政府、众多行政企事业单位完成了大量优秀的达标建设工程、形象策划及各项推广宣传、日常服务。如今，公司拥有独立的设计门市部和集生产制作一体的办公综合楼，营业面积达1000余平方，设计、制作、办公环境舒适。公司组建的经验丰富的设计、制作、安装精英团队和高效务实的管理营销核心，聚集了一批来自设计前沿的优秀设计师、工程师，这是我们技术与服务得以领先的保障。创新的思维意识、踏实开拓的作风、领先的技术水平、优秀的设计方案和周到完善的服务质量，是我们吸引客户青睐的亮点。</span> \r\n</p>\r\n<p style="color:#2B2B2B;font-family:Simsun;background-color:#FFFFFF;">\r\n	<span style="font-size:18px;">　　公司有设计部、图文制作部、美工部、工程安装部、财务部等部门，业务体系形成了广告设计制作、图文快印、数码影像视频、广告传媒四大特色系统。</span> \r\n</p>\r\n<p style="color:#2B2B2B;font-family:Simsun;background-color:#FFFFFF;">\r\n	<span style="font-size:18px;">　　</span><strong><span style="font-size:18px;">广告设计制作系统：</span></strong><span style="font-size:18px;">二个设计部，十个设计平台支撑起公司为客户前期创意设计和完成设计作品文案的服务。工业级巨幅数码喷绘机、进口大幅面高精度写真机、雕刻机、UV平板彩绘、数控发光字制作全面满足客户高中低档各类广告牌、广告工艺字、灯箱、标识、亮化工程、不锈钢工程制作。</span> \r\n</p>\r\n<p style="color:#2B2B2B;font-family:Simsun;background-color:#FFFFFF;">\r\n	<span style="font-size:18px;">　　</span><strong><span style="font-size:18px;">图文快印系统：</span></strong><span style="font-size:18px;">不仅满足客户文稿彩色喷墨、彩色激光打印复印日常功能;同时公司引进黑白、彩色数字化快印设备(短版快印)，满足客户办公、文印、宣传产品急难快而量又少的个性化需求;完善了以彩色胶印机为核心的长版彩色印刷服务，满足客户彩色宣传单、高档画册印刷装订等方面量大而价低的实际诉求。图文快印胸牌、卡证功能模块，更是我司开发的独具特色的业务，推出的PVC、IC、磁条等证卡、胸牌，精美高档尊贵，全面满足客户各种证卡制作的需求。</span> \r\n</p>\r\n<p style="color:#2B2B2B;font-family:Simsun;background-color:#FFFFFF;">\r\n	<span style="font-size:18px;">　　</span><strong><span style="font-size:18px;">数码影像视频系统：</span></strong><span style="font-size:18px;">公司设有专业影棚，从前期摄影的尼康系列专业单反数码相机到后期输出的高精度EPSON系列大幅面打印机，全程设备完备，工艺成熟，影像质量上乘。数字化非线性视频编辑系统更是为客户的声像宣传提供了有力保障。</span> \r\n</p>\r\n<p style="color:#2B2B2B;font-family:Simsun;background-color:#FFFFFF;">\r\n	<span style="font-size:18px;">　　</span><strong><span style="font-size:18px;">广告传媒系统：</span></strong><span style="font-size:18px;">《楚天声屏报》咸宁周刊、独特的专业广告宣传车、户外广告媒体资源是我司的重要传媒组成部分。目前设立了老广场、金三角、老转盘、民政局红绿灯处等繁华路段的大型户外广告位。在建的高速公路三面翻巨幅广告牌、加油站广告媒体网、也即将投入运营，为客户全方位宣传和资讯发布搭建重要的平台。</span> \r\n</p>\r\n<p style="color:#2B2B2B;font-family:Simsun;background-color:#FFFFFF;">\r\n	<span style="font-size:18px;">　　公司本着诚信合作、共赢发展、科技领先、和谐生存的理念，谋求跨越式的发展之路。</span> \r\n</p>', 255, 1, 1416366285, '', 1);

-- --------------------------------------------------------

--
-- 表的结构 `cor_store_plate`
--

CREATE TABLE IF NOT EXISTS `cor_store_plate` (
  `plate_id` int(10) unsigned NOT NULL AUTO_INCREMENT COMMENT '关联板式id',
  `plate_name` varchar(10) NOT NULL COMMENT '关联板式名称',
  `plate_position` tinyint(3) unsigned NOT NULL COMMENT '关联板式位置 1顶部，0底部',
  `plate_content` text NOT NULL COMMENT '关联板式内容',
  `store_id` int(10) unsigned NOT NULL COMMENT '所属店铺id',
  PRIMARY KEY (`plate_id`)
) ENGINE=InnoDB DEFAULT CHARSET=utf8 COMMENT='关联板式表' AUTO_INCREMENT=1 ;

-- --------------------------------------------------------

--
-- 表的结构 `cor_store_sns_comment`
--

CREATE TABLE IF NOT EXISTS `cor_store_sns_comment` (
  `scomm_id` int(11) NOT NULL AUTO_INCREMENT COMMENT '店铺动态评论id',
  `strace_id` int(11) NOT NULL COMMENT '店铺动态id',
  `scomm_content` varchar(150) DEFAULT NULL COMMENT '评论内容',
  `scomm_memberid` int(11) DEFAULT NULL COMMENT '会员id',
  `scomm_membername` varchar(45) DEFAULT NULL COMMENT '会员名称',
  `scomm_memberavatar` varchar(50) DEFAULT NULL COMMENT '会员头像',
  `scomm_time` varchar(11) DEFAULT NULL COMMENT '评论时间',
  `scomm_state` tinyint(1) NOT NULL DEFAULT '1' COMMENT '评论状态 1正常，0屏蔽',
  PRIMARY KEY (`scomm_id`),
  UNIQUE KEY `scomm_id` (`scomm_id`)
) ENGINE=InnoDB DEFAULT CHARSET=utf8 COMMENT='店铺动态评论表' AUTO_INCREMENT=1 ;

-- --------------------------------------------------------

--
-- 表的结构 `cor_store_sns_setting`
--

CREATE TABLE IF NOT EXISTS `cor_store_sns_setting` (
  `sauto_storeid` int(11) NOT NULL COMMENT '店铺id',
  `sauto_new` tinyint(4) NOT NULL DEFAULT '1' COMMENT '新品,0为关闭/1为开启',
  `sauto_newtitle` varchar(150) NOT NULL COMMENT '新品内容',
  `sauto_coupon` tinyint(4) NOT NULL DEFAULT '1' COMMENT '优惠券,0为关闭/1为开启',
  `sauto_coupontitle` varchar(150) NOT NULL COMMENT '优惠券内容',
  `sauto_xianshi` tinyint(4) NOT NULL DEFAULT '1' COMMENT '限时折扣,0为关闭/1为开启',
  `sauto_xianshititle` varchar(150) NOT NULL COMMENT '限时折扣内容',
  `sauto_mansong` tinyint(4) NOT NULL DEFAULT '1' COMMENT '满即送,0为关闭/1为开启',
  `sauto_mansongtitle` varchar(150) NOT NULL COMMENT '满即送内容',
  `sauto_bundling` tinyint(4) NOT NULL DEFAULT '1' COMMENT '组合销售,0为关闭/1为开启',
  `sauto_bundlingtitle` varchar(150) NOT NULL COMMENT '组合销售内容',
  `sauto_groupbuy` tinyint(4) NOT NULL DEFAULT '1' COMMENT '团购,0为关闭/1为开启',
  `sauto_groupbuytitle` varchar(150) NOT NULL COMMENT '团购内容',
  PRIMARY KEY (`sauto_storeid`)
) ENGINE=InnoDB DEFAULT CHARSET=utf8 COMMENT='店铺自动发布动态设置表';

--
-- 转存表中的数据 `cor_store_sns_setting`
--

INSERT INTO `cor_store_sns_setting` (`sauto_storeid`, `sauto_new`, `sauto_newtitle`, `sauto_coupon`, `sauto_coupontitle`, `sauto_xianshi`, `sauto_xianshititle`, `sauto_mansong`, `sauto_mansongtitle`, `sauto_bundling`, `sauto_bundlingtitle`, `sauto_groupbuy`, `sauto_groupbuytitle`) VALUES
(5, 1, '亲，我家又上新宝贝了！快来逛逛看更多吧。', 0, '', 0, '', 0, '', 0, '', 0, '');

-- --------------------------------------------------------

--
-- 表的结构 `cor_store_sns_tracelog`
--

CREATE TABLE IF NOT EXISTS `cor_store_sns_tracelog` (
  `strace_id` int(11) NOT NULL AUTO_INCREMENT COMMENT '店铺动态id',
  `strace_storeid` int(11) DEFAULT NULL COMMENT '店铺id',
  `strace_storename` varchar(100) DEFAULT NULL COMMENT '店铺名称',
  `strace_storelogo` varchar(255) NOT NULL COMMENT '店标',
  `strace_title` varchar(150) DEFAULT NULL COMMENT '动态标题',
  `strace_content` text COMMENT '发表内容',
  `strace_time` varchar(11) DEFAULT NULL COMMENT '发表时间',
  `strace_cool` int(11) DEFAULT '0' COMMENT '赞数量',
  `strace_spread` int(11) DEFAULT '0' COMMENT '转播数量',
  `strace_comment` int(11) DEFAULT '0' COMMENT '评论数量',
  `strace_type` tinyint(4) DEFAULT '1' COMMENT '1=relay,2=normal,3=new,4=coupon,5=xianshi,6=mansong,7=bundling,8=groupbuy,9=recommend,10=hotsell',
  `strace_goodsdata` varchar(1000) DEFAULT NULL COMMENT '商品信息',
  `strace_state` tinyint(1) NOT NULL DEFAULT '1' COMMENT '动态状态 1正常，0屏蔽',
  PRIMARY KEY (`strace_id`)
) ENGINE=InnoDB  DEFAULT CHARSET=utf8 COMMENT='店铺动态表' AUTO_INCREMENT=2 ;

--
-- 转存表中的数据 `cor_store_sns_tracelog`
--

INSERT INTO `cor_store_sns_tracelog` (`strace_id`, `strace_storeid`, `strace_storename`, `strace_storelogo`, `strace_title`, `strace_content`, `strace_time`, `strace_cool`, `strace_spread`, `strace_comment`, `strace_type`, `strace_goodsdata`, `strace_state`) VALUES
(1, 5, '通城百丈潭茶业旗舰店', '04754158612757992.png', '百丈潭茶业现有茶园基地500苗，分布于海拔800余米的幕阜山麓，湘、鄂、赣三省交界处的百丈潭库区。茶区山青水秀，森林茂密，云雾缭绕，土壤肥沃，无任何污染，是生产有机茶的最佳区域。基地茶园全部按有机茶生产规程操作，从不使用化肥和农药。', '<div class="fd-media">\r\n									<div class="thumb-image"><a href="javascript:void(0);" nc_type="thumb-image"><img src="http://www.infol.com.cn/data/upload/shop/store/goods/5/5_04754274255852309_240.jpg" /><i></i></a></div>\r\n									<div class="origin-image"><a href="javascript:void(0);" nc_type="origin-image"></a></div>\r\n								</div>', '1422083496', 0, 0, 0, 2, '', 1);

-- --------------------------------------------------------

--
-- 表的结构 `cor_store_watermark`
--

CREATE TABLE IF NOT EXISTS `cor_store_watermark` (
  `wm_id` int(11) NOT NULL AUTO_INCREMENT COMMENT '水印id',
  `jpeg_quality` int(3) NOT NULL DEFAULT '90' COMMENT 'jpeg图片质量',
  `wm_image_name` varchar(255) DEFAULT NULL COMMENT '水印图片的路径以及文件名',
  `wm_image_pos` tinyint(1) NOT NULL DEFAULT '1' COMMENT '水印图片放置的位置',
  `wm_image_transition` int(3) NOT NULL DEFAULT '20' COMMENT '水印图片与原图片的融合度 ',
  `wm_text` text COMMENT '水印文字',
  `wm_text_size` int(3) NOT NULL DEFAULT '20' COMMENT '水印文字大小',
  `wm_text_angle` tinyint(1) NOT NULL DEFAULT '4' COMMENT '水印文字角度',
  `wm_text_pos` tinyint(1) NOT NULL DEFAULT '3' COMMENT '水印文字放置位置',
  `wm_text_font` varchar(50) DEFAULT NULL COMMENT '水印文字的字体',
  `wm_text_color` varchar(7) NOT NULL DEFAULT '#CCCCCC' COMMENT '水印字体的颜色值',
  `wm_is_open` tinyint(1) NOT NULL DEFAULT '0' COMMENT '水印是否开启 0关闭 1开启',
  `store_id` int(11) DEFAULT NULL COMMENT '店铺id',
  PRIMARY KEY (`wm_id`)
) ENGINE=InnoDB  DEFAULT CHARSET=utf8 COMMENT='店铺水印图片表' AUTO_INCREMENT=3 ;

--
-- 转存表中的数据 `cor_store_watermark`
--

INSERT INTO `cor_store_watermark` (`wm_id`, `jpeg_quality`, `wm_image_name`, `wm_image_pos`, `wm_image_transition`, `wm_text`, `wm_text_size`, `wm_text_angle`, `wm_text_pos`, `wm_text_font`, `wm_text_color`, `wm_is_open`, `store_id`) VALUES
(1, 90, NULL, 1, 20, NULL, 20, 4, 3, 'default', '#CCCCCC', 0, 1),
(2, 90, NULL, 1, 20, NULL, 20, 4, 3, 'default', '#CCCCCC', 0, 4);

-- --------------------------------------------------------

--
-- 表的结构 `cor_transport`
--

CREATE TABLE IF NOT EXISTS `cor_transport` (
  `id` mediumint(8) unsigned NOT NULL AUTO_INCREMENT COMMENT '运费模板ID',
  `title` varchar(30) NOT NULL COMMENT '运费模板名称',
  `send_tpl_id` mediumint(8) unsigned DEFAULT NULL COMMENT '发货地区模板ID',
  `store_id` mediumint(8) unsigned NOT NULL COMMENT '店铺ID',
  `update_time` int(10) unsigned DEFAULT '0' COMMENT '最后更新时间',
  PRIMARY KEY (`id`)
) ENGINE=InnoDB  DEFAULT CHARSET=utf8 COMMENT='运费模板' AUTO_INCREMENT=14 ;

--
-- 转存表中的数据 `cor_transport`
--

INSERT INTO `cor_transport` (`id`, `title`, `send_tpl_id`, `store_id`, `update_time`) VALUES
(1, '申通快递', 1, 1, 1422068163),
(2, '圆通快递', 1, 5, 1422004754),
(3, '圆通快递的副本', 1, 5, 1422004744),
(4, '圆通快递的副本的副本', 1, 5, 1422005131),
(5, '圆通快递的副本的副本的副本', 1, 5, 1422005414),
(6, '圆通快递的副本的副本的副本的副本', 1, 5, 1422006139),
(7, '圆通快递的副本的副本的副本的副本的副本', 1, 5, 1422006507),
(8, '申通快递的副本', 1, 1, 1422067993),
(9, '1', 1, 6, 1422494171),
(10, '1的副本', 1, 6, 1422494292),
(11, '500g', 1, 7, 1423629443),
(12, '2500', 1, 7, 1423629488),
(13, '250g', 1, 7, 1423629411);

-- --------------------------------------------------------

--
-- 表的结构 `cor_transport_extend`
--

CREATE TABLE IF NOT EXISTS `cor_transport_extend` (
  `id` mediumint(8) unsigned NOT NULL AUTO_INCREMENT COMMENT '运费模板扩展ID',
  `area_id` text COMMENT '市级地区ID组成的串，以，隔开，两端也有，',
  `top_area_id` text COMMENT '省级地区ID组成的串，以，隔开，两端也有，',
  `area_name` text COMMENT '地区name组成的串，以，隔开',
  `snum` mediumint(8) unsigned DEFAULT '1' COMMENT '首件数量',
  `sprice` decimal(10,2) DEFAULT '0.00' COMMENT '首件运费',
  `xnum` mediumint(8) unsigned DEFAULT '1' COMMENT '续件数量',
  `xprice` decimal(10,2) DEFAULT '0.00' COMMENT '续件运费',
  `is_default` enum('1','2') DEFAULT '2' COMMENT '是否默认运费1是2否',
  `transport_id` mediumint(8) unsigned NOT NULL COMMENT '运费模板ID',
  `transport_title` varchar(60) DEFAULT NULL COMMENT '运费模板',
  PRIMARY KEY (`id`)
) ENGINE=InnoDB  DEFAULT CHARSET=utf8 COMMENT='运费模板扩展表' AUTO_INCREMENT=221 ;

--
-- 转存表中的数据 `cor_transport_extend`
--

INSERT INTO `cor_transport_extend` (`id`, `area_id`, `top_area_id`, `area_name`, `snum`, `sprice`, `xnum`, `xprice`, `is_default`, `transport_id`, `transport_title`) VALUES
(32, '', '', '全国', 40, '5.00', 8, '1.00', '1', 3, '圆通快递的副本'),
(33, ',17,258,259,260,261,262,263,264,265,266,267,268,269,270,271,272,273,274,', ',17,', '湖北', 8, '10.00', 8, '2.00', '2', 3, '圆通快递的副本'),
(34, ',11,180,181,182,183,184,185,179,178,177,175,176,14,212,213,214,215,216,217,218,219,220,221,222,12,186,187,188,189,190,191,202,192,193,194,195,196,197,198,199,200,201,10,162,163,164,165,166,167,168,169,170,171,172,173,174,9,39,1,36,3,83,82,81,80,73,74,75,76,77,78,79,16,243,257,256,255,254,244,245,246,247,248,249,250,251,252,253,242,240,241,18,283,284,285,286,287,288,282,281,280,275,276,277,278,279,19,294,308,309,307,306,305,295,296,297,298,299,300,301,302,303,304,289,290,291,292,293,', ',11,14,12,10,9,1,3,16,18,19,', '浙江,江西,安徽,江苏,上海,北京,河北,河南,湖南,广东', 8, '10.00', 8, '5.00', '2', 3, '圆通快递的副本'),
(35, ',15,231,232,233,234,235,236,237,238,239,230,229,228,223,224,225,226,227,2,40,13,205,206,207,208,209,210,211,204,203,24,406,407,408,409,410,411,412,413,414,25,426,427,428,429,430,425,424,423,415,416,417,418,419,420,421,422,', ',15,2,13,24,25,', '山东,广东省,福建,贵州,云南', 8, '10.00', 8, '7.00', '2', 3, '圆通快递的副本'),
(36, ',4,84,85,86,87,88,89,90,91,92,93,94,20,310,311,312,313,314,315,316,317,318,319,320,321,322,323,21,334,335,336,337,338,339,340,341,342,343,333,332,331,324,325,326,327,328,329,330,344,6,120,109,110,111,112,113,114,115,116,117,118,108,107,119,27,438,439,440,441,442,443,444,445,446,447,23,399,400,401,402,403,404,405,398,397,386,387,388,389,390,391,392,393,394,395,396,385,22,62,', ',4,20,21,6,27,23,22,', '山西,广西,海南,辽宁,陕西,四川,重庆', 8, '15.00', 8, '10.00', '2', 3, '圆通快递的副本'),
(37, ',5,95,106,96,97,98,99,100,101,102,103,104,105,7,121,122,123,124,125,126,127,128,129,8,135,136,137,138,139,140,141,142,134,133,132,130,131,30,474,470,471,472,473,29,462,463,464,465,466,467,468,469,28,451,452,453,454,455,456,457,458,459,460,450,449,448,461,', ',5,7,8,30,29,28,', '内蒙古,吉林,黑龙江,宁夏,青海,甘肃', 8, '15.00', 8, '15.00', '2', 3, '圆通快递的副本'),
(38, ',31,489,490,491,492,488,477,478,479,480,481,482,483,484,485,486,476,475,487,26,431,432,433,434,435,436,437,', ',31,26,', '新疆,西藏', 8, '20.00', 8, '20.00', '2', 3, '圆通快递的副本'),
(39, '', '', '全国', 100, '5.00', 20, '1.00', '1', 2, '圆通快递'),
(40, ',17,258,259,260,261,262,263,264,265,266,267,268,269,270,271,272,273,274,', ',17,', '湖北', 20, '10.00', 20, '2.00', '2', 2, '圆通快递'),
(41, ',11,180,181,182,183,184,185,179,178,177,175,176,14,212,213,214,215,216,217,218,219,220,221,222,12,186,187,188,189,190,191,202,192,193,194,195,196,197,198,199,200,201,10,162,163,164,165,166,167,168,169,170,171,172,173,174,9,39,1,36,3,83,82,81,80,73,74,75,76,77,78,79,16,243,257,256,255,254,244,245,246,247,248,249,250,251,252,253,242,240,241,18,283,284,285,286,287,288,282,281,280,275,276,277,278,279,19,294,308,309,307,306,305,295,296,297,298,299,300,301,302,303,304,289,290,291,292,293,', ',11,14,12,10,9,1,3,16,18,19,', '浙江,江西,安徽,江苏,上海,北京,河北,河南,湖南,广东', 20, '10.00', 20, '5.00', '2', 2, '圆通快递'),
(42, ',15,231,232,233,234,235,236,237,238,239,230,229,228,223,224,225,226,227,2,40,13,205,206,207,208,209,210,211,204,203,24,406,407,408,409,410,411,412,413,414,25,426,427,428,429,430,425,424,423,415,416,417,418,419,420,421,422,', ',15,2,13,24,25,', '山东,广东省,福建,贵州,云南', 20, '10.00', 20, '7.00', '2', 2, '圆通快递'),
(43, ',4,84,85,86,87,88,89,90,91,92,93,94,20,310,311,312,313,314,315,316,317,318,319,320,321,322,323,21,334,335,336,337,338,339,340,341,342,343,333,332,331,324,325,326,327,328,329,330,344,6,120,109,110,111,112,113,114,115,116,117,118,108,107,119,27,438,439,440,441,442,443,444,445,446,447,23,399,400,401,402,403,404,405,398,397,386,387,388,389,390,391,392,393,394,395,396,385,22,62,', ',4,20,21,6,27,23,22,', '山西,广西,海南,辽宁,陕西,四川,重庆', 20, '15.00', 20, '10.00', '2', 2, '圆通快递'),
(44, ',5,95,106,96,97,98,99,100,101,102,103,104,105,7,121,122,123,124,125,126,127,128,129,8,135,136,137,138,139,140,141,142,134,133,132,130,131,30,474,470,471,472,473,29,462,463,464,465,466,467,468,469,28,451,452,453,454,455,456,457,458,459,460,450,449,448,461,', ',5,7,8,30,29,28,', '内蒙古,吉林,黑龙江,宁夏,青海,甘肃', 20, '15.00', 20, '15.00', '2', 2, '圆通快递'),
(45, ',31,489,490,491,492,488,477,478,479,480,481,482,483,484,485,486,476,475,487,26,431,432,433,434,435,436,437,', ',31,26,', '新疆,西藏', 20, '20.00', 20, '20.00', '2', 2, '圆通快递'),
(53, '', '', '全国', 20, '5.00', 4, '1.00', '1', 4, '圆通快递的副本的副本'),
(54, ',17,258,259,260,261,262,263,264,265,266,267,268,269,270,271,272,273,274,', ',17,', '湖北', 4, '10.00', 4, '2.00', '2', 4, '圆通快递的副本的副本'),
(55, ',11,180,181,182,183,184,185,179,178,177,175,176,14,212,213,214,215,216,217,218,219,220,221,222,12,186,187,188,189,190,191,202,192,193,194,195,196,197,198,199,200,201,10,162,163,164,165,166,167,168,169,170,171,172,173,174,9,39,1,36,3,83,82,81,80,73,74,75,76,77,78,79,16,243,257,256,255,254,244,245,246,247,248,249,250,251,252,253,242,240,241,18,283,284,285,286,287,288,282,281,280,275,276,277,278,279,19,294,308,309,307,306,305,295,296,297,298,299,300,301,302,303,304,289,290,291,292,293,', ',11,14,12,10,9,1,3,16,18,19,', '浙江,江西,安徽,江苏,上海,北京,河北,河南,湖南,广东', 4, '10.00', 4, '5.00', '2', 4, '圆通快递的副本的副本'),
(56, ',15,231,232,233,234,235,236,237,238,239,230,229,228,223,224,225,226,227,2,40,13,205,206,207,208,209,210,211,204,203,24,406,407,408,409,410,411,412,413,414,25,426,427,428,429,430,425,424,423,415,416,417,418,419,420,421,422,', ',15,2,13,24,25,', '山东,广东省,福建,贵州,云南', 4, '10.00', 4, '7.00', '2', 4, '圆通快递的副本的副本'),
(57, ',4,84,85,86,87,88,89,90,91,92,93,94,20,310,311,312,313,314,315,316,317,318,319,320,321,322,323,21,334,335,336,337,338,339,340,341,342,343,333,332,331,324,325,326,327,328,329,330,344,6,120,109,110,111,112,113,114,115,116,117,118,108,107,119,27,438,439,440,441,442,443,444,445,446,447,23,399,400,401,402,403,404,405,398,397,386,387,388,389,390,391,392,393,394,395,396,385,22,62,', ',4,20,21,6,27,23,22,', '山西,广西,海南,辽宁,陕西,四川,重庆', 4, '15.00', 4, '10.00', '2', 4, '圆通快递的副本的副本'),
(58, ',5,95,106,96,97,98,99,100,101,102,103,104,105,7,121,122,123,124,125,126,127,128,129,8,135,136,137,138,139,140,141,142,134,133,132,130,131,30,474,470,471,472,473,29,462,463,464,465,466,467,468,469,28,451,452,453,454,455,456,457,458,459,460,450,449,448,461,', ',5,7,8,30,29,28,', '内蒙古,吉林,黑龙江,宁夏,青海,甘肃', 4, '15.00', 4, '15.00', '2', 4, '圆通快递的副本的副本'),
(59, ',31,489,490,491,492,488,477,478,479,480,481,482,483,484,485,486,476,475,487,26,431,432,433,434,435,436,437,', ',31,26,', '新疆,西藏', 4, '20.00', 4, '20.00', '2', 4, '圆通快递的副本的副本'),
(67, '', '', '全国', 28, '5.00', 6, '1.00', '1', 5, '圆通快递的副本的副本的副本'),
(68, ',17,258,259,260,261,262,263,264,265,266,267,268,269,270,271,272,273,274,', ',17,', '湖北', 6, '10.00', 6, '2.00', '2', 5, '圆通快递的副本的副本的副本'),
(69, ',11,180,181,182,183,184,185,179,178,177,175,176,14,212,213,214,215,216,217,218,219,220,221,222,12,186,187,188,189,190,191,202,192,193,194,195,196,197,198,199,200,201,10,162,163,164,165,166,167,168,169,170,171,172,173,174,9,39,1,36,3,83,82,81,80,73,74,75,76,77,78,79,16,243,257,256,255,254,244,245,246,247,248,249,250,251,252,253,242,240,241,18,283,284,285,286,287,288,282,281,280,275,276,277,278,279,19,294,308,309,307,306,305,295,296,297,298,299,300,301,302,303,304,289,290,291,292,293,', ',11,14,12,10,9,1,3,16,18,19,', '浙江,江西,安徽,江苏,上海,北京,河北,河南,湖南,广东', 6, '10.00', 6, '5.00', '2', 5, '圆通快递的副本的副本的副本'),
(70, ',15,231,232,233,234,235,236,237,238,239,230,229,228,223,224,225,226,227,2,40,13,205,206,207,208,209,210,211,204,203,24,406,407,408,409,410,411,412,413,414,25,426,427,428,429,430,425,424,423,415,416,417,418,419,420,421,422,', ',15,2,13,24,25,', '山东,广东省,福建,贵州,云南', 6, '10.00', 6, '7.00', '2', 5, '圆通快递的副本的副本的副本'),
(71, ',4,84,85,86,87,88,89,90,91,92,93,94,20,310,311,312,313,314,315,316,317,318,319,320,321,322,323,21,334,335,336,337,338,339,340,341,342,343,333,332,331,324,325,326,327,328,329,330,344,6,120,109,110,111,112,113,114,115,116,117,118,108,107,119,27,438,439,440,441,442,443,444,445,446,447,23,399,400,401,402,403,404,405,398,397,386,387,388,389,390,391,392,393,394,395,396,385,22,62,', ',4,20,21,6,27,23,22,', '山西,广西,海南,辽宁,陕西,四川,重庆', 6, '15.00', 6, '10.00', '2', 5, '圆通快递的副本的副本的副本'),
(72, ',5,95,106,96,97,98,99,100,101,102,103,104,105,7,121,122,123,124,125,126,127,128,129,8,135,136,137,138,139,140,141,142,134,133,132,130,131,30,474,470,471,472,473,29,462,463,464,465,466,467,468,469,28,451,452,453,454,455,456,457,458,459,460,450,449,448,461,', ',5,7,8,30,29,28,', '内蒙古,吉林,黑龙江,宁夏,青海,甘肃', 6, '15.00', 6, '15.00', '2', 5, '圆通快递的副本的副本的副本'),
(73, ',31,489,490,491,492,488,477,478,479,480,481,482,483,484,485,486,476,475,487,26,431,432,433,434,435,436,437,', ',31,26,', '新疆,西藏', 6, '20.00', 6, '20.00', '2', 5, '圆通快递的副本的副本的副本'),
(81, '', '', '全国', 25, '5.00', 5, '1.00', '1', 6, '圆通快递的副本的副本的副本的副本'),
(82, ',17,258,259,260,261,262,263,264,265,266,267,268,269,270,271,272,273,274,', ',17,', '湖北', 5, '10.00', 5, '2.00', '2', 6, '圆通快递的副本的副本的副本的副本'),
(83, ',11,180,181,182,183,184,185,179,178,177,175,176,14,212,213,214,215,216,217,218,219,220,221,222,12,186,187,188,189,190,191,202,192,193,194,195,196,197,198,199,200,201,10,162,163,164,165,166,167,168,169,170,171,172,173,174,9,39,1,36,3,83,82,81,80,73,74,75,76,77,78,79,16,243,257,256,255,254,244,245,246,247,248,249,250,251,252,253,242,240,241,18,283,284,285,286,287,288,282,281,280,275,276,277,278,279,19,294,308,309,307,306,305,295,296,297,298,299,300,301,302,303,304,289,290,291,292,293,', ',11,14,12,10,9,1,3,16,18,19,', '浙江,江西,安徽,江苏,上海,北京,河北,河南,湖南,广东', 5, '10.00', 5, '5.00', '2', 6, '圆通快递的副本的副本的副本的副本'),
(84, ',15,231,232,233,234,235,236,237,238,239,230,229,228,223,224,225,226,227,2,40,13,205,206,207,208,209,210,211,204,203,24,406,407,408,409,410,411,412,413,414,25,426,427,428,429,430,425,424,423,415,416,417,418,419,420,421,422,', ',15,2,13,24,25,', '山东,广东省,福建,贵州,云南', 5, '10.00', 5, '7.00', '2', 6, '圆通快递的副本的副本的副本的副本'),
(85, ',4,84,85,86,87,88,89,90,91,92,93,94,20,310,311,312,313,314,315,316,317,318,319,320,321,322,323,21,334,335,336,337,338,339,340,341,342,343,333,332,331,324,325,326,327,328,329,330,344,6,120,109,110,111,112,113,114,115,116,117,118,108,107,119,27,438,439,440,441,442,443,444,445,446,447,23,399,400,401,402,403,404,405,398,397,386,387,388,389,390,391,392,393,394,395,396,385,22,62,', ',4,20,21,6,27,23,22,', '山西,广西,海南,辽宁,陕西,四川,重庆', 5, '15.00', 5, '10.00', '2', 6, '圆通快递的副本的副本的副本的副本'),
(86, ',5,95,106,96,97,98,99,100,101,102,103,104,105,7,121,122,123,124,125,126,127,128,129,8,135,136,137,138,139,140,141,142,134,133,132,130,131,30,474,470,471,472,473,29,462,463,464,465,466,467,468,469,28,451,452,453,454,455,456,457,458,459,460,450,449,448,461,', ',5,7,8,30,29,28,', '内蒙古,吉林,黑龙江,宁夏,青海,甘肃', 5, '15.00', 5, '15.00', '2', 6, '圆通快递的副本的副本的副本的副本'),
(87, ',31,489,490,491,492,488,477,478,479,480,481,482,483,484,485,486,476,475,487,26,431,432,433,434,435,436,437,', ',31,26,', '新疆,西藏', 5, '20.00', 5, '20.00', '2', 6, '圆通快递的副本的副本的副本的副本'),
(95, '', '', '全国', 20, '5.00', 4, '1.00', '1', 7, '圆通快递的副本的副本的副本的副本的副本'),
(96, ',17,258,259,260,261,262,263,264,265,266,267,268,269,270,271,272,273,274,', ',17,', '湖北', 4, '10.00', 4, '2.00', '2', 7, '圆通快递的副本的副本的副本的副本的副本'),
(97, ',11,180,181,182,183,184,185,179,178,177,175,176,14,212,213,214,215,216,217,218,219,220,221,222,12,186,187,188,189,190,191,202,192,193,194,195,196,197,198,199,200,201,10,162,163,164,165,166,167,168,169,170,171,172,173,174,9,39,1,36,3,83,82,81,80,73,74,75,76,77,78,79,16,243,257,256,255,254,244,245,246,247,248,249,250,251,252,253,242,240,241,18,283,284,285,286,287,288,282,281,280,275,276,277,278,279,19,294,308,309,307,306,305,295,296,297,298,299,300,301,302,303,304,289,290,291,292,293,', ',11,14,12,10,9,1,3,16,18,19,', '浙江,江西,安徽,江苏,上海,北京,河北,河南,湖南,广东', 4, '10.00', 4, '5.00', '2', 7, '圆通快递的副本的副本的副本的副本的副本'),
(98, ',15,231,232,233,234,235,236,237,238,239,230,229,228,223,224,225,226,227,2,40,13,205,206,207,208,209,210,211,204,203,24,406,407,408,409,410,411,412,413,414,25,426,427,428,429,430,425,424,423,415,416,417,418,419,420,421,422,', ',15,2,13,24,25,', '山东,广东省,福建,贵州,云南', 4, '10.00', 4, '7.00', '2', 7, '圆通快递的副本的副本的副本的副本的副本'),
(99, ',4,84,85,86,87,88,89,90,91,92,93,94,20,310,311,312,313,314,315,316,317,318,319,320,321,322,323,21,334,335,336,337,338,339,340,341,342,343,333,332,331,324,325,326,327,328,329,330,344,6,120,109,110,111,112,113,114,115,116,117,118,108,107,119,27,438,439,440,441,442,443,444,445,446,447,23,399,400,401,402,403,404,405,398,397,386,387,388,389,390,391,392,393,394,395,396,385,22,62,', ',4,20,21,6,27,23,22,', '山西,广西,海南,辽宁,陕西,四川,重庆', 4, '15.00', 4, '10.00', '2', 7, '圆通快递的副本的副本的副本的副本的副本'),
(100, ',5,95,106,96,97,98,99,100,101,102,103,104,105,7,121,122,123,124,125,126,127,128,129,8,135,136,137,138,139,140,141,142,134,133,132,130,131,30,474,470,471,472,473,29,462,463,464,465,466,467,468,469,28,451,452,453,454,455,456,457,458,459,460,450,449,448,461,', ',5,7,8,30,29,28,', '内蒙古,吉林,黑龙江,宁夏,青海,甘肃', 4, '15.00', 4, '15.00', '2', 7, '圆通快递的副本的副本的副本的副本的副本'),
(101, ',31,489,490,491,492,488,477,478,479,480,481,482,483,484,485,486,476,475,487,26,431,432,433,434,435,436,437,', ',31,26,', '新疆,西藏', 4, '20.00', 4, '20.00', '2', 7, '圆通快递的副本的副本的副本的副本的副本'),
(109, '', '', '全国', 1, '5.00', 1, '5.00', '1', 8, '申通快递'),
(110, ',11,180,181,182,183,184,185,179,178,177,175,176,14,212,213,214,215,216,217,218,219,220,221,222,12,186,187,188,189,190,191,202,192,193,194,195,196,197,198,199,200,201,10,162,163,164,165,166,167,168,169,170,171,172,173,174,9,39,1,36,3,83,82,81,80,73,74,75,76,77,78,79,16,243,257,256,255,254,244,245,246,247,248,249,250,251,252,253,242,240,241,18,283,284,285,286,287,288,282,281,280,275,276,277,278,279,19,294,308,309,307,306,305,295,296,297,298,299,300,301,302,303,304,289,290,291,292,293,', ',11,14,12,10,9,1,3,16,18,19,', '浙江,江西,安徽,江苏,上海,北京,河北,河南,湖南,广东', 1, '30.00', 1, '25.00', '2', 8, '申通快递'),
(111, ',15,231,232,233,234,235,236,237,238,239,230,229,228,223,224,225,226,227,2,40,13,205,206,207,208,209,210,211,204,203,24,406,407,408,409,410,411,412,413,414,25,426,427,428,429,430,425,424,423,415,416,417,418,419,420,421,422,', ',15,2,13,24,25,', '山东,广东省,福建,贵州,云南', 1, '38.00', 1, '35.00', '2', 8, '申通快递'),
(112, ',4,84,85,86,87,88,89,90,91,92,93,94,20,310,311,312,313,314,315,316,317,318,319,320,321,322,323,21,334,335,336,337,338,339,340,341,342,343,333,332,331,324,325,326,327,328,329,330,344,6,120,109,110,111,112,113,114,115,116,117,118,108,107,119,27,438,439,440,441,442,443,444,445,446,447,23,399,400,401,402,403,404,405,398,397,386,387,388,389,390,391,392,393,394,395,396,385,22,62,', ',4,20,21,6,27,23,22,', '山西,广西,海南,辽宁,陕西,四川,重庆', 1, '55.00', 1, '50.00', '2', 8, '申通快递'),
(113, ',5,95,106,96,97,98,99,100,101,102,103,104,105,7,121,122,123,124,125,126,127,128,129,8,135,136,137,138,139,140,141,142,134,133,132,130,131,30,474,470,471,472,473,29,462,463,464,465,466,467,468,469,28,451,452,453,454,455,456,457,458,459,460,450,449,448,461,', ',5,7,8,30,29,28,', '内蒙古,吉林,黑龙江,宁夏,青海,甘肃', 1, '75.00', 1, '75.00', '2', 8, '申通快递'),
(114, ',31,489,490,491,492,488,477,478,479,480,481,482,483,484,485,486,476,475,487,26,431,432,433,434,435,436,437,', ',31,26,', '新疆,西藏', 1, '100.00', 1, '100.00', '2', 8, '申通快递'),
(115, ',17,258,259,260,261,262,263,264,265,266,267,268,269,270,271,272,273,274,', ',17,', '湖北', 1, '18.00', 1, '10.00', '2', 8, '申通快递'),
(116, '', '', '全国', 3, '5.00', 1, '2.00', '1', 1, '申通快递'),
(117, ',11,180,181,182,183,184,185,179,178,177,175,176,14,212,213,214,215,216,217,218,219,220,221,222,12,186,187,188,189,190,191,202,192,193,194,195,196,197,198,199,200,201,10,162,163,164,165,166,167,168,169,170,171,172,173,174,9,39,1,36,3,83,82,81,80,73,74,75,76,77,78,79,16,243,257,256,255,254,244,245,246,247,248,249,250,251,252,253,242,240,241,18,283,284,285,286,287,288,282,281,280,275,276,277,278,279,19,294,308,309,307,306,305,295,296,297,298,299,300,301,302,303,304,289,290,291,292,293,', ',11,14,12,10,9,1,3,16,18,19,', '浙江,江西,安徽,江苏,上海,北京,河北,河南,湖南,广东', 1, '15.00', 1, '10.00', '2', 1, '申通快递'),
(118, ',15,231,232,233,234,235,236,237,238,239,230,229,228,223,224,225,226,227,2,40,13,205,206,207,208,209,210,211,204,203,24,406,407,408,409,410,411,412,413,414,25,426,427,428,429,430,425,424,423,415,416,417,418,419,420,421,422,', ',15,2,13,24,25,', '山东,广东省,福建,贵州,云南', 1, '17.00', 1, '14.00', '2', 1, '申通快递'),
(119, ',4,84,85,86,87,88,89,90,91,92,93,94,20,310,311,312,313,314,315,316,317,318,319,320,321,322,323,21,334,335,336,337,338,339,340,341,342,343,333,332,331,324,325,326,327,328,329,330,344,6,120,109,110,111,112,113,114,115,116,117,118,108,107,119,27,438,439,440,441,442,443,444,445,446,447,23,399,400,401,402,403,404,405,398,397,386,387,388,389,390,391,392,393,394,395,396,385,22,62,', ',4,20,21,6,27,23,22,', '山西,广西,海南,辽宁,陕西,四川,重庆', 1, '25.00', 1, '20.00', '2', 1, '申通快递'),
(120, ',5,95,106,96,97,98,99,100,101,102,103,104,105,7,121,122,123,124,125,126,127,128,129,8,135,136,137,138,139,140,141,142,134,133,132,130,131,30,474,470,471,472,473,29,462,463,464,465,466,467,468,469,28,451,452,453,454,455,456,457,458,459,460,450,449,448,461,', ',5,7,8,30,29,28,', '内蒙古,吉林,黑龙江,宁夏,青海,甘肃', 1, '30.00', 1, '30.00', '2', 1, '申通快递'),
(121, ',31,489,490,491,492,488,477,478,479,480,481,482,483,484,485,486,476,475,487,26,431,432,433,434,435,436,437,', ',31,26,', '新疆,西藏', 1, '40.00', 1, '40.00', '2', 1, '申通快递'),
(122, ',17,258,259,260,261,262,263,264,265,266,267,268,269,270,271,272,273,274,', ',17,', '湖北', 1, '12.00', 1, '4.00', '2', 1, '申通快递'),
(123, '', '', '全国', 1, '5.00', 1, '1.00', '1', 9, '1'),
(124, ',17,258,259,260,261,262,263,264,265,266,267,268,269,270,271,272,273,274,', ',17,', '湖北', 1, '14.00', 1, '6.00', '2', 9, '1'),
(125, ',11,180,181,182,183,184,185,179,178,177,175,176,14,212,213,214,215,216,217,218,219,220,221,222,12,186,187,188,189,190,191,202,192,193,194,195,196,197,198,199,200,201,10,162,163,164,165,166,167,168,169,170,171,172,173,174,9,39,1,36,3,83,82,81,80,73,74,75,76,77,78,79,16,243,257,256,255,254,244,245,246,247,248,249,250,251,252,253,242,240,241,18,283,284,285,286,287,288,282,281,280,275,276,277,278,279,19,294,308,309,307,306,305,295,296,297,298,299,300,301,302,303,304,289,290,291,292,293,', ',11,14,12,10,9,1,3,16,18,19,', '浙江,江西,安徽,江苏,上海,北京,河北,河南,湖南,广东', 1, '20.00', 1, '15.00', '2', 9, '1'),
(126, ',15,231,232,233,234,235,236,237,238,239,230,229,228,223,224,225,226,227,2,40,13,205,206,207,208,209,210,211,204,203,24,406,407,408,409,410,411,412,413,414,25,426,427,428,429,430,425,424,423,415,416,417,418,419,420,421,422,', ',15,2,13,24,25,', '山东,广东省,福建,贵州,云南', 1, '35.00', 1, '30.00', '2', 9, '1'),
(127, ',4,84,85,86,87,88,89,90,91,92,93,94,20,310,311,312,313,314,315,316,317,318,319,320,321,322,323,21,334,335,336,337,338,339,340,341,342,343,333,332,331,324,325,326,327,328,329,330,344,6,120,109,110,111,112,113,114,115,116,117,118,108,107,119,27,438,439,440,441,442,443,444,445,446,447,23,399,400,401,402,403,404,405,398,397,386,387,388,389,390,391,392,393,394,395,396,385,22,62,', ',4,20,21,6,27,23,22,', '山西,广西,海南,辽宁,陕西,四川,重庆', 1, '45.00', 1, '45.00', '2', 9, '1'),
(128, ',5,95,106,96,97,98,99,100,101,102,103,104,105,7,121,122,123,124,125,126,127,128,129,8,135,136,137,138,139,140,141,142,134,133,132,130,131,30,474,470,471,472,473,29,462,463,464,465,466,467,468,469,28,451,452,453,454,455,456,457,458,459,460,450,449,448,461,', ',5,7,8,30,29,28,', '内蒙古,吉林,黑龙江,宁夏,青海,甘肃', 1, '45.00', 1, '45.00', '2', 9, '1'),
(129, ',31,489,490,491,492,488,477,478,479,480,481,482,483,484,485,486,476,475,487,26,431,432,433,434,435,436,437,', ',31,26,', '新疆,西藏', 1, '60.00', 1, '60.00', '2', 9, '1'),
(137, '', '', '全国', 1, '5.00', 1, '1.00', '1', 10, '1的副本'),
(138, ',17,258,259,260,261,262,263,264,265,266,267,268,269,270,271,272,273,274,', ',17,', '湖北', 1, '10.00', 1, '2.00', '2', 10, '1的副本'),
(139, ',11,180,181,182,183,184,185,179,178,177,175,176,14,212,213,214,215,216,217,218,219,220,221,222,12,186,187,188,189,190,191,202,192,193,194,195,196,197,198,199,200,201,10,162,163,164,165,166,167,168,169,170,171,172,173,174,9,39,1,36,3,83,82,81,80,73,74,75,76,77,78,79,16,243,257,256,255,254,244,245,246,247,248,249,250,251,252,253,242,240,241,18,283,284,285,286,287,288,282,281,280,275,276,277,278,279,19,294,308,309,307,306,305,295,296,297,298,299,300,301,302,303,304,289,290,291,292,293,', ',11,14,12,10,9,1,3,16,18,19,', '浙江,江西,安徽,江苏,上海,北京,河北,河南,湖南,广东', 1, '10.00', 1, '5.00', '2', 10, '1的副本'),
(140, ',15,231,232,233,234,235,236,237,238,239,230,229,228,223,224,225,226,227,2,40,13,205,206,207,208,209,210,211,204,203,24,406,407,408,409,410,411,412,413,414,25,426,427,428,429,430,425,424,423,415,416,417,418,419,420,421,422,', ',15,2,13,24,25,', '山东,广东省,福建,贵州,云南', 1, '10.00', 1, '7.00', '2', 10, '1的副本'),
(141, ',4,84,85,86,87,88,89,90,91,92,93,94,20,310,311,312,313,314,315,316,317,318,319,320,321,322,323,21,334,335,336,337,338,339,340,341,342,343,333,332,331,324,325,326,327,328,329,330,344,6,120,109,110,111,112,113,114,115,116,117,118,108,107,119,27,438,439,440,441,442,443,444,445,446,447,23,399,400,401,402,403,404,405,398,397,386,387,388,389,390,391,392,393,394,395,396,385,22,62,', ',4,20,21,6,27,23,22,', '山西,广西,海南,辽宁,陕西,四川,重庆', 1, '15.00', 1, '10.00', '2', 10, '1的副本'),
(142, ',5,95,106,96,97,98,99,100,101,102,103,104,105,7,121,122,123,124,125,126,127,128,129,8,135,136,137,138,139,140,141,142,134,133,132,130,131,30,474,470,471,472,473,29,462,463,464,465,466,467,468,469,28,451,452,453,454,455,456,457,458,459,460,450,449,448,461,', ',5,7,8,30,29,28,', '内蒙古,吉林,黑龙江,宁夏,青海,甘肃', 1, '15.00', 1, '15.00', '2', 10, '1的副本'),
(143, ',31,489,490,491,492,488,477,478,479,480,481,482,483,484,485,486,476,475,487,26,431,432,433,434,435,436,437,', ',31,26,', '新疆,西藏', 1, '20.00', 1, '20.00', '2', 10, '1的副本'),
(200, '', '', '全国', 2, '5.00', 2, '1.00', '1', 13, '250g'),
(201, ',17,258,259,260,261,262,263,264,265,266,267,268,269,270,271,272,273,274,', ',17,', '湖北', 2, '10.00', 2, '2.00', '2', 13, '250g'),
(202, ',11,180,181,182,183,184,185,179,178,177,175,176,14,212,213,214,215,216,217,218,219,220,221,222,12,186,187,188,189,190,191,202,192,193,194,195,196,197,198,199,200,201,10,162,163,164,165,166,167,168,169,170,171,172,173,174,9,39,1,36,3,83,82,81,80,73,74,75,76,77,78,79,16,243,257,256,255,254,244,245,246,247,248,249,250,251,252,253,242,240,241,18,283,284,285,286,287,288,282,281,280,275,276,277,278,279,19,294,308,309,307,306,305,295,296,297,298,299,300,301,302,303,304,289,290,291,292,293,', ',11,14,12,10,9,1,3,16,18,19,', '浙江,江西,安徽,江苏,上海,北京,河北,河南,湖南,广东', 2, '10.00', 2, '5.00', '2', 13, '250g'),
(203, ',15,231,232,233,234,235,236,237,238,239,230,229,228,223,224,225,226,227,2,40,13,205,206,207,208,209,210,211,204,203,24,406,407,408,409,410,411,412,413,414,25,426,427,428,429,430,425,424,423,415,416,417,418,419,420,421,422,', ',15,2,13,24,25,', '山东,广东省,福建,贵州,云南', 2, '10.00', 2, '7.00', '2', 13, '250g'),
(204, ',4,84,85,86,87,88,89,90,91,92,93,94,20,310,311,312,313,314,315,316,317,318,319,320,321,322,323,21,334,335,336,337,338,339,340,341,342,343,333,332,331,324,325,326,327,328,329,330,344,6,120,109,110,111,112,113,114,115,116,117,118,108,107,119,27,438,439,440,441,442,443,444,445,446,447,23,399,400,401,402,403,404,405,398,397,386,387,388,389,390,391,392,393,394,395,396,385,22,62,', ',4,20,21,6,27,23,22,', '山西,广西,海南,辽宁,陕西,四川,重庆', 2, '15.00', 2, '10.00', '2', 13, '250g'),
(205, ',5,95,106,96,97,98,99,100,101,102,103,104,105,7,121,122,123,124,125,126,127,128,129,8,135,136,137,138,139,140,141,142,134,133,132,130,131,30,474,470,471,472,473,29,462,463,464,465,466,467,468,469,28,451,452,453,454,455,456,457,458,459,460,450,449,448,461,', ',5,7,8,30,29,28,', '内蒙古,吉林,黑龙江,宁夏,青海,甘肃', 2, '15.00', 2, '15.00', '2', 13, '250g'),
(206, ',31,489,490,491,492,488,477,478,479,480,481,482,483,484,485,486,476,475,487,26,431,432,433,434,435,436,437,', ',31,26,', '新疆,西藏', 2, '20.00', 2, '20.00', '2', 13, '250g'),
(207, '', '', '全国', 1, '5.00', 1, '1.00', '1', 11, '500g'),
(208, ',17,258,259,260,261,262,263,264,265,266,267,268,269,270,271,272,273,274,', ',17,', '湖北', 2, '10.00', 2, '2.00', '2', 11, '500g'),
(209, ',11,180,181,182,183,184,185,179,178,177,175,176,14,212,213,214,215,216,217,218,219,220,221,222,12,186,187,188,189,190,191,202,192,193,194,195,196,197,198,199,200,201,10,162,163,164,165,166,167,168,169,170,171,172,173,174,9,39,1,36,3,83,82,81,80,73,74,75,76,77,78,79,16,243,257,256,255,254,244,245,246,247,248,249,250,251,252,253,242,240,241,18,283,284,285,286,287,288,282,281,280,275,276,277,278,279,19,294,308,309,307,306,305,295,296,297,298,299,300,301,302,303,304,289,290,291,292,293,', ',11,14,12,10,9,1,3,16,18,19,', '浙江,江西,安徽,江苏,上海,北京,河北,河南,湖南,广东', 2, '10.00', 2, '5.00', '2', 11, '500g'),
(210, ',15,231,232,233,234,235,236,237,238,239,230,229,228,223,224,225,226,227,2,40,13,205,206,207,208,209,210,211,204,203,24,406,407,408,409,410,411,412,413,414,25,426,427,428,429,430,425,424,423,415,416,417,418,419,420,421,422,', ',15,2,13,24,25,', '山东,广东省,福建,贵州,云南', 2, '10.00', 2, '7.00', '2', 11, '500g'),
(211, ',4,84,85,86,87,88,89,90,91,92,93,94,20,310,311,312,313,314,315,316,317,318,319,320,321,322,323,21,334,335,336,337,338,339,340,341,342,343,333,332,331,324,325,326,327,328,329,330,344,6,120,109,110,111,112,113,114,115,116,117,118,108,107,119,27,438,439,440,441,442,443,444,445,446,447,23,399,400,401,402,403,404,405,398,397,386,387,388,389,390,391,392,393,394,395,396,385,22,62,', ',4,20,21,6,27,23,22,', '山西,广西,海南,辽宁,陕西,四川,重庆', 2, '15.00', 2, '10.00', '2', 11, '500g'),
(212, ',5,95,106,96,97,98,99,100,101,102,103,104,105,7,121,122,123,124,125,126,127,128,129,8,135,136,137,138,139,140,141,142,134,133,132,130,131,30,474,470,471,472,473,29,462,463,464,465,466,467,468,469,28,451,452,453,454,455,456,457,458,459,460,450,449,448,461,', ',5,7,8,30,29,28,', '内蒙古,吉林,黑龙江,宁夏,青海,甘肃', 2, '15.00', 2, '15.00', '2', 11, '500g'),
(213, ',31,489,490,491,492,488,477,478,479,480,481,482,483,484,485,486,476,475,487,26,431,432,433,434,435,436,437,', ',31,26,', '新疆,西藏', 2, '20.00', 2, '40.00', '2', 11, '500g'),
(214, '', '', '全国', 1, '5.00', 1, '5.00', '1', 12, '2500'),
(215, ',17,258,259,260,261,262,263,264,265,266,267,268,269,270,271,272,273,274,', ',17,', '湖北', 1, '18.00', 1, '10.00', '2', 12, '2500'),
(216, ',11,180,181,182,183,184,185,179,178,177,175,176,14,212,213,214,215,216,217,218,219,220,221,222,12,186,187,188,189,190,191,202,192,193,194,195,196,197,198,199,200,201,10,162,163,164,165,166,167,168,169,170,171,172,173,174,9,39,1,36,3,83,82,81,80,73,74,75,76,77,78,79,16,243,257,256,255,254,244,245,246,247,248,249,250,251,252,253,242,240,241,18,283,284,285,286,287,288,282,281,280,275,276,277,278,279,19,294,308,309,307,306,305,295,296,297,298,299,300,301,302,303,304,289,290,291,292,293,', ',11,14,12,10,9,1,3,16,18,19,', '浙江,江西,安徽,江苏,上海,北京,河北,河南,湖南,广东', 1, '30.00', 1, '25.00', '2', 12, '2500'),
(217, ',15,231,232,233,234,235,236,237,238,239,230,229,228,223,224,225,226,227,2,40,13,205,206,207,208,209,210,211,204,203,24,406,407,408,409,410,411,412,413,414,25,426,427,428,429,430,425,424,423,415,416,417,418,419,420,421,422,', ',15,2,13,24,25,', '山东,广东省,福建,贵州,云南', 1, '38.00', 1, '35.00', '2', 12, '2500'),
(218, ',4,84,85,86,87,88,89,90,91,92,93,94,20,310,311,312,313,314,315,316,317,318,319,320,321,322,323,21,334,335,336,337,338,339,340,341,342,343,333,332,331,324,325,326,327,328,329,330,344,6,120,109,110,111,112,113,114,115,116,117,118,108,107,119,27,438,439,440,441,442,443,444,445,446,447,23,399,400,401,402,403,404,405,398,397,386,387,388,389,390,391,392,393,394,395,396,385,22,62,', ',4,20,21,6,27,23,22,', '山西,广西,海南,辽宁,陕西,四川,重庆', 1, '55.00', 1, '50.00', '2', 12, '2500'),
(219, ',5,95,106,96,97,98,99,100,101,102,103,104,105,7,121,122,123,124,125,126,127,128,129,8,135,136,137,138,139,140,141,142,134,133,132,130,131,30,474,470,471,472,473,29,462,463,464,465,466,467,468,469,28,451,452,453,454,455,456,457,458,459,460,450,449,448,461,', ',5,7,8,30,29,28,', '内蒙古,吉林,黑龙江,宁夏,青海,甘肃', 1, '75.00', 1, '75.00', '2', 12, '2500'),
(220, ',31,489,490,491,492,488,477,478,479,480,481,482,483,484,485,486,476,475,487,26,431,432,433,434,435,436,437,', ',31,26,', '新疆,西藏', 1, '100.00', 1, '100.00', '2', 12, '2500');

-- --------------------------------------------------------

--
-- 表的结构 `cor_type`
--

CREATE TABLE IF NOT EXISTS `cor_type` (
  `type_id` int(10) unsigned NOT NULL AUTO_INCREMENT COMMENT '类型id',
  `type_name` varchar(100) NOT NULL COMMENT '类型名称',
  `type_sort` tinyint(1) unsigned NOT NULL COMMENT '排序',
  `class_id` int(10) unsigned DEFAULT '0' COMMENT '所属分类id',
  `class_name` varchar(100) NOT NULL COMMENT '所属分类名称',
  PRIMARY KEY (`type_id`)
) ENGINE=InnoDB  DEFAULT CHARSET=utf8 COMMENT='商品类型表' AUTO_INCREMENT=41 ;

--
-- 转存表中的数据 `cor_type`
--

INSERT INTO `cor_type` (`type_id`, `type_name`, `type_sort`, `class_id`, `class_name`) VALUES
(34, '服饰鞋帽/女装/针织衫', 3, 14, '针织衫'),
(35, '服饰鞋帽/女装/雪纺衫', 4, 15, '雪纺衫'),
(36, '服饰鞋帽/女装/卫衣', 5, 16, '卫衣'),
(37, '本地生活/印刷/名片', 0, 1080, '名片'),
(39, '家用电器/生活电器/净水设备', 6, 330, '净水设备'),
(40, '食品饮料/饮料冲调', 0, 634, '饮料');

-- --------------------------------------------------------

--
-- 表的结构 `cor_type_brand`
--

CREATE TABLE IF NOT EXISTS `cor_type_brand` (
  `type_id` int(10) unsigned NOT NULL COMMENT '类型id',
  `brand_id` int(10) unsigned NOT NULL COMMENT '品牌id'
) ENGINE=InnoDB DEFAULT CHARSET=utf8 COMMENT='商品类型与品牌对应表';

--
-- 转存表中的数据 `cor_type_brand`
--

INSERT INTO `cor_type_brand` (`type_id`, `brand_id`) VALUES
(34, 101),
(34, 79),
(34, 108),
(34, 105),
(34, 103),
(34, 100),
(34, 96),
(34, 89),
(34, 87),
(34, 84),
(34, 80),
(34, 104),
(34, 81),
(34, 82),
(34, 83),
(36, 101),
(36, 79),
(36, 108),
(36, 105),
(36, 103),
(36, 100),
(36, 96),
(36, 89),
(36, 87),
(36, 80),
(36, 104),
(36, 81),
(36, 82),
(36, 83),
(35, 101),
(35, 79),
(35, 108),
(35, 105),
(35, 103),
(35, 100),
(35, 96),
(35, 89),
(35, 87),
(35, 80),
(35, 104),
(35, 81),
(35, 82);

-- --------------------------------------------------------

--
-- 表的结构 `cor_type_spec`
--

CREATE TABLE IF NOT EXISTS `cor_type_spec` (
  `type_id` int(10) unsigned NOT NULL COMMENT '类型id',
  `sp_id` int(10) unsigned NOT NULL COMMENT '规格id'
) ENGINE=InnoDB DEFAULT CHARSET=utf8 COMMENT='商品类型与规格对应表';

--
-- 转存表中的数据 `cor_type_spec`
--

INSERT INTO `cor_type_spec` (`type_id`, `sp_id`) VALUES
(36, 15),
(36, 1),
(35, 15),
(35, 1),
(34, 15),
(34, 1),
(37, 18),
(39, 21),
(40, 24);

-- --------------------------------------------------------

--
-- 表的结构 `cor_upload`
--

CREATE TABLE IF NOT EXISTS `cor_upload` (
  `upload_id` int(10) unsigned NOT NULL AUTO_INCREMENT COMMENT '索引ID',
  `file_name` varchar(100) DEFAULT NULL COMMENT '文件名',
  `file_thumb` varchar(100) DEFAULT NULL COMMENT '缩微图片',
  `file_wm` varchar(100) DEFAULT NULL COMMENT '水印图片',
  `file_size` int(10) unsigned NOT NULL DEFAULT '0' COMMENT '文件大小',
  `store_id` int(10) unsigned NOT NULL DEFAULT '0' COMMENT '店铺ID，0为管理员',
  `upload_type` tinyint(1) NOT NULL DEFAULT '0' COMMENT '文件类别，0为无，1为文章图片，默认为0，2为商品切换图片，3为商品内容图片，4为系统文章图片，5为积分礼品切换图片，6为积分礼品内容图片',
  `upload_time` int(10) unsigned NOT NULL DEFAULT '0' COMMENT '添加时间',
  `item_id` int(11) unsigned NOT NULL DEFAULT '0' COMMENT '信息ID',
  PRIMARY KEY (`upload_id`)
) ENGINE=InnoDB  DEFAULT CHARSET=utf8 COMMENT='上传文件表' AUTO_INCREMENT=39 ;

--
-- 转存表中的数据 `cor_upload`
--

INSERT INTO `cor_upload` (`upload_id`, `file_name`, `file_thumb`, `file_wm`, `file_size`, `store_id`, `upload_type`, `upload_time`, `item_id`) VALUES
(1, '04725647692639167.jpg', '04725647692639167_small.jpg', NULL, 135843, 0, 5, 1419220769, 2),
(2, '04725653445183900.jpg', '04725653445183900_small.jpg', NULL, 286096, 0, 5, 1419221345, 3),
(6, '04727704203001153.jpg', NULL, NULL, 0, 0, 6, 1419426420, 0),
(7, '04783707856998631.jpg', NULL, NULL, 175857, 0, 11, 1425026785, 61),
(8, '04783707938030976.jpg', NULL, NULL, 199984, 0, 11, 1425026793, 61),
(9, '04783707942714075.jpg', NULL, NULL, 166319, 0, 11, 1425026794, 61),
(10, '04783707996411307.jpg', NULL, NULL, 200523, 0, 11, 1425026799, 61),
(11, '04783708030232691.jpg', NULL, NULL, 220175, 0, 11, 1425026803, 61),
(12, '04783708071499292.jpg', NULL, NULL, 163797, 0, 11, 1425026807, 61),
(13, '04783708080737600.jpg', NULL, NULL, 192866, 0, 11, 1425026808, 61),
(14, '04783708128474708.jpg', NULL, NULL, 207317, 0, 11, 1425026812, 61),
(15, '04783708129687696.jpg', NULL, NULL, 166847, 0, 11, 1425026812, 61),
(16, '04783708184980207.jpg', NULL, NULL, 219888, 0, 11, 1425026818, 61),
(17, '04783708248901027.jpg', NULL, NULL, 173569, 0, 11, 1425026824, 61),
(18, '04783708273893173.jpg', NULL, NULL, 169865, 0, 11, 1425026827, 61),
(19, '04783708304646664.jpg', NULL, NULL, 162552, 0, 11, 1425026830, 61),
(20, '04783708319214744.jpg', NULL, NULL, 164968, 0, 11, 1425026831, 61),
(21, '04783708346795828.jpg', NULL, NULL, 181676, 0, 11, 1425026834, 61),
(22, '04783708355164507.jpg', NULL, NULL, 179963, 0, 11, 1425026835, 61),
(23, '04783708453261918.jpg', NULL, NULL, 174514, 0, 11, 1425026845, 61),
(24, '04783708458303334.jpg', NULL, NULL, 185295, 0, 11, 1425026845, 61),
(25, '04783708461766531.jpg', NULL, NULL, 204264, 0, 11, 1425026846, 61),
(26, '04783708505032358.jpg', NULL, NULL, 142265, 0, 11, 1425026850, 61),
(27, '04783708535832969.jpg', NULL, NULL, 169279, 0, 11, 1425026853, 61),
(28, '04783708595132655.jpg', NULL, NULL, 202975, 0, 11, 1425026859, 61),
(29, '04784503960288290.png', NULL, NULL, 39845, 0, 11, 1425106396, 64),
(30, '04784503963046304.png', NULL, NULL, 42018, 0, 11, 1425106396, 64),
(31, '04784503991026461.png', NULL, NULL, 41710, 0, 11, 1425106399, 64),
(32, '04784503995703941.png', NULL, NULL, 41367, 0, 11, 1425106399, 64),
(33, '04784504015143542.png', NULL, NULL, 43311, 0, 11, 1425106401, 64),
(34, '04784504015889377.png', NULL, NULL, 43595, 0, 11, 1425106401, 64),
(35, '04784504017651887.png', NULL, NULL, 41314, 0, 11, 1425106401, 64),
(36, '04784504018284363.png', NULL, NULL, 47340, 0, 11, 1425106401, 64),
(37, '04784504023613326.png', NULL, NULL, 47087, 0, 11, 1425106402, 64);

-- --------------------------------------------------------

--
-- 表的结构 `cor_voucher`
--

CREATE TABLE IF NOT EXISTS `cor_voucher` (
  `voucher_id` int(11) NOT NULL AUTO_INCREMENT COMMENT '代金券编号',
  `voucher_code` varchar(32) NOT NULL COMMENT '代金券编码',
  `voucher_t_id` int(11) NOT NULL COMMENT '代金券模版编号',
  `voucher_title` varchar(50) NOT NULL COMMENT '代金券标题',
  `voucher_desc` varchar(255) NOT NULL COMMENT '代金券描述',
  `voucher_start_date` int(11) NOT NULL COMMENT '代金券有效期开始时间',
  `voucher_end_date` int(11) NOT NULL COMMENT '代金券有效期结束时间',
  `voucher_price` int(11) NOT NULL COMMENT '代金券面额',
  `voucher_limit` decimal(10,2) NOT NULL COMMENT '代金券使用时的订单限额',
  `voucher_store_id` int(11) NOT NULL COMMENT '代金券的店铺id',
  `voucher_state` tinyint(4) NOT NULL COMMENT '代金券状态(1-未用,2-已用,3-过期,4-收回)',
  `voucher_active_date` int(11) NOT NULL COMMENT '代金券发放日期',
  `voucher_type` tinyint(4) NOT NULL COMMENT '代金券类别',
  `voucher_owner_id` int(11) NOT NULL COMMENT '代金券所有者id',
  `voucher_owner_name` varchar(50) NOT NULL COMMENT '代金券所有者名称',
  `voucher_order_id` int(11) DEFAULT NULL COMMENT '使用该代金券的订单编号',
  PRIMARY KEY (`voucher_id`)
) ENGINE=InnoDB DEFAULT CHARSET=utf8 COMMENT='代金券表' AUTO_INCREMENT=1 ;

-- --------------------------------------------------------

--
-- 表的结构 `cor_voucher_price`
--

CREATE TABLE IF NOT EXISTS `cor_voucher_price` (
  `voucher_price_id` int(11) NOT NULL AUTO_INCREMENT COMMENT '代金券面值编号',
  `voucher_price_describe` varchar(255) NOT NULL COMMENT '代金券描述',
  `voucher_price` int(11) NOT NULL COMMENT '代金券面值',
  `voucher_defaultpoints` int(11) NOT NULL DEFAULT '0' COMMENT '代金劵默认的兑换所需积分可以为0',
  PRIMARY KEY (`voucher_price_id`)
) ENGINE=InnoDB  DEFAULT CHARSET=utf8 COMMENT='代金券面额表' AUTO_INCREMENT=8 ;

--
-- 转存表中的数据 `cor_voucher_price`
--

INSERT INTO `cor_voucher_price` (`voucher_price_id`, `voucher_price_describe`, `voucher_price`, `voucher_defaultpoints`) VALUES
(1, '购物满额抵扣5元，该券不能提现。', 5, 50),
(2, '购物满额抵扣10元，该券不能提现。', 10, 100),
(3, '购物满额抵扣20元，该券不能提现。', 20, 200),
(4, '购物满额抵扣50元，该券不能提现。', 50, 500),
(5, '购物满额抵扣100元，该券不能提现。', 100, 1000),
(6, '购物满额抵扣200元，该券不能提现。', 200, 2000),
(7, '购物满额抵扣500元，该券不能提现。', 500, 5000);

-- --------------------------------------------------------

--
-- 表的结构 `cor_voucher_quota`
--

CREATE TABLE IF NOT EXISTS `cor_voucher_quota` (
  `quota_id` int(11) NOT NULL AUTO_INCREMENT COMMENT '套餐编号',
  `quota_applyid` int(11) NOT NULL COMMENT '申请编号',
  `quota_memberid` int(11) NOT NULL COMMENT '会员编号',
  `quota_membername` varchar(100) NOT NULL COMMENT '会员名称',
  `quota_storeid` int(11) NOT NULL COMMENT '店铺编号',
  `quota_storename` varchar(100) NOT NULL COMMENT '店铺名称',
  `quota_starttime` int(11) NOT NULL COMMENT '开始时间',
  `quota_endtime` int(11) NOT NULL COMMENT '结束时间',
  `quota_state` tinyint(1) NOT NULL DEFAULT '1' COMMENT '状态(1-可用/2-取消/3-结束)',
  PRIMARY KEY (`quota_id`)
) ENGINE=InnoDB  DEFAULT CHARSET=utf8 COMMENT='代金券套餐表' AUTO_INCREMENT=4 ;

--
-- 转存表中的数据 `cor_voucher_quota`
--

INSERT INTO `cor_voucher_quota` (`quota_id`, `quota_applyid`, `quota_memberid`, `quota_membername`, `quota_storeid`, `quota_storename`, `quota_starttime`, `quota_endtime`, `quota_state`) VALUES
(1, 0, 4, 'tcdq', 2, '大琪广告印务', 1417264846, 1419856846, 3),
(2, 0, 1, 'corshop', 1, '官方店铺', 1420095926, 1451199926, 1),
(3, 0, 4, 'tcdq', 2, '大琪广告印务', 1420772864, 1451876864, 1);

-- --------------------------------------------------------

--
-- 表的结构 `cor_voucher_template`
--

CREATE TABLE IF NOT EXISTS `cor_voucher_template` (
  `voucher_t_id` int(11) NOT NULL AUTO_INCREMENT COMMENT '代金券模版编号',
  `voucher_t_title` varchar(50) NOT NULL COMMENT '代金券模版名称',
  `voucher_t_desc` varchar(255) NOT NULL COMMENT '代金券模版描述',
  `voucher_t_start_date` int(11) NOT NULL COMMENT '代金券模版有效期开始时间',
  `voucher_t_end_date` int(11) NOT NULL COMMENT '代金券模版有效期结束时间',
  `voucher_t_price` int(11) NOT NULL COMMENT '代金券模版面额',
  `voucher_t_limit` decimal(10,2) NOT NULL COMMENT '代金券使用时的订单限额',
  `voucher_t_store_id` int(11) NOT NULL COMMENT '代金券模版的店铺id',
  `voucher_t_storename` varchar(100) DEFAULT NULL COMMENT '店铺名称',
  `voucher_t_creator_id` int(11) NOT NULL COMMENT '代金券模版的创建者id',
  `voucher_t_state` tinyint(4) NOT NULL COMMENT '代金券模版状态(1-有效,2-失效)',
  `voucher_t_total` int(11) NOT NULL COMMENT '模版可发放的代金券总数',
  `voucher_t_giveout` int(11) NOT NULL COMMENT '模版已发放的代金券数量',
  `voucher_t_used` int(11) NOT NULL COMMENT '模版已经使用过的代金券',
  `voucher_t_add_date` int(11) NOT NULL COMMENT '模版的创建时间',
  `voucher_t_quotaid` int(11) NOT NULL COMMENT '套餐编号',
  `voucher_t_points` int(11) NOT NULL DEFAULT '0' COMMENT '兑换所需积分',
  `voucher_t_eachlimit` int(11) NOT NULL DEFAULT '1' COMMENT '每人限领张数',
  `voucher_t_styleimg` varchar(200) DEFAULT NULL COMMENT '样式模版图片',
  `voucher_t_customimg` varchar(200) DEFAULT NULL COMMENT '自定义代金券模板图片',
  PRIMARY KEY (`voucher_t_id`)
) ENGINE=InnoDB  DEFAULT CHARSET=utf8 COMMENT='代金券模版表' AUTO_INCREMENT=4 ;

--
-- 转存表中的数据 `cor_voucher_template`
--

INSERT INTO `cor_voucher_template` (`voucher_t_id`, `voucher_t_title`, `voucher_t_desc`, `voucher_t_start_date`, `voucher_t_end_date`, `voucher_t_price`, `voucher_t_limit`, `voucher_t_store_id`, `voucher_t_storename`, `voucher_t_creator_id`, `voucher_t_state`, `voucher_t_total`, `voucher_t_giveout`, `voucher_t_used`, `voucher_t_add_date`, `voucher_t_quotaid`, `voucher_t_points`, `voucher_t_eachlimit`, `voucher_t_styleimg`, `voucher_t_customimg`) VALUES
(2, '大琪广告购物券', '持代金券商城下单网店装修业务满额200元，可抵扣10元。该券不能提现。', 1419231256, 1419782400, 10, '200.00', 2, '大琪广告印务', 4, 2, 20, 0, 0, 1419231256, 1, 100, 1, NULL, '04725752566075245.jpg'),
(3, '大琪广告购物券', '持代金券商城下单网店装修业务满额200元，可抵扣10元。该券不能提现。', 1420772993, 1422633600, 10, '200.00', 2, '大琪广告印务', 4, 2, 10, 0, 0, 1420772993, 3, 100, 1, NULL, '04741169932659389.jpg');

-- --------------------------------------------------------

--
-- 表的结构 `cor_web`
--

CREATE TABLE IF NOT EXISTS `cor_web` (
  `web_id` int(10) unsigned NOT NULL AUTO_INCREMENT COMMENT '模块ID',
  `web_name` varchar(20) DEFAULT '' COMMENT '模块名称',
  `style_name` varchar(20) DEFAULT 'orange' COMMENT '风格名称',
  `web_page` varchar(10) DEFAULT 'index' COMMENT '所在页面(暂时只有index)',
  `update_time` int(10) unsigned NOT NULL COMMENT '更新时间',
  `web_sort` tinyint(1) unsigned DEFAULT '9' COMMENT '排序',
  `web_show` tinyint(1) unsigned DEFAULT '1' COMMENT '是否显示，0为否，1为是，默认为1',
  `web_html` text COMMENT '模块html代码',
  PRIMARY KEY (`web_id`)
) ENGINE=InnoDB  DEFAULT CHARSET=utf8 COMMENT='页面模块表' AUTO_INCREMENT=309 ;

--
-- 转存表中的数据 `cor_web`
--

INSERT INTO `cor_web` (`web_id`, `web_name`, `style_name`, `web_page`, `update_time`, `web_sort`, `web_show`, `web_html`) VALUES
(1, '数码办公', 'blue', 'index', 1418512069, 2, 0, '\r\n<div class="home-standard-layout wrapper style-blue">\r\n  <div class="left-sidebar">\r\n    <div class="title">\r\n      	      	<div class="pic-type"><img src="http://www.infol.com.cn/data/upload/shop/editor/web-1-11.png?967"/></div>\r\n      	    </div>\r\n    <div class="left-ads">\r\n      	      	<a href="" title="" target="_blank">\r\n      	<img src="http://www.infol.com.cn/data/upload/shop/editor/web-1-13.png?387" alt="">\r\n      	</a>\r\n      	    </div>\r\n    <div class="recommend-classes">\r\n      <ul>\r\n                  		                            <li><a href="http://www.infol.com.cn/shop/index.php?act=search&op=index&cate_id=1034" title="手机通讯" target="_blank">手机通讯</a></li>\r\n		                            <li><a href="http://www.infol.com.cn/shop/index.php?act=search&op=index&cate_id=258" title="手机配件" target="_blank">手机配件</a></li>\r\n		                            <li><a href="http://www.infol.com.cn/shop/index.php?act=search&op=index&cate_id=259" title="摄影摄像" target="_blank">摄影摄像</a></li>\r\n		                            <li><a href="http://www.infol.com.cn/shop/index.php?act=search&op=index&cate_id=260" title="数码配件" target="_blank">数码配件</a></li>\r\n		                            <li><a href="http://www.infol.com.cn/shop/index.php?act=search&op=index&cate_id=261" title="时尚影音" target="_blank">时尚影音</a></li>\r\n		                            <li><a href="http://www.infol.com.cn/shop/index.php?act=search&op=index&cate_id=390" title="电脑整机" target="_blank">电脑整机</a></li>\r\n		                            <li><a href="http://www.infol.com.cn/shop/index.php?act=search&op=index&cate_id=391" title="电脑配件" target="_blank">电脑配件</a></li>\r\n		                            <li><a href="http://www.infol.com.cn/shop/index.php?act=search&op=index&cate_id=392" title="外设产品" target="_blank">外设产品</a></li>\r\n		                            <li><a href="http://www.infol.com.cn/shop/index.php?act=search&op=index&cate_id=393" title="网络产品" target="_blank">网络产品</a></li>\r\n		                            <li><a href="http://www.infol.com.cn/shop/index.php?act=search&op=index&cate_id=394" title="办公打印" target="_blank">办公打印</a></li>\r\n		                            <li><a href="http://www.infol.com.cn/shop/index.php?act=search&op=index&cate_id=395" title="办公文仪" target="_blank">办公文仪</a></li>\r\n		                                          </ul>\r\n    </div>\r\n  </div>\r\n  <div class="middle-layout">\r\n    <ul class="tabs-nav">\r\n                                            <li class="tabs-selected"><i class="arrow"></i><h3>商品推荐</h3></li>\r\n                                        </ul>\r\n                                                                                                <div class="tabs-panel middle-goods-list ">\r\n                                    <ul>\r\n                                                                          <li>\r\n                                        <dl>\r\n                                          <dt class="goods-name"><a target="_blank" href="http://www.infol.com.cn/shop/index.php?act=goods&op=index&goods_id=248" title="测试商品">\r\n                                          	测试商品</a></dt>\r\n                                          <dd class="goods-thumb">\r\n                                          	<a target="_blank" href="http://www.infol.com.cn/shop/index.php?act=goods&op=index&goods_id=248">\r\n                                          	<img src="http://www.infol.com.cn/data/upload/shop/store/goods/1/1_04703980703310091_240.jpg" alt="测试商品" />\r\n                                          	</a></dd>\r\n                                          <dd class="goods-price"><em>￥1.00</em>\r\n                                            <span class="original">￥1.00</span></dd>\r\n                                        </dl>\r\n                                      </li>\r\n                                                                          <li>\r\n                                        <dl>\r\n                                          <dt class="goods-name"><a target="_blank" href="http://www.infol.com.cn/shop/index.php?act=goods&op=index&goods_id=255" title="测试商品">\r\n                                          	测试商品</a></dt>\r\n                                          <dd class="goods-thumb">\r\n                                          	<a target="_blank" href="http://www.infol.com.cn/shop/index.php?act=goods&op=index&goods_id=255">\r\n                                          	<img src="http://www.infol.com.cn/data/upload/shop/store/goods/1/1_04703985915747920_240.jpg" alt="测试商品" />\r\n                                          	</a></dd>\r\n                                          <dd class="goods-price"><em>￥1.00</em>\r\n                                            <span class="original">￥1.00</span></dd>\r\n                                        </dl>\r\n                                      </li>\r\n                                                                          <li>\r\n                                        <dl>\r\n                                          <dt class="goods-name"><a target="_blank" href="http://www.infol.com.cn/shop/index.php?act=goods&op=index&goods_id=254" title="测试商品">\r\n                                          	测试商品</a></dt>\r\n                                          <dd class="goods-thumb">\r\n                                          	<a target="_blank" href="http://www.infol.com.cn/shop/index.php?act=goods&op=index&goods_id=254">\r\n                                          	<img src="http://www.infol.com.cn/data/upload/shop/store/goods/1/1_04703984798023223_240.jpg" alt="测试商品" />\r\n                                          	</a></dd>\r\n                                          <dd class="goods-price"><em>￥1.00</em>\r\n                                            <span class="original">￥1.00</span></dd>\r\n                                        </dl>\r\n                                      </li>\r\n                                                                          <li>\r\n                                        <dl>\r\n                                          <dt class="goods-name"><a target="_blank" href="http://www.infol.com.cn/shop/index.php?act=goods&op=index&goods_id=253" title="测试商品">\r\n                                          	测试商品</a></dt>\r\n                                          <dd class="goods-thumb">\r\n                                          	<a target="_blank" href="http://www.infol.com.cn/shop/index.php?act=goods&op=index&goods_id=253">\r\n                                          	<img src="http://www.infol.com.cn/data/upload/shop/store/goods/1/1_04703984227059310_240.jpg" alt="测试商品" />\r\n                                          	</a></dd>\r\n                                          <dd class="goods-price"><em>￥1.00</em>\r\n                                            <span class="original">￥1.00</span></dd>\r\n                                        </dl>\r\n                                      </li>\r\n                                                                          <li>\r\n                                        <dl>\r\n                                          <dt class="goods-name"><a target="_blank" href="http://www.infol.com.cn/shop/index.php?act=goods&op=index&goods_id=252" title="测试商品">\r\n                                          	测试商品</a></dt>\r\n                                          <dd class="goods-thumb">\r\n                                          	<a target="_blank" href="http://www.infol.com.cn/shop/index.php?act=goods&op=index&goods_id=252">\r\n                                          	<img src="http://www.infol.com.cn/data/upload/shop/store/goods/1/1_04703983648066095_240.jpg" alt="测试商品" />\r\n                                          	</a></dd>\r\n                                          <dd class="goods-price"><em>￥1.00</em>\r\n                                            <span class="original">￥1.00</span></dd>\r\n                                        </dl>\r\n                                      </li>\r\n                                                                          <li>\r\n                                        <dl>\r\n                                          <dt class="goods-name"><a target="_blank" href="http://www.infol.com.cn/shop/index.php?act=goods&op=index&goods_id=251" title="测试商品">\r\n                                          	测试商品</a></dt>\r\n                                          <dd class="goods-thumb">\r\n                                          	<a target="_blank" href="http://www.infol.com.cn/shop/index.php?act=goods&op=index&goods_id=251">\r\n                                          	<img src="http://www.infol.com.cn/data/upload/shop/store/goods/1/1_04703983042224193_240.jpg" alt="测试商品" />\r\n                                          	</a></dd>\r\n                                          <dd class="goods-price"><em>￥1.00</em>\r\n                                            <span class="original">￥1.00</span></dd>\r\n                                        </dl>\r\n                                      </li>\r\n                                                                          <li>\r\n                                        <dl>\r\n                                          <dt class="goods-name"><a target="_blank" href="http://www.infol.com.cn/shop/index.php?act=goods&op=index&goods_id=250" title="测试商品">\r\n                                          	测试商品</a></dt>\r\n                                          <dd class="goods-thumb">\r\n                                          	<a target="_blank" href="http://www.infol.com.cn/shop/index.php?act=goods&op=index&goods_id=250">\r\n                                          	<img src="http://www.infol.com.cn/data/upload/shop/store/goods/1/1_04703981788210618_240.jpg" alt="测试商品" />\r\n                                          	</a></dd>\r\n                                          <dd class="goods-price"><em>￥1.00</em>\r\n                                            <span class="original">￥1.00</span></dd>\r\n                                        </dl>\r\n                                      </li>\r\n                                                                          <li>\r\n                                        <dl>\r\n                                          <dt class="goods-name"><a target="_blank" href="http://www.infol.com.cn/shop/index.php?act=goods&op=index&goods_id=249" title="测试商品">\r\n                                          	测试商品</a></dt>\r\n                                          <dd class="goods-thumb">\r\n                                          	<a target="_blank" href="http://www.infol.com.cn/shop/index.php?act=goods&op=index&goods_id=249">\r\n                                          	<img src="http://www.infol.com.cn/data/upload/shop/store/goods/1/1_04703981369852394_240.jpg" alt="测试商品" />\r\n                                          	</a></dd>\r\n                                          <dd class="goods-price"><em>￥1.00</em>\r\n                                            <span class="original">￥1.00</span></dd>\r\n                                        </dl>\r\n                                      </li>\r\n                                                                        </ul>\r\n                                  </div>\r\n                                                                </div>\r\n  <div class="right-sidebar">\r\n    <div class="title">热卖排行榜</div>\r\n    <div class="hot-list">\r\n          <dl>\r\n            	      	<dt>\r\n			<a target="_blank" href="http://www.infol.com.cn/shop/index.php?act=goods&op=index&goods_id=248"><img src="http://www.infol.com.cn/data/upload/shop/store/goods/1/1_04703980703310091_240.jpg" /><span>1</span></a>\r\n			<p class="ti"><a target="_blank" href="http://www.infol.com.cn/shop/index.php?act=goods&op=index&goods_id=248" title="测试商品">测试商品</a></p>\r\n			<p class="price">￥1.00</p>\r\n      	</dt>\r\n      	            	      	<dd><span>2</span><a target="_blank" href="http://www.infol.com.cn/shop/index.php?act=goods&op=index&goods_id=249" title="测试商品">测试商品</a></dd>\r\n      	            	      	<dd><span>3</span><a target="_blank" href="http://www.infol.com.cn/shop/index.php?act=goods&op=index&goods_id=250" title="测试商品">测试商品</a></dd>\r\n      	            	      	<dd><span class="gray">4</span><a target="_blank" href="http://www.infol.com.cn/shop/index.php?act=goods&op=index&goods_id=251" title="测试商品">测试商品</a></dd>\r\n      	            	      	<dd><span class="gray">5</span><a target="_blank" href="http://www.infol.com.cn/shop/index.php?act=goods&op=index&goods_id=252" title="测试商品">测试商品</a></dd>\r\n      	            </dl>\r\n    </div>\r\n    <div class="right-side-focus">\r\n      <ul>\r\n                                                                                <li><a href="" title="" target="_blank">\r\n                        <img src="http://www.infol.com.cn/data/upload/shop/editor/web-1-18-1.jpg?993" alt=""/></a>\r\n                      	</li>\r\n                                                                                    <li><a href="" title="" target="_blank">\r\n                        <img src="http://www.infol.com.cn/data/upload/shop/editor/web-1-18-2.jpg?449" alt=""/></a>\r\n                      	</li>\r\n                                                                                    <li><a href="" title="" target="_blank">\r\n                        <img src="http://www.infol.com.cn/data/upload/shop/editor/web-1-18-3.jpg?617" alt=""/></a>\r\n                      	</li>\r\n                                                                </ul>\r\n    </div>\r\n  </div>\r\n</div>'),
(2, '家用电器', 'orange', 'index', 1427254153, 3, 1, '\r\n<div class="home-standard-layout wrapper style-orange">\r\n  <div class="left-sidebar">\r\n    <div class="title">\r\n      	      	<div class="pic-type"><img src="http://www.infol.com.cn/data/upload/shop/editor/web-2-21.png?993"/></div>\r\n      	    </div>\r\n    <div class="left-ads">\r\n      	      	<a href="" title="" target="_blank">\r\n      	<img src="http://www.infol.com.cn/data/upload/shop/editor/web-2-23.jpg?343" alt="">\r\n      	</a>\r\n      	    </div>\r\n    <div class="recommend-classes">\r\n      <ul>\r\n                  		                            <li><a href="http://www.infol.com.cn/shop/index.php?act=search&op=index&cate_id=309" title="大家电" target="_blank">大家电</a></li>\r\n		                            <li><a href="http://www.infol.com.cn/shop/index.php?act=search&op=index&cate_id=310" title="生活电器" target="_blank">生活电器</a></li>\r\n		                            <li><a href="http://www.infol.com.cn/shop/index.php?act=search&op=index&cate_id=311" title="厨房电器" target="_blank">厨房电器</a></li>\r\n		                            <li><a href="http://www.infol.com.cn/shop/index.php?act=search&op=index&cate_id=312" title="个护健康" target="_blank">个护健康</a></li>\r\n		                            <li><a href="http://www.infol.com.cn/shop/index.php?act=search&op=index&cate_id=313" title="五金家装" target="_blank">五金家装</a></li>\r\n		                                          </ul>\r\n    </div>\r\n  </div>\r\n  <div class="middle-layout">\r\n    <ul class="tabs-nav">\r\n                                            <li class="tabs-selected"><i class="arrow"></i><h3>商品推荐</h3></li>\r\n                                        </ul>\r\n                                                                                                <div class="tabs-panel middle-goods-list ">\r\n                                    <ul>\r\n                                                                          <li>\r\n                                        <dl>\r\n                                          <dt class="goods-name"><a target="_blank" href="http://www.infol.com.cn/shop/index.php?act=goods&op=index&goods_id=289" title="Canature/奔泰 节水型 反渗透分质净水机BNT-RO102  动态智能提示，主动掌控">\r\n                                          	Canature/奔泰 节水型 反渗透分质净水机BNT-RO102  动态智能提示，主动掌控</a></dt>\r\n                                          <dd class="goods-thumb">\r\n                                          	<a target="_blank" href="http://www.infol.com.cn/shop/index.php?act=goods&op=index&goods_id=289">\r\n                                          	<img src="http://www.infol.com.cn/data/upload/shop/store/goods/4/4_04725859421403860_240.jpg" alt="Canature/奔泰 节水型 反渗透分质净水机BNT-RO102  动态智能提示，主动掌控" />\r\n                                          	</a></dd>\r\n                                          <dd class="goods-price"><em>￥2889.00</em>\r\n                                            <span class="original">￥3380.00</span></dd>\r\n                                        </dl>\r\n                                      </li>\r\n                                                                          <li>\r\n                                        <dl>\r\n                                          <dt class="goods-name"><a target="_blank" href="http://www.infol.com.cn/shop/index.php?act=goods&op=index&goods_id=290" title="奔泰RO反渗透 纯水机BNT-RO107 75加仑厨下直饮机">\r\n                                          	奔泰RO反渗透 纯水机BNT-RO107 75加仑厨下直饮机</a></dt>\r\n                                          <dd class="goods-thumb">\r\n                                          	<a target="_blank" href="http://www.infol.com.cn/shop/index.php?act=goods&op=index&goods_id=290">\r\n                                          	<img src="http://www.infol.com.cn/data/upload/shop/store/goods/4/4_04725867612571094_240.jpg" alt="奔泰RO反渗透 纯水机BNT-RO107 75加仑厨下直饮机" />\r\n                                          	</a></dd>\r\n                                          <dd class="goods-price"><em>￥2180.00</em>\r\n                                            <span class="original">￥2580.00</span></dd>\r\n                                        </dl>\r\n                                      </li>\r\n                                                                          <li>\r\n                                        <dl>\r\n                                          <dt class="goods-name"><a target="_blank" href="http://www.infol.com.cn/shop/index.php?act=goods&op=index&goods_id=296" title="开能净水器 奔泰中央净水机 BNT-KC08-Z02T 全屋纳米级 洁净品质">\r\n                                          	开能净水器 奔泰中央净水机 BNT-KC08-Z02T 全屋纳米级 洁净品质</a></dt>\r\n                                          <dd class="goods-thumb">\r\n                                          	<a target="_blank" href="http://www.infol.com.cn/shop/index.php?act=goods&op=index&goods_id=296">\r\n                                          	<img src="http://www.infol.com.cn/data/upload/shop/store/goods/4/4_04726004013767654_240.jpg" alt="开能净水器 奔泰中央净水机 BNT-KC08-Z02T 全屋纳米级 洁净品质" />\r\n                                          	</a></dd>\r\n                                          <dd class="goods-price"><em>￥9980.00</em>\r\n                                            <span class="original">1.24万</span></dd>\r\n                                        </dl>\r\n                                      </li>\r\n                                                                          <li>\r\n                                        <dl>\r\n                                          <dt class="goods-name"><a target="_blank" href="http://www.infol.com.cn/shop/index.php?act=goods&op=index&goods_id=293" title="汉尔普 透明机系列HPK-G6D-2LT 高端 商用净水机\\商用速热 开水机">\r\n                                          	汉尔普 透明机系列HPK-G6D-2LT 高端 商用净水机\\商用速热 开水机</a></dt>\r\n                                          <dd class="goods-thumb">\r\n                                          	<a target="_blank" href="http://www.infol.com.cn/shop/index.php?act=goods&op=index&goods_id=293">\r\n                                          	<img src="http://www.infol.com.cn/data/upload/shop/store/goods/4/4_04725923700167776_240.jpg" alt="汉尔普 透明机系列HPK-G6D-2LT 高端 商用净水机\\商用速热 开水机" />\r\n                                          	</a></dd>\r\n                                          <dd class="goods-price"><em>￥8800.00</em>\r\n                                            <span class="original">1.10万</span></dd>\r\n                                        </dl>\r\n                                      </li>\r\n                                                                          <li>\r\n                                        <dl>\r\n                                          <dt class="goods-name"><a target="_blank" href="http://www.infol.com.cn/shop/index.php?act=goods&op=index&goods_id=291" title="开能奔泰子母星家用净水器 清爽型 KF-T-1E全自动直饮机">\r\n                                          	开能奔泰子母星家用净水器 清爽型 KF-T-1E全自动直饮机</a></dt>\r\n                                          <dd class="goods-thumb">\r\n                                          	<a target="_blank" href="http://www.infol.com.cn/shop/index.php?act=goods&op=index&goods_id=291">\r\n                                          	<img src="http://www.infol.com.cn/data/upload/shop/store/goods/4/4_04725902858825749_240.jpg" alt="开能奔泰子母星家用净水器 清爽型 KF-T-1E全自动直饮机" />\r\n                                          	</a></dd>\r\n                                          <dd class="goods-price"><em>￥3680.00</em>\r\n                                            <span class="original">￥4280.00</span></dd>\r\n                                        </dl>\r\n                                      </li>\r\n                                                                          <li>\r\n                                        <dl>\r\n                                          <dt class="goods-name"><a target="_blank" href="http://www.infol.com.cn/shop/index.php?act=goods&op=index&goods_id=299" title="汉尔普  炫雅台式饮水机 时尚精巧 精雕细琢 智睿融合 尊贵炫耀">\r\n                                          	汉尔普  炫雅台式饮水机 时尚精巧 精雕细琢 智睿融合 尊贵炫耀</a></dt>\r\n                                          <dd class="goods-thumb">\r\n                                          	<a target="_blank" href="http://www.infol.com.cn/shop/index.php?act=goods&op=index&goods_id=299">\r\n                                          	<img src="http://www.infol.com.cn/data/upload/shop/store/goods/4/4_04726771211523314_240.jpg" alt="汉尔普  炫雅台式饮水机 时尚精巧 精雕细琢 智睿融合 尊贵炫耀" />\r\n                                          	</a></dd>\r\n                                          <dd class="goods-price"><em>￥5800.00</em>\r\n                                            <span class="original">￥7250.00</span></dd>\r\n                                        </dl>\r\n                                      </li>\r\n                                                                          <li>\r\n                                        <dl>\r\n                                          <dt class="goods-name"><a target="_blank" href="http://www.infol.com.cn/shop/index.php?act=goods&op=index&goods_id=297" title="汉尔普 佳源系列HPK-T33A 经济特惠台式 家用\\商用 速热开水机">\r\n                                          	汉尔普 佳源系列HPK-T33A 经济特惠台式 家用\\商用 速热开水机</a></dt>\r\n                                          <dd class="goods-thumb">\r\n                                          	<a target="_blank" href="http://www.infol.com.cn/shop/index.php?act=goods&op=index&goods_id=297">\r\n                                          	<img src="http://www.infol.com.cn/data/upload/shop/store/goods/4/4_04726761099782053_240.jpg" alt="汉尔普 佳源系列HPK-T33A 经济特惠台式 家用\\商用 速热开水机" />\r\n                                          	</a></dd>\r\n                                          <dd class="goods-price"><em>￥1800.00</em>\r\n                                            <span class="original">￥2250.00</span></dd>\r\n                                        </dl>\r\n                                      </li>\r\n                                                                          <li>\r\n                                        <dl>\r\n                                          <dt class="goods-name"><a target="_blank" href="http://www.infol.com.cn/shop/index.php?act=goods&op=index&goods_id=312" title="汉尔普 炫雅立式系列HPK-L43   高端大气 商用净水机\\商用速热开水机 冷热带支架">\r\n                                          	汉尔普 炫雅立式系列HPK-L43   高端大气 商用净水机\\商用速热开水机 冷热带支架</a></dt>\r\n                                          <dd class="goods-thumb">\r\n                                          	<a target="_blank" href="http://www.infol.com.cn/shop/index.php?act=goods&op=index&goods_id=312">\r\n                                          	<img src="http://www.infol.com.cn/data/upload/shop/store/goods/4/4_04726764769854776_240.jpg" alt="汉尔普 炫雅立式系列HPK-L43   高端大气 商用净水机\\商用速热开水机 冷热带支架" />\r\n                                          	</a></dd>\r\n                                          <dd class="goods-price"><em>1.06万</em>\r\n                                            <span class="original">1.21万</span></dd>\r\n                                        </dl>\r\n                                      </li>\r\n                                                                        </ul>\r\n                                  </div>\r\n                                                                </div>\r\n  <div class="right-sidebar">\r\n    <div class="title">人气排行榜</div>\r\n    <div class="hot-list">\r\n          <dl>\r\n            	      	<dt>\r\n			<a target="_blank" href="http://www.infol.com.cn/shop/index.php?act=goods&op=index&goods_id=289"><img src="http://www.infol.com.cn/data/upload/shop/store/goods/4/4_04725859421403860_240.jpg" /><span>1</span></a>\r\n			<p class="ti"><a target="_blank" href="http://www.infol.com.cn/shop/index.php?act=goods&op=index&goods_id=289" title="Canature/奔泰 节水型 反渗透分质净水机BNT-RO102  动态智能提示，主动掌控">Canature/奔泰 节水型 反渗透分质净水机BNT-RO102  动态智能提示，主动掌控</a></p>\r\n			<p class="price">￥2889.00</p>\r\n      	</dt>\r\n      	            	      	<dd><span>2</span><a target="_blank" href="http://www.infol.com.cn/shop/index.php?act=goods&op=index&goods_id=290" title="奔泰RO反渗透 纯水机BNT-RO107 75加仑厨下直饮机">奔泰RO反渗透 纯水机BNT-RO107 75加仑厨下直饮机</a></dd>\r\n      	            	      	<dd><span>3</span><a target="_blank" href="http://www.infol.com.cn/shop/index.php?act=goods&op=index&goods_id=291" title="开能奔泰子母星家用净水器 清爽型 KF-T-1E全自动直饮机">开能奔泰子母星家用净水器 清爽型 KF-T-1E全自动直饮机</a></dd>\r\n      	            	      	<dd><span class="gray">4</span><a target="_blank" href="http://www.infol.com.cn/shop/index.php?act=goods&op=index&goods_id=292" title="Canature开能奔泰中央净水器BNT-KC06-Z02T全屋净水除重金属余氯">Canature开能奔泰中央净水器BNT-KC06-Z02T全屋净水除重金属余氯</a></dd>\r\n      	            	      	<dd><span class="gray">5</span><a target="_blank" href="http://www.infol.com.cn/shop/index.php?act=goods&op=index&goods_id=293" title="汉尔普 透明机系列HPK-G6D-2LT 高端 商用净水机\\商用速热 开水机">汉尔普 透明机系列HPK-G6D-2LT 高端 商用净水机\\商用速热 开水机</a></dd>\r\n      	            </dl>\r\n    </div>\r\n    <div class="right-side-focus">\r\n      <ul>\r\n                                                                                <li><a href="" title="" target="_blank">\r\n                        <img src="http://www.infol.com.cn/data/upload/shop/editor/web-2-28-1.jpg?465" alt=""/></a>\r\n                      	</li>\r\n                                                                                    <li><a href="" title="" target="_blank">\r\n                        <img src="http://www.infol.com.cn/data/upload/shop/editor/web-2-28-2.jpg?681" alt=""/></a>\r\n                      	</li>\r\n                                                                </ul>\r\n    </div>\r\n  </div>\r\n</div>'),
(3, '服饰鞋包', 'pink', 'index', 1419673205, 1, 0, '\r\n<div class="home-standard-layout wrapper style-pink">\r\n  <div class="left-sidebar">\r\n    <div class="title">\r\n      	      	<div class="pic-type"><img src="http://www.infol.com.cn/data/upload/shop/editor/web-3-31.png?988"/></div>\r\n      	    </div>\r\n    <div class="left-ads">\r\n      	      	<a href="http://www.infol.com.cn/shop" title="" target="_blank">\r\n      	<img src="http://www.infol.com.cn/data/upload/shop/editor/web-3-33.png?907" alt="">\r\n      	</a>\r\n      	    </div>\r\n    <div class="recommend-classes">\r\n      <ul>\r\n                  		                            <li><a href="http://www.infol.com.cn/shop/index.php?act=search&op=index&cate_id=4" title="女装" target="_blank">女装</a></li>\r\n		                            <li><a href="http://www.infol.com.cn/shop/index.php?act=search&op=index&cate_id=5" title="男装" target="_blank">男装</a></li>\r\n		                            <li><a href="http://www.infol.com.cn/shop/index.php?act=search&op=index&cate_id=6" title="内衣" target="_blank">内衣</a></li>\r\n		                            <li><a href="http://www.infol.com.cn/shop/index.php?act=search&op=index&cate_id=7" title="运动" target="_blank">运动</a></li>\r\n		                            <li><a href="http://www.infol.com.cn/shop/index.php?act=search&op=index&cate_id=8" title="女鞋" target="_blank">女鞋</a></li>\r\n		                            <li><a href="http://www.infol.com.cn/shop/index.php?act=search&op=index&cate_id=9" title="男鞋" target="_blank">男鞋</a></li>\r\n		                            <li><a href="http://www.infol.com.cn/shop/index.php?act=search&op=index&cate_id=10" title="配饰" target="_blank">配饰</a></li>\r\n		                            <li><a href="http://www.infol.com.cn/shop/index.php?act=search&op=index&cate_id=11" title="童装" target="_blank">童装</a></li>\r\n		                            <li><a href="http://www.infol.com.cn/shop/index.php?act=search&op=index&cate_id=151" title="潮流女包" target="_blank">潮流女包</a></li>\r\n		                            <li><a href="http://www.infol.com.cn/shop/index.php?act=search&op=index&cate_id=152" title="时尚男包" target="_blank">时尚男包</a></li>\r\n		                            <li><a href="http://www.infol.com.cn/shop/index.php?act=search&op=index&cate_id=153" title="功能箱包" target="_blank">功能箱包</a></li>\r\n		                            <li><a href="http://www.infol.com.cn/shop/index.php?act=search&op=index&cate_id=154" title="礼品" target="_blank">礼品</a></li>\r\n		                            <li><a href="http://www.infol.com.cn/shop/index.php?act=search&op=index&cate_id=155" title="奢侈品" target="_blank">奢侈品</a></li>\r\n		                                          </ul>\r\n    </div>\r\n  </div>\r\n  <div class="middle-layout">\r\n    <ul class="tabs-nav">\r\n                                            <li class="tabs-selected"><i class="arrow"></i><h3>商品推荐</h3></li>\r\n                                        </ul>\r\n                                                                                                <div class="tabs-panel middle-goods-list ">\r\n                                    <ul>\r\n                                                                          <li>\r\n                                        <dl>\r\n                                          <dt class="goods-name"><a target="_blank" href="http://www.infol.com.cn/shop/index.php?act=goods&op=index&goods_id=49" title="春装 披肩式 超短款 针织 衫开衫 女装 青鸟 黑色">\r\n                                          	春装 披肩式 超短款 针织 衫开衫 女装 青鸟 黑色</a></dt>\r\n                                          <dd class="goods-thumb">\r\n                                          	<a target="_blank" href="http://www.infol.com.cn/shop/index.php?act=goods&op=index&goods_id=49">\r\n                                          	<img src="http://www.infol.com.cn/data/upload/shop/store/goods/1/1_04418240955916042_240.jpg" alt="春装 披肩式 超短款 针织 衫开衫 女装 青鸟 黑色" />\r\n                                          	</a></dd>\r\n                                          <dd class="goods-price"><em>￥129.00</em>\r\n                                            <span class="original">￥358.00</span></dd>\r\n                                        </dl>\r\n                                      </li>\r\n                                                                          <li>\r\n                                        <dl>\r\n                                          <dt class="goods-name"><a target="_blank" href="http://www.infol.com.cn/shop/index.php?act=goods&op=index&goods_id=53" title="新款 女款 拼接 不规则摆 长袖针织衫开衫 杏雨 紫色">\r\n                                          	新款 女款 拼接 不规则摆 长袖针织衫开衫 杏雨 紫色</a></dt>\r\n                                          <dd class="goods-thumb">\r\n                                          	<a target="_blank" href="http://www.infol.com.cn/shop/index.php?act=goods&op=index&goods_id=53">\r\n                                          	<img src="http://www.infol.com.cn/data/upload/shop/store/goods/1/1_04418254088878407_240.jpg" alt="新款 女款 拼接 不规则摆 长袖针织衫开衫 杏雨 紫色" />\r\n                                          	</a></dd>\r\n                                          <dd class="goods-price"><em>￥99.00</em>\r\n                                            <span class="original">￥483.00</span></dd>\r\n                                        </dl>\r\n                                      </li>\r\n                                                                          <li>\r\n                                        <dl>\r\n                                          <dt class="goods-name"><a target="_blank" href="http://www.infol.com.cn/shop/index.php?act=goods&op=index&goods_id=39" title="正品 2014春装新款 女 绣花针织衫 开衫外套浮桑初 绿色">\r\n                                          	正品 2014春装新款 女 绣花针织衫 开衫外套浮桑初 绿色</a></dt>\r\n                                          <dd class="goods-thumb">\r\n                                          	<a target="_blank" href="http://www.infol.com.cn/shop/index.php?act=goods&op=index&goods_id=39">\r\n                                          	<img src="http://www.infol.com.cn/data/upload/shop/store/goods/1/1_04418206625430066_240.jpg" alt="正品 2014春装新款 女 绣花针织衫 开衫外套浮桑初 绿色" />\r\n                                          	</a></dd>\r\n                                          <dd class="goods-price"><em>￥189.00</em>\r\n                                            <span class="original">￥702.00</span></dd>\r\n                                        </dl>\r\n                                      </li>\r\n                                                                          <li>\r\n                                        <dl>\r\n                                          <dt class="goods-name"><a target="_blank" href="http://www.infol.com.cn/shop/index.php?act=goods&op=index&goods_id=52" title="新款 女款 拼接 不规则摆 长袖针织衫开衫 杏雨 白色">\r\n                                          	新款 女款 拼接 不规则摆 长袖针织衫开衫 杏雨 白色</a></dt>\r\n                                          <dd class="goods-thumb">\r\n                                          	<a target="_blank" href="http://www.infol.com.cn/shop/index.php?act=goods&op=index&goods_id=52">\r\n                                          	<img src="http://www.infol.com.cn/data/upload/shop/store/goods/1/1_04418253240878850_240.jpg" alt="新款 女款 拼接 不规则摆 长袖针织衫开衫 杏雨 白色" />\r\n                                          	</a></dd>\r\n                                          <dd class="goods-price"><em>￥99.00</em>\r\n                                            <span class="original">￥483.00</span></dd>\r\n                                        </dl>\r\n                                      </li>\r\n                                                                          <li>\r\n                                        <dl>\r\n                                          <dt class="goods-name"><a target="_blank" href="http://www.infol.com.cn/shop/index.php?act=goods&op=index&goods_id=43" title="2014春款打底毛衫拼色毛衣 长袖套头针织衫 莺 绿色">\r\n                                          	2014春款打底毛衫拼色毛衣 长袖套头针织衫 莺 绿色</a></dt>\r\n                                          <dd class="goods-thumb">\r\n                                          	<a target="_blank" href="http://www.infol.com.cn/shop/index.php?act=goods&op=index&goods_id=43">\r\n                                          	<img src="http://www.infol.com.cn/data/upload/shop/store/goods/1/1_04418211211965600_240.jpg" alt="2014春款打底毛衫拼色毛衣 长袖套头针织衫 莺 绿色" />\r\n                                          	</a></dd>\r\n                                          <dd class="goods-price"><em>￥179.00</em>\r\n                                            <span class="original">￥568.00</span></dd>\r\n                                        </dl>\r\n                                      </li>\r\n                                                                          <li>\r\n                                        <dl>\r\n                                          <dt class="goods-name"><a target="_blank" href="http://www.infol.com.cn/shop/index.php?act=goods&op=index&goods_id=44" title="2014春款打底毛衫拼色毛衣 长袖套头针织衫 莺 橙色">\r\n                                          	2014春款打底毛衫拼色毛衣 长袖套头针织衫 莺 橙色</a></dt>\r\n                                          <dd class="goods-thumb">\r\n                                          	<a target="_blank" href="http://www.infol.com.cn/shop/index.php?act=goods&op=index&goods_id=44">\r\n                                          	<img src="http://www.infol.com.cn/data/upload/shop/store/goods/1/1_04418211855225368_240.jpg" alt="2014春款打底毛衫拼色毛衣 长袖套头针织衫 莺 橙色" />\r\n                                          	</a></dd>\r\n                                          <dd class="goods-price"><em>￥179.00</em>\r\n                                            <span class="original">￥568.00</span></dd>\r\n                                        </dl>\r\n                                      </li>\r\n                                                                          <li>\r\n                                        <dl>\r\n                                          <dt class="goods-name"><a target="_blank" href="http://www.infol.com.cn/shop/index.php?act=goods&op=index&goods_id=40" title="正品 2014春装新款 女 绣花针织衫 开衫外套浮桑初 梅红">\r\n                                          	正品 2014春装新款 女 绣花针织衫 开衫外套浮桑初 梅红</a></dt>\r\n                                          <dd class="goods-thumb">\r\n                                          	<a target="_blank" href="http://www.infol.com.cn/shop/index.php?act=goods&op=index&goods_id=40">\r\n                                          	<img src="http://www.infol.com.cn/data/upload/shop/store/goods/1/1_04418207471410641_240.jpg" alt="正品 2014春装新款 女 绣花针织衫 开衫外套浮桑初 梅红" />\r\n                                          	</a></dd>\r\n                                          <dd class="goods-price"><em>￥189.00</em>\r\n                                            <span class="original">￥702.00</span></dd>\r\n                                        </dl>\r\n                                      </li>\r\n                                                                          <li>\r\n                                        <dl>\r\n                                          <dt class="goods-name"><a target="_blank" href="http://www.infol.com.cn/shop/index.php?act=goods&op=index&goods_id=41" title="正品 2014春装新款 女 绣花针织衫 开衫外套浮桑初 黑色">\r\n                                          	正品 2014春装新款 女 绣花针织衫 开衫外套浮桑初 黑色</a></dt>\r\n                                          <dd class="goods-thumb">\r\n                                          	<a target="_blank" href="http://www.infol.com.cn/shop/index.php?act=goods&op=index&goods_id=41">\r\n                                          	<img src="http://www.infol.com.cn/data/upload/shop/store/goods/1/1_04418207748921454_240.jpg" alt="正品 2014春装新款 女 绣花针织衫 开衫外套浮桑初 黑色" />\r\n                                          	</a></dd>\r\n                                          <dd class="goods-price"><em>￥189.00</em>\r\n                                            <span class="original">￥702.00</span></dd>\r\n                                        </dl>\r\n                                      </li>\r\n                                                                        </ul>\r\n                                  </div>\r\n                                                                </div>\r\n  <div class="right-sidebar">\r\n    <div class="title">人气排行榜</div>\r\n    <div class="hot-list">\r\n          <dl>\r\n            	      	<dt>\r\n			<a target="_blank" href="http://www.infol.com.cn/shop/index.php?act=goods&op=index&goods_id=38"><img src="http://www.infol.com.cn/data/upload/shop/store/goods/1/1_04418207207476705_240.jpg" /><span>1</span></a>\r\n			<p class="ti"><a target="_blank" href="http://www.infol.com.cn/shop/index.php?act=goods&op=index&goods_id=38" title="正品 2014春装新款 女 绣花针织衫 开衫外套浮桑初 蓝色">正品 2014春装新款 女 绣花针织衫 开衫外套浮桑初 蓝色</a></p>\r\n			<p class="price">￥189.00</p>\r\n      	</dt>\r\n      	            	      	<dd><span>2</span><a target="_blank" href="http://www.infol.com.cn/shop/index.php?act=goods&op=index&goods_id=39" title="正品 2014春装新款 女 绣花针织衫 开衫外套浮桑初 绿色">正品 2014春装新款 女 绣花针织衫 开衫外套浮桑初 绿色</a></dd>\r\n      	            	      	<dd><span>3</span><a target="_blank" href="http://www.infol.com.cn/shop/index.php?act=goods&op=index&goods_id=40" title="正品 2014春装新款 女 绣花针织衫 开衫外套浮桑初 梅红">正品 2014春装新款 女 绣花针织衫 开衫外套浮桑初 梅红</a></dd>\r\n      	            	      	<dd><span class="gray">4</span><a target="_blank" href="http://www.infol.com.cn/shop/index.php?act=goods&op=index&goods_id=41" title="正品 2014春装新款 女 绣花针织衫 开衫外套浮桑初 黑色">正品 2014春装新款 女 绣花针织衫 开衫外套浮桑初 黑色</a></dd>\r\n      	            	      	<dd><span class="gray">5</span><a target="_blank" href="http://www.infol.com.cn/shop/index.php?act=goods&op=index&goods_id=42" title="2014春款打底毛衫拼色毛衣 长袖套头针织衫 莺 蓝色">2014春款打底毛衫拼色毛衣 长袖套头针织衫 莺 蓝色</a></dd>\r\n      	            </dl>\r\n    </div>\r\n    <div class="right-side-focus">\r\n      <ul>\r\n                                                                                <li><a href="" title="" target="_blank">\r\n                        <img src="http://www.infol.com.cn/data/upload/shop/editor/web-3-38-2.jpg?449" alt=""/></a>\r\n                      	</li>\r\n                                                                </ul>\r\n    </div>\r\n  </div>\r\n</div>');
INSERT INTO `cor_web` (`web_id`, `web_name`, `style_name`, `web_page`, `update_time`, `web_sort`, `web_show`, `web_html`) VALUES
(4, '美食特产', 'green', 'index', 1427254153, 0, 1, '\r\n<div class="home-standard-layout wrapper style-green">\r\n  <div class="left-sidebar">\r\n    <div class="title">\r\n      	      	<div class="pic-type"><img src="http://www.infol.com.cn/data/upload/shop/editor/web-4-41.png?623"/></div>\r\n      	    </div>\r\n    <div class="left-ads">\r\n      	    </div>\r\n    <div class="recommend-classes">\r\n      <ul>\r\n                  		                            <li><a href="http://www.infol.com.cn/shop/index.php?act=search&op=index&cate_id=594" title="进口食品" target="_blank">进口食品</a></li>\r\n		                            <li><a href="http://www.infol.com.cn/shop/index.php?act=search&op=index&cate_id=595" title="地方特产" target="_blank">地方特产</a></li>\r\n		                            <li><a href="http://www.infol.com.cn/shop/index.php?act=search&op=index&cate_id=603" title="生鲜食品" target="_blank">生鲜食品</a></li>\r\n		                            <li><a href="http://www.infol.com.cn/shop/index.php?act=search&op=index&cate_id=596" title="休闲食品" target="_blank">休闲食品</a></li>\r\n		                            <li><a href="http://www.infol.com.cn/shop/index.php?act=search&op=index&cate_id=597" title="粮油调味" target="_blank">粮油调味</a></li>\r\n		                            <li><a href="http://www.infol.com.cn/shop/index.php?act=search&op=index&cate_id=598" title="中外名酒" target="_blank">中外名酒</a></li>\r\n		                            <li><a href="http://www.infol.com.cn/shop/index.php?act=search&op=index&cate_id=599" title="饮料冲调" target="_blank">饮料冲调</a></li>\r\n		                            <li><a href="http://www.infol.com.cn/shop/index.php?act=search&op=index&cate_id=602" title="健康礼品" target="_blank">健康礼品</a></li>\r\n		                                          </ul>\r\n    </div>\r\n  </div>\r\n  <div class="middle-layout">\r\n    <ul class="tabs-nav">\r\n                                            <li class="tabs-selected"><i class="arrow"></i><h3>商品推荐</h3></li>\r\n                          <li class=""><i class="arrow"></i><h3>通城特产</h3></li>\r\n                                        </ul>\r\n                                                                                                <div class="tabs-panel middle-goods-list ">\r\n                                    <ul>\r\n                                                                          <li>\r\n                                        <dl>\r\n                                          <dt class="goods-name"><a target="_blank" href="http://www.infol.com.cn/shop/index.php?act=goods&op=index&goods_id=277" title="有机绿壳乌鸡蛋 山地放养 散装30枚70元">\r\n                                          	有机绿壳乌鸡蛋 山地放养 散装30枚70元</a></dt>\r\n                                          <dd class="goods-thumb">\r\n                                          	<a target="_blank" href="http://www.infol.com.cn/shop/index.php?act=goods&op=index&goods_id=277">\r\n                                          	<img src="http://www.infol.com.cn/data/upload/shop/store/goods/1/1_04717712539271406_240.jpg" alt="有机绿壳乌鸡蛋 山地放养 散装30枚70元" />\r\n                                          	</a></dd>\r\n                                          <dd class="goods-price"><em>￥70.00</em>\r\n                                            <span class="original">￥75.00</span></dd>\r\n                                        </dl>\r\n                                      </li>\r\n                                                                          <li>\r\n                                        <dl>\r\n                                          <dt class="goods-name"><a target="_blank" href="http://www.infol.com.cn/shop/index.php?act=goods&op=index&goods_id=283" title="农家土鸡蛋 虫草物喂养 纯谷物喂养 营养价值高 散装30枚54元">\r\n                                          	农家土鸡蛋 虫草物喂养 纯谷物喂养 营养价值高 散装30枚54元</a></dt>\r\n                                          <dd class="goods-thumb">\r\n                                          	<a target="_blank" href="http://www.infol.com.cn/shop/index.php?act=goods&op=index&goods_id=283">\r\n                                          	<img src="http://www.infol.com.cn/data/upload/shop/store/goods/1/1_04718403423957289_240.jpg" alt="农家土鸡蛋 虫草物喂养 纯谷物喂养 营养价值高 散装30枚54元" />\r\n                                          	</a></dd>\r\n                                          <dd class="goods-price"><em>￥54.00</em>\r\n                                            <span class="original">￥60.00</span></dd>\r\n                                        </dl>\r\n                                      </li>\r\n                                                                          <li>\r\n                                        <dl>\r\n                                          <dt class="goods-name"><a target="_blank" href="http://www.infol.com.cn/shop/index.php?act=goods&op=index&goods_id=332" title="山信稻米油 非转基因 食用米糠油 7500ppm谷维素 马伊琍代言 5l 装">\r\n                                          	山信稻米油 非转基因 食用米糠油 7500ppm谷维素 马伊琍代言 5l 装</a></dt>\r\n                                          <dd class="goods-thumb">\r\n                                          	<a target="_blank" href="http://www.infol.com.cn/shop/index.php?act=goods&op=index&goods_id=332">\r\n                                          	<img src="http://www.infol.com.cn/data/upload/shop/store/goods/1/1_04754113111485383_240.jpg" alt="山信稻米油 非转基因 食用米糠油 7500ppm谷维素 马伊琍代言 5l 装" />\r\n                                          	</a></dd>\r\n                                          <dd class="goods-price"><em>￥68.00</em>\r\n                                            <span class="original">￥70.00</span></dd>\r\n                                        </dl>\r\n                                      </li>\r\n                                                                          <li>\r\n                                        <dl>\r\n                                          <dt class="goods-name"><a target="_blank" href="http://www.infol.com.cn/shop/index.php?act=goods&op=index&goods_id=334" title="三麦酒  42度  三麦鸿运酒   馥郁香型白酒   500ml*6瓶整箱装  白酒特价酒水">\r\n                                          	三麦酒  42度  三麦鸿运酒   馥郁香型白酒   500ml*6瓶整箱装  白酒特价酒水</a></dt>\r\n                                          <dd class="goods-thumb">\r\n                                          	<a target="_blank" href="http://www.infol.com.cn/shop/index.php?act=goods&op=index&goods_id=334">\r\n                                          	<img src="http://www.infol.com.cn/data/upload/shop/store/goods/6/6_04757743808310335_240.jpg" alt="三麦酒  42度  三麦鸿运酒   馥郁香型白酒   500ml*6瓶整箱装  白酒特价酒水" />\r\n                                          	</a></dd>\r\n                                          <dd class="goods-price"><em>￥180.00</em>\r\n                                            <span class="original">￥210.00</span></dd>\r\n                                        </dl>\r\n                                      </li>\r\n                                                                          <li>\r\n                                        <dl>\r\n                                          <dt class="goods-name"><a target="_blank" href="http://www.infol.com.cn/shop/index.php?act=goods&op=index&goods_id=339" title="三麦酒 42度 三麦天赐福韵 馥郁香型白酒 500ml*6瓶整箱装 2">\r\n                                          	三麦酒 42度 三麦天赐福韵 馥郁香型白酒 500ml*6瓶整箱装 2</a></dt>\r\n                                          <dd class="goods-thumb">\r\n                                          	<a target="_blank" href="http://www.infol.com.cn/shop/index.php?act=goods&op=index&goods_id=339">\r\n                                          	<img src="http://www.infol.com.cn/data/upload/shop/store/goods/6/6_04758409768924187_240.jpg" alt="三麦酒 42度 三麦天赐福韵 馥郁香型白酒 500ml*6瓶整箱装 2" />\r\n                                          	</a></dd>\r\n                                          <dd class="goods-price"><em>￥198.00</em>\r\n                                            <span class="original">￥256.00</span></dd>\r\n                                        </dl>\r\n                                      </li>\r\n                                                                          <li>\r\n                                        <dl>\r\n                                          <dt class="goods-name"><a target="_blank" href="http://www.infol.com.cn/shop/index.php?act=goods&op=index&goods_id=343" title="新货 云南野生小麻查核桃  500g">\r\n                                          	新货 云南野生小麻查核桃  500g</a></dt>\r\n                                          <dd class="goods-thumb">\r\n                                          	<a target="_blank" href="http://www.infol.com.cn/shop/index.php?act=goods&op=index&goods_id=343">\r\n                                          	<img src="http://www.infol.com.cn/data/upload/shop/store/goods/7/7_04762098186807676_240.jpg" alt="新货 云南野生小麻查核桃  500g" />\r\n                                          	</a></dd>\r\n                                          <dd class="goods-price"><em>￥23.80</em>\r\n                                            <span class="original">￥30.00</span></dd>\r\n                                        </dl>\r\n                                      </li>\r\n                                                                          <li>\r\n                                        <dl>\r\n                                          <dt class="goods-name"><a target="_blank" href="http://www.infol.com.cn/shop/index.php?act=goods&op=index&goods_id=360" title="巨型大枣！  小陆干果  新疆特产 新疆和田大红枣  500g">\r\n                                          	巨型大枣！  小陆干果  新疆特产 新疆和田大红枣  500g</a></dt>\r\n                                          <dd class="goods-thumb">\r\n                                          	<a target="_blank" href="http://www.infol.com.cn/shop/index.php?act=goods&op=index&goods_id=360">\r\n                                          	<img src="http://www.infol.com.cn/data/upload/shop/store/goods/7/7_04766332981154795_240.jpg" alt="巨型大枣！  小陆干果  新疆特产 新疆和田大红枣  500g" />\r\n                                          	</a></dd>\r\n                                          <dd class="goods-price"><em>￥25.80</em>\r\n                                            <span class="original">￥30.00</span></dd>\r\n                                        </dl>\r\n                                      </li>\r\n                                                                          <li>\r\n                                        <dl>\r\n                                          <dt class="goods-name"><a target="_blank" href="http://www.infol.com.cn/shop/index.php?act=goods&op=index&goods_id=359" title="小陆干果特级香菇金钱菇   香菇干货  房县香菇 肉厚味鲜 250g">\r\n                                          	小陆干果特级香菇金钱菇   香菇干货  房县香菇 肉厚味鲜 250g</a></dt>\r\n                                          <dd class="goods-thumb">\r\n                                          	<a target="_blank" href="http://www.infol.com.cn/shop/index.php?act=goods&op=index&goods_id=359">\r\n                                          	<img src="http://www.infol.com.cn/data/upload/shop/store/goods/7/7_04765670395316113_240.jpg" alt="小陆干果特级香菇金钱菇   香菇干货  房县香菇 肉厚味鲜 250g" />\r\n                                          	</a></dd>\r\n                                          <dd class="goods-price"><em>￥27.80</em>\r\n                                            <span class="original">￥33.00</span></dd>\r\n                                        </dl>\r\n                                      </li>\r\n                                                                        </ul>\r\n                                  </div>\r\n                                                                                                        <div class="tabs-panel middle-goods-list tabs-hide">\r\n                                    <ul>\r\n                                                                          <li>\r\n                                        <dl>\r\n                                          <dt class="goods-name"><a target="_blank" href="http://www.infol.com.cn/shop/index.php?act=goods&op=index&goods_id=330" title="百丈潭茶叶礼盒 百丈潭潭峰茶3# 通城特产 上品绿茶 252g">\r\n                                          	百丈潭茶叶礼盒 百丈潭潭峰茶3# 通城特产 上品绿茶 252g</a></dt>\r\n                                          <dd class="goods-thumb">\r\n                                          	<a target="_blank" href="http://www.infol.com.cn/shop/index.php?act=goods&op=index&goods_id=330">\r\n                                          	<img src="http://www.infol.com.cn/data/upload/shop/store/goods/5/5_04753351520795463_240.jpg" alt="百丈潭茶叶礼盒 百丈潭潭峰茶3# 通城特产 上品绿茶 252g" />\r\n                                          	</a></dd>\r\n                                          <dd class="goods-price"><em>￥280.00</em>\r\n                                            <span class="original">￥350.00</span></dd>\r\n                                        </dl>\r\n                                      </li>\r\n                                                                          <li>\r\n                                        <dl>\r\n                                          <dt class="goods-name"><a target="_blank" href="http://www.infol.com.cn/shop/index.php?act=goods&op=index&goods_id=329" title="百丈潭茶叶礼盒 百丈潭云雾茶 通城特产 上品绿茶 256g">\r\n                                          	百丈潭茶叶礼盒 百丈潭云雾茶 通城特产 上品绿茶 256g</a></dt>\r\n                                          <dd class="goods-thumb">\r\n                                          	<a target="_blank" href="http://www.infol.com.cn/shop/index.php?act=goods&op=index&goods_id=329">\r\n                                          	<img src="http://www.infol.com.cn/data/upload/shop/store/goods/5/5_04753358539184817_240.jpg" alt="百丈潭茶叶礼盒 百丈潭云雾茶 通城特产 上品绿茶 256g" />\r\n                                          	</a></dd>\r\n                                          <dd class="goods-price"><em>￥350.00</em>\r\n                                            <span class="original">￥438.00</span></dd>\r\n                                        </dl>\r\n                                      </li>\r\n                                                                          <li>\r\n                                        <dl>\r\n                                          <dt class="goods-name"><a target="_blank" href="http://www.infol.com.cn/shop/index.php?act=goods&op=index&goods_id=328" title="百丈潭茶叶礼盒  百丈潭潭峰茶5#  通城特产 优质绿茶 200g">\r\n                                          	百丈潭茶叶礼盒  百丈潭潭峰茶5#  通城特产 优质绿茶 200g</a></dt>\r\n                                          <dd class="goods-thumb">\r\n                                          	<a target="_blank" href="http://www.infol.com.cn/shop/index.php?act=goods&op=index&goods_id=328">\r\n                                          	<img src="http://www.infol.com.cn/data/upload/shop/store/goods/5/5_04753348092587823_240.jpg" alt="百丈潭茶叶礼盒  百丈潭潭峰茶5#  通城特产 优质绿茶 200g" />\r\n                                          	</a></dd>\r\n                                          <dd class="goods-price"><em>￥105.00</em>\r\n                                            <span class="original">￥135.00</span></dd>\r\n                                        </dl>\r\n                                      </li>\r\n                                                                          <li>\r\n                                        <dl>\r\n                                          <dt class="goods-name"><a target="_blank" href="http://www.infol.com.cn/shop/index.php?act=goods&op=index&goods_id=327" title="百丈潭茶叶礼盒  百丈潭碧机茶  通城特产 至尊贡芽  180g">\r\n                                          	百丈潭茶叶礼盒  百丈潭碧机茶  通城特产 至尊贡芽  180g</a></dt>\r\n                                          <dd class="goods-thumb">\r\n                                          	<a target="_blank" href="http://www.infol.com.cn/shop/index.php?act=goods&op=index&goods_id=327">\r\n                                          	<img src="http://www.infol.com.cn/data/upload/shop/store/goods/5/5_04753335192659517_240.jpg" alt="百丈潭茶叶礼盒  百丈潭碧机茶  通城特产 至尊贡芽  180g" />\r\n                                          	</a></dd>\r\n                                          <dd class="goods-price"><em>￥400.00</em>\r\n                                            <span class="original">￥500.00</span></dd>\r\n                                        </dl>\r\n                                      </li>\r\n                                                                          <li>\r\n                                        <dl>\r\n                                          <dt class="goods-name"><a target="_blank" href="http://www.infol.com.cn/shop/index.php?act=goods&op=index&goods_id=326" title="百丈潭茶叶礼盒  百丈潭有机茶 通城特产 上品绿茶  250g">\r\n                                          	百丈潭茶叶礼盒  百丈潭有机茶 通城特产 上品绿茶  250g</a></dt>\r\n                                          <dd class="goods-thumb">\r\n                                          	<a target="_blank" href="http://www.infol.com.cn/shop/index.php?act=goods&op=index&goods_id=326">\r\n                                          	<img src="http://www.infol.com.cn/data/upload/shop/store/goods/5/5_04753355206009665_240.jpg" alt="百丈潭茶叶礼盒  百丈潭有机茶 通城特产 上品绿茶  250g" />\r\n                                          	</a></dd>\r\n                                          <dd class="goods-price"><em>￥200.00</em>\r\n                                            <span class="original">￥248.00</span></dd>\r\n                                        </dl>\r\n                                      </li>\r\n                                                                          <li>\r\n                                        <dl>\r\n                                          <dt class="goods-name"><a target="_blank" href="http://www.infol.com.cn/shop/index.php?act=goods&op=index&goods_id=325" title="百丈潭茶叶  高山绿茶 通城特产  2件起售   250g">\r\n                                          	百丈潭茶叶  高山绿茶 通城特产  2件起售   250g</a></dt>\r\n                                          <dd class="goods-thumb">\r\n                                          	<a target="_blank" href="http://www.infol.com.cn/shop/index.php?act=goods&op=index&goods_id=325">\r\n                                          	<img src="http://www.infol.com.cn/data/upload/shop/store/goods/5/5_04753343582064469_240.jpg" alt="百丈潭茶叶  高山绿茶 通城特产  2件起售   250g" />\r\n                                          	</a></dd>\r\n                                          <dd class="goods-price"><em>￥26.00</em>\r\n                                            <span class="original">￥32.00</span></dd>\r\n                                        </dl>\r\n                                      </li>\r\n                                                                          <li>\r\n                                        <dl>\r\n                                          <dt class="goods-name"><a target="_blank" href="http://www.infol.com.cn/shop/index.php?act=goods&op=index&goods_id=324" title="百丈潭茶叶 绿茶 通城特产 8件起售   125g">\r\n                                          	百丈潭茶叶 绿茶 通城特产 8件起售   125g</a></dt>\r\n                                          <dd class="goods-thumb">\r\n                                          	<a target="_blank" href="http://www.infol.com.cn/shop/index.php?act=goods&op=index&goods_id=324">\r\n                                          	<img src="http://www.infol.com.cn/data/upload/shop/store/goods/5/5_04753326999101409_240.jpg" alt="百丈潭茶叶 绿茶 通城特产 8件起售   125g" />\r\n                                          	</a></dd>\r\n                                          <dd class="goods-price"><em>￥18.00</em>\r\n                                            <span class="original">￥24.00</span></dd>\r\n                                        </dl>\r\n                                      </li>\r\n                                                                          <li>\r\n                                        <dl>\r\n                                          <dt class="goods-name"><a target="_blank" href="http://www.infol.com.cn/shop/index.php?act=goods&op=index&goods_id=323" title="百丈潭茶叶  6# 优质绿茶  50g/包   通城特产   10包起售">\r\n                                          	百丈潭茶叶  6# 优质绿茶  50g/包   通城特产   10包起售</a></dt>\r\n                                          <dd class="goods-thumb">\r\n                                          	<a target="_blank" href="http://www.infol.com.cn/shop/index.php?act=goods&op=index&goods_id=323">\r\n                                          	<img src="http://www.infol.com.cn/data/upload/shop/store/goods/5/5_04753299127051713_240.jpg" alt="百丈潭茶叶  6# 优质绿茶  50g/包   通城特产   10包起售" />\r\n                                          	</a></dd>\r\n                                          <dd class="goods-price"><em>￥10.00</em>\r\n                                            <span class="original">￥15.00</span></dd>\r\n                                        </dl>\r\n                                      </li>\r\n                                                                        </ul>\r\n                                  </div>\r\n                                                                </div>\r\n  <div class="right-sidebar">\r\n    <div class="title">人气排行榜</div>\r\n    <div class="hot-list">\r\n          <dl>\r\n            	      	<dt>\r\n			<a target="_blank" href="http://www.infol.com.cn/shop/index.php?act=goods&op=index&goods_id=276"><img src="http://www.infol.com.cn/data/upload/shop/store/goods/1/1_04717754051864205_240.jpg" /><span>1</span></a>\r\n			<p class="ti"><a target="_blank" href="http://www.infol.com.cn/shop/index.php?act=goods&op=index&goods_id=276" title="昭君故里酒 美之梦酒 优质白酒 500ml 浓香型 42度">昭君故里酒 美之梦酒 优质白酒 500ml 浓香型 42度</a></p>\r\n			<p class="price">￥118.00</p>\r\n      	</dt>\r\n      	            	      	<dd><span>2</span><a target="_blank" href="http://www.infol.com.cn/shop/index.php?act=goods&op=index&goods_id=277" title="有机绿壳乌鸡蛋 山地放养 散装30枚70元">有机绿壳乌鸡蛋 山地放养 散装30枚70元</a></dd>\r\n      	            	      	<dd><span>3</span><a target="_blank" href="http://www.infol.com.cn/shop/index.php?act=goods&op=index&goods_id=280" title="绿壳乌鸡蛋 高山养殖 生态放养 礼品装48枚 118元/提">绿壳乌鸡蛋 高山养殖 生态放养 礼品装48枚 118元/提</a></dd>\r\n      	            	      	<dd><span class="gray">4</span><a target="_blank" href="http://www.infol.com.cn/shop/index.php?act=goods&op=index&goods_id=282" title="生态有机土猪肉 高山泉水喂养 瘦红肥白  肥瘦搭配 味道鲜美 140元/10斤">生态有机土猪肉 高山泉水喂养 瘦红肥白  肥瘦搭配 味道鲜美 140元/10斤</a></dd>\r\n      	            	      	<dd><span class="gray">5</span><a target="_blank" href="http://www.infol.com.cn/shop/index.php?act=goods&op=index&goods_id=283" title="农家土鸡蛋 虫草物喂养 纯谷物喂养 营养价值高 散装30枚54元">农家土鸡蛋 虫草物喂养 纯谷物喂养 营养价值高 散装30枚54元</a></dd>\r\n      	            </dl>\r\n    </div>\r\n    <div class="right-side-focus">\r\n      <ul>\r\n                        </ul>\r\n    </div>\r\n  </div>\r\n</div>'),
(5, '家居生活', 'purple', 'index', 1417057333, 4, 0, '\r\n<div class="home-standard-layout wrapper style-purple">\r\n  <div class="left-sidebar">\r\n    <div class="title">\r\n      	      	<div class="pic-type"><img src="http://www.infol.com.cn/data/upload/shop/editor/web-5-51.png?777"/></div>\r\n      	    </div>\r\n    <div class="left-ads">\r\n      	    </div>\r\n    <div class="recommend-classes">\r\n      <ul>\r\n                  		                            <li><a href="http://www.infol.com.cn/shop/index.php?act=search&op=index&cate_id=1084" title="住宅家具" target="_blank">住宅家具</a></li>\r\n		                            <li><a href="http://www.infol.com.cn/shop/index.php?act=search&op=index&cate_id=1102" title="家装主材" target="_blank">家装主材</a></li>\r\n		                            <li><a href="http://www.infol.com.cn/shop/index.php?act=search&op=index&cate_id=200" title="家纺布艺" target="_blank">家纺布艺</a></li>\r\n		                            <li><a href="http://www.infol.com.cn/shop/index.php?act=search&op=index&cate_id=201" title="灯饰照明" target="_blank">灯饰照明</a></li>\r\n		                            <li><a href="http://www.infol.com.cn/shop/index.php?act=search&op=index&cate_id=202" title="生活日用" target="_blank">生活日用</a></li>\r\n		                            <li><a href="http://www.infol.com.cn/shop/index.php?act=search&op=index&cate_id=203" title="家装软饰" target="_blank">家装软饰</a></li>\r\n		                            <li><a href="http://www.infol.com.cn/shop/index.php?act=search&op=index&cate_id=204" title="清洁日用" target="_blank">清洁日用</a></li>\r\n		                            <li><a href="http://www.infol.com.cn/shop/index.php?act=search&op=index&cate_id=205" title="宠物生活" target="_blank">宠物生活</a></li>\r\n		                            <li><a href="http://www.infol.com.cn/shop/index.php?act=search&op=index&cate_id=889" title="烹饪锅具" target="_blank">烹饪锅具</a></li>\r\n		                            <li><a href="http://www.infol.com.cn/shop/index.php?act=search&op=index&cate_id=890" title="刀剪菜板" target="_blank">刀剪菜板</a></li>\r\n		                            <li><a href="http://www.infol.com.cn/shop/index.php?act=search&op=index&cate_id=891" title="收纳保鲜" target="_blank">收纳保鲜</a></li>\r\n		                            <li><a href="http://www.infol.com.cn/shop/index.php?act=search&op=index&cate_id=892" title="水具酒具" target="_blank">水具酒具</a></li>\r\n		                            <li><a href="http://www.infol.com.cn/shop/index.php?act=search&op=index&cate_id=893" title="餐具" target="_blank">餐具</a></li>\r\n		                            <li><a href="http://www.infol.com.cn/shop/index.php?act=search&op=index&cate_id=935" title="茶具/咖啡具" target="_blank">茶具/咖啡具</a></li>\r\n		                                          </ul>\r\n    </div>\r\n  </div>\r\n  <div class="middle-layout">\r\n    <ul class="tabs-nav">\r\n                                            <li class="tabs-selected"><i class="arrow"></i><h3>商品推荐</h3></li>\r\n                                        </ul>\r\n                                                                                                    </div>\r\n  <div class="right-sidebar">\r\n    <div class="title">热卖排行榜</div>\r\n    <div class="hot-list">\r\n          <dl>\r\n            </dl>\r\n    </div>\r\n    <div class="right-side-focus">\r\n      <ul>\r\n                        </ul>\r\n    </div>\r\n  </div>\r\n</div>'),
(6, '母婴用品', 'pink', 'index', 1417057342, 5, 0, '\r\n<div class="home-standard-layout wrapper style-pink">\r\n  <div class="left-sidebar">\r\n    <div class="title">\r\n      	      	<div class="pic-type"><img src="http://www.infol.com.cn/data/upload/shop/editor/web-6-61.png?797"/></div>\r\n      	    </div>\r\n    <div class="left-ads">\r\n      	    </div>\r\n    <div class="recommend-classes">\r\n      <ul>\r\n                  		                            <li><a href="http://www.infol.com.cn/shop/index.php?act=search&op=index&cate_id=960" title="奶粉" target="_blank">奶粉</a></li>\r\n		                            <li><a href="http://www.infol.com.cn/shop/index.php?act=search&op=index&cate_id=961" title="营养辅食" target="_blank">营养辅食</a></li>\r\n		                            <li><a href="http://www.infol.com.cn/shop/index.php?act=search&op=index&cate_id=962" title="尿裤湿巾" target="_blank">尿裤湿巾</a></li>\r\n		                            <li><a href="http://www.infol.com.cn/shop/index.php?act=search&op=index&cate_id=963" title="喂养用品" target="_blank">喂养用品</a></li>\r\n		                            <li><a href="http://www.infol.com.cn/shop/index.php?act=search&op=index&cate_id=964" title="洗护用品" target="_blank">洗护用品</a></li>\r\n		                            <li><a href="http://www.infol.com.cn/shop/index.php?act=search&op=index&cate_id=965" title="童车童床" target="_blank">童车童床</a></li>\r\n		                            <li><a href="http://www.infol.com.cn/shop/index.php?act=search&op=index&cate_id=966" title="服饰寝居" target="_blank">服饰寝居</a></li>\r\n		                            <li><a href="http://www.infol.com.cn/shop/index.php?act=search&op=index&cate_id=967" title="妈妈专区" target="_blank">妈妈专区</a></li>\r\n		                                          </ul>\r\n    </div>\r\n  </div>\r\n  <div class="middle-layout">\r\n    <ul class="tabs-nav">\r\n                      </ul>\r\n                    </div>\r\n  <div class="right-sidebar">\r\n    <div class="title">热卖排行榜</div>\r\n    <div class="hot-list">\r\n          <dl>\r\n            </dl>\r\n    </div>\r\n    <div class="right-side-focus">\r\n      <ul>\r\n                        </ul>\r\n    </div>\r\n  </div>\r\n</div>'),
(7, '本地生活', 'orange', 'index', 1427254153, 0, 1, '\r\n<div class="home-standard-layout wrapper style-orange">\r\n  <div class="left-sidebar">\r\n    <div class="title">\r\n      	      	<div class="pic-type"><img src="http://www.infol.com.cn/data/upload/shop/editor/web-7-71.png?917"/></div>\r\n      	    </div>\r\n    <div class="left-ads">\r\n      	      	<a href="" title="易和养生 神奇火疗" target="_blank">\r\n      	<img src="http://www.infol.com.cn/data/upload/shop/editor/web-7-73.jpg?736" alt="易和养生 神奇火疗">\r\n      	</a>\r\n      	    </div>\r\n    <div class="recommend-classes">\r\n      <ul>\r\n                  		                            <li><a href="http://www.infol.com.cn/shop/index.php?act=search&op=index&cate_id=1065" title="酒店" target="_blank">酒店</a></li>\r\n		                            <li><a href="http://www.infol.com.cn/shop/index.php?act=search&op=index&cate_id=1113" title="宾馆" target="_blank">宾馆</a></li>\r\n		                            <li><a href="http://www.infol.com.cn/shop/index.php?act=search&op=index&cate_id=1066" title="生态农庄" target="_blank">生态农庄</a></li>\r\n		                            <li><a href="http://www.infol.com.cn/shop/index.php?act=search&op=index&cate_id=1067" title="旅游景区" target="_blank">旅游景区</a></li>\r\n		                            <li><a href="http://www.infol.com.cn/shop/index.php?act=search&op=index&cate_id=1068" title="酒吧" target="_blank">酒吧</a></li>\r\n		                            <li><a href="http://www.infol.com.cn/shop/index.php?act=search&op=index&cate_id=1069" title="KTV" target="_blank">KTV</a></li>\r\n		                            <li><a href="http://www.infol.com.cn/shop/index.php?act=search&op=index&cate_id=1070" title="茶楼" target="_blank">茶楼</a></li>\r\n		                            <li><a href="http://www.infol.com.cn/shop/index.php?act=search&op=index&cate_id=1071" title="美容美发" target="_blank">美容美发</a></li>\r\n		                            <li><a href="http://www.infol.com.cn/shop/index.php?act=search&op=index&cate_id=1072" title="养生馆" target="_blank">养生馆</a></li>\r\n		                            <li><a href="http://www.infol.com.cn/shop/index.php?act=search&op=index&cate_id=1073" title="足浴按摩" target="_blank">足浴按摩</a></li>\r\n		                            <li><a href="http://www.infol.com.cn/shop/index.php?act=search&op=index&cate_id=1060" title="广告" target="_blank">广告</a></li>\r\n		                            <li><a href="http://www.infol.com.cn/shop/index.php?act=search&op=index&cate_id=1061" title="印刷" target="_blank">印刷</a></li>\r\n		                                          </ul>\r\n    </div>\r\n  </div>\r\n  <div class="middle-layout">\r\n    <ul class="tabs-nav">\r\n                                            <li class="tabs-selected"><i class="arrow"></i><h3>商品推荐</h3></li>\r\n                                        </ul>\r\n                                                                                                <div class="tabs-panel middle-goods-list ">\r\n                                    <ul>\r\n                                                                          <li>\r\n                                        <dl>\r\n                                          <dt class="goods-name"><a target="_blank" href="http://www.infol.com.cn/shop/index.php?act=goods&op=index&goods_id=286" title="高精度腐蚀金属卡/金卡/银卡/金属卡/贵宾卡/金属名片">\r\n                                          	高精度腐蚀金属卡/金卡/银卡/金属卡/贵宾卡/金属名片</a></dt>\r\n                                          <dd class="goods-thumb">\r\n                                          	<a target="_blank" href="http://www.infol.com.cn/shop/index.php?act=goods&op=index&goods_id=286">\r\n                                          	<img src="http://www.infol.com.cn/data/upload/shop/store/goods/2/2_04719526935878416_240.jpg" alt="高精度腐蚀金属卡/金卡/银卡/金属卡/贵宾卡/金属名片" />\r\n                                          	</a></dd>\r\n                                          <dd class="goods-price"><em>￥3.00</em>\r\n                                            <span class="original">￥8.00</span></dd>\r\n                                        </dl>\r\n                                      </li>\r\n                                                                          <li>\r\n                                        <dl>\r\n                                          <dt class="goods-name"><a target="_blank" href="http://www.infol.com.cn/shop/index.php?act=goods&op=index&goods_id=273" title="高清户内外写真/防水防晒写真画面/防水海报/制度牌">\r\n                                          	高清户内外写真/防水防晒写真画面/防水海报/制度牌</a></dt>\r\n                                          <dd class="goods-thumb">\r\n                                          	<a target="_blank" href="http://www.infol.com.cn/shop/index.php?act=goods&op=index&goods_id=273">\r\n                                          	<img src="http://www.infol.com.cn/data/upload/shop/store/goods/2/2_04716712199605452_240.jpg" alt="高清户内外写真/防水防晒写真画面/防水海报/制度牌" />\r\n                                          	</a></dd>\r\n                                          <dd class="goods-price"><em>￥18.00</em>\r\n                                            <span class="original">￥35.00</span></dd>\r\n                                        </dl>\r\n                                      </li>\r\n                                                                          <li>\r\n                                        <dl>\r\n                                          <dt class="goods-name"><a target="_blank" href="http://www.infol.com.cn/shop/index.php?act=goods&op=index&goods_id=275" title="彩印宣传单  A3A4A5宣传单印刷  彩色  彩页  DM单印刷">\r\n                                          	彩印宣传单  A3A4A5宣传单印刷  彩色  彩页  DM单印刷</a></dt>\r\n                                          <dd class="goods-thumb">\r\n                                          	<a target="_blank" href="http://www.infol.com.cn/shop/index.php?act=goods&op=index&goods_id=275">\r\n                                          	<img src="http://www.infol.com.cn/data/upload/shop/store/goods/2/2_04716941255280453_240.jpg" alt="彩印宣传单  A3A4A5宣传单印刷  彩色  彩页  DM单印刷" />\r\n                                          	</a></dd>\r\n                                          <dd class="goods-price"><em>￥800.00</em>\r\n                                            <span class="original">￥1200.00</span></dd>\r\n                                        </dl>\r\n                                      </li>\r\n                                                                          <li>\r\n                                        <dl>\r\n                                          <dt class="goods-name"><a target="_blank" href="http://www.infol.com.cn/shop/index.php?act=goods&op=index&goods_id=274" title="韩式x展架/铝合金x展架/广告架/展架海报架/铝合金易拉宝/海报制作">\r\n                                          	韩式x展架/铝合金x展架/广告架/展架海报架/铝合金易拉宝/海报制作</a></dt>\r\n                                          <dd class="goods-thumb">\r\n                                          	<a target="_blank" href="http://www.infol.com.cn/shop/index.php?act=goods&op=index&goods_id=274">\r\n                                          	<img src="http://www.infol.com.cn/data/upload/shop/store/goods/2/2_04716885573792328_240.jpg" alt="韩式x展架/铝合金x展架/广告架/展架海报架/铝合金易拉宝/海报制作" />\r\n                                          	</a></dd>\r\n                                          <dd class="goods-price"><em>￥45.00</em>\r\n                                            <span class="original">￥65.00</span></dd>\r\n                                        </dl>\r\n                                      </li>\r\n                                                                          <li>\r\n                                        <dl>\r\n                                          <dt class="goods-name"><a target="_blank" href="http://www.infol.com.cn/shop/index.php?act=goods&op=index&goods_id=281" title="写真裱KT板牌/制度牌/会议牌/吊旗/文化墙牌/展会展板">\r\n                                          	写真裱KT板牌/制度牌/会议牌/吊旗/文化墙牌/展会展板</a></dt>\r\n                                          <dd class="goods-thumb">\r\n                                          	<a target="_blank" href="http://www.infol.com.cn/shop/index.php?act=goods&op=index&goods_id=281">\r\n                                          	<img src="http://www.infol.com.cn/data/upload/shop/store/goods/2/2_04717753121684596_240.jpg" alt="写真裱KT板牌/制度牌/会议牌/吊旗/文化墙牌/展会展板" />\r\n                                          	</a></dd>\r\n                                          <dd class="goods-price"><em>￥40.00</em>\r\n                                            <span class="original">￥60.00</span></dd>\r\n                                        </dl>\r\n                                      </li>\r\n                                                                          <li>\r\n                                        <dl>\r\n                                          <dt class="goods-name"><a target="_blank" href="http://www.infol.com.cn/shop/index.php?act=goods&op=index&goods_id=285" title="条幅 横幅 竖幅 激光条幅  开业庆典竖幅">\r\n                                          	条幅 横幅 竖幅 激光条幅  开业庆典竖幅</a></dt>\r\n                                          <dd class="goods-thumb">\r\n                                          	<a target="_blank" href="http://www.infol.com.cn/shop/index.php?act=goods&op=index&goods_id=285">\r\n                                          	<img src="http://www.infol.com.cn/data/upload/shop/store/goods/2/2_04718453411337053_240.jpg" alt="条幅 横幅 竖幅 激光条幅  开业庆典竖幅" />\r\n                                          	</a></dd>\r\n                                          <dd class="goods-price"><em>￥3.00</em>\r\n                                            <span class="original">￥5.00</span></dd>\r\n                                        </dl>\r\n                                      </li>\r\n                                                                          <li>\r\n                                        <dl>\r\n                                          <dt class="goods-name"><a target="_blank" href="http://www.infol.com.cn/shop/index.php?act=goods&op=index&goods_id=279" title="PVC名片/高档商务名片/卡片/会员卡/卡证 10盒">\r\n                                          	PVC名片/高档商务名片/卡片/会员卡/卡证 10盒</a></dt>\r\n                                          <dd class="goods-thumb">\r\n                                          	<a target="_blank" href="http://www.infol.com.cn/shop/index.php?act=goods&op=index&goods_id=279">\r\n                                          	<img src="http://www.infol.com.cn/data/upload/shop/store/goods/2/2_04717687082348757_240.jpg" alt="PVC名片/高档商务名片/卡片/会员卡/卡证 10盒" />\r\n                                          	</a></dd>\r\n                                          <dd class="goods-price"><em>￥200.00</em>\r\n                                            <span class="original">￥500.00</span></dd>\r\n                                        </dl>\r\n                                      </li>\r\n                                                                          <li>\r\n                                        <dl>\r\n                                          <dt class="goods-name"><a target="_blank" href="http://www.infol.com.cn/shop/index.php?act=goods&op=index&goods_id=278" title="彩色名片设计/彩色名片制作/彩色双面名片 10盒">\r\n                                          	彩色名片设计/彩色名片制作/彩色双面名片 10盒</a></dt>\r\n                                          <dd class="goods-thumb">\r\n                                          	<a target="_blank" href="http://www.infol.com.cn/shop/index.php?act=goods&op=index&goods_id=278">\r\n                                          	<img src="http://www.infol.com.cn/data/upload/shop/store/goods/2/2_04717594599518715_240.jpg" alt="彩色名片设计/彩色名片制作/彩色双面名片 10盒" />\r\n                                          	</a></dd>\r\n                                          <dd class="goods-price"><em>￥80.00</em>\r\n                                            <span class="original">￥100.00</span></dd>\r\n                                        </dl>\r\n                                      </li>\r\n                                                                        </ul>\r\n                                  </div>\r\n                                                                </div>\r\n  <div class="right-sidebar">\r\n    <div class="title">人气排行榜</div>\r\n    <div class="hot-list">\r\n          <dl>\r\n            	      	<dt>\r\n			<a target="_blank" href="http://www.infol.com.cn/shop/index.php?act=goods&op=index&goods_id=272"><img src="http://www.infol.com.cn/data/upload/shop/store/goods/2/2_04716035155654501_240.jpg" /><span>1</span></a>\r\n			<p class="ti"><a target="_blank" href="http://www.infol.com.cn/shop/index.php?act=goods&op=index&goods_id=272" title="喷绘布/广告牌/喷画/灯箱布/户外喷绘布/舞台背景招牌布">喷绘布/广告牌/喷画/灯箱布/户外喷绘布/舞台背景招牌布</a></p>\r\n			<p class="price">￥8.00</p>\r\n      	</dt>\r\n      	            	      	<dd><span>2</span><a target="_blank" href="http://www.infol.com.cn/shop/index.php?act=goods&op=index&goods_id=273" title="高清户内外写真/防水防晒写真画面/防水海报/制度牌">高清户内外写真/防水防晒写真画面/防水海报/制度牌</a></dd>\r\n      	            	      	<dd><span>3</span><a target="_blank" href="http://www.infol.com.cn/shop/index.php?act=goods&op=index&goods_id=274" title="韩式x展架/铝合金x展架/广告架/展架海报架/铝合金易拉宝/海报制作">韩式x展架/铝合金x展架/广告架/展架海报架/铝合金易拉宝/海报制作</a></dd>\r\n      	            	      	<dd><span class="gray">4</span><a target="_blank" href="http://www.infol.com.cn/shop/index.php?act=goods&op=index&goods_id=275" title="彩印宣传单  A3A4A5宣传单印刷  彩色  彩页  DM单印刷">彩印宣传单  A3A4A5宣传单印刷  彩色  彩页  DM单印刷</a></dd>\r\n      	            	      	<dd><span class="gray">5</span><a target="_blank" href="http://www.infol.com.cn/shop/index.php?act=goods&op=index&goods_id=278" title="彩色名片设计/彩色名片制作/彩色双面名片 10盒">彩色名片设计/彩色名片制作/彩色双面名片 10盒</a></dd>\r\n      	            </dl>\r\n    </div>\r\n    <div class="right-side-focus">\r\n      <ul>\r\n                                                                                <li><a href="" title="足康休闲会所" target="_blank">\r\n                        <img src="http://www.infol.com.cn/data/upload/shop/editor/web-7-78-1.jpg?805" alt="足康休闲会所"/></a>\r\n                      	</li>\r\n                                                                </ul>\r\n    </div>\r\n  </div>\r\n</div>'),
(8, '灰色', 'gray', 'index', 1389864697, 8, 0, NULL);
INSERT INTO `cor_web` (`web_id`, `web_name`, `style_name`, `web_page`, `update_time`, `web_sort`, `web_show`, `web_html`) VALUES
(101, '首页头部焦点图片', 'orange', 'index_pic', 1427254153, 100, 1, '\r\n  <ul id="fullScreenSlides" class="full-screen-slides">\r\n                                        <li style="background:  url(''http://www.infol.com.cn/data/upload/shop/editor/web-101-101-1.jpg?375'') no-repeat center top">\r\n            <a href="" target="_blank" title="">&nbsp;</a></li>\r\n                                        <li style="background:  url(''http://www.infol.com.cn/data/upload/shop/editor/web-101-101-2.jpg?659'') no-repeat center top">\r\n            <a href="" target="_blank" title="">&nbsp;</a></li>\r\n                                        <li style="background:  url(''http://www.infol.com.cn/data/upload/shop/editor/web-101-101-3.jpg?191'') no-repeat center top">\r\n            <a href="" target="_blank" title="">&nbsp;</a></li>\r\n                                  \r\n  </ul>\r\n  <div class="jfocus-trigeminy">\r\n    <ul>\r\n                              <li>\r\n            <p>\r\n                                        <a href="" target="_blank" title="佳节大献礼-茶满中秋"><img src="http://www.infol.com.cn/data/upload/shop/editor/web-101-102-1-1.jpg?842" alt="佳节大献礼-茶满中秋"></a>\r\n                          <a href="" target="_blank" title="孩子喜欢-遥控悍马"><img src="http://www.infol.com.cn/data/upload/shop/editor/web-101-102-1-2.jpg?143" alt="孩子喜欢-遥控悍马"></a>\r\n                          <a href="" target="_blank" title="天气凉了-情侣家居服"><img src="http://www.infol.com.cn/data/upload/shop/editor/web-101-102-1-3.jpg?114" alt="天气凉了-情侣家居服"></a>\r\n                                        </p>\r\n          </li>\r\n                    <li>\r\n            <p>\r\n                                        <a href="" target="_blank" title="越中国越时尚-水晶中国风"><img src="http://www.infol.com.cn/data/upload/shop/editor/web-101-102-2-1.jpg?824" alt="越中国越时尚-水晶中国风"></a>\r\n                          <a href="" target="_blank" title="领先全球首创-CoolTec冰爽剃须"><img src="http://www.infol.com.cn/data/upload/shop/editor/web-101-102-2-2.jpg?851" alt="领先全球首创-CoolTec冰爽剃须"></a>\r\n                          <a href="" target="_blank" title="健康中的专家-欧姆龙血压计"><img src="http://www.infol.com.cn/data/upload/shop/editor/web-101-102-2-3.jpg?734" alt="健康中的专家-欧姆龙血压计"></a>\r\n                                        </p>\r\n          </li>\r\n                    <li>\r\n            <p>\r\n                                        <a href="" target="_blank" title="TOPTO秋季格调-衬衫促销季"><img src="http://www.infol.com.cn/data/upload/shop/editor/web-101-102-3-1.jpg?191" alt="TOPTO秋季格调-衬衫促销季"></a>\r\n                          <a href="" target="_blank" title="骆驼早秋新品尝试-热销款推荐"><img src="http://www.infol.com.cn/data/upload/shop/editor/web-101-102-3-2.jpg?628" alt="骆驼早秋新品尝试-热销款推荐"></a>\r\n                          <a href="" target="_blank" title="识得女人香-冰希利娇真我系列"><img src="http://www.infol.com.cn/data/upload/shop/editor/web-101-102-3-3.jpg?851" alt="识得女人香-冰希利娇真我系列"></a>\r\n                                        </p>\r\n          </li>\r\n                        </ul>\r\n  </div>'),
(121, '首页促销区', 'orange', 'index_sale', 1427254153, 120, 1, '\r\n    <ul class="tabs-nav">\r\n                                            <li class="tabs-selected"><i class="arrow"></i><h3>热卖商品</h3></li>\r\n                          <li class=""><i class="arrow"></i><h3>疯狂抢购</h3></li>\r\n                          <li class=""><i class="arrow"></i><h3>猜您喜欢</h3></li>\r\n                          <li class=""><i class="arrow"></i><h3>热评商品</h3></li>\r\n                          <li class=""><i class="arrow"></i><h3>新品上架</h3></li>\r\n                                        </ul>\r\n                                                                                                <div class="tabs-panel sale-goods-list ">\r\n                                    <ul>\r\n                                                                          <li>\r\n                                        <dl>\r\n                                          <dt class="goods-name"><a target="_blank" href="http://www.infol.com.cn/shop/index.php?act=goods&op=index&goods_id=333" title="山信稻米油 非转基因 食用米糠油 7500ppm谷维素 马伊琍代言 1.8l 装">\r\n                                          	山信稻米油 非转基因 食用米糠油 7500ppm谷维素 马伊琍代言 1.8l 装</a></dt>\r\n                                          <dd class="goods-thumb">\r\n                                          	<a target="_blank" href="http://www.infol.com.cn/shop/index.php?act=goods&op=index&goods_id=333">\r\n                                          	<img src="http://www.infol.com.cn/data/upload/shop/store/goods/1/1_04754123035459069_240.jpg" alt="山信稻米油 非转基因 食用米糠油 7500ppm谷维素 马伊琍代言 1.8l 装" />\r\n                                          	</a></dd>\r\n                                          <dd class="goods-price">商城价：<em>￥29.00</em></dd>\r\n                                        </dl>\r\n                                      </li>\r\n                                                                          <li>\r\n                                        <dl>\r\n                                          <dt class="goods-name"><a target="_blank" href="http://www.infol.com.cn/shop/index.php?act=goods&op=index&goods_id=346" title="新货 坚果 松子 东北开口松子 500g">\r\n                                          	新货 坚果 松子 东北开口松子 500g</a></dt>\r\n                                          <dd class="goods-thumb">\r\n                                          	<a target="_blank" href="http://www.infol.com.cn/shop/index.php?act=goods&op=index&goods_id=346">\r\n                                          	<img src="http://www.infol.com.cn/data/upload/shop/store/goods/7/7_04762963544782948_240.jpg" alt="新货 坚果 松子 东北开口松子 500g" />\r\n                                          	</a></dd>\r\n                                          <dd class="goods-price">商城价：<em>￥38.80</em></dd>\r\n                                        </dl>\r\n                                      </li>\r\n                                                                          <li>\r\n                                        <dl>\r\n                                          <dt class="goods-name"><a target="_blank" href="http://www.infol.com.cn/shop/index.php?act=goods&op=index&goods_id=347" title="碧根果 长寿果美国山核桃坚果零食奶油味  500g">\r\n                                          	碧根果 长寿果美国山核桃坚果零食奶油味  500g</a></dt>\r\n                                          <dd class="goods-thumb">\r\n                                          	<a target="_blank" href="http://www.infol.com.cn/shop/index.php?act=goods&op=index&goods_id=347">\r\n                                          	<img src="http://www.infol.com.cn/data/upload/shop/store/goods/7/7_04763618050273058_240.jpg" alt="碧根果 长寿果美国山核桃坚果零食奶油味  500g" />\r\n                                          	</a></dd>\r\n                                          <dd class="goods-price">商城价：<em>￥33.50</em></dd>\r\n                                        </dl>\r\n                                      </li>\r\n                                                                          <li>\r\n                                        <dl>\r\n                                          <dt class="goods-name"><a target="_blank" href="http://www.infol.com.cn/shop/index.php?act=goods&op=index&goods_id=348" title="夏威夷果  澳洲坚果  零食干果  送开口器 奶油味 500g">\r\n                                          	夏威夷果  澳洲坚果  零食干果  送开口器 奶油味 500g</a></dt>\r\n                                          <dd class="goods-thumb">\r\n                                          	<a target="_blank" href="http://www.infol.com.cn/shop/index.php?act=goods&op=index&goods_id=348">\r\n                                          	<img src="http://www.infol.com.cn/data/upload/shop/store/goods/7/7_04763797018156347_240.jpg" alt="夏威夷果  澳洲坚果  零食干果  送开口器 奶油味 500g" />\r\n                                          	</a></dd>\r\n                                          <dd class="goods-price">商城价：<em>￥33.50</em></dd>\r\n                                        </dl>\r\n                                      </li>\r\n                                                                          <li>\r\n                                        <dl>\r\n                                          <dt class="goods-name"><a target="_blank" href="http://www.infol.com.cn/shop/index.php?act=goods&op=index&goods_id=324" title="百丈潭茶叶 绿茶 通城特产 8件起售   125g">\r\n                                          	百丈潭茶叶 绿茶 通城特产 8件起售   125g</a></dt>\r\n                                          <dd class="goods-thumb">\r\n                                          	<a target="_blank" href="http://www.infol.com.cn/shop/index.php?act=goods&op=index&goods_id=324">\r\n                                          	<img src="http://www.infol.com.cn/data/upload/shop/store/goods/5/5_04753326999101409_240.jpg" alt="百丈潭茶叶 绿茶 通城特产 8件起售   125g" />\r\n                                          	</a></dd>\r\n                                          <dd class="goods-price">商城价：<em>￥16.20</em></dd>\r\n                                        </dl>\r\n                                      </li>\r\n                                                                        </ul>\r\n                                  </div>\r\n                                                                                                        <div class="tabs-panel sale-goods-list tabs-hide">\r\n                                    <ul>\r\n                                                                          <li>\r\n                                        <dl>\r\n                                          <dt class="goods-name"><a target="_blank" href="http://www.infol.com.cn/shop/index.php?act=goods&op=index&goods_id=276" title="昭君故里酒 美之梦酒 优质白酒 500ml 浓香型 42度">\r\n                                          	昭君故里酒 美之梦酒 优质白酒 500ml 浓香型 42度</a></dt>\r\n                                          <dd class="goods-thumb">\r\n                                          	<a target="_blank" href="http://www.infol.com.cn/shop/index.php?act=goods&op=index&goods_id=276">\r\n                                          	<img src="http://www.infol.com.cn/data/upload/shop/store/goods/1/1_04717754051864205_240.jpg" alt="昭君故里酒 美之梦酒 优质白酒 500ml 浓香型 42度" />\r\n                                          	</a></dd>\r\n                                          <dd class="goods-price">商城价：<em>￥118.00</em></dd>\r\n                                        </dl>\r\n                                      </li>\r\n                                                                          <li>\r\n                                        <dl>\r\n                                          <dt class="goods-name"><a target="_blank" href="http://www.infol.com.cn/shop/index.php?act=goods&op=index&goods_id=348" title="夏威夷果  澳洲坚果  零食干果  送开口器 奶油味 500g">\r\n                                          	夏威夷果  澳洲坚果  零食干果  送开口器 奶油味 500g</a></dt>\r\n                                          <dd class="goods-thumb">\r\n                                          	<a target="_blank" href="http://www.infol.com.cn/shop/index.php?act=goods&op=index&goods_id=348">\r\n                                          	<img src="http://www.infol.com.cn/data/upload/shop/store/goods/7/7_04763797018156347_240.jpg" alt="夏威夷果  澳洲坚果  零食干果  送开口器 奶油味 500g" />\r\n                                          	</a></dd>\r\n                                          <dd class="goods-price">商城价：<em>￥33.50</em></dd>\r\n                                        </dl>\r\n                                      </li>\r\n                                                                          <li>\r\n                                        <dl>\r\n                                          <dt class="goods-name"><a target="_blank" href="http://www.infol.com.cn/shop/index.php?act=goods&op=index&goods_id=347" title="碧根果 长寿果美国山核桃坚果零食奶油味  500g">\r\n                                          	碧根果 长寿果美国山核桃坚果零食奶油味  500g</a></dt>\r\n                                          <dd class="goods-thumb">\r\n                                          	<a target="_blank" href="http://www.infol.com.cn/shop/index.php?act=goods&op=index&goods_id=347">\r\n                                          	<img src="http://www.infol.com.cn/data/upload/shop/store/goods/7/7_04763618050273058_240.jpg" alt="碧根果 长寿果美国山核桃坚果零食奶油味  500g" />\r\n                                          	</a></dd>\r\n                                          <dd class="goods-price">商城价：<em>￥33.50</em></dd>\r\n                                        </dl>\r\n                                      </li>\r\n                                                                          <li>\r\n                                        <dl>\r\n                                          <dt class="goods-name"><a target="_blank" href="http://www.infol.com.cn/shop/index.php?act=goods&op=index&goods_id=305" title="康汇园 芦荟风味乳饮料 净含量500ml 1件">\r\n                                          	康汇园 芦荟风味乳饮料 净含量500ml 1件</a></dt>\r\n                                          <dd class="goods-thumb">\r\n                                          	<a target="_blank" href="http://www.infol.com.cn/shop/index.php?act=goods&op=index&goods_id=305">\r\n                                          	<img src="http://www.infol.com.cn/data/upload/shop/store/goods/1/1_04730110959754239_240.jpg" alt="康汇园 芦荟风味乳饮料 净含量500ml 1件" />\r\n                                          	</a></dd>\r\n                                          <dd class="goods-price">商城价：<em>￥150.00</em></dd>\r\n                                        </dl>\r\n                                      </li>\r\n                                                                          <li>\r\n                                        <dl>\r\n                                          <dt class="goods-name"><a target="_blank" href="http://www.infol.com.cn/shop/index.php?act=goods&op=index&goods_id=308" title="康汇园苹果汁醋饮料  净含量500L   果汁酿造  原汁原味 5瓶">\r\n                                          	康汇园苹果汁醋饮料  净含量500L   果汁酿造  原汁原味 5瓶</a></dt>\r\n                                          <dd class="goods-thumb">\r\n                                          	<a target="_blank" href="http://www.infol.com.cn/shop/index.php?act=goods&op=index&goods_id=308">\r\n                                          	<img src="http://www.infol.com.cn/data/upload/shop/store/goods/1/1_04729051678861049_240.jpg" alt="康汇园苹果汁醋饮料  净含量500L   果汁酿造  原汁原味 5瓶" />\r\n                                          	</a></dd>\r\n                                          <dd class="goods-price">商城价：<em>￥55.00</em></dd>\r\n                                        </dl>\r\n                                      </li>\r\n                                                                        </ul>\r\n                                  </div>\r\n                                                                                                        <div class="tabs-panel sale-goods-list tabs-hide">\r\n                                    <ul>\r\n                                                                          <li>\r\n                                        <dl>\r\n                                          <dt class="goods-name"><a target="_blank" href="http://www.infol.com.cn/shop/index.php?act=goods&op=index&goods_id=301" title="康汇园经典苹果醋 高档果醋饮料 酒店专供 净含量650L">\r\n                                          	康汇园经典苹果醋 高档果醋饮料 酒店专供 净含量650L</a></dt>\r\n                                          <dd class="goods-thumb">\r\n                                          	<a target="_blank" href="http://www.infol.com.cn/shop/index.php?act=goods&op=index&goods_id=301">\r\n                                          	<img src="http://www.infol.com.cn/data/upload/shop/store/goods/1/1_04728428330651916_240.jpg" alt="康汇园经典苹果醋 高档果醋饮料 酒店专供 净含量650L" />\r\n                                          	</a></dd>\r\n                                          <dd class="goods-price">商城价：<em>￥170.00</em></dd>\r\n                                        </dl>\r\n                                      </li>\r\n                                                                          <li>\r\n                                        <dl>\r\n                                          <dt class="goods-name"><a target="_blank" href="http://www.infol.com.cn/shop/index.php?act=goods&op=index&goods_id=310" title="康汇园芒果汁饮料 果肉多 净含量1.5L 66元/件/6瓶 2瓶">\r\n                                          	康汇园芒果汁饮料 果肉多 净含量1.5L 66元/件/6瓶 2瓶</a></dt>\r\n                                          <dd class="goods-thumb">\r\n                                          	<a target="_blank" href="http://www.infol.com.cn/shop/index.php?act=goods&op=index&goods_id=310">\r\n                                          	<img src="http://www.infol.com.cn/data/upload/shop/store/goods/1/1_04729037901755028_240.jpg" alt="康汇园芒果汁饮料 果肉多 净含量1.5L 66元/件/6瓶 2瓶" />\r\n                                          	</a></dd>\r\n                                          <dd class="goods-price">商城价：<em>￥20.00</em></dd>\r\n                                        </dl>\r\n                                      </li>\r\n                                                                          <li>\r\n                                        <dl>\r\n                                          <dt class="goods-name"><a target="_blank" href="http://www.infol.com.cn/shop/index.php?act=goods&op=index&goods_id=282" title="生态有机土猪肉 高山泉水喂养 瘦红肥白  肥瘦搭配 味道鲜美 140元/10斤">\r\n                                          	生态有机土猪肉 高山泉水喂养 瘦红肥白  肥瘦搭配 味道鲜美 140元/10斤</a></dt>\r\n                                          <dd class="goods-thumb">\r\n                                          	<a target="_blank" href="http://www.infol.com.cn/shop/index.php?act=goods&op=index&goods_id=282">\r\n                                          	<img src="http://www.infol.com.cn/data/upload/shop/store/goods/1/1_04717785723829778_240.jpg" alt="生态有机土猪肉 高山泉水喂养 瘦红肥白  肥瘦搭配 味道鲜美 140元/10斤" />\r\n                                          	</a></dd>\r\n                                          <dd class="goods-price">商城价：<em>￥140.00</em></dd>\r\n                                        </dl>\r\n                                      </li>\r\n                                                                          <li>\r\n                                        <dl>\r\n                                          <dt class="goods-name"><a target="_blank" href="http://www.infol.com.cn/shop/index.php?act=goods&op=index&goods_id=278" title="彩色名片设计/彩色名片制作/彩色双面名片 10盒">\r\n                                          	彩色名片设计/彩色名片制作/彩色双面名片 10盒</a></dt>\r\n                                          <dd class="goods-thumb">\r\n                                          	<a target="_blank" href="http://www.infol.com.cn/shop/index.php?act=goods&op=index&goods_id=278">\r\n                                          	<img src="http://www.infol.com.cn/data/upload/shop/store/goods/2/2_04717594599518715_240.jpg" alt="彩色名片设计/彩色名片制作/彩色双面名片 10盒" />\r\n                                          	</a></dd>\r\n                                          <dd class="goods-price">商城价：<em>￥80.00</em></dd>\r\n                                        </dl>\r\n                                      </li>\r\n                                                                          <li>\r\n                                        <dl>\r\n                                          <dt class="goods-name"><a target="_blank" href="http://www.infol.com.cn/shop/index.php?act=goods&op=index&goods_id=291" title="开能奔泰子母星家用净水器 清爽型 KF-T-1E全自动直饮机">\r\n                                          	开能奔泰子母星家用净水器 清爽型 KF-T-1E全自动直饮机</a></dt>\r\n                                          <dd class="goods-thumb">\r\n                                          	<a target="_blank" href="http://www.infol.com.cn/shop/index.php?act=goods&op=index&goods_id=291">\r\n                                          	<img src="http://www.infol.com.cn/data/upload/shop/store/goods/4/4_04725902858825749_240.jpg" alt="开能奔泰子母星家用净水器 清爽型 KF-T-1E全自动直饮机" />\r\n                                          	</a></dd>\r\n                                          <dd class="goods-price">商城价：<em>￥3680.00</em></dd>\r\n                                        </dl>\r\n                                      </li>\r\n                                                                        </ul>\r\n                                  </div>\r\n                                                                                                        <div class="tabs-panel sale-goods-list tabs-hide">\r\n                                    <ul>\r\n                                                                          <li>\r\n                                        <dl>\r\n                                          <dt class="goods-name"><a target="_blank" href="http://www.infol.com.cn/shop/index.php?act=goods&op=index&goods_id=348" title="夏威夷果  澳洲坚果  零食干果  送开口器 奶油味 500g">\r\n                                          	夏威夷果  澳洲坚果  零食干果  送开口器 奶油味 500g</a></dt>\r\n                                          <dd class="goods-thumb">\r\n                                          	<a target="_blank" href="http://www.infol.com.cn/shop/index.php?act=goods&op=index&goods_id=348">\r\n                                          	<img src="http://www.infol.com.cn/data/upload/shop/store/goods/7/7_04763797018156347_240.jpg" alt="夏威夷果  澳洲坚果  零食干果  送开口器 奶油味 500g" />\r\n                                          	</a></dd>\r\n                                          <dd class="goods-price">商城价：<em>￥33.50</em></dd>\r\n                                        </dl>\r\n                                      </li>\r\n                                                                          <li>\r\n                                        <dl>\r\n                                          <dt class="goods-name"><a target="_blank" href="http://www.infol.com.cn/shop/index.php?act=goods&op=index&goods_id=343" title="新货 云南野生小麻查核桃  500g">\r\n                                          	新货 云南野生小麻查核桃  500g</a></dt>\r\n                                          <dd class="goods-thumb">\r\n                                          	<a target="_blank" href="http://www.infol.com.cn/shop/index.php?act=goods&op=index&goods_id=343">\r\n                                          	<img src="http://www.infol.com.cn/data/upload/shop/store/goods/7/7_04762098186807676_240.jpg" alt="新货 云南野生小麻查核桃  500g" />\r\n                                          	</a></dd>\r\n                                          <dd class="goods-price">商城价：<em>￥23.80</em></dd>\r\n                                        </dl>\r\n                                      </li>\r\n                                                                          <li>\r\n                                        <dl>\r\n                                          <dt class="goods-name"><a target="_blank" href="http://www.infol.com.cn/shop/index.php?act=goods&op=index&goods_id=334" title="三麦酒  42度  三麦鸿运酒   馥郁香型白酒   500ml*6瓶整箱装  白酒特价酒水">\r\n                                          	三麦酒  42度  三麦鸿运酒   馥郁香型白酒   500ml*6瓶整箱装  白酒特价酒水</a></dt>\r\n                                          <dd class="goods-thumb">\r\n                                          	<a target="_blank" href="http://www.infol.com.cn/shop/index.php?act=goods&op=index&goods_id=334">\r\n                                          	<img src="http://www.infol.com.cn/data/upload/shop/store/goods/6/6_04757743808310335_240.jpg" alt="三麦酒  42度  三麦鸿运酒   馥郁香型白酒   500ml*6瓶整箱装  白酒特价酒水" />\r\n                                          	</a></dd>\r\n                                          <dd class="goods-price">商城价：<em>￥180.00</em></dd>\r\n                                        </dl>\r\n                                      </li>\r\n                                                                          <li>\r\n                                        <dl>\r\n                                          <dt class="goods-name"><a target="_blank" href="http://www.infol.com.cn/shop/index.php?act=goods&op=index&goods_id=332" title="山信稻米油 非转基因 食用米糠油 7500ppm谷维素 马伊琍代言 5l 装">\r\n                                          	山信稻米油 非转基因 食用米糠油 7500ppm谷维素 马伊琍代言 5l 装</a></dt>\r\n                                          <dd class="goods-thumb">\r\n                                          	<a target="_blank" href="http://www.infol.com.cn/shop/index.php?act=goods&op=index&goods_id=332">\r\n                                          	<img src="http://www.infol.com.cn/data/upload/shop/store/goods/1/1_04754113111485383_240.jpg" alt="山信稻米油 非转基因 食用米糠油 7500ppm谷维素 马伊琍代言 5l 装" />\r\n                                          	</a></dd>\r\n                                          <dd class="goods-price">商城价：<em>￥68.00</em></dd>\r\n                                        </dl>\r\n                                      </li>\r\n                                                                          <li>\r\n                                        <dl>\r\n                                          <dt class="goods-name"><a target="_blank" href="http://www.infol.com.cn/shop/index.php?act=goods&op=index&goods_id=325" title="百丈潭茶叶  高山绿茶 通城特产  2件起售   250g">\r\n                                          	百丈潭茶叶  高山绿茶 通城特产  2件起售   250g</a></dt>\r\n                                          <dd class="goods-thumb">\r\n                                          	<a target="_blank" href="http://www.infol.com.cn/shop/index.php?act=goods&op=index&goods_id=325">\r\n                                          	<img src="http://www.infol.com.cn/data/upload/shop/store/goods/5/5_04753343582064469_240.jpg" alt="百丈潭茶叶  高山绿茶 通城特产  2件起售   250g" />\r\n                                          	</a></dd>\r\n                                          <dd class="goods-price">商城价：<em>￥23.40</em></dd>\r\n                                        </dl>\r\n                                      </li>\r\n                                                                        </ul>\r\n                                  </div>\r\n                                                                                                        <div class="tabs-panel sale-goods-list tabs-hide">\r\n                                    <ul>\r\n                                                                          <li>\r\n                                        <dl>\r\n                                          <dt class="goods-name"><a target="_blank" href="http://www.infol.com.cn/shop/index.php?act=goods&op=index&goods_id=323" title="百丈潭茶叶  6# 优质绿茶  50g/包   通城特产   10包起售">\r\n                                          	百丈潭茶叶  6# 优质绿茶  50g/包   通城特产   10包起售</a></dt>\r\n                                          <dd class="goods-thumb">\r\n                                          	<a target="_blank" href="http://www.infol.com.cn/shop/index.php?act=goods&op=index&goods_id=323">\r\n                                          	<img src="http://www.infol.com.cn/data/upload/shop/store/goods/5/5_04753299127051713_240.jpg" alt="百丈潭茶叶  6# 优质绿茶  50g/包   通城特产   10包起售" />\r\n                                          	</a></dd>\r\n                                          <dd class="goods-price">商城价：<em>￥9.00</em></dd>\r\n                                        </dl>\r\n                                      </li>\r\n                                                                          <li>\r\n                                        <dl>\r\n                                          <dt class="goods-name"><a target="_blank" href="http://www.infol.com.cn/shop/index.php?act=goods&op=index&goods_id=332" title="山信稻米油 非转基因 食用米糠油 7500ppm谷维素 马伊琍代言 5l 装">\r\n                                          	山信稻米油 非转基因 食用米糠油 7500ppm谷维素 马伊琍代言 5l 装</a></dt>\r\n                                          <dd class="goods-thumb">\r\n                                          	<a target="_blank" href="http://www.infol.com.cn/shop/index.php?act=goods&op=index&goods_id=332">\r\n                                          	<img src="http://www.infol.com.cn/data/upload/shop/store/goods/1/1_04754113111485383_240.jpg" alt="山信稻米油 非转基因 食用米糠油 7500ppm谷维素 马伊琍代言 5l 装" />\r\n                                          	</a></dd>\r\n                                          <dd class="goods-price">商城价：<em>￥68.00</em></dd>\r\n                                        </dl>\r\n                                      </li>\r\n                                                                          <li>\r\n                                        <dl>\r\n                                          <dt class="goods-name"><a target="_blank" href="http://www.infol.com.cn/shop/index.php?act=goods&op=index&goods_id=335" title="三麦酒 42度 三麦天赐福酒   馥郁香型白酒  500ml*6瓶整箱装">\r\n                                          	三麦酒 42度 三麦天赐福酒   馥郁香型白酒  500ml*6瓶整箱装</a></dt>\r\n                                          <dd class="goods-thumb">\r\n                                          	<a target="_blank" href="http://www.infol.com.cn/shop/index.php?act=goods&op=index&goods_id=335">\r\n                                          	<img src="http://www.infol.com.cn/data/upload/shop/store/goods/6/6_04758385513936033_240.jpg" alt="三麦酒 42度 三麦天赐福酒   馥郁香型白酒  500ml*6瓶整箱装" />\r\n                                          	</a></dd>\r\n                                          <dd class="goods-price">商城价：<em>￥240.00</em></dd>\r\n                                        </dl>\r\n                                      </li>\r\n                                                                          <li>\r\n                                        <dl>\r\n                                          <dt class="goods-name"><a target="_blank" href="http://www.infol.com.cn/shop/index.php?act=goods&op=index&goods_id=344" title="新货 松之皇 手剥巴西松子 精选特级  500g袋装">\r\n                                          	新货 松之皇 手剥巴西松子 精选特级  500g袋装</a></dt>\r\n                                          <dd class="goods-thumb">\r\n                                          	<a target="_blank" href="http://www.infol.com.cn/shop/index.php?act=goods&op=index&goods_id=344">\r\n                                          	<img src="http://www.infol.com.cn/data/upload/shop/store/goods/7/7_04762717111974071_240.jpg" alt="新货 松之皇 手剥巴西松子 精选特级  500g袋装" />\r\n                                          	</a></dd>\r\n                                          <dd class="goods-price">商城价：<em>￥150.00</em></dd>\r\n                                        </dl>\r\n                                      </li>\r\n                                                                          <li>\r\n                                        <dl>\r\n                                          <dt class="goods-name"><a target="_blank" href="http://www.infol.com.cn/shop/index.php?act=goods&op=index&goods_id=343" title="新货 云南野生小麻查核桃  500g">\r\n                                          	新货 云南野生小麻查核桃  500g</a></dt>\r\n                                          <dd class="goods-thumb">\r\n                                          	<a target="_blank" href="http://www.infol.com.cn/shop/index.php?act=goods&op=index&goods_id=343">\r\n                                          	<img src="http://www.infol.com.cn/data/upload/shop/store/goods/7/7_04762098186807676_240.jpg" alt="新货 云南野生小麻查核桃  500g" />\r\n                                          	</a></dd>\r\n                                          <dd class="goods-price">商城价：<em>￥23.80</em></dd>\r\n                                        </dl>\r\n                                      </li>\r\n                                                                        </ul>\r\n                                  </div>\r\n                                                              '),
(201, '美食首页焦点图', 'orange', 'food_focus', 1422007302, 9, 1, '\r\n  <ul id="fullScreenSlides" class="full-screen-slides">\r\n                                        <li style="background:  url(''http://www.infol.com.cn/data/upload/shop/editor/web-201-201-1.jpg?895'') no-repeat center top">\r\n            <a href="http://www.infol.com.cn/shop/index.php?act=goods&amp;op=index&amp;goods_id=276" target="_blank" title="昭君故里酒 美之梦酒 优质白酒 500ml 浓香型 42度">&nbsp;</a></li>\r\n                                        <li style="background:  url(''http://www.infol.com.cn/data/upload/shop/editor/web-201-201-2.jpg?246'') no-repeat center top">\r\n            <a href="http://www.infol.com.cn/shop/index.php?act=goods&amp;op=index&amp;goods_id=277" target="_blank" title="有机绿壳乌鸡蛋 山地放养 散装30枚70元">&nbsp;</a></li>\r\n                                        <li style="background:  url(''http://www.infol.com.cn/data/upload/shop/editor/web-201-201-3.jpg?377'') no-repeat center top">\r\n            <a href="http://www.infol.com.cn/shop/index.php?act=goods&amp;op=index&amp;goods_id=310" target="_blank" title="康汇园芒果汁饮料 生榨更新鲜">&nbsp;</a></li>\r\n                                  \r\n  </ul>');
INSERT INTO `cor_web` (`web_id`, `web_name`, `style_name`, `web_page`, `update_time`, `web_sort`, `web_show`, `web_html`) VALUES
(221, '美食首页促销', 'orange', 'food_sale', 1427254154, 9, 1, '\r\n  <div class="food-sale">\r\n    <div class="food-left">\r\n      <div class="food-left-top">人气排行榜</div>\r\n          <dl>\r\n            	      	<dt>\r\n			<a target="_blank" href="http://www.infol.com.cn/shop/index.php?act=goods&op=index&goods_id=276"><img src="http://www.infol.com.cn/data/upload/shop/store/goods/1/1_04717754051864205_240.jpg" /><span>1</span></a>\r\n			<p class="ti"><a target="_blank" href="http://www.infol.com.cn/shop/index.php?act=goods&op=index&goods_id=276" title="昭君故里酒 美之梦酒 优质白酒 500ml 浓香型 42度">昭君故里酒 美之梦酒 优质白酒 500ml 浓香型 42度</a></p>\r\n			<p class="price">￥118.00</p>\r\n      	</dt>\r\n      	            	      	<dd><span>2</span><a target="_blank" href="http://www.infol.com.cn/shop/index.php?act=goods&op=index&goods_id=277" title="有机绿壳乌鸡蛋 山地放养 散装30枚70元">有机绿壳乌鸡蛋 山地放养 散装30枚70元</a></dd>\r\n      	            	      	<dd><span>3</span><a target="_blank" href="http://www.infol.com.cn/shop/index.php?act=goods&op=index&goods_id=280" title="绿壳乌鸡蛋 高山养殖 生态放养 礼品装48枚 118元/提">绿壳乌鸡蛋 高山养殖 生态放养 礼品装48枚 118元/提</a></dd>\r\n      	            	      	<dd><span class="gray">4</span><a target="_blank" href="http://www.infol.com.cn/shop/index.php?act=goods&op=index&goods_id=282" title="生态有机土猪肉 高山泉水喂养 瘦红肥白  肥瘦搭配 味道鲜美 140元/10斤">生态有机土猪肉 高山泉水喂养 瘦红肥白  肥瘦搭配 味道鲜美 140元/10斤</a></dd>\r\n      	            	      	<dd><span class="gray">5</span><a target="_blank" href="http://www.infol.com.cn/shop/index.php?act=goods&op=index&goods_id=283" title="农家土鸡蛋 虫草物喂养 纯谷物喂养 营养价值高 散装30枚54元">农家土鸡蛋 虫草物喂养 纯谷物喂养 营养价值高 散装30枚54元</a></dd>\r\n      	            	      	<dd><span class="gray">6</span><a target="_blank" href="http://www.infol.com.cn/shop/index.php?act=goods&op=index&goods_id=284" title="有机土鸡蛋 虫草物喂养 纯谷物喂养 营养价值高 礼品装48枚96元">有机土鸡蛋 虫草物喂养 纯谷物喂养 营养价值高 礼品装48枚96元</a></dd>\r\n      	            </dl>\r\n    </div>\r\n    <div class="food-right">\r\n      <ul class="food-sale-tab">\r\n                        <li class="hover first">特卖惠</li>\r\n                <li class="no-bg">当季新品</li>\r\n                <li class="">品牌精选</li>\r\n                      </ul>\r\n                                                                    <div class="food-sale-list" id="food-sale-list">\r\n              <dl>\r\n          <dt><a target="_blank" href="http://www.infol.com.cn/shop/index.php?act=goods&op=index&goods_id=365">\r\n                                          	<img src="http://www.infol.com.cn/data/upload/shop/store/goods/7/7_04768793081202974_240.jpg" alt="小陆干果  美国开心果 坚果炒货休闲零食特产 原色无漂白  500g" />\r\n                                          	</a></dt>\r\n          <dd><a target="_blank" href="http://www.infol.com.cn/shop/index.php?act=goods&op=index&goods_id=365" title="小陆干果  美国开心果 坚果炒货休闲零食特产 原色无漂白  500g">\r\n                                          	小陆干果  美国开心果 坚果炒货休闲零食特产 原色无漂白  500g</a></dd>\r\n          <dd><span>￥48.00</span><del>￥</del></dd>\r\n        </dl>\r\n                <dl>\r\n          <dt><a target="_blank" href="http://www.infol.com.cn/shop/index.php?act=goods&op=index&goods_id=350">\r\n                                          	<img src="http://www.infol.com.cn/data/upload/shop/store/goods/7/7_04764639517072376_240.jpg" alt="小陆干果  新货  新疆特产  新疆无花果干  孕妇健康零食  500g" />\r\n                                          	</a></dt>\r\n          <dd><a target="_blank" href="http://www.infol.com.cn/shop/index.php?act=goods&op=index&goods_id=350" title="小陆干果  新货  新疆特产  新疆无花果干  孕妇健康零食  500g">\r\n                                          	小陆干果  新货  新疆特产  新疆无花果干  孕妇健康零食  500g</a></dd>\r\n          <dd><span>￥21.99</span><del>￥</del></dd>\r\n        </dl>\r\n                <dl>\r\n          <dt><a target="_blank" href="http://www.infol.com.cn/shop/index.php?act=goods&op=index&goods_id=364">\r\n                                          	<img src="http://www.infol.com.cn/data/upload/shop/store/goods/7/7_04767056934315317_240.jpg" alt="小陆干果 新疆特产若羌灰枣三级 自然吊干精选小枣 500g" />\r\n                                          	</a></dt>\r\n          <dd><a target="_blank" href="http://www.infol.com.cn/shop/index.php?act=goods&op=index&goods_id=364" title="小陆干果 新疆特产若羌灰枣三级 自然吊干精选小枣 500g">\r\n                                          	小陆干果 新疆特产若羌灰枣三级 自然吊干精选小枣 500g</a></dd>\r\n          <dd><span>￥18.80</span><del>￥20.00</del></dd>\r\n        </dl>\r\n                <dl>\r\n          <dt><a target="_blank" href="http://www.infol.com.cn/shop/index.php?act=goods&op=index&goods_id=357">\r\n                                          	<img src="http://www.infol.com.cn/data/upload/shop/store/goods/7/7_04765310723591147_240.jpg" alt="巴旦木 坚果零食 新疆薄壳杏仁手剥扁桃仁 500g  小珍珠" />\r\n                                          	</a></dt>\r\n          <dd><a target="_blank" href="http://www.infol.com.cn/shop/index.php?act=goods&op=index&goods_id=357" title="巴旦木 坚果零食 新疆薄壳杏仁手剥扁桃仁 500g  小珍珠">\r\n                                          	巴旦木 坚果零食 新疆薄壳杏仁手剥扁桃仁 500g  小珍珠</a></dd>\r\n          <dd><span>￥25.80</span><del>￥28.00</del></dd>\r\n        </dl>\r\n                                                </div>\r\n                                                                            <div class="food-sale-list">\r\n              <dl>\r\n          <dt><a target="_blank" href="http://www.infol.com.cn/shop/index.php?act=goods&op=index&goods_id=277">\r\n                                          	<img src="http://www.infol.com.cn/data/upload/shop/store/goods/1/1_04717712539271406_240.jpg" alt="有机绿壳乌鸡蛋 山地放养 散装30枚70元" />\r\n                                          	</a></dt>\r\n          <dd><a target="_blank" href="http://www.infol.com.cn/shop/index.php?act=goods&op=index&goods_id=277" title="有机绿壳乌鸡蛋 山地放养 散装30枚70元">\r\n                                          	有机绿壳乌鸡蛋 山地放养 散装30枚70元</a></dd>\r\n          <dd><span>￥70.00</span><del>￥75.00</del></dd>\r\n        </dl>\r\n                <dl>\r\n          <dt><a target="_blank" href="http://www.infol.com.cn/shop/index.php?act=goods&op=index&goods_id=284">\r\n                                          	<img src="http://www.infol.com.cn/data/upload/shop/store/goods/1/1_04718409568576789_240.jpg" alt="有机土鸡蛋 虫草物喂养 纯谷物喂养 营养价值高 礼品装48枚96元" />\r\n                                          	</a></dt>\r\n          <dd><a target="_blank" href="http://www.infol.com.cn/shop/index.php?act=goods&op=index&goods_id=284" title="有机土鸡蛋 虫草物喂养 纯谷物喂养 营养价值高 礼品装48枚96元">\r\n                                          	有机土鸡蛋 虫草物喂养 纯谷物喂养 营养价值高 礼品装48枚96元</a></dd>\r\n          <dd><span>￥96.00</span><del>￥106.00</del></dd>\r\n        </dl>\r\n                <dl>\r\n          <dt><a target="_blank" href="http://www.infol.com.cn/shop/index.php?act=goods&op=index&goods_id=283">\r\n                                          	<img src="http://www.infol.com.cn/data/upload/shop/store/goods/1/1_04718403423957289_240.jpg" alt="农家土鸡蛋 虫草物喂养 纯谷物喂养 营养价值高 散装30枚54元" />\r\n                                          	</a></dt>\r\n          <dd><a target="_blank" href="http://www.infol.com.cn/shop/index.php?act=goods&op=index&goods_id=283" title="农家土鸡蛋 虫草物喂养 纯谷物喂养 营养价值高 散装30枚54元">\r\n                                          	农家土鸡蛋 虫草物喂养 纯谷物喂养 营养价值高 散装30枚54元</a></dd>\r\n          <dd><span>￥54.00</span><del>￥60.00</del></dd>\r\n        </dl>\r\n                <dl>\r\n          <dt><a target="_blank" href="http://www.infol.com.cn/shop/index.php?act=goods&op=index&goods_id=282">\r\n                                          	<img src="http://www.infol.com.cn/data/upload/shop/store/goods/1/1_04717785723829778_240.jpg" alt="生态有机土猪肉 高山泉水喂养 瘦红肥白  肥瘦搭配 味道鲜美 140元/10斤" />\r\n                                          	</a></dt>\r\n          <dd><a target="_blank" href="http://www.infol.com.cn/shop/index.php?act=goods&op=index&goods_id=282" title="生态有机土猪肉 高山泉水喂养 瘦红肥白  肥瘦搭配 味道鲜美 140元/10斤">\r\n                                          	生态有机土猪肉 高山泉水喂养 瘦红肥白  肥瘦搭配 味道鲜美 140元/10斤</a></dd>\r\n          <dd><span>￥140.00</span><del>￥150.00</del></dd>\r\n        </dl>\r\n                                                </div>\r\n                                                                            <div class="food-sale-list">\r\n              <dl>\r\n          <dt><a target="_blank" href="http://www.infol.com.cn/shop/index.php?act=goods&op=index&goods_id=359">\r\n                                          	<img src="http://www.infol.com.cn/data/upload/shop/store/goods/7/7_04765670395316113_240.jpg" alt="小陆干果特级香菇金钱菇   香菇干货  房县香菇 肉厚味鲜 250g" />\r\n                                          	</a></dt>\r\n          <dd><a target="_blank" href="http://www.infol.com.cn/shop/index.php?act=goods&op=index&goods_id=359" title="小陆干果特级香菇金钱菇   香菇干货  房县香菇 肉厚味鲜 250g">\r\n                                          	小陆干果特级香菇金钱菇   香菇干货  房县香菇 肉厚味鲜 250g</a></dd>\r\n          <dd><span>￥27.80</span><del>￥33.00</del></dd>\r\n        </dl>\r\n                <dl>\r\n          <dt><a target="_blank" href="http://www.infol.com.cn/shop/index.php?act=goods&op=index&goods_id=345">\r\n                                          	<img src="http://www.infol.com.cn/data/upload/shop/store/goods/7/7_04762901484783281_240.jpg" alt="新货  坚果  松子  精装东北开口松子  2.5kg  袋装" />\r\n                                          	</a></dt>\r\n          <dd><a target="_blank" href="http://www.infol.com.cn/shop/index.php?act=goods&op=index&goods_id=345" title="新货  坚果  松子  精装东北开口松子  2.5kg  袋装">\r\n                                          	新货  坚果  松子  精装东北开口松子  2.5kg  袋装</a></dd>\r\n          <dd><span>￥225.00</span><del>￥255.00</del></dd>\r\n        </dl>\r\n                <dl>\r\n          <dt><a target="_blank" href="http://www.infol.com.cn/shop/index.php?act=goods&op=index&goods_id=347">\r\n                                          	<img src="http://www.infol.com.cn/data/upload/shop/store/goods/7/7_04763618050273058_240.jpg" alt="碧根果 长寿果美国山核桃坚果零食奶油味  500g" />\r\n                                          	</a></dt>\r\n          <dd><a target="_blank" href="http://www.infol.com.cn/shop/index.php?act=goods&op=index&goods_id=347" title="碧根果 长寿果美国山核桃坚果零食奶油味  500g">\r\n                                          	碧根果 长寿果美国山核桃坚果零食奶油味  500g</a></dd>\r\n          <dd><span>￥33.50</span><del>￥40.00</del></dd>\r\n        </dl>\r\n                <dl>\r\n          <dt><a target="_blank" href="http://www.infol.com.cn/shop/index.php?act=goods&op=index&goods_id=343">\r\n                                          	<img src="http://www.infol.com.cn/data/upload/shop/store/goods/7/7_04762098186807676_240.jpg" alt="新货 云南野生小麻查核桃  500g" />\r\n                                          	</a></dt>\r\n          <dd><a target="_blank" href="http://www.infol.com.cn/shop/index.php?act=goods&op=index&goods_id=343" title="新货 云南野生小麻查核桃  500g">\r\n                                          	新货 云南野生小麻查核桃  500g</a></dd>\r\n          <dd><span>￥23.80</span><del>￥30.00</del></dd>\r\n        </dl>\r\n                                                </div>\r\n                                                                  </div>\r\n  </div>'),
(301, '1F', 'green', 'food_index', 1427254154, 1, 1, '<div class="food-area">\r\n  <div class="food-area-title">\r\n    <img src="http://www.infol.com.cn/data/upload/shop/editor/web-301-311.png?346">\r\n    </div>\r\n  <div class="food-area-banner">\r\n    </div>\r\n  <div class="food-area-list">\r\n                          <dl class="first">\r\n          <dt><a target="_blank" href="http://www.infol.com.cn/shop/index.php?act=goods&op=index&goods_id=314">\r\n                                          	<img src="http://www.infol.com.cn/data/upload/shop/store/goods/1/1_04742053355689344_240.jpg" alt="地道土猪肉 原生态农家土猪肉 味道鲜甜 满嘴留香 30斤起售" />\r\n                                          	</a></dt>\r\n          <dd><a target="_blank" href="http://www.infol.com.cn/shop/index.php?act=goods&op=index&goods_id=314" title="地道土猪肉 原生态农家土猪肉 味道鲜甜 满嘴留香 30斤起售">\r\n                                          	地道土猪肉 原生态农家土猪肉 味道鲜甜 满嘴留香 30斤起售</a></dd>\r\n          <dd><span>￥390.00</span><del>￥450.00</del></dd>\r\n        </dl>\r\n                <dl>\r\n          <dt><a target="_blank" href="http://www.infol.com.cn/shop/index.php?act=goods&op=index&goods_id=283">\r\n                                          	<img src="http://www.infol.com.cn/data/upload/shop/store/goods/1/1_04718403423957289_240.jpg" alt="农家土鸡蛋 虫草物喂养 纯谷物喂养 营养价值高 散装30枚54元" />\r\n                                          	</a></dt>\r\n          <dd><a target="_blank" href="http://www.infol.com.cn/shop/index.php?act=goods&op=index&goods_id=283" title="农家土鸡蛋 虫草物喂养 纯谷物喂养 营养价值高 散装30枚54元">\r\n                                          	农家土鸡蛋 虫草物喂养 纯谷物喂养 营养价值高 散装30枚54元</a></dd>\r\n          <dd><span>￥54.00</span><del>￥60.00</del></dd>\r\n        </dl>\r\n                <dl>\r\n          <dt><a target="_blank" href="http://www.infol.com.cn/shop/index.php?act=goods&op=index&goods_id=277">\r\n                                          	<img src="http://www.infol.com.cn/data/upload/shop/store/goods/1/1_04717712539271406_240.jpg" alt="有机绿壳乌鸡蛋 山地放养 散装30枚70元" />\r\n                                          	</a></dt>\r\n          <dd><a target="_blank" href="http://www.infol.com.cn/shop/index.php?act=goods&op=index&goods_id=277" title="有机绿壳乌鸡蛋 山地放养 散装30枚70元">\r\n                                          	有机绿壳乌鸡蛋 山地放养 散装30枚70元</a></dd>\r\n          <dd><span>￥70.00</span><del>￥75.00</del></dd>\r\n        </dl>\r\n                <dl>\r\n          <dt><a target="_blank" href="http://www.infol.com.cn/shop/index.php?act=goods&op=index&goods_id=280">\r\n                                          	<img src="http://www.infol.com.cn/data/upload/shop/store/goods/1/1_04717742220761218_240.jpg" alt="绿壳乌鸡蛋 高山养殖 生态放养 礼品装48枚 118元/提" />\r\n                                          	</a></dt>\r\n          <dd><a target="_blank" href="http://www.infol.com.cn/shop/index.php?act=goods&op=index&goods_id=280" title="绿壳乌鸡蛋 高山养殖 生态放养 礼品装48枚 118元/提">\r\n                                          	绿壳乌鸡蛋 高山养殖 生态放养 礼品装48枚 118元/提</a></dd>\r\n          <dd><span>￥118.00</span><del>￥130.00</del></dd>\r\n        </dl>\r\n                    </div>\r\n</div>'),
(302, '2F', 'green', 'food_index', 1427254154, 2, 1, '<div class="food-area">\r\n  <div class="food-area-title">\r\n    <img src="http://www.infol.com.cn/data/upload/shop/editor/web-302-321.png?980">\r\n    </div>\r\n  <div class="food-area-banner">\r\n    </div>\r\n  <div class="food-area-list">\r\n                          <dl class="first">\r\n          <dt><a target="_blank" href="http://www.infol.com.cn/shop/index.php?act=goods&op=index&goods_id=348">\r\n                                          	<img src="http://www.infol.com.cn/data/upload/shop/store/goods/7/7_04763797018156347_240.jpg" alt="夏威夷果  澳洲坚果  零食干果  送开口器 奶油味 500g" />\r\n                                          	</a></dt>\r\n          <dd><a target="_blank" href="http://www.infol.com.cn/shop/index.php?act=goods&op=index&goods_id=348" title="夏威夷果  澳洲坚果  零食干果  送开口器 奶油味 500g">\r\n                                          	夏威夷果  澳洲坚果  零食干果  送开口器 奶油味 500g</a></dd>\r\n          <dd><span>￥33.50</span><del>￥40.00</del></dd>\r\n        </dl>\r\n                <dl>\r\n          <dt><a target="_blank" href="http://www.infol.com.cn/shop/index.php?act=goods&op=index&goods_id=347">\r\n                                          	<img src="http://www.infol.com.cn/data/upload/shop/store/goods/7/7_04763618050273058_240.jpg" alt="碧根果 长寿果美国山核桃坚果零食奶油味  500g" />\r\n                                          	</a></dt>\r\n          <dd><a target="_blank" href="http://www.infol.com.cn/shop/index.php?act=goods&op=index&goods_id=347" title="碧根果 长寿果美国山核桃坚果零食奶油味  500g">\r\n                                          	碧根果 长寿果美国山核桃坚果零食奶油味  500g</a></dd>\r\n          <dd><span>￥33.50</span><del>￥40.00</del></dd>\r\n        </dl>\r\n                <dl>\r\n          <dt><a target="_blank" href="http://www.infol.com.cn/shop/index.php?act=goods&op=index&goods_id=360">\r\n                                          	<img src="http://www.infol.com.cn/data/upload/shop/store/goods/7/7_04766332981154795_240.jpg" alt="巨型大枣！  小陆干果  新疆特产 新疆和田大红枣  500g" />\r\n                                          	</a></dt>\r\n          <dd><a target="_blank" href="http://www.infol.com.cn/shop/index.php?act=goods&op=index&goods_id=360" title="巨型大枣！  小陆干果  新疆特产 新疆和田大红枣  500g">\r\n                                          	巨型大枣！  小陆干果  新疆特产 新疆和田大红枣  500g</a></dd>\r\n          <dd><span>￥25.80</span><del>￥30.00</del></dd>\r\n        </dl>\r\n                <dl>\r\n          <dt><a target="_blank" href="http://www.infol.com.cn/shop/index.php?act=goods&op=index&goods_id=354">\r\n                                          	<img src="http://www.infol.com.cn/data/upload/shop/store/goods/7/7_04765310723591147_240.jpg" alt="小陆干果  巴旦木 坚果零食特产新疆薄壳杏仁手剥扁桃仁 500g  佳美" />\r\n                                          	</a></dt>\r\n          <dd><a target="_blank" href="http://www.infol.com.cn/shop/index.php?act=goods&op=index&goods_id=354" title="小陆干果  巴旦木 坚果零食特产新疆薄壳杏仁手剥扁桃仁 500g  佳美">\r\n                                          	小陆干果  巴旦木 坚果零食特产新疆薄壳杏仁手剥扁桃仁 500g  佳美</a></dd>\r\n          <dd><span>￥29.80</span><del>￥35.00</del></dd>\r\n        </dl>\r\n                    </div>\r\n</div>'),
(303, '3F', 'green', 'food_index', 1427254154, 3, 1, '<div class="food-area">\r\n  <div class="food-area-title">\r\n    <img src="http://www.infol.com.cn/data/upload/shop/editor/web-303-331.png?106">\r\n    </div>\r\n  <div class="food-area-banner">\r\n    </div>\r\n  <div class="food-area-list">\r\n                          <dl class="first">\r\n          <dt><a target="_blank" href="http://www.infol.com.cn/shop/index.php?act=goods&op=index&goods_id=310">\r\n                                          	<img src="http://www.infol.com.cn/data/upload/shop/store/goods/1/1_04729037901755028_240.jpg" alt="康汇园芒果汁饮料 果肉多 净含量1.5L 66元/件/6瓶 2瓶" />\r\n                                          	</a></dt>\r\n          <dd><a target="_blank" href="http://www.infol.com.cn/shop/index.php?act=goods&op=index&goods_id=310" title="康汇园芒果汁饮料 果肉多 净含量1.5L 66元/件/6瓶 2瓶">\r\n                                          	康汇园芒果汁饮料 果肉多 净含量1.5L 66元/件/6瓶 2瓶</a></dd>\r\n          <dd><span>￥20.00</span><del>￥72.00</del></dd>\r\n        </dl>\r\n                <dl>\r\n          <dt><a target="_blank" href="http://www.infol.com.cn/shop/index.php?act=goods&op=index&goods_id=308">\r\n                                          	<img src="http://www.infol.com.cn/data/upload/shop/store/goods/1/1_04729051678861049_240.jpg" alt="康汇园苹果汁醋饮料  净含量500L   果汁酿造  原汁原味 5瓶" />\r\n                                          	</a></dt>\r\n          <dd><a target="_blank" href="http://www.infol.com.cn/shop/index.php?act=goods&op=index&goods_id=308" title="康汇园苹果汁醋饮料  净含量500L   果汁酿造  原汁原味 5瓶">\r\n                                          	康汇园苹果汁醋饮料  净含量500L   果汁酿造  原汁原味 5瓶</a></dd>\r\n          <dd><span>￥55.00</span><del>￥225.00</del></dd>\r\n        </dl>\r\n                <dl>\r\n          <dt><a target="_blank" href="http://www.infol.com.cn/shop/index.php?act=goods&op=index&goods_id=305">\r\n                                          	<img src="http://www.infol.com.cn/data/upload/shop/store/goods/1/1_04730110959754239_240.jpg" alt="康汇园 芦荟风味乳饮料 净含量500ml 1件" />\r\n                                          	</a></dt>\r\n          <dd><a target="_blank" href="http://www.infol.com.cn/shop/index.php?act=goods&op=index&goods_id=305" title="康汇园 芦荟风味乳饮料 净含量500ml 1件">\r\n                                          	康汇园 芦荟风味乳饮料 净含量500ml 1件</a></dd>\r\n          <dd><span>￥150.00</span><del>￥225.00</del></dd>\r\n        </dl>\r\n                <dl>\r\n          <dt><a target="_blank" href="http://www.infol.com.cn/shop/index.php?act=goods&op=index&goods_id=301">\r\n                                          	<img src="http://www.infol.com.cn/data/upload/shop/store/goods/1/1_04728428330651916_240.jpg" alt="康汇园经典苹果醋 高档果醋饮料 酒店专供 净含量650L" />\r\n                                          	</a></dt>\r\n          <dd><a target="_blank" href="http://www.infol.com.cn/shop/index.php?act=goods&op=index&goods_id=301" title="康汇园经典苹果醋 高档果醋饮料 酒店专供 净含量650L">\r\n                                          	康汇园经典苹果醋 高档果醋饮料 酒店专供 净含量650L</a></dd>\r\n          <dd><span>￥180.00</span><del>￥360.00</del></dd>\r\n        </dl>\r\n                    </div>\r\n</div>'),
(304, '4F', 'green', 'food_index', 1427254154, 4, 1, '<div class="food-area">\r\n  <div class="food-area-title">\r\n    <img src="http://www.infol.com.cn/data/upload/shop/editor/web-304-341.png?349">\r\n    </div>\r\n  <div class="food-area-banner">\r\n    </div>\r\n  <div class="food-area-list">\r\n                          <dl class="first">\r\n          <dt><a target="_blank" href="http://www.infol.com.cn/shop/index.php?act=goods&op=index&goods_id=339">\r\n                                          	<img src="http://www.infol.com.cn/data/upload/shop/store/goods/6/6_04758409768924187_240.jpg" alt="三麦酒 42度 三麦天赐韵 馥郁香型白酒 500ml*6瓶整箱装 2" />\r\n                                          	</a></dt>\r\n          <dd><a target="_blank" href="http://www.infol.com.cn/shop/index.php?act=goods&op=index&goods_id=339" title="三麦酒 42度 三麦天赐韵 馥郁香型白酒 500ml*6瓶整箱装 2">\r\n                                          	三麦酒 42度 三麦天赐韵 馥郁香型白酒 500ml*6瓶整箱装 2</a></dd>\r\n          <dd><span>￥198.00</span><del>￥256.00</del></dd>\r\n        </dl>\r\n                <dl>\r\n          <dt><a target="_blank" href="http://www.infol.com.cn/shop/index.php?act=goods&op=index&goods_id=336">\r\n                                          	<img src="http://www.infol.com.cn/data/upload/shop/store/goods/6/6_04758392232773649_240.jpg" alt="三麦酒 42度 三麦天赐蓝 馥郁香型白酒 500ml*6瓶整箱装 2瓶" />\r\n                                          	</a></dt>\r\n          <dd><a target="_blank" href="http://www.infol.com.cn/shop/index.php?act=goods&op=index&goods_id=336" title="三麦酒 42度 三麦天赐蓝 馥郁香型白酒 500ml*6瓶整箱装 2瓶">\r\n                                          	三麦酒 42度 三麦天赐蓝 馥郁香型白酒 500ml*6瓶整箱装 2瓶</a></dd>\r\n          <dd><span>￥280.00</span><del>￥336.00</del></dd>\r\n        </dl>\r\n                <dl>\r\n          <dt><a target="_blank" href="http://www.infol.com.cn/shop/index.php?act=goods&op=index&goods_id=329">\r\n                                          	<img src="http://www.infol.com.cn/data/upload/shop/store/goods/5/5_04753358539184817_240.jpg" alt="百丈潭茶叶礼盒 百丈潭云雾茶 通城特产 上品绿茶 256g" />\r\n                                          	</a></dt>\r\n          <dd><a target="_blank" href="http://www.infol.com.cn/shop/index.php?act=goods&op=index&goods_id=329" title="百丈潭茶叶礼盒 百丈潭云雾茶 通城特产 上品绿茶 256g">\r\n                                          	百丈潭茶叶礼盒 百丈潭云雾茶 通城特产 上品绿茶 256g</a></dd>\r\n          <dd><span>￥315.00</span><del>￥350.00</del></dd>\r\n        </dl>\r\n                <dl>\r\n          <dt><a target="_blank" href="http://www.infol.com.cn/shop/index.php?act=goods&op=index&goods_id=328">\r\n                                          	<img src="http://www.infol.com.cn/data/upload/shop/store/goods/5/5_04753348092587823_240.jpg" alt="百丈潭茶叶礼盒  百丈潭潭峰茶5#  通城特产 优质绿茶 200g" />\r\n                                          	</a></dt>\r\n          <dd><a target="_blank" href="http://www.infol.com.cn/shop/index.php?act=goods&op=index&goods_id=328" title="百丈潭茶叶礼盒  百丈潭潭峰茶5#  通城特产 优质绿茶 200g">\r\n                                          	百丈潭茶叶礼盒  百丈潭潭峰茶5#  通城特产 优质绿茶 200g</a></dd>\r\n          <dd><span>￥94.50</span><del>￥105.00</del></dd>\r\n        </dl>\r\n                    </div>\r\n</div>'),
(305, '5F', 'blue', 'food_index', 1423587492, 5, 0, '<div class="food-area">\r\n  <div class="food-area-title">\r\n    <img src="http://www.infol.com.cn/data/upload/shop/editor/web-305-351.png?262">\r\n    </div>\r\n  <div class="food-area-banner">\r\n    <a href="http://www.infol.com.cn/shop/index.php?act=goods&amp;op=index&amp;goods_id=301" title="康汇园经典苹果醋 高档果醋饮料 酒店专供 净含量650L" target="_blank">\r\n  <img src="http://www.infol.com.cn/data/upload/shop/editor/web-305-352.jpg?124" alt="康汇园经典苹果醋 高档果醋饮料 酒店专供 净含量650L">\r\n  </a>\r\n    </div>\r\n  <div class="food-area-list">\r\n    <br />\n<b>Warning</b>:  Invalid argument supplied for foreach() in <b>D:\\wwwroot\\hhw\\wwwroot\\data\\resource\\web_config\\food_area.php</b> on line <b>21</b><br />\n  </div>\r\n</div>'),
(306, '6F', 'purple', 'food_index', 1415783477, 6, 0, NULL),
(307, '7F', 'brown', 'food_index', 1415783474, 7, 0, NULL),
(308, '8F', 'gray', 'food_index', 1415783472, 8, 0, NULL);

-- --------------------------------------------------------

--
-- 表的结构 `cor_web_code`
--

CREATE TABLE IF NOT EXISTS `cor_web_code` (
  `code_id` int(10) unsigned NOT NULL AUTO_INCREMENT COMMENT '内容ID',
  `web_id` int(10) unsigned NOT NULL COMMENT '模块ID',
  `code_type` varchar(10) NOT NULL DEFAULT 'array' COMMENT '数据类型:array,html,json',
  `var_name` varchar(20) NOT NULL COMMENT '变量名称',
  `code_info` text COMMENT '内容数据',
  `show_name` varchar(20) DEFAULT '' COMMENT '页面名称',
  PRIMARY KEY (`code_id`),
  KEY `web_id` (`web_id`)
) ENGINE=InnoDB  DEFAULT CHARSET=utf8 COMMENT='模块内容表' AUTO_INCREMENT=384 ;

--
-- 转存表中的数据 `cor_web_code`
--

INSERT INTO `cor_web_code` (`code_id`, `web_id`, `code_type`, `var_name`, `code_info`, `show_name`) VALUES
(11, 1, 'array', 'tit', 'a:5:{s:3:"pic";s:28:"shop/editor/web-1-11.png?967";s:3:"url";s:0:"";s:4:"type";s:3:"pic";s:5:"floor";s:0:"";s:5:"title";s:0:"";}', '标题图片'),
(12, 1, 'array', 'category_list', 'a:1:{s:11:"goods_class";a:11:{i:1034;a:2:{s:5:"gc_id";s:4:"1034";s:7:"gc_name";s:12:"手机通讯";}i:258;a:2:{s:5:"gc_id";s:3:"258";s:7:"gc_name";s:12:"手机配件";}i:259;a:2:{s:5:"gc_id";s:3:"259";s:7:"gc_name";s:12:"摄影摄像";}i:260;a:2:{s:5:"gc_id";s:3:"260";s:7:"gc_name";s:12:"数码配件";}i:261;a:2:{s:5:"gc_id";s:3:"261";s:7:"gc_name";s:12:"时尚影音";}i:390;a:2:{s:5:"gc_id";s:3:"390";s:7:"gc_name";s:12:"电脑整机";}i:391;a:2:{s:5:"gc_id";s:3:"391";s:7:"gc_name";s:12:"电脑配件";}i:392;a:2:{s:5:"gc_id";s:3:"392";s:7:"gc_name";s:12:"外设产品";}i:393;a:2:{s:5:"gc_id";s:3:"393";s:7:"gc_name";s:12:"网络产品";}i:394;a:2:{s:5:"gc_id";s:3:"394";s:7:"gc_name";s:12:"办公打印";}i:395;a:2:{s:5:"gc_id";s:3:"395";s:7:"gc_name";s:12:"办公文仪";}}}', '推荐分类'),
(13, 1, 'array', 'act', 'a:4:{s:3:"pic";s:28:"shop/editor/web-1-13.png?387";s:4:"type";s:3:"pic";s:5:"title";s:0:"";s:3:"url";s:0:"";}', '活动图片'),
(15, 1, 'array', 'recommend_list', 'a:1:{i:2;a:2:{s:9:"recommend";a:1:{s:4:"name";s:12:"商品推荐";}s:10:"goods_list";a:8:{i:248;a:5:{s:8:"goods_id";s:3:"248";s:12:"market_price";s:4:"1.00";s:10:"goods_name";s:12:"测试商品";s:11:"goods_price";s:4:"1.00";s:9:"goods_pic";s:46:"shop/store/goods/1/1_04703980703310091_240.jpg";}i:255;a:5:{s:8:"goods_id";s:3:"255";s:12:"market_price";s:4:"1.00";s:10:"goods_name";s:12:"测试商品";s:11:"goods_price";s:4:"1.00";s:9:"goods_pic";s:46:"shop/store/goods/1/1_04703985915747920_240.jpg";}i:254;a:5:{s:8:"goods_id";s:3:"254";s:12:"market_price";s:4:"1.00";s:10:"goods_name";s:12:"测试商品";s:11:"goods_price";s:4:"1.00";s:9:"goods_pic";s:46:"shop/store/goods/1/1_04703984798023223_240.jpg";}i:253;a:5:{s:8:"goods_id";s:3:"253";s:12:"market_price";s:4:"1.00";s:10:"goods_name";s:12:"测试商品";s:11:"goods_price";s:4:"1.00";s:9:"goods_pic";s:46:"shop/store/goods/1/1_04703984227059310_240.jpg";}i:252;a:5:{s:8:"goods_id";s:3:"252";s:12:"market_price";s:4:"1.00";s:10:"goods_name";s:12:"测试商品";s:11:"goods_price";s:4:"1.00";s:9:"goods_pic";s:46:"shop/store/goods/1/1_04703983648066095_240.jpg";}i:251;a:5:{s:8:"goods_id";s:3:"251";s:12:"market_price";s:4:"1.00";s:10:"goods_name";s:12:"测试商品";s:11:"goods_price";s:4:"1.00";s:9:"goods_pic";s:46:"shop/store/goods/1/1_04703983042224193_240.jpg";}i:250;a:5:{s:8:"goods_id";s:3:"250";s:12:"market_price";s:4:"1.00";s:10:"goods_name";s:12:"测试商品";s:11:"goods_price";s:4:"1.00";s:9:"goods_pic";s:46:"shop/store/goods/1/1_04703981788210618_240.jpg";}i:249;a:5:{s:8:"goods_id";s:3:"249";s:12:"market_price";s:4:"1.00";s:10:"goods_name";s:12:"测试商品";s:11:"goods_price";s:4:"1.00";s:9:"goods_pic";s:46:"shop/store/goods/1/1_04703981369852394_240.jpg";}}}}', '商品推荐'),
(17, 1, 'array', 'top_list', 'a:2:{s:5:"gc_id";s:3:"256";s:3:"num";s:1:"5";}', '热卖排行'),
(18, 1, 'array', 'adv', 'a:3:{i:1;a:4:{s:6:"pic_id";s:1:"1";s:8:"pic_name";s:0:"";s:7:"pic_url";s:0:"";s:7:"pic_img";s:30:"shop/editor/web-1-18-1.jpg?993";}i:2;a:4:{s:6:"pic_id";s:1:"2";s:8:"pic_name";s:0:"";s:7:"pic_url";s:0:"";s:7:"pic_img";s:30:"shop/editor/web-1-18-2.jpg?449";}i:3;a:4:{s:8:"pic_name";s:0:"";s:7:"pic_url";s:0:"";s:6:"pic_id";s:1:"3";s:7:"pic_img";s:30:"shop/editor/web-1-18-3.jpg?617";}}', '广告图片'),
(19, 1, 'array', 'brand_list', '', '品牌推荐'),
(21, 2, 'array', 'tit', 'a:5:{s:3:"pic";s:28:"shop/editor/web-2-21.png?993";s:3:"url";s:0:"";s:4:"type";s:3:"pic";s:5:"floor";s:0:"";s:5:"title";s:0:"";}', '标题图片'),
(22, 2, 'array', 'category_list', 'a:1:{s:11:"goods_class";a:5:{i:309;a:2:{s:5:"gc_id";s:3:"309";s:7:"gc_name";s:9:"大家电";}i:310;a:2:{s:5:"gc_id";s:3:"310";s:7:"gc_name";s:12:"生活电器";}i:311;a:2:{s:5:"gc_id";s:3:"311";s:7:"gc_name";s:12:"厨房电器";}i:312;a:2:{s:5:"gc_id";s:3:"312";s:7:"gc_name";s:12:"个护健康";}i:313;a:2:{s:5:"gc_id";s:3:"313";s:7:"gc_name";s:12:"五金家装";}}}', '推荐分类'),
(23, 2, 'array', 'act', 'a:4:{s:3:"pic";s:28:"shop/editor/web-2-23.jpg?343";s:4:"type";s:3:"pic";s:5:"title";s:0:"";s:3:"url";s:0:"";}', '活动图片'),
(25, 2, 'array', 'recommend_list', 'a:1:{i:1;a:2:{s:9:"recommend";a:1:{s:4:"name";s:12:"商品推荐";}s:10:"goods_list";a:8:{i:289;a:5:{s:8:"goods_id";s:3:"289";s:12:"market_price";s:7:"3380.00";s:10:"goods_name";s:94:"Canature/奔泰 节水型 反渗透分质净水机BNT-RO102  动态智能提示，主动掌控";s:11:"goods_price";s:7:"2889.00";s:9:"goods_pic";s:46:"shop/store/goods/4/4_04725859421403860_240.jpg";}i:290;a:5:{s:8:"goods_id";s:3:"290";s:12:"market_price";s:7:"2580.00";s:10:"goods_name";s:60:"奔泰RO反渗透 纯水机BNT-RO107 75加仑厨下直饮机";s:11:"goods_price";s:7:"2180.00";s:9:"goods_pic";s:46:"shop/store/goods/4/4_04725867612571094_240.jpg";}i:296;a:5:{s:8:"goods_id";s:3:"296";s:12:"market_price";s:8:"12475.00";s:10:"goods_name";s:80:"开能净水器 奔泰中央净水机 BNT-KC08-Z02T 全屋纳米级 洁净品质";s:11:"goods_price";s:7:"9980.00";s:9:"goods_pic";s:46:"shop/store/goods/4/4_04726004013767654_240.jpg";}i:293;a:5:{s:8:"goods_id";s:3:"293";s:12:"market_price";s:8:"11000.00";s:10:"goods_name";s:82:"汉尔普 透明机系列HPK-G6D-2LT 高端 商用净水机\\商用速热 开水机";s:11:"goods_price";s:7:"8800.00";s:9:"goods_pic";s:46:"shop/store/goods/4/4_04725923700167776_240.jpg";}i:291;a:5:{s:8:"goods_id";s:3:"291";s:12:"market_price";s:7:"4280.00";s:10:"goods_name";s:72:"开能奔泰子母星家用净水器 清爽型 KF-T-1E全自动直饮机";s:11:"goods_price";s:7:"3680.00";s:9:"goods_pic";s:46:"shop/store/goods/4/4_04725902858825749_240.jpg";}i:299;a:5:{s:8:"goods_id";s:3:"299";s:12:"market_price";s:7:"7250.00";s:10:"goods_name";s:84:"汉尔普  炫雅台式饮水机 时尚精巧 精雕细琢 智睿融合 尊贵炫耀";s:11:"goods_price";s:7:"5800.00";s:9:"goods_pic";s:46:"shop/store/goods/4/4_04726771211523314_240.jpg";}i:297;a:5:{s:8:"goods_id";s:3:"297";s:12:"market_price";s:7:"2250.00";s:10:"goods_name";s:79:"汉尔普 佳源系列HPK-T33A 经济特惠台式 家用\\商用 速热开水机";s:11:"goods_price";s:7:"1800.00";s:9:"goods_pic";s:46:"shop/store/goods/4/4_04726761099782053_240.jpg";}i:312;a:5:{s:8:"goods_id";s:3:"312";s:12:"market_price";s:8:"12150.00";s:10:"goods_name";s:104:"汉尔普 炫雅立式系列HPK-L43   高端大气 商用净水机\\商用速热开水机 冷热带支架";s:11:"goods_price";s:8:"10680.00";s:9:"goods_pic";s:46:"shop/store/goods/4/4_04726764769854776_240.jpg";}}}}', '商品推荐'),
(27, 2, 'array', 'top_list', 'a:2:{s:5:"gc_id";s:3:"308";s:3:"num";s:1:"5";}', '热卖排行'),
(28, 2, 'array', 'adv', 'a:2:{i:1;a:4:{s:6:"pic_id";s:1:"1";s:8:"pic_name";s:0:"";s:7:"pic_url";s:0:"";s:7:"pic_img";s:30:"shop/editor/web-2-28-1.jpg?465";}i:2;a:4:{s:8:"pic_name";s:0:"";s:7:"pic_url";s:0:"";s:6:"pic_id";s:1:"2";s:7:"pic_img";s:30:"shop/editor/web-2-28-2.jpg?681";}}', '广告图片'),
(29, 2, 'array', 'brand_list', 'a:12:{i:104;a:3:{s:8:"brand_id";s:3:"104";s:10:"brand_name";s:6:"esprit";s:9:"brand_pic";s:35:"shop/brand/04398090828687339_sm.jpg";}i:103;a:3:{s:8:"brand_id";s:3:"103";s:10:"brand_name";s:9:"ELLE HOME";s:9:"brand_pic";s:35:"shop/brand/04398090611386532_sm.jpg";}i:102;a:3:{s:8:"brand_id";s:3:"102";s:10:"brand_name";s:11:"她他/tata";s:9:"brand_pic";s:35:"shop/brand/04398090459092275_sm.jpg";}i:99;a:3:{s:8:"brand_id";s:2:"99";s:10:"brand_name";s:9:"梦特娇";s:9:"brand_pic";s:35:"shop/brand/04398089942879365_sm.jpg";}i:96;a:3:{s:8:"brand_id";s:2:"96";s:10:"brand_name";s:9:"佐丹奴";s:9:"brand_pic";s:35:"shop/brand/04398089412399747_sm.jpg";}i:90;a:3:{s:8:"brand_id";s:2:"90";s:10:"brand_name";s:9:"金利来";s:9:"brand_pic";s:35:"shop/brand/04397473042647991_sm.jpg";}i:84;a:3:{s:8:"brand_id";s:2:"84";s:10:"brand_name";s:12:"阿迪达斯";s:9:"brand_pic";s:35:"shop/brand/04397471910652190_sm.jpg";}i:85;a:3:{s:8:"brand_id";s:2:"85";s:10:"brand_name";s:6:"猫人";s:9:"brand_pic";s:35:"shop/brand/04397472152849925_sm.jpg";}i:79;a:3:{s:8:"brand_id";s:2:"79";s:10:"brand_name";s:7:"justyle";s:9:"brand_pic";s:35:"shop/brand/04397468710494742_sm.jpg";}i:116;a:3:{s:8:"brand_id";s:3:"116";s:10:"brand_name";s:4:"Dior";s:9:"brand_pic";s:35:"shop/brand/04398099738566948_sm.jpg";}i:100;a:3:{s:8:"brand_id";s:3:"100";s:10:"brand_name";s:6:"宝姿";s:9:"brand_pic";s:35:"shop/brand/04398090061006740_sm.jpg";}i:95;a:3:{s:8:"brand_id";s:2:"95";s:10:"brand_name";s:6:"李宁";s:9:"brand_pic";s:35:"shop/brand/04398089270610035_sm.jpg";}}', '品牌推荐'),
(31, 3, 'array', 'tit', 'a:5:{s:3:"pic";s:28:"shop/editor/web-3-31.png?988";s:3:"url";s:0:"";s:4:"type";s:3:"pic";s:5:"floor";s:0:"";s:5:"title";s:0:"";}', '标题图片'),
(32, 3, 'array', 'category_list', 'a:1:{s:11:"goods_class";a:13:{i:4;a:2:{s:5:"gc_id";s:1:"4";s:7:"gc_name";s:6:"女装";}i:5;a:2:{s:5:"gc_id";s:1:"5";s:7:"gc_name";s:6:"男装";}i:6;a:2:{s:5:"gc_id";s:1:"6";s:7:"gc_name";s:6:"内衣";}i:7;a:2:{s:5:"gc_id";s:1:"7";s:7:"gc_name";s:6:"运动";}i:8;a:2:{s:5:"gc_id";s:1:"8";s:7:"gc_name";s:6:"女鞋";}i:9;a:2:{s:5:"gc_id";s:1:"9";s:7:"gc_name";s:6:"男鞋";}i:10;a:2:{s:5:"gc_id";s:2:"10";s:7:"gc_name";s:6:"配饰";}i:11;a:2:{s:5:"gc_id";s:2:"11";s:7:"gc_name";s:6:"童装";}i:151;a:2:{s:5:"gc_id";s:3:"151";s:7:"gc_name";s:12:"潮流女包";}i:152;a:2:{s:5:"gc_id";s:3:"152";s:7:"gc_name";s:12:"时尚男包";}i:153;a:2:{s:5:"gc_id";s:3:"153";s:7:"gc_name";s:12:"功能箱包";}i:154;a:2:{s:5:"gc_id";s:3:"154";s:7:"gc_name";s:6:"礼品";}i:155;a:2:{s:5:"gc_id";s:3:"155";s:7:"gc_name";s:9:"奢侈品";}}}', '推荐分类'),
(33, 3, 'array', 'act', 'a:4:{s:3:"pic";s:28:"shop/editor/web-3-33.png?907";s:4:"type";s:3:"pic";s:5:"title";s:0:"";s:3:"url";s:27:"http://www.infol.com.cn/shop";}', '活动图片'),
(35, 3, 'array', 'recommend_list', 'a:1:{i:1;a:2:{s:9:"recommend";a:1:{s:4:"name";s:12:"商品推荐";}s:10:"goods_list";a:8:{i:49;a:5:{s:8:"goods_id";s:2:"49";s:12:"market_price";s:6:"358.00";s:10:"goods_name";s:64:"春装 披肩式 超短款 针织 衫开衫 女装 青鸟 黑色";s:11:"goods_price";s:6:"129.00";s:9:"goods_pic";s:46:"shop/store/goods/1/1_04418240955916042_240.jpg";}i:53;a:5:{s:8:"goods_id";s:2:"53";s:12:"market_price";s:6:"483.00";s:10:"goods_name";s:69:"新款 女款 拼接 不规则摆 长袖针织衫开衫 杏雨 紫色";s:11:"goods_price";s:5:"99.00";s:9:"goods_pic";s:46:"shop/store/goods/1/1_04418254088878407_240.jpg";}i:39;a:5:{s:8:"goods_id";s:2:"39";s:12:"market_price";s:6:"702.00";s:10:"goods_name";s:72:"正品 2014春装新款 女 绣花针织衫 开衫外套浮桑初 绿色";s:11:"goods_price";s:6:"189.00";s:9:"goods_pic";s:46:"shop/store/goods/1/1_04418206625430066_240.jpg";}i:52;a:5:{s:8:"goods_id";s:2:"52";s:12:"market_price";s:6:"483.00";s:10:"goods_name";s:69:"新款 女款 拼接 不规则摆 长袖针织衫开衫 杏雨 白色";s:11:"goods_price";s:5:"99.00";s:9:"goods_pic";s:46:"shop/store/goods/1/1_04418253240878850_240.jpg";}i:43;a:5:{s:8:"goods_id";s:2:"43";s:12:"market_price";s:6:"568.00";s:10:"goods_name";s:67:"2014春款打底毛衫拼色毛衣 长袖套头针织衫 莺 绿色";s:11:"goods_price";s:6:"179.00";s:9:"goods_pic";s:46:"shop/store/goods/1/1_04418211211965600_240.jpg";}i:44;a:5:{s:8:"goods_id";s:2:"44";s:12:"market_price";s:6:"568.00";s:10:"goods_name";s:67:"2014春款打底毛衫拼色毛衣 长袖套头针织衫 莺 橙色";s:11:"goods_price";s:6:"179.00";s:9:"goods_pic";s:46:"shop/store/goods/1/1_04418211855225368_240.jpg";}i:40;a:5:{s:8:"goods_id";s:2:"40";s:12:"market_price";s:6:"702.00";s:10:"goods_name";s:72:"正品 2014春装新款 女 绣花针织衫 开衫外套浮桑初 梅红";s:11:"goods_price";s:6:"189.00";s:9:"goods_pic";s:46:"shop/store/goods/1/1_04418207471410641_240.jpg";}i:41;a:5:{s:8:"goods_id";s:2:"41";s:12:"market_price";s:6:"702.00";s:10:"goods_name";s:72:"正品 2014春装新款 女 绣花针织衫 开衫外套浮桑初 黑色";s:11:"goods_price";s:6:"189.00";s:9:"goods_pic";s:46:"shop/store/goods/1/1_04418207748921454_240.jpg";}}}}', '商品推荐'),
(37, 3, 'array', 'top_list', 'a:2:{s:5:"gc_id";s:1:"1";s:3:"num";s:1:"5";}', '热卖排行'),
(38, 3, 'array', 'adv', 'a:1:{i:2;a:4:{s:8:"pic_name";s:0:"";s:7:"pic_url";s:0:"";s:6:"pic_id";s:1:"2";s:7:"pic_img";s:30:"shop/editor/web-3-38-2.jpg?449";}}', '广告图片'),
(39, 3, 'array', 'brand_list', '', '品牌推荐'),
(41, 4, 'array', 'tit', 'a:5:{s:3:"pic";s:28:"shop/editor/web-4-41.png?623";s:3:"url";s:0:"";s:4:"type";s:3:"pic";s:5:"floor";s:0:"";s:5:"title";s:12:"美食特产";}', '标题图片'),
(42, 4, 'array', 'category_list', 'a:1:{s:11:"goods_class";a:8:{i:594;a:2:{s:5:"gc_id";s:3:"594";s:7:"gc_name";s:12:"进口食品";}i:595;a:2:{s:5:"gc_id";s:3:"595";s:7:"gc_name";s:12:"地方特产";}i:603;a:2:{s:5:"gc_id";s:3:"603";s:7:"gc_name";s:12:"生鲜食品";}i:596;a:2:{s:5:"gc_id";s:3:"596";s:7:"gc_name";s:12:"休闲食品";}i:597;a:2:{s:5:"gc_id";s:3:"597";s:7:"gc_name";s:12:"粮油调味";}i:598;a:2:{s:5:"gc_id";s:3:"598";s:7:"gc_name";s:12:"中外名酒";}i:599;a:2:{s:5:"gc_id";s:3:"599";s:7:"gc_name";s:12:"饮料冲调";}i:602;a:2:{s:5:"gc_id";s:3:"602";s:7:"gc_name";s:12:"健康礼品";}}}', '推荐分类'),
(43, 4, 'array', 'act', 'a:4:{s:3:"pic";s:28:"shop/editor/web-4-43.jpg?806";s:4:"type";s:3:"pic";s:5:"title";s:37:"康汇园苹果醋饮料 玻璃瓶装";s:3:"url";s:77:"http://www.infol.com.cn/shop/index.php?act=goods&amp;op=index&amp;goods_id=301";}', '活动图片'),
(45, 4, 'array', 'recommend_list', 'a:2:{i:1;a:2:{s:9:"recommend";a:1:{s:4:"name";s:12:"商品推荐";}s:10:"goods_list";a:8:{i:277;a:5:{s:8:"goods_id";s:3:"277";s:12:"market_price";s:5:"75.00";s:10:"goods_name";s:51:"有机绿壳乌鸡蛋 山地放养 散装30枚70元";s:11:"goods_price";s:5:"70.00";s:9:"goods_pic";s:46:"shop/store/goods/1/1_04717712539271406_240.jpg";}i:283;a:5:{s:8:"goods_id";s:3:"283";s:12:"market_price";s:5:"60.00";s:10:"goods_name";s:80:"农家土鸡蛋 虫草物喂养 纯谷物喂养 营养价值高 散装30枚54元";s:11:"goods_price";s:5:"54.00";s:9:"goods_pic";s:46:"shop/store/goods/1/1_04718403423957289_240.jpg";}i:332;a:5:{s:8:"goods_id";s:3:"332";s:12:"market_price";s:5:"70.00";s:10:"goods_name";s:84:"山信稻米油 非转基因 食用米糠油 7500ppm谷维素 马伊琍代言 5l 装";s:11:"goods_price";s:5:"68.00";s:9:"goods_pic";s:46:"shop/store/goods/1/1_04754113111485383_240.jpg";}i:334;a:5:{s:8:"goods_id";s:3:"334";s:12:"market_price";s:6:"210.00";s:10:"goods_name";s:96:"三麦酒  42度  三麦鸿运酒   馥郁香型白酒   500ml*6瓶整箱装  白酒特价酒水";s:11:"goods_price";s:6:"180.00";s:9:"goods_pic";s:46:"shop/store/goods/6/6_04757743808310335_240.jpg";}i:339;a:5:{s:8:"goods_id";s:3:"339";s:12:"market_price";s:6:"256.00";s:10:"goods_name";s:75:"三麦酒 42度 三麦天赐福韵 馥郁香型白酒 500ml*6瓶整箱装 2";s:11:"goods_price";s:6:"198.00";s:9:"goods_pic";s:46:"shop/store/goods/6/6_04758409768924187_240.jpg";}i:343;a:5:{s:8:"goods_id";s:3:"343";s:12:"market_price";s:5:"30.00";s:10:"goods_name";s:40:"新货 云南野生小麻查核桃  500g";s:11:"goods_price";s:5:"23.80";s:9:"goods_pic";s:46:"shop/store/goods/7/7_04762098186807676_240.jpg";}i:360;a:5:{s:8:"goods_id";s:3:"360";s:12:"market_price";s:5:"30.00";s:10:"goods_name";s:71:"巨型大枣！  小陆干果  新疆特产 新疆和田大红枣  500g";s:11:"goods_price";s:5:"25.80";s:9:"goods_pic";s:46:"shop/store/goods/7/7_04766332981154795_240.jpg";}i:359;a:5:{s:8:"goods_id";s:3:"359";s:12:"market_price";s:5:"33.00";s:10:"goods_name";s:80:"小陆干果特级香菇金钱菇   香菇干货  房县香菇 肉厚味鲜 250g";s:11:"goods_price";s:5:"27.80";s:9:"goods_pic";s:46:"shop/store/goods/7/7_04765670395316113_240.jpg";}}}i:2;a:2:{s:9:"recommend";a:1:{s:4:"name";s:12:"通城特产";}s:10:"goods_list";a:8:{i:330;a:5:{s:8:"goods_id";s:3:"330";s:12:"market_price";s:6:"350.00";s:10:"goods_name";s:73:"百丈潭茶叶礼盒 百丈潭潭峰茶3# 通城特产 上品绿茶 252g";s:11:"goods_price";s:6:"280.00";s:9:"goods_pic";s:46:"shop/store/goods/5/5_04753351520795463_240.jpg";}i:329;a:5:{s:8:"goods_id";s:3:"329";s:12:"market_price";s:6:"438.00";s:10:"goods_name";s:71:"百丈潭茶叶礼盒 百丈潭云雾茶 通城特产 上品绿茶 256g";s:11:"goods_price";s:6:"350.00";s:9:"goods_pic";s:46:"shop/store/goods/5/5_04753358539184817_240.jpg";}i:328;a:5:{s:8:"goods_id";s:3:"328";s:12:"market_price";s:6:"135.00";s:10:"goods_name";s:75:"百丈潭茶叶礼盒  百丈潭潭峰茶5#  通城特产 优质绿茶 200g";s:11:"goods_price";s:6:"105.00";s:9:"goods_pic";s:46:"shop/store/goods/5/5_04753348092587823_240.jpg";}i:327;a:5:{s:8:"goods_id";s:3:"327";s:12:"market_price";s:6:"500.00";s:10:"goods_name";s:74:"百丈潭茶叶礼盒  百丈潭碧机茶  通城特产 至尊贡芽  180g";s:11:"goods_price";s:6:"400.00";s:9:"goods_pic";s:46:"shop/store/goods/5/5_04753335192659517_240.jpg";}i:326;a:5:{s:8:"goods_id";s:3:"326";s:12:"market_price";s:6:"248.00";s:10:"goods_name";s:73:"百丈潭茶叶礼盒  百丈潭有机茶 通城特产 上品绿茶  250g";s:11:"goods_price";s:6:"200.00";s:9:"goods_pic";s:46:"shop/store/goods/5/5_04753355206009665_240.jpg";}i:325;a:5:{s:8:"goods_id";s:3:"325";s:12:"market_price";s:5:"32.00";s:10:"goods_name";s:61:"百丈潭茶叶  高山绿茶 通城特产  2件起售   250g";s:11:"goods_price";s:5:"26.00";s:9:"goods_pic";s:46:"shop/store/goods/5/5_04753343582064469_240.jpg";}i:324;a:5:{s:8:"goods_id";s:3:"324";s:12:"market_price";s:5:"24.00";s:10:"goods_name";s:53:"百丈潭茶叶 绿茶 通城特产 8件起售   125g";s:11:"goods_price";s:5:"18.00";s:9:"goods_pic";s:46:"shop/store/goods/5/5_04753326999101409_240.jpg";}i:323;a:5:{s:8:"goods_id";s:3:"323";s:12:"market_price";s:5:"15.00";s:10:"goods_name";s:70:"百丈潭茶叶  6# 优质绿茶  50g/包   通城特产   10包起售";s:11:"goods_price";s:5:"10.00";s:9:"goods_pic";s:46:"shop/store/goods/5/5_04753299127051713_240.jpg";}}}}', '商品推荐'),
(47, 4, 'array', 'top_list', 'a:2:{s:5:"gc_id";s:3:"593";s:3:"num";s:1:"5";}', '热卖排行'),
(48, 4, 'array', 'adv', 'a:1:{i:1;a:4:{s:8:"pic_name";s:21:"芦荟风味乳饮料";s:7:"pic_url";s:77:"http://www.infol.com.cn/shop/index.php?act=goods&amp;op=index&amp;goods_id=307";s:6:"pic_id";s:1:"1";s:7:"pic_img";s:30:"shop/editor/web-4-48-1.jpg?201";}}', '广告图片'),
(49, 4, 'array', 'brand_list', '', '品牌推荐'),
(51, 5, 'array', 'tit', 'a:5:{s:3:"pic";s:28:"shop/editor/web-5-51.png?777";s:3:"url";s:0:"";s:4:"type";s:3:"pic";s:5:"floor";s:0:"";s:5:"title";s:12:"本地生活";}', '标题图片'),
(52, 5, 'array', 'category_list', 'a:1:{s:11:"goods_class";a:14:{i:1084;a:2:{s:5:"gc_id";s:4:"1084";s:7:"gc_name";s:12:"住宅家具";}i:1102;a:2:{s:5:"gc_id";s:4:"1102";s:7:"gc_name";s:12:"家装主材";}i:200;a:2:{s:5:"gc_id";s:3:"200";s:7:"gc_name";s:12:"家纺布艺";}i:201;a:2:{s:5:"gc_id";s:3:"201";s:7:"gc_name";s:12:"灯饰照明";}i:202;a:2:{s:5:"gc_id";s:3:"202";s:7:"gc_name";s:12:"生活日用";}i:203;a:2:{s:5:"gc_id";s:3:"203";s:7:"gc_name";s:12:"家装软饰";}i:204;a:2:{s:5:"gc_id";s:3:"204";s:7:"gc_name";s:12:"清洁日用";}i:205;a:2:{s:5:"gc_id";s:3:"205";s:7:"gc_name";s:12:"宠物生活";}i:889;a:2:{s:5:"gc_id";s:3:"889";s:7:"gc_name";s:12:"烹饪锅具";}i:890;a:2:{s:5:"gc_id";s:3:"890";s:7:"gc_name";s:12:"刀剪菜板";}i:891;a:2:{s:5:"gc_id";s:3:"891";s:7:"gc_name";s:12:"收纳保鲜";}i:892;a:2:{s:5:"gc_id";s:3:"892";s:7:"gc_name";s:12:"水具酒具";}i:893;a:2:{s:5:"gc_id";s:3:"893";s:7:"gc_name";s:6:"餐具";}i:935;a:2:{s:5:"gc_id";s:3:"935";s:7:"gc_name";s:16:"茶具/咖啡具";}}}', '推荐分类'),
(53, 5, 'array', 'act', '', '活动图片'),
(55, 5, 'array', 'recommend_list', 'a:1:{i:2;a:1:{s:9:"recommend";a:1:{s:4:"name";s:12:"商品推荐";}}}', '商品推荐'),
(57, 5, 'array', 'top_list', 'a:2:{s:5:"gc_id";s:1:"3";s:3:"num";s:1:"5";}', '热卖排行'),
(58, 5, 'array', 'adv', '', '广告图片'),
(59, 5, 'array', 'brand_list', '', '品牌推荐'),
(61, 6, 'array', 'tit', 'a:5:{s:3:"pic";s:28:"shop/editor/web-6-61.png?797";s:3:"url";s:0:"";s:4:"type";s:3:"pic";s:5:"floor";s:0:"";s:5:"title";s:0:"";}', '标题图片'),
(62, 6, 'array', 'category_list', 'a:1:{s:11:"goods_class";a:8:{i:960;a:2:{s:5:"gc_id";s:3:"960";s:7:"gc_name";s:6:"奶粉";}i:961;a:2:{s:5:"gc_id";s:3:"961";s:7:"gc_name";s:12:"营养辅食";}i:962;a:2:{s:5:"gc_id";s:3:"962";s:7:"gc_name";s:12:"尿裤湿巾";}i:963;a:2:{s:5:"gc_id";s:3:"963";s:7:"gc_name";s:12:"喂养用品";}i:964;a:2:{s:5:"gc_id";s:3:"964";s:7:"gc_name";s:12:"洗护用品";}i:965;a:2:{s:5:"gc_id";s:3:"965";s:7:"gc_name";s:12:"童车童床";}i:966;a:2:{s:5:"gc_id";s:3:"966";s:7:"gc_name";s:12:"服饰寝居";}i:967;a:2:{s:5:"gc_id";s:3:"967";s:7:"gc_name";s:12:"妈妈专区";}}}', '活动图片'),
(63, 6, 'array', 'act', '', '活动图片'),
(65, 6, 'array', 'recommend_list', '', '商品推荐'),
(67, 6, 'array', 'top_list', 'a:2:{s:5:"gc_id";s:3:"959";s:3:"num";s:1:"5";}', '热卖排行'),
(68, 6, 'array', 'adv', '', '广告图片'),
(69, 6, 'array', 'brand_list', '', '品牌推荐'),
(71, 7, 'array', 'tit', 'a:5:{s:3:"pic";s:28:"shop/editor/web-7-71.png?917";s:3:"url";s:0:"";s:4:"type";s:3:"pic";s:5:"floor";s:0:"";s:5:"title";s:0:"";}', '标题图片'),
(72, 7, 'array', 'category_list', 'a:1:{s:11:"goods_class";a:12:{i:1065;a:2:{s:5:"gc_id";s:4:"1065";s:7:"gc_name";s:6:"酒店";}i:1113;a:2:{s:5:"gc_id";s:4:"1113";s:7:"gc_name";s:6:"宾馆";}i:1066;a:2:{s:5:"gc_id";s:4:"1066";s:7:"gc_name";s:12:"生态农庄";}i:1067;a:2:{s:5:"gc_id";s:4:"1067";s:7:"gc_name";s:12:"旅游景区";}i:1068;a:2:{s:5:"gc_id";s:4:"1068";s:7:"gc_name";s:6:"酒吧";}i:1069;a:2:{s:5:"gc_id";s:4:"1069";s:7:"gc_name";s:3:"KTV";}i:1070;a:2:{s:5:"gc_id";s:4:"1070";s:7:"gc_name";s:6:"茶楼";}i:1071;a:2:{s:5:"gc_id";s:4:"1071";s:7:"gc_name";s:12:"美容美发";}i:1072;a:2:{s:5:"gc_id";s:4:"1072";s:7:"gc_name";s:9:"养生馆";}i:1073;a:2:{s:5:"gc_id";s:4:"1073";s:7:"gc_name";s:12:"足浴按摩";}i:1060;a:2:{s:5:"gc_id";s:4:"1060";s:7:"gc_name";s:6:"广告";}i:1061;a:2:{s:5:"gc_id";s:4:"1061";s:7:"gc_name";s:6:"印刷";}}}', '推荐分类'),
(73, 7, 'array', 'act', 'a:4:{s:3:"pic";s:28:"shop/editor/web-7-73.jpg?736";s:4:"type";s:3:"pic";s:5:"title";s:25:"易和养生 神奇火疗";s:3:"url";s:0:"";}', '活动图片'),
(75, 7, 'array', 'recommend_list', 'a:1:{i:1;a:2:{s:9:"recommend";a:1:{s:4:"name";s:12:"商品推荐";}s:10:"goods_list";a:8:{i:286;a:5:{s:8:"goods_id";s:3:"286";s:12:"market_price";s:4:"8.00";s:10:"goods_name";s:71:"高精度腐蚀金属卡/金卡/银卡/金属卡/贵宾卡/金属名片";s:11:"goods_price";s:4:"3.00";s:9:"goods_pic";s:46:"shop/store/goods/2/2_04719526935878416_240.jpg";}i:273;a:5:{s:8:"goods_id";s:3:"273";s:12:"market_price";s:5:"35.00";s:10:"goods_name";s:69:"高清户内外写真/防水防晒写真画面/防水海报/制度牌";s:11:"goods_price";s:5:"18.00";s:9:"goods_pic";s:46:"shop/store/goods/2/2_04716712199605452_240.jpg";}i:275;a:5:{s:8:"goods_id";s:3:"275";s:12:"market_price";s:7:"1200.00";s:10:"goods_name";s:67:"彩印宣传单  A3A4A5宣传单印刷  彩色  彩页  DM单印刷";s:11:"goods_price";s:6:"800.00";s:9:"goods_pic";s:46:"shop/store/goods/2/2_04716941255280453_240.jpg";}i:274;a:5:{s:8:"goods_id";s:3:"274";s:12:"market_price";s:5:"65.00";s:10:"goods_name";s:88:"韩式x展架/铝合金x展架/广告架/展架海报架/铝合金易拉宝/海报制作";s:11:"goods_price";s:5:"45.00";s:9:"goods_pic";s:46:"shop/store/goods/2/2_04716885573792328_240.jpg";}i:281;a:5:{s:8:"goods_id";s:3:"281";s:12:"market_price";s:5:"60.00";s:10:"goods_name";s:70:"写真裱KT板牌/制度牌/会议牌/吊旗/文化墙牌/展会展板";s:11:"goods_price";s:5:"40.00";s:9:"goods_pic";s:46:"shop/store/goods/2/2_04717753121684596_240.jpg";}i:285;a:5:{s:8:"goods_id";s:3:"285";s:12:"market_price";s:4:"5.00";s:10:"goods_name";s:53:"条幅 横幅 竖幅 激光条幅  开业庆典竖幅";s:11:"goods_price";s:4:"3.00";s:9:"goods_pic";s:46:"shop/store/goods/2/2_04718453411337053_240.jpg";}i:279;a:5:{s:8:"goods_id";s:3:"279";s:12:"market_price";s:6:"500.00";s:10:"goods_name";s:58:"PVC名片/高档商务名片/卡片/会员卡/卡证 10盒";s:11:"goods_price";s:6:"200.00";s:9:"goods_pic";s:46:"shop/store/goods/2/2_04717687082348757_240.jpg";}i:278;a:5:{s:8:"goods_id";s:3:"278";s:12:"market_price";s:6:"100.00";s:10:"goods_name";s:62:"彩色名片设计/彩色名片制作/彩色双面名片 10盒";s:11:"goods_price";s:5:"80.00";s:9:"goods_pic";s:46:"shop/store/goods/2/2_04717594599518715_240.jpg";}}}}', '商品推荐'),
(76, 7, 'array', 'top_list', 'a:2:{s:5:"gc_id";s:4:"1037";s:3:"num";s:1:"5";}', '热卖排行'),
(78, 7, 'array', 'adv', 'a:1:{i:1;a:4:{s:8:"pic_name";s:18:"足康休闲会所";s:7:"pic_url";s:0:"";s:6:"pic_id";s:1:"1";s:7:"pic_img";s:30:"shop/editor/web-7-78-1.jpg?805";}}', '广告图片'),
(79, 7, 'array', 'brand_list', '', '品牌推荐'),
(81, 8, 'array', 'tit', '', '标题图片'),
(82, 8, 'array', 'category_list', '', '推荐分类'),
(83, 8, 'array', 'act', '', '活动图片'),
(85, 8, 'array', 'recommend_list', '', '商品推荐'),
(87, 8, 'array', 'top_list', '', '热卖排行'),
(88, 8, 'array', 'adv', '', '广告图片'),
(89, 8, 'array', 'brand_list', '', '品牌推荐'),
(101, 101, 'array', 'screen_list', 'a:3:{i:1;a:5:{s:8:"pic_name";s:0:"";s:7:"pic_url";s:0:"";s:5:"color";s:0:"";s:6:"pic_id";s:1:"1";s:7:"pic_img";s:33:"shop/editor/web-101-101-1.jpg?375";}i:2;a:5:{s:6:"pic_id";s:1:"2";s:8:"pic_name";s:0:"";s:7:"pic_url";s:0:"";s:5:"color";s:0:"";s:7:"pic_img";s:33:"shop/editor/web-101-101-2.jpg?659";}i:3;a:5:{s:6:"pic_id";s:1:"3";s:8:"pic_name";s:0:"";s:7:"pic_url";s:0:"";s:5:"color";s:0:"";s:7:"pic_img";s:33:"shop/editor/web-101-101-3.jpg?191";}}', '切换大图'),
(102, 101, 'array', 'focus_list', 'a:3:{i:1;a:1:{s:8:"pic_list";a:3:{i:1;a:4:{s:6:"pic_id";s:1:"1";s:8:"pic_name";s:28:"佳节大献礼-茶满中秋";s:7:"pic_url";s:0:"";s:7:"pic_img";s:35:"shop/editor/web-101-102-1-1.jpg?842";}i:2;a:4:{s:6:"pic_id";s:1:"2";s:8:"pic_name";s:25:"孩子喜欢-遥控悍马";s:7:"pic_url";s:0:"";s:7:"pic_img";s:35:"shop/editor/web-101-102-1-2.jpg?143";}i:3;a:4:{s:6:"pic_id";s:1:"3";s:8:"pic_name";s:28:"天气凉了-情侣家居服";s:7:"pic_url";s:0:"";s:7:"pic_img";s:35:"shop/editor/web-101-102-1-3.jpg?114";}}}i:2;a:1:{s:8:"pic_list";a:3:{i:1;a:4:{s:6:"pic_id";s:1:"1";s:8:"pic_name";s:34:"越中国越时尚-水晶中国风";s:7:"pic_url";s:0:"";s:7:"pic_img";s:35:"shop/editor/web-101-102-2-1.jpg?824";}i:2;a:4:{s:6:"pic_id";s:1:"2";s:8:"pic_name";s:38:"领先全球首创-CoolTec冰爽剃须";s:7:"pic_url";s:0:"";s:7:"pic_img";s:35:"shop/editor/web-101-102-2-2.jpg?851";}i:3;a:4:{s:6:"pic_id";s:1:"3";s:8:"pic_name";s:37:"健康中的专家-欧姆龙血压计";s:7:"pic_url";s:0:"";s:7:"pic_img";s:35:"shop/editor/web-101-102-2-3.jpg?734";}}}i:3;a:1:{s:8:"pic_list";a:3:{i:1;a:4:{s:6:"pic_id";s:1:"1";s:8:"pic_name";s:33:"TOPTO秋季格调-衬衫促销季";s:7:"pic_url";s:0:"";s:7:"pic_img";s:35:"shop/editor/web-101-102-3-1.jpg?191";}i:2;a:4:{s:6:"pic_id";s:1:"2";s:8:"pic_name";s:40:"骆驼早秋新品尝试-热销款推荐";s:7:"pic_url";s:0:"";s:7:"pic_img";s:35:"shop/editor/web-101-102-3-2.jpg?628";}i:3;a:4:{s:8:"pic_name";s:40:"识得女人香-冰希利娇真我系列";s:7:"pic_url";s:0:"";s:6:"pic_id";s:1:"3";s:7:"pic_img";s:35:"shop/editor/web-101-102-3-3.jpg?851";}}}}', '切换小图'),
(121, 121, 'array', 'sale_list', 'a:5:{i:3;a:2:{s:9:"recommend";a:1:{s:4:"name";s:12:"热卖商品";}s:10:"goods_list";a:5:{i:333;a:5:{s:8:"goods_id";s:3:"333";s:12:"market_price";s:0:"";s:10:"goods_name";s:86:"山信稻米油 非转基因 食用米糠油 7500ppm谷维素 马伊琍代言 1.8l 装";s:11:"goods_price";s:5:"29.00";s:9:"goods_pic";s:46:"shop/store/goods/1/1_04754123035459069_240.jpg";}i:346;a:5:{s:8:"goods_id";s:3:"346";s:12:"market_price";s:0:"";s:10:"goods_name";s:44:"新货 坚果 松子 东北开口松子 500g";s:11:"goods_price";s:5:"38.80";s:9:"goods_pic";s:46:"shop/store/goods/7/7_04762963544782948_240.jpg";}i:347;a:5:{s:8:"goods_id";s:3:"347";s:12:"market_price";s:0:"";s:10:"goods_name";s:61:"碧根果 长寿果美国山核桃坚果零食奶油味  500g";s:11:"goods_price";s:5:"33.50";s:9:"goods_pic";s:46:"shop/store/goods/7/7_04763618050273058_240.jpg";}i:348;a:5:{s:8:"goods_id";s:3:"348";s:12:"market_price";s:5:"40.00";s:10:"goods_name";s:69:"夏威夷果  澳洲坚果  零食干果  送开口器 奶油味 500g";s:11:"goods_price";s:5:"33.50";s:9:"goods_pic";s:46:"shop/store/goods/7/7_04763797018156347_240.jpg";}i:324;a:5:{s:8:"goods_id";s:3:"324";s:12:"market_price";s:0:"";s:10:"goods_name";s:53:"百丈潭茶叶 绿茶 通城特产 8件起售   125g";s:11:"goods_price";s:5:"16.20";s:9:"goods_pic";s:46:"shop/store/goods/5/5_04753326999101409_240.jpg";}}}i:1;a:2:{s:9:"recommend";a:1:{s:4:"name";s:12:"疯狂抢购";}s:10:"goods_list";a:5:{i:276;a:5:{s:8:"goods_id";s:3:"276";s:12:"market_price";s:0:"";s:10:"goods_name";s:63:"昭君故里酒 美之梦酒 优质白酒 500ml 浓香型 42度";s:11:"goods_price";s:6:"118.00";s:9:"goods_pic";s:46:"shop/store/goods/1/1_04717754051864205_240.jpg";}i:348;a:5:{s:8:"goods_id";s:3:"348";s:12:"market_price";s:5:"40.00";s:10:"goods_name";s:69:"夏威夷果  澳洲坚果  零食干果  送开口器 奶油味 500g";s:11:"goods_price";s:5:"33.50";s:9:"goods_pic";s:46:"shop/store/goods/7/7_04763797018156347_240.jpg";}i:347;a:5:{s:8:"goods_id";s:3:"347";s:12:"market_price";s:5:"40.00";s:10:"goods_name";s:61:"碧根果 长寿果美国山核桃坚果零食奶油味  500g";s:11:"goods_price";s:5:"33.50";s:9:"goods_pic";s:46:"shop/store/goods/7/7_04763618050273058_240.jpg";}i:305;a:5:{s:8:"goods_id";s:3:"305";s:12:"market_price";s:0:"";s:10:"goods_name";s:51:"康汇园 芦荟风味乳饮料 净含量500ml 1件";s:11:"goods_price";s:6:"150.00";s:9:"goods_pic";s:46:"shop/store/goods/1/1_04730110959754239_240.jpg";}i:308;a:5:{s:8:"goods_id";s:3:"308";s:12:"market_price";s:0:"";s:10:"goods_name";s:76:"康汇园苹果汁醋饮料  净含量500L   果汁酿造  原汁原味 5瓶";s:11:"goods_price";s:5:"55.00";s:9:"goods_pic";s:46:"shop/store/goods/1/1_04729051678861049_240.jpg";}}}i:2;a:2:{s:9:"recommend";a:1:{s:4:"name";s:12:"猜您喜欢";}s:10:"goods_list";a:5:{i:301;a:5:{s:8:"goods_id";s:3:"301";s:12:"market_price";s:0:"";s:10:"goods_name";s:70:"康汇园经典苹果醋 高档果醋饮料 酒店专供 净含量650L";s:11:"goods_price";s:6:"170.00";s:9:"goods_pic";s:46:"shop/store/goods/1/1_04728428330651916_240.jpg";}i:310;a:5:{s:8:"goods_id";s:3:"310";s:12:"market_price";s:0:"";s:10:"goods_name";s:68:"康汇园芒果汁饮料 果肉多 净含量1.5L 66元/件/6瓶 2瓶";s:11:"goods_price";s:5:"20.00";s:9:"goods_pic";s:46:"shop/store/goods/1/1_04729037901755028_240.jpg";}i:282;a:5:{s:8:"goods_id";s:3:"282";s:12:"market_price";s:0:"";s:10:"goods_name";s:93:"生态有机土猪肉 高山泉水喂养 瘦红肥白  肥瘦搭配 味道鲜美 140元/10斤";s:11:"goods_price";s:6:"140.00";s:9:"goods_pic";s:46:"shop/store/goods/1/1_04717785723829778_240.jpg";}i:278;a:5:{s:8:"goods_id";s:3:"278";s:12:"market_price";s:0:"";s:10:"goods_name";s:62:"彩色名片设计/彩色名片制作/彩色双面名片 10盒";s:11:"goods_price";s:5:"80.00";s:9:"goods_pic";s:46:"shop/store/goods/2/2_04717594599518715_240.jpg";}i:291;a:5:{s:8:"goods_id";s:3:"291";s:12:"market_price";s:0:"";s:10:"goods_name";s:72:"开能奔泰子母星家用净水器 清爽型 KF-T-1E全自动直饮机";s:11:"goods_price";s:7:"3680.00";s:9:"goods_pic";s:46:"shop/store/goods/4/4_04725902858825749_240.jpg";}}}i:4;a:2:{s:9:"recommend";a:1:{s:4:"name";s:12:"热评商品";}s:10:"goods_list";a:5:{i:348;a:5:{s:8:"goods_id";s:3:"348";s:12:"market_price";s:5:"40.00";s:10:"goods_name";s:69:"夏威夷果  澳洲坚果  零食干果  送开口器 奶油味 500g";s:11:"goods_price";s:5:"33.50";s:9:"goods_pic";s:46:"shop/store/goods/7/7_04763797018156347_240.jpg";}i:343;a:5:{s:8:"goods_id";s:3:"343";s:12:"market_price";s:5:"30.00";s:10:"goods_name";s:40:"新货 云南野生小麻查核桃  500g";s:11:"goods_price";s:5:"23.80";s:9:"goods_pic";s:46:"shop/store/goods/7/7_04762098186807676_240.jpg";}i:334;a:5:{s:8:"goods_id";s:3:"334";s:12:"market_price";s:6:"210.00";s:10:"goods_name";s:96:"三麦酒  42度  三麦鸿运酒   馥郁香型白酒   500ml*6瓶整箱装  白酒特价酒水";s:11:"goods_price";s:6:"180.00";s:9:"goods_pic";s:46:"shop/store/goods/6/6_04757743808310335_240.jpg";}i:332;a:5:{s:8:"goods_id";s:3:"332";s:12:"market_price";s:5:"70.00";s:10:"goods_name";s:84:"山信稻米油 非转基因 食用米糠油 7500ppm谷维素 马伊琍代言 5l 装";s:11:"goods_price";s:5:"68.00";s:9:"goods_pic";s:46:"shop/store/goods/1/1_04754113111485383_240.jpg";}i:325;a:5:{s:8:"goods_id";s:3:"325";s:12:"market_price";s:5:"26.00";s:10:"goods_name";s:61:"百丈潭茶叶  高山绿茶 通城特产  2件起售   250g";s:11:"goods_price";s:5:"23.40";s:9:"goods_pic";s:46:"shop/store/goods/5/5_04753343582064469_240.jpg";}}}i:5;a:2:{s:9:"recommend";a:1:{s:4:"name";s:12:"新品上架";}s:10:"goods_list";a:5:{i:323;a:5:{s:8:"goods_id";s:3:"323";s:12:"market_price";s:0:"";s:10:"goods_name";s:70:"百丈潭茶叶  6# 优质绿茶  50g/包   通城特产   10包起售";s:11:"goods_price";s:4:"9.00";s:9:"goods_pic";s:46:"shop/store/goods/5/5_04753299127051713_240.jpg";}i:332;a:5:{s:8:"goods_id";s:3:"332";s:12:"market_price";s:0:"";s:10:"goods_name";s:84:"山信稻米油 非转基因 食用米糠油 7500ppm谷维素 马伊琍代言 5l 装";s:11:"goods_price";s:5:"68.00";s:9:"goods_pic";s:46:"shop/store/goods/1/1_04754113111485383_240.jpg";}i:335;a:5:{s:8:"goods_id";s:3:"335";s:12:"market_price";s:0:"";s:10:"goods_name";s:76:"三麦酒 42度 三麦天赐福酒   馥郁香型白酒  500ml*6瓶整箱装";s:11:"goods_price";s:6:"240.00";s:9:"goods_pic";s:46:"shop/store/goods/6/6_04758385513936033_240.jpg";}i:344;a:5:{s:8:"goods_id";s:3:"344";s:12:"market_price";s:6:"170.00";s:10:"goods_name";s:60:"新货 松之皇 手剥巴西松子 精选特级  500g袋装";s:11:"goods_price";s:6:"150.00";s:9:"goods_pic";s:46:"shop/store/goods/7/7_04762717111974071_240.jpg";}i:343;a:5:{s:8:"goods_id";s:3:"343";s:12:"market_price";s:5:"30.00";s:10:"goods_name";s:40:"新货 云南野生小麻查核桃  500g";s:11:"goods_price";s:5:"23.80";s:9:"goods_pic";s:46:"shop/store/goods/7/7_04762098186807676_240.jpg";}}}}', '促销区'),
(201, 201, 'array', 'screen_list', 'a:3:{i:1;a:5:{s:6:"pic_id";s:1:"1";s:8:"pic_name";s:63:"昭君故里酒 美之梦酒 优质白酒 500ml 浓香型 42度";s:7:"pic_url";s:77:"http://www.infol.com.cn/shop/index.php?act=goods&amp;op=index&amp;goods_id=276";s:5:"color";s:0:"";s:7:"pic_img";s:33:"shop/editor/web-201-201-1.jpg?895";}i:2;a:5:{s:6:"pic_id";s:1:"2";s:8:"pic_name";s:51:"有机绿壳乌鸡蛋 山地放养 散装30枚70元";s:7:"pic_url";s:77:"http://www.infol.com.cn/shop/index.php?act=goods&amp;op=index&amp;goods_id=277";s:5:"color";s:0:"";s:7:"pic_img";s:33:"shop/editor/web-201-201-2.jpg?246";}i:3;a:5:{s:8:"pic_name";s:40:"康汇园芒果汁饮料 生榨更新鲜";s:7:"pic_url";s:77:"http://www.infol.com.cn/shop/index.php?act=goods&amp;op=index&amp;goods_id=310";s:5:"color";s:0:"";s:6:"pic_id";s:1:"3";s:7:"pic_img";s:33:"shop/editor/web-201-201-3.jpg?377";}}', '美食首页'),
(221, 221, 'array', 'sale_list', 'a:3:{i:1;a:2:{s:9:"recommend";a:1:{s:4:"name";s:9:"特卖惠";}s:10:"goods_list";a:4:{i:365;a:5:{s:8:"goods_id";s:3:"365";s:12:"market_price";s:0:"";s:10:"goods_name";s:82:"小陆干果  美国开心果 坚果炒货休闲零食特产 原色无漂白  500g";s:11:"goods_price";s:5:"48.00";s:9:"goods_pic";s:46:"shop/store/goods/7/7_04768793081202974_240.jpg";}i:350;a:5:{s:8:"goods_id";s:3:"350";s:12:"market_price";s:0:"";s:10:"goods_name";s:80:"小陆干果  新货  新疆特产  新疆无花果干  孕妇健康零食  500g";s:11:"goods_price";s:5:"21.99";s:9:"goods_pic";s:46:"shop/store/goods/7/7_04764639517072376_240.jpg";}i:364;a:5:{s:8:"goods_id";s:3:"364";s:12:"market_price";s:5:"20.00";s:10:"goods_name";s:73:"小陆干果 新疆特产若羌灰枣三级 自然吊干精选小枣 500g";s:11:"goods_price";s:5:"18.80";s:9:"goods_pic";s:46:"shop/store/goods/7/7_04767056934315317_240.jpg";}i:357;a:5:{s:8:"goods_id";s:3:"357";s:12:"market_price";s:5:"28.00";s:10:"goods_name";s:72:"巴旦木 坚果零食 新疆薄壳杏仁手剥扁桃仁 500g  小珍珠";s:11:"goods_price";s:5:"25.80";s:9:"goods_pic";s:46:"shop/store/goods/7/7_04765310723591147_240.jpg";}}}i:3;a:2:{s:9:"recommend";a:1:{s:4:"name";s:12:"当季新品";}s:10:"goods_list";a:4:{i:277;a:5:{s:8:"goods_id";s:3:"277";s:12:"market_price";s:5:"75.00";s:10:"goods_name";s:51:"有机绿壳乌鸡蛋 山地放养 散装30枚70元";s:11:"goods_price";s:5:"70.00";s:9:"goods_pic";s:46:"shop/store/goods/1/1_04717712539271406_240.jpg";}i:284;a:5:{s:8:"goods_id";s:3:"284";s:12:"market_price";s:6:"106.00";s:10:"goods_name";s:83:"有机土鸡蛋 虫草物喂养 纯谷物喂养 营养价值高 礼品装48枚96元";s:11:"goods_price";s:5:"96.00";s:9:"goods_pic";s:46:"shop/store/goods/1/1_04718409568576789_240.jpg";}i:283;a:5:{s:8:"goods_id";s:3:"283";s:12:"market_price";s:5:"60.00";s:10:"goods_name";s:80:"农家土鸡蛋 虫草物喂养 纯谷物喂养 营养价值高 散装30枚54元";s:11:"goods_price";s:5:"54.00";s:9:"goods_pic";s:46:"shop/store/goods/1/1_04718403423957289_240.jpg";}i:282;a:5:{s:8:"goods_id";s:3:"282";s:12:"market_price";s:6:"150.00";s:10:"goods_name";s:93:"生态有机土猪肉 高山泉水喂养 瘦红肥白  肥瘦搭配 味道鲜美 140元/10斤";s:11:"goods_price";s:6:"140.00";s:9:"goods_pic";s:46:"shop/store/goods/1/1_04717785723829778_240.jpg";}}}i:4;a:2:{s:9:"recommend";a:1:{s:4:"name";s:12:"品牌精选";}s:10:"goods_list";a:4:{i:359;a:5:{s:8:"goods_id";s:3:"359";s:12:"market_price";s:5:"33.00";s:10:"goods_name";s:80:"小陆干果特级香菇金钱菇   香菇干货  房县香菇 肉厚味鲜 250g";s:11:"goods_price";s:5:"27.80";s:9:"goods_pic";s:46:"shop/store/goods/7/7_04765670395316113_240.jpg";}i:345;a:5:{s:8:"goods_id";s:3:"345";s:12:"market_price";s:6:"255.00";s:10:"goods_name";s:63:"新货  坚果  松子  精装东北开口松子  2.5kg  袋装";s:11:"goods_price";s:6:"225.00";s:9:"goods_pic";s:46:"shop/store/goods/7/7_04762901484783281_240.jpg";}i:347;a:5:{s:8:"goods_id";s:3:"347";s:12:"market_price";s:5:"40.00";s:10:"goods_name";s:61:"碧根果 长寿果美国山核桃坚果零食奶油味  500g";s:11:"goods_price";s:5:"33.50";s:9:"goods_pic";s:46:"shop/store/goods/7/7_04763618050273058_240.jpg";}i:343;a:5:{s:8:"goods_id";s:3:"343";s:12:"market_price";s:5:"30.00";s:10:"goods_name";s:40:"新货 云南野生小麻查核桃  500g";s:11:"goods_price";s:5:"23.80";s:9:"goods_pic";s:46:"shop/store/goods/7/7_04762098186807676_240.jpg";}}}}', '美食首页促销'),
(311, 301, 'array', 'tit', 'a:5:{s:3:"pic";s:31:"shop/editor/web-301-311.png?346";s:3:"url";s:0:"";s:4:"type";s:3:"pic";s:5:"floor";s:1:"3";s:5:"title";s:1:"3";}', ''),
(312, 301, 'array', 'act', 'a:4:{s:3:"pic";s:31:"shop/editor/web-301-312.jpg?228";s:4:"type";s:3:"pic";s:5:"title";s:79:"生态有机土猪肉 高山泉水喂养 瘦红肥白 肥瘦搭配 味道鲜美";s:3:"url";s:77:"http://www.infol.com.cn/shop/index.php?act=goods&amp;op=index&amp;goods_id=282";}', ''),
(313, 301, 'array', 'recommend_list', 'a:1:{i:1;a:2:{s:9:"recommend";a:1:{s:4:"name";s:12:"冬季内衣";}s:10:"goods_list";a:4:{i:314;a:5:{s:8:"goods_id";s:3:"314";s:12:"market_price";s:6:"450.00";s:10:"goods_name";s:78:"地道土猪肉 原生态农家土猪肉 味道鲜甜 满嘴留香 30斤起售";s:11:"goods_price";s:6:"390.00";s:9:"goods_pic";s:46:"shop/store/goods/1/1_04742053355689344_240.jpg";}i:283;a:5:{s:8:"goods_id";s:3:"283";s:12:"market_price";s:5:"60.00";s:10:"goods_name";s:80:"农家土鸡蛋 虫草物喂养 纯谷物喂养 营养价值高 散装30枚54元";s:11:"goods_price";s:5:"54.00";s:9:"goods_pic";s:46:"shop/store/goods/1/1_04718403423957289_240.jpg";}i:277;a:5:{s:8:"goods_id";s:3:"277";s:12:"market_price";s:5:"75.00";s:10:"goods_name";s:51:"有机绿壳乌鸡蛋 山地放养 散装30枚70元";s:11:"goods_price";s:5:"70.00";s:9:"goods_pic";s:46:"shop/store/goods/1/1_04717712539271406_240.jpg";}i:280;a:5:{s:8:"goods_id";s:3:"280";s:12:"market_price";s:6:"130.00";s:10:"goods_name";s:67:"绿壳乌鸡蛋 高山养殖 生态放养 礼品装48枚 118元/提";s:11:"goods_price";s:6:"118.00";s:9:"goods_pic";s:46:"shop/store/goods/1/1_04717742220761218_240.jpg";}}}}', ''),
(321, 302, 'array', 'tit', 'a:5:{s:3:"pic";s:31:"shop/editor/web-302-321.png?980";s:3:"url";s:0:"";s:4:"type";s:3:"pic";s:5:"floor";s:0:"";s:5:"title";s:0:"";}', ''),
(322, 302, 'array', 'act', 'a:4:{s:3:"pic";s:31:"shop/editor/web-302-322.jpg?298";s:4:"type";s:3:"pic";s:5:"title";s:59:"新货 松之皇 手剥巴西松子 精选特级 500g袋装";s:3:"url";s:77:"http://www.infol.com.cn/shop/index.php?act=goods&amp;op=index&amp;goods_id=344";}', ''),
(323, 302, 'array', 'recommend_list', 'a:1:{i:1;a:2:{s:9:"recommend";a:1:{s:4:"name";s:0:"";}s:10:"goods_list";a:4:{i:348;a:5:{s:8:"goods_id";s:3:"348";s:12:"market_price";s:5:"40.00";s:10:"goods_name";s:69:"夏威夷果  澳洲坚果  零食干果  送开口器 奶油味 500g";s:11:"goods_price";s:5:"33.50";s:9:"goods_pic";s:46:"shop/store/goods/7/7_04763797018156347_240.jpg";}i:347;a:5:{s:8:"goods_id";s:3:"347";s:12:"market_price";s:5:"40.00";s:10:"goods_name";s:61:"碧根果 长寿果美国山核桃坚果零食奶油味  500g";s:11:"goods_price";s:5:"33.50";s:9:"goods_pic";s:46:"shop/store/goods/7/7_04763618050273058_240.jpg";}i:360;a:5:{s:8:"goods_id";s:3:"360";s:12:"market_price";s:5:"30.00";s:10:"goods_name";s:71:"巨型大枣！  小陆干果  新疆特产 新疆和田大红枣  500g";s:11:"goods_price";s:5:"25.80";s:9:"goods_pic";s:46:"shop/store/goods/7/7_04766332981154795_240.jpg";}i:354;a:5:{s:8:"goods_id";s:3:"354";s:12:"market_price";s:5:"35.00";s:10:"goods_name";s:88:"小陆干果  巴旦木 坚果零食特产新疆薄壳杏仁手剥扁桃仁 500g  佳美";s:11:"goods_price";s:5:"29.80";s:9:"goods_pic";s:46:"shop/store/goods/7/7_04765310723591147_240.jpg";}}}}', ''),
(331, 303, 'array', 'tit', 'a:5:{s:3:"pic";s:31:"shop/editor/web-303-331.png?106";s:3:"url";s:0:"";s:4:"type";s:3:"pic";s:5:"floor";s:0:"";s:5:"title";s:0:"";}', ''),
(332, 303, 'array', 'act', 'a:4:{s:3:"pic";s:31:"shop/editor/web-303-332.jpg?431";s:4:"type";s:3:"pic";s:5:"title";s:70:"康汇园经典苹果醋 高档果醋饮料 酒店专供 净含量650L";s:3:"url";s:77:"http://www.infol.com.cn/shop/index.php?act=goods&amp;op=index&amp;goods_id=301";}', ''),
(333, 303, 'array', 'recommend_list', 'a:1:{i:1;a:2:{s:9:"recommend";a:1:{s:4:"name";s:0:"";}s:10:"goods_list";a:4:{i:310;a:5:{s:8:"goods_id";s:3:"310";s:12:"market_price";s:5:"72.00";s:10:"goods_name";s:68:"康汇园芒果汁饮料 果肉多 净含量1.5L 66元/件/6瓶 2瓶";s:11:"goods_price";s:5:"20.00";s:9:"goods_pic";s:46:"shop/store/goods/1/1_04729037901755028_240.jpg";}i:308;a:5:{s:8:"goods_id";s:3:"308";s:12:"market_price";s:6:"225.00";s:10:"goods_name";s:76:"康汇园苹果汁醋饮料  净含量500L   果汁酿造  原汁原味 5瓶";s:11:"goods_price";s:5:"55.00";s:9:"goods_pic";s:46:"shop/store/goods/1/1_04729051678861049_240.jpg";}i:305;a:5:{s:8:"goods_id";s:3:"305";s:12:"market_price";s:6:"225.00";s:10:"goods_name";s:51:"康汇园 芦荟风味乳饮料 净含量500ml 1件";s:11:"goods_price";s:6:"150.00";s:9:"goods_pic";s:46:"shop/store/goods/1/1_04730110959754239_240.jpg";}i:301;a:5:{s:8:"goods_id";s:3:"301";s:12:"market_price";s:6:"360.00";s:10:"goods_name";s:70:"康汇园经典苹果醋 高档果醋饮料 酒店专供 净含量650L";s:11:"goods_price";s:6:"180.00";s:9:"goods_pic";s:46:"shop/store/goods/1/1_04728428330651916_240.jpg";}}}}', ''),
(341, 304, 'array', 'tit', 'a:5:{s:3:"pic";s:31:"shop/editor/web-304-341.png?349";s:3:"url";s:0:"";s:4:"type";s:3:"pic";s:5:"floor";s:0:"";s:5:"title";s:0:"";}', ''),
(342, 304, 'array', 'act', 'a:4:{s:3:"pic";s:31:"shop/editor/web-304-342.jpg?844";s:4:"type";s:3:"pic";s:5:"title";s:73:"百丈潭茶叶礼盒 百丈潭潭峰茶3# 通城特产 上品绿茶 252g";s:3:"url";s:77:"http://www.infol.com.cn/shop/index.php?act=goods&amp;op=index&amp;goods_id=330";}', ''),
(343, 304, 'array', 'recommend_list', 'a:1:{i:1;a:2:{s:9:"recommend";a:1:{s:4:"name";s:0:"";}s:10:"goods_list";a:4:{i:339;a:5:{s:8:"goods_id";s:3:"339";s:12:"market_price";s:6:"256.00";s:10:"goods_name";s:72:"三麦酒 42度 三麦天赐韵 馥郁香型白酒 500ml*6瓶整箱装 2";s:11:"goods_price";s:6:"198.00";s:9:"goods_pic";s:46:"shop/store/goods/6/6_04758409768924187_240.jpg";}i:336;a:5:{s:8:"goods_id";s:3:"336";s:12:"market_price";s:6:"336.00";s:10:"goods_name";s:75:"三麦酒 42度 三麦天赐蓝 馥郁香型白酒 500ml*6瓶整箱装 2瓶";s:11:"goods_price";s:6:"280.00";s:9:"goods_pic";s:46:"shop/store/goods/6/6_04758392232773649_240.jpg";}i:329;a:5:{s:8:"goods_id";s:3:"329";s:12:"market_price";s:6:"350.00";s:10:"goods_name";s:71:"百丈潭茶叶礼盒 百丈潭云雾茶 通城特产 上品绿茶 256g";s:11:"goods_price";s:6:"315.00";s:9:"goods_pic";s:46:"shop/store/goods/5/5_04753358539184817_240.jpg";}i:328;a:5:{s:8:"goods_id";s:3:"328";s:12:"market_price";s:6:"105.00";s:10:"goods_name";s:75:"百丈潭茶叶礼盒  百丈潭潭峰茶5#  通城特产 优质绿茶 200g";s:11:"goods_price";s:5:"94.50";s:9:"goods_pic";s:46:"shop/store/goods/5/5_04753348092587823_240.jpg";}}}}', ''),
(351, 305, 'array', 'tit', 'a:5:{s:3:"pic";s:31:"shop/editor/web-305-351.png?262";s:3:"url";s:0:"";s:4:"type";s:3:"pic";s:5:"floor";s:0:"";s:5:"title";s:0:"";}', ''),
(352, 305, 'array', 'act', 'a:4:{s:3:"pic";s:31:"shop/editor/web-305-352.jpg?124";s:4:"type";s:3:"pic";s:5:"title";s:70:"康汇园经典苹果醋 高档果醋饮料 酒店专供 净含量650L";s:3:"url";s:77:"http://www.infol.com.cn/shop/index.php?act=goods&amp;op=index&amp;goods_id=301";}', ''),
(353, 305, 'array', 'list', NULL, ''),
(361, 306, 'array', 'tit', NULL, ''),
(362, 306, 'array', 'act', NULL, ''),
(363, 306, 'array', 'recommend_list', NULL, ''),
(371, 307, 'array', 'tit', NULL, ''),
(372, 307, 'array', 'act', NULL, ''),
(373, 307, 'array', 'recommend_list', NULL, ''),
(381, 308, 'array', 'tit', NULL, ''),
(382, 308, 'array', 'act', NULL, ''),
(383, 308, 'array', 'recommend_list', NULL, '');

-- --------------------------------------------------------

--
-- 表的结构 `cor_web_special`
--

CREATE TABLE IF NOT EXISTS `cor_web_special` (
  `special_id` int(10) unsigned NOT NULL AUTO_INCREMENT COMMENT '专题编号',
  `special_title` varchar(50) NOT NULL COMMENT '专题标题',
  `special_margin_top` int(10) DEFAULT '0' COMMENT '正文距顶部距离',
  `special_background` varchar(255) DEFAULT NULL COMMENT '专题背景',
  `special_image` varchar(255) DEFAULT NULL COMMENT '专题封面图',
  `special_image_all` text COMMENT '专题图片',
  `special_content` text COMMENT '专题内容',
  `special_modify_time` int(10) unsigned NOT NULL COMMENT '专题修改时间',
  `special_publish_id` int(10) unsigned NOT NULL COMMENT '专题发布者编号',
  `special_state` tinyint(1) unsigned NOT NULL COMMENT '专题状态1-草稿、2-已发布',
  `special_background_color` varchar(10) NOT NULL DEFAULT '#FFFFFF' COMMENT '专题背景色',
  `special_repeat` varchar(10) NOT NULL DEFAULT 'no-repeat' COMMENT '背景重复方式',
  PRIMARY KEY (`special_id`)
) ENGINE=InnoDB  DEFAULT CHARSET=utf8 COMMENT='商城专题表' AUTO_INCREMENT=6 ;

--
-- 转存表中的数据 `cor_web_special`
--

INSERT INTO `cor_web_special` (`special_id`, `special_title`, `special_margin_top`, `special_background`, `special_image`, `special_image_all`, `special_content`, `special_modify_time`, `special_publish_id`, `special_state`, `special_background_color`, `special_repeat`) VALUES
(5, '马上有喜-黄金珠宝饰品', 0, NULL, '04705263530534055.jpg', 'a:2:{i:0;a:1:{s:10:"image_name";s:21:"04705261892042892.jpg";}i:1;a:1:{s:10:"image_name";s:21:"04705262041140450.jpg";}}', '&lt;div class=''special-content-link''&gt;&lt;img alt=&quot;&quot; src=&quot;http://www.infol.com.cn/data/upload/cms/special/04705261892042892.jpg&quot; class=&quot;&quot;&gt;&lt;/div&gt;&lt;div ncytpe=&quot;div_image_insert_hot_point&quot; class=&quot;special-hot-point&quot;&gt; &lt;img nctype=&quot;img_hot_point&quot; alt=&quot;&quot; src=&quot;http://www.infol.com.cn/data/upload/cms/special/04705262041140450.jpg&quot; usemap=&quot;#04705262041140450jpg&quot;&gt;&lt;map id=&quot;04705262041140450jpg&quot; name=&quot;04705262041140450jpg&quot;&gt;&lt;area id=&quot;04705262041140450jpg1&quot; shape=&quot;rect&quot; coords=&quot;5,11,245,299,&quot; href=&quot;http://www.infol.com.cn/shop/index.php?act=goods&amp;op=index&amp;goods_id=265&quot; target=&quot;_blank&quot;&gt;&lt;area id=&quot;04705262041140450jpg2&quot; shape=&quot;rect&quot; coords=&quot;255,9,495,301,&quot; href=&quot;http://www.infol.com.cn/shop/index.php?act=goods&amp;op=index&amp;goods_id=264&quot; target=&quot;_blank&quot;&gt;&lt;area id=&quot;04705262041140450jpg3&quot; shape=&quot;rect&quot; coords=&quot;505,9,745,298,&quot; href=&quot;http://www.infol.com.cn/shop/index.php?act=goods&amp;op=index&amp;goods_id=263&quot; target=&quot;_blank&quot;&gt;&lt;area id=&quot;04705262041140450jpg4&quot; shape=&quot;rect&quot; coords=&quot;754,10,994,302,&quot; href=&quot;http://www.infol.com.cn/shop/index.php?act=goods&amp;op=index&amp;goods_id=266&quot; target=&quot;_blank&quot;&gt;&lt;/map&gt; &lt;/div&gt;&lt;div ncytpe=&quot;div_image_insert_hot_point&quot; class=&quot;special-hot-point&quot;&gt; &lt;img nctype=&quot;img_hot_point&quot; alt=&quot;&quot;', 1417417858, 1, 2, '#ff8000', 'no-repeat');

/*!40101 SET CHARACTER_SET_CLIENT=@OLD_CHARACTER_SET_CLIENT */;
/*!40101 SET CHARACTER_SET_RESULTS=@OLD_CHARACTER_SET_RESULTS */;
/*!40101 SET COLLATION_CONNECTION=@OLD_COLLATION_CONNECTION */;
